{"data":[{"public_metrics":{"retweet_count":19,"reply_count":0,"like_count":0,"quote_count":0},"created_at":"2021-08-13T06:31:58.000Z","id":"1426068994688229379","text":"RT @bbcturkce: #Altındağ'da yaşananlar için ilçedeki Suriyeliler ne diyor?\n\n\"İki kişinin arasında bir sıkıntı çıktı, geldiler bizim camları…"},{"public_metrics":{"retweet_count":0,"reply_count":0,"like_count":0,"quote_count":0},"created_at":"2021-08-12T10:14:44.000Z","id":"1425762671681486849","text":"#TheWalk projesi 9 yaşındaki Suriyeli kız çocuğunu temsil eden 3.5 metrelik bir kuklanın annesini bulmak için İngiltere’ye yaptığı yürüyüşü takip ediyor. İlk durak Türkiye’ydi. Yapımcı Recep Tuna anlattı \uD83D\uDC47\n@walkwithamal #LittleAmal #KüçükAmal @bbcturkce\nhttps://t.co/33Ht4vZPgF"},{"public_metrics":{"retweet_count":255,"reply_count":0,"like_count":0,"quote_count":0},"created_at":"2021-08-12T10:07:56.000Z","id":"1425760959952531459","text":"RT @SecKermani: Inside the Taliban's deadly advance: new territory, new weapons and new laws...\n\nOur report with Taliban fighters in Balkh,…"},{"public_metrics":{"retweet_count":1,"reply_count":1,"like_count":2,"quote_count":1},"created_at":"2021-08-11T23:53:19.000Z","id":"1425606284473245701","text":"Altındağ’da yaşananları @fundanurozturk mahallelilerle konuşarak yazdı https://t.co/GMctO2he3n @bbcturkce"},{"public_metrics":{"retweet_count":459,"reply_count":0,"like_count":0,"quote_count":0},"created_at":"2021-08-09T18:03:08.000Z","id":"1424793381671260163","text":"RT @BBCWorld: \"Climate change is not a problem of the future, it's here and now and affecting every region in the world\"\n\nhttps://t.co/sBf1…"},{"public_metrics":{"retweet_count":75,"reply_count":0,"like_count":0,"quote_count":0},"created_at":"2021-08-09T17:41:50.000Z","id":"1424788023372308480","text":"RT @bbcturkce: #IPCC Bugüne kadar hazırlanmış olan en kapsamlı iklim değişikliği rapou: BM'nin 'İnsanlık için kırmızı alarm' dediği raporda…"},{"public_metrics":{"retweet_count":0,"reply_count":1,"like_count":0,"quote_count":0},"created_at":"2021-08-07T17:54:24.000Z","id":"1424066407206199306","text":"\uD83D\uDE4F https://t.co/V46vc3HkQm"},{"public_metrics":{"retweet_count":839,"reply_count":0,"like_count":0,"quote_count":0},"created_at":"2021-08-07T14:47:56.000Z","id":"1424019481421045767","text":"RT @tuncsoyer: Urla Balıklıova'da makilik alanda başlayan yangına Orman ekipleri havadan müdahale ediyor. İtfaiye ekiplerimiz karadan önlem…"},{"public_metrics":{"retweet_count":0,"reply_count":0,"like_count":0,"quote_count":0},"created_at":"2021-08-07T09:15:42.000Z","id":"1423935874539139074","text":"\uD83D\uDC4F\uD83D\uDC4F\uD83D\uDC4F\n@busenazsurmneli @busenazckroglu \n\n#Olympics https://t.co/7yAxcqCkvv"},{"public_metrics":{"retweet_count":9,"reply_count":0,"like_count":0,"quote_count":0},"created_at":"2021-08-05T10:33:26.000Z","id":"1423230660701982723","text":"RT @bbcturkce: Tarım ve Ormancılık Bakanı Pakdemirli, yangınlarla ilgili güncel durumu paylaştı:\nSon 9 günde;\n• 38 ilde 180 orman yangını k…"},{"public_metrics":{"retweet_count":2,"reply_count":1,"like_count":2,"quote_count":0},"created_at":"2021-08-05T09:27:20.000Z","id":"1423214026281062401","text":"Prosecution opens investigation into #HelpTurkey posts. They argue that #HelpTurkey hashtag is 'an attempt to spark concern, fear, panic and to humiliate the Turkish state'. Some countries have helped Turkey by sending their own firefighting jets. #HelpTurkey was shared by many. https://t.co/LpM82jnUaF"},{"public_metrics":{"retweet_count":137,"reply_count":0,"like_count":0,"quote_count":0},"created_at":"2021-08-05T05:33:04.000Z","id":"1423155070187839489","text":"RT @hannahluci: \"There is no army here. The fire service is amazing but it is not enough. The heroes of this are our Turkish boys,\" Amanda…"},{"public_metrics":{"retweet_count":58,"reply_count":0,"like_count":0,"quote_count":0},"created_at":"2021-08-04T19:24:49.000Z","id":"1423002000061513735","text":"RT @bbcturkce: Milas’ta yangın Kemerköy Termik Santrali'ne ulaştı, belediye işçilerin tahliye edildiğini açıkladı\n\nTürkiye'deki yangınlarla…"},{"public_metrics":{"retweet_count":11,"reply_count":0,"like_count":0,"quote_count":0},"created_at":"2021-08-04T11:07:52.000Z","id":"1422876939094831110","text":"RT @esrayalcinalp: Manavgat yangınlarıyla küle dönen köylerdeki vatandaşlarla konuştuk. \nYas, öfke, üzüntü, çaresizlik...  \n @egetatlici"},{"public_metrics":{"retweet_count":265,"reply_count":0,"like_count":0,"quote_count":0},"created_at":"2021-08-03T20:00:29.000Z","id":"1422648588635672584","text":"RT @bbcturkce: “Biz burada göz göre göre yandık”\nBBC Türkçe, Manavgat'ta yangından etkilenen köyleri gezdi\n@esrayalcinalp ve @egetatlici'nı…"},{"public_metrics":{"retweet_count":5,"reply_count":0,"like_count":0,"quote_count":0},"created_at":"2021-08-03T13:50:38.000Z","id":"1422555511896125440","text":"RT @VladaRH: Ministar Banožić: Jučer su u jednom trenutku bila otvorena tri požarišta, a najveće je bilo u Splitsko-dalmatinskoj županiji.…"},{"public_metrics":{"retweet_count":1,"reply_count":0,"like_count":3,"quote_count":0},"created_at":"2021-08-03T13:46:05.000Z","id":"1422554367354458119","text":"“We came into the world as brother and brother, so now let's enter hand in hand—not one before the other.” - Shakespeare \n\nGracias España! \n\n#Turkeyisburning https://t.co/4CkteCCtPV"},{"public_metrics":{"retweet_count":148,"reply_count":0,"like_count":0,"quote_count":0},"created_at":"2021-08-03T12:57:08.000Z","id":"1422542048545157122","text":"RT @bbcturkce: Yangınlardan önce ve sonra Bodrum, Mazı\n\nSon durum ne, hasarla ilgili neler biliniyor? https://t.co/1PKsraDQgY https://t.co/…"},{"public_metrics":{"retweet_count":114,"reply_count":0,"like_count":0,"quote_count":0},"created_at":"2021-08-03T07:42:24.000Z","id":"1422462842096267294","text":"RT @TheTurkishLife: Amid so much tragedy in Turkey’s raging wildfires, so many heroic efforts, by firefighters and civilians alike ❤️"},{"public_metrics":{"retweet_count":6992,"reply_count":0,"like_count":0,"quote_count":0},"created_at":"2021-08-03T06:21:35.000Z","id":"1422442506688606214","text":"RT @SkyNews: 'Firefighters are being completely outpaced by the flames and the fire.'\n\nOur special correspondent @AlexCrawfordSky reports f…"},{"public_metrics":{"retweet_count":38,"reply_count":0,"like_count":0,"quote_count":0},"created_at":"2021-08-03T06:15:14.000Z","id":"1422440905533968407","text":"RT @bbcturkce: \"Burada savaş veriyoruz\"\n\nBodrum'da devam eden yangına, Çiğli Hava Üssü'nden askerler de müdahale ediyor. \nBBC Türkçe, Mazık…"},{"public_metrics":{"retweet_count":0,"reply_count":0,"like_count":0,"quote_count":0},"created_at":"2021-08-02T15:46:08.000Z","id":"1422222189391196163","text":"#TurkeyIsOnFire for 6 days now… Authorities say more than 130 blazes had been contained so far. At least 8 killed… \nSatellite photos show vast burnt forests after nearly 100,000 hectares (250,000 acres) all were consumed by flames… - by Joshua Nevett\n\nhttps://t.co/1gmdy8QMEN"},{"public_metrics":{"retweet_count":1,"reply_count":0,"like_count":1,"quote_count":0},"created_at":"2021-08-02T15:39:43.000Z","id":"1422220576429641731","text":"Yet another case of femicide in Turkey! #AzraGülendamHaytaoğlu was raped, brutally murdered by a real estate agent! She was 21, studying journalism.\n“She wanted to be a journalist and give a voice to women sexually abused and murdered” said says aunt |@bbcturkce | @fundanurozturk https://t.co/t4E2Eo75Ov"},{"public_metrics":{"retweet_count":0,"reply_count":0,"like_count":3,"quote_count":0},"created_at":"2021-08-02T02:10:52.000Z","id":"1422017022196596741","text":"EU has mobilised three firefighter planes (from Croatia and Spain) to #HelpTurkey after Ankara activated the EU Civil Protection Mechanism. The planes are part of #rescEU assets https://t.co/82uhw6y6dL #Turkeyisburning and the blaze is still threatening the residential areas…"},{"public_metrics":{"retweet_count":0,"reply_count":1,"like_count":4,"quote_count":0},"created_at":"2021-08-01T21:20:35.000Z","id":"1421943968502329349","text":"I just hope my beautiful country will find the energy and all the necessary support, help to heal itself and revive its unique, rich nature. Solidarity will be needed… #Turkeyfires"},{"public_metrics":{"retweet_count":2,"reply_count":1,"like_count":4,"quote_count":0},"created_at":"2021-08-01T21:15:46.000Z","id":"1421942757300572162","text":"Despair is the worst feeling… \n#Turkey is a beautiful country, rich, fresh, energetic has a wonderful nature.\nIn all those areas ravaged by wildfires you would normally feel the breeze sneaking around the gorgeous trees, and you’d be carried away by the scent of pine. So painful"},{"public_metrics":{"retweet_count":54,"reply_count":5,"like_count":60,"quote_count":0},"created_at":"2021-08-01T21:05:56.000Z","id":"1421940284896825352","text":"#Turkeyisburning since July 28th… At least 8 ppl have been killed, forests, ecosystem, animals, livelihoods perished. The country is politically polarised but united in pain… \nMany on social media call for more firefighter jets with #HelpTurkey \n\nhttps://t.co/xDhDRJVr8W"},{"public_metrics":{"retweet_count":3480,"reply_count":0,"like_count":0,"quote_count":0},"created_at":"2021-08-01T20:36:55.000Z","id":"1421932981246119936","text":"RT @BBCWorld: \"Everybody here was crying and screaming for help.\"\n\nWildfires fuelled by high temperatures and gusts of wind are raging in s…"},{"public_metrics":{"retweet_count":490,"reply_count":0,"like_count":0,"quote_count":0},"created_at":"2021-08-01T19:50:22.000Z","id":"1421921264583778304","text":"RT @bbcturkce: Bodrum Belediye Başkanı Ahmet Aras: Cehennemi yaşıyoruz. Burada zaten karadan müdahale imkansız. Ancak uçak ve helikopter mü…"},{"public_metrics":{"retweet_count":17,"reply_count":0,"like_count":0,"quote_count":0},"created_at":"2021-08-01T14:37:22.000Z","id":"1421842497647562754","text":"RT @_erdemsahin: Wildfires at the rural of Marmaris district of Mugla, Turkey, 01 August 2021. #marmarisyangın #MarmarisYaniyor #TurkiyeYan…"},{"public_metrics":{"retweet_count":14,"reply_count":0,"like_count":0,"quote_count":0},"created_at":"2021-08-01T08:09:25.000Z","id":"1421744867437432836","text":"RT @bbcturkce: Yanan orman arazileri nasıl yeniden ağaçlandırılır? BBC Türkçe'den @abatayburak'ın haberi\nhttps://t.co/8Lv28LknCW"}],"meta":{"oldest_id":"1421744867437432836","newest_id":"1426068994688229379","result_count":31}}