{"data":[{"id":"1465258896780574720","created_at":"2021-11-29T09:58:38.000Z","text":"RT @gabriel_chaim: One of the saddest stories I've ever covered.\nChannel disaster: A father's anguish over missing family since tragedy. Hi…","public_metrics":{"retweet_count":11,"reply_count":0,"like_count":0,"quote_count":0}},{"id":"1465253011555557381","created_at":"2021-11-29T09:35:15.000Z","text":"Venezuelan Luna on the growing anti-immigrant sentiment:\n“It is not your nationality that defines you. It’s you as a human being, leave the flag aside.\" \n\n#Migration \n#Migración \nhttps://t.co/S1cn1C22wo","public_metrics":{"retweet_count":0,"reply_count":0,"like_count":1,"quote_count":0}},{"id":"1465069995717709827","created_at":"2021-11-28T21:28:01.000Z","text":"WHO stands with African nations and calls for borders to remain open \n\nFull statement \uD83D\uDC49 https://t.co/Fsl3qmQYvC \n@WHO #Omicron #OmicronVariant https://t.co/pZY5GYDwnr","public_metrics":{"retweet_count":2,"reply_count":0,"like_count":2,"quote_count":0}},{"id":"1465008615505416196","created_at":"2021-11-28T17:24:07.000Z","text":"RT @yodifiji: Spoke to @BBCWorld earlier today about #VirusVariantsVaccine #VaccineApartheid Inequity &amp; Injustice. Thanks to Philippa Thoma…","public_metrics":{"retweet_count":5475,"reply_count":0,"like_count":0,"quote_count":0}},{"id":"1464144100299526144","created_at":"2021-11-26T08:08:50.000Z","text":"RT @BowenBBC: Good job on offer with the BBC in Beirut","public_metrics":{"retweet_count":16,"reply_count":0,"like_count":0,"quote_count":0}},{"id":"1464137922748243997","created_at":"2021-11-26T07:44:17.000Z","text":"Riot police in Turkey and Mexico have fired tear gas and smoke bombs at protesters calling for an end to violence against women \n\nhttps://t.co/YkHgRSSlVP #EndViolenceAgainstWomen","public_metrics":{"retweet_count":0,"reply_count":0,"like_count":1,"quote_count":0}},{"id":"1463932463424622592","created_at":"2021-11-25T18:07:52.000Z","text":"Quite a big crowd in Istanbul calling on Erdogan’s government to resign on #25November protests #EndViolenceAgainstWomen \n#KadinaSiddeteHayir https://t.co/C1KxQPa1kt","public_metrics":{"retweet_count":3,"reply_count":0,"like_count":8,"quote_count":0}},{"id":"1463920632631017482","created_at":"2021-11-25T17:20:51.000Z","text":"\uD83D\uDCFB Great listen on @bbcworldservice and @bbc5live now in joint live programme, covering migration \n\n@BBCNuala \n\nhttps://t.co/QExvpjvzGn","public_metrics":{"retweet_count":1,"reply_count":0,"like_count":5,"quote_count":2}},{"id":"1463894635273756676","created_at":"2021-11-25T15:37:33.000Z","text":"RT @BBC100women: This year, #BBC100Women will publish a series of letters written by global voices of change, to the women of Afghanistan.…","public_metrics":{"retweet_count":3,"reply_count":0,"like_count":0,"quote_count":0}},{"id":"1463867129082613760","created_at":"2021-11-25T13:48:15.000Z","text":"RT @bbcturkce: Bugün 25 Kasım \"Kadına Yönelik Şiddete Karşı Uluslararası Mücadele Günü\" \n\n▶ Türkiye'de 2010'dan bu yana 3 binin üzerinde ka…","public_metrics":{"retweet_count":30,"reply_count":0,"like_count":0,"quote_count":0}},{"id":"1463854463760883712","created_at":"2021-11-25T12:57:55.000Z","text":"Human rights defender, philanthropist #OsmanKavala is behind bars for four years now with no conviction. \n\"His absence is everywhere\" says his wife, renowned academic Ayşe Buğra. \nThe case that set #Turkey on collision course with the West\nBy @OrlaGuerin \nhttps://t.co/K2lAcUwSQi","public_metrics":{"retweet_count":1,"reply_count":0,"like_count":2,"quote_count":0}},{"id":"1463504525118087173","created_at":"2021-11-24T13:47:24.000Z","text":"RT @BurhanYuksekkas: The Turkish lira rebounds more than 5%, breaking its longest losing streak in more than two decades https://t.co/SXEps…","public_metrics":{"retweet_count":6,"reply_count":0,"like_count":0,"quote_count":0}},{"id":"1463471260923486215","created_at":"2021-11-24T11:35:13.000Z","text":"BBC World Service and Languages are particularly doing well! \uD83D\uDC4F https://t.co/1vVzHY0VKT","public_metrics":{"retweet_count":1,"reply_count":0,"like_count":3,"quote_count":0}},{"id":"1463457526314381329","created_at":"2021-11-24T10:40:38.000Z","text":"RT @BBC100women: Wondering what's different about this year's #BBC100Women season? \n\nHere's a sneak-peak before the big launch on 7 Decembe…","public_metrics":{"retweet_count":8,"reply_count":0,"like_count":0,"quote_count":0}},{"id":"1463434529352343558","created_at":"2021-11-24T09:09:15.000Z","text":"RT @laurapitel: Why does the collapse of the Turkish lira matter? Here's a look at the possible impact on the economy, the banking sector a…","public_metrics":{"retweet_count":15,"reply_count":0,"like_count":0,"quote_count":0}},{"id":"1463240993537499140","created_at":"2021-11-23T20:20:13.000Z","text":"So twisted… https://t.co/T0nFzX7BDf","public_metrics":{"retweet_count":0,"reply_count":0,"like_count":3,"quote_count":0}},{"id":"1463195788260130822","created_at":"2021-11-23T17:20:35.000Z","text":"RT @Nick_Ashdown: Pots and pans being banged in Istanbul's Kadıköy as well.\n\nhttps://t.co/PcRhnfoegi?","public_metrics":{"retweet_count":4,"reply_count":0,"like_count":0,"quote_count":0}},{"id":"1463195766453936138","created_at":"2021-11-23T17:20:30.000Z","text":"RT @Nick_Ashdown: Protests in Istanbul's Kurtuluş, in addition to those seen in Ankara.","public_metrics":{"retweet_count":35,"reply_count":0,"like_count":0,"quote_count":0}},{"id":"1463192560659308546","created_at":"2021-11-23T17:07:45.000Z","text":"For more in Turkish \uD83D\uDC49 @bbcturkce https://t.co/MwoWnk576y","public_metrics":{"retweet_count":0,"reply_count":0,"like_count":1,"quote_count":0}},{"id":"1463191492139393034","created_at":"2021-11-23T17:03:31.000Z","text":"This is what Erdogan said today:\n\"We see the game played by those over the currency, interest and price hikes ... and show our will to proceed with our own game plan.\n\"We will emerge victorious from this war of economic independence with the help of Allah and our people.\" #Turkey","public_metrics":{"retweet_count":0,"reply_count":1,"like_count":5,"quote_count":1}},{"id":"1463190570596192266","created_at":"2021-11-23T16:59:51.000Z","text":"Lira has lost more than 40% of its value against USD since the start of 2021. The annual inflation rate has reached nearly 20%\nSo basically the minimum wage was worth around $380 in January 2021 and ait is now worth $224 based on a net monthly wage of 2,825.90 liras (AFP) #Turkey","public_metrics":{"retweet_count":3,"reply_count":1,"like_count":7,"quote_count":0}},{"id":"1463188885509488643","created_at":"2021-11-23T16:53:09.000Z","text":"Context\n#Turkey is facing the worst currency crisis since 2018.\nErdogan has long defended low interest rates, replaced 3 central bank governors in the last 2 yrs.\nCritics blame 'politically driven monetary policy' by Erdogan and say the Central Bank's independence has been eroded","public_metrics":{"retweet_count":0,"reply_count":1,"like_count":10,"quote_count":0}},{"id":"1463185339321917447","created_at":"2021-11-23T16:39:04.000Z","text":"Street protests in capital Ankara, calling on the AKP government to resign after yet another day the Turkish Lira hits record low.\nErdogan defends rate cuts and vows to win his\n'economic war of independence' despite criticism.\nOpposition leaders appeal for early elections #Turkey https://t.co/kNDDH0CcFB","public_metrics":{"retweet_count":84,"reply_count":10,"like_count":149,"quote_count":3}},{"id":"1463050881851699201","created_at":"2021-11-23T07:44:47.000Z","text":"RT @EliotHiggins: The Turkish Lira continues to perform badly, you have to wonder where this is going to stop. https://t.co/A6anmEvtWm","public_metrics":{"retweet_count":42,"reply_count":0,"like_count":0,"quote_count":0}},{"id":"1463010468440772612","created_at":"2021-11-23T05:04:11.000Z","text":"RT @HarunMaruf: Turkey urges citizens to leave Ethiopia","public_metrics":{"retweet_count":8,"reply_count":0,"like_count":0,"quote_count":0}},{"id":"1462911523878285322","created_at":"2021-11-22T22:31:01.000Z","text":"@erikwest73 Oh no! \uD83E\uDD26\uD83C\uDFFB‍♀️","public_metrics":{"retweet_count":0,"reply_count":0,"like_count":0,"quote_count":0}},{"id":"1462804252510801923","created_at":"2021-11-22T15:24:46.000Z","text":"RT @BBC100women: BBC 100 Women is back... and we're going a step further this year. Stay tuned!\n\n#BBC100women https://t.co/xBwN7MFynr","public_metrics":{"retweet_count":4,"reply_count":0,"like_count":0,"quote_count":0}},{"id":"1462744633499340800","created_at":"2021-11-22T11:27:51.000Z","text":"⭐ What an interview... ⭐ https://t.co/n2M5KMLhs1","public_metrics":{"retweet_count":0,"reply_count":0,"like_count":2,"quote_count":0}},{"id":"1462117572359462918","created_at":"2021-11-20T17:56:08.000Z","text":"RT @AChristieMiller: This is one of those stories that must seem incredibly weird to anyone who doesn’t know Turkey.","public_metrics":{"retweet_count":150,"reply_count":0,"like_count":0,"quote_count":0}},{"id":"1461992371093180417","created_at":"2021-11-20T09:38:38.000Z","text":"@wkoene Congratulationssss \uD83C\uDF8A","public_metrics":{"retweet_count":0,"reply_count":0,"like_count":0,"quote_count":0}},{"id":"1461605813785612288","created_at":"2021-11-19T08:02:35.000Z","text":"RT @fergalkeane47: And finally our piece for the #BBCNewsTen with @DeeMcIlveen @OrsiSzoboszlay @zeynep_erdim @paola_lucchesi\n https://t.co/…","public_metrics":{"retweet_count":7,"reply_count":0,"like_count":0,"quote_count":0}},{"id":"1461603136611700746","created_at":"2021-11-19T07:51:57.000Z","text":"@netflixturkiye https://t.co/jnREFE1CQj","public_metrics":{"retweet_count":0,"reply_count":0,"like_count":1,"quote_count":0}},{"id":"1461456918396944384","created_at":"2021-11-18T22:10:56.000Z","text":"RT @BBCNews: Friday's FT: “Fresh Turkey rate cut sends lira to new low and stokes inflation fears” \n\n#BBCPapers #TomorrowsPapersToday https…","public_metrics":{"retweet_count":15,"reply_count":0,"like_count":0,"quote_count":0}},{"id":"1461439595095146501","created_at":"2021-11-18T21:02:06.000Z","text":"RT @EPspin: #Turkey’s opposition smartly mobilizing to show voters they can fix economic problems created by Erdogan. This and delivering s…","public_metrics":{"retweet_count":2,"reply_count":0,"like_count":0,"quote_count":0}},{"id":"1461408493257248777","created_at":"2021-11-18T18:58:31.000Z","text":"One-year-old Syrian child dies in forest on Poland-Belarus border \n\nhttps://t.co/AHmThCD84Y","public_metrics":{"retweet_count":2,"reply_count":0,"like_count":3,"quote_count":0}},{"id":"1461327098505744387","created_at":"2021-11-18T13:35:05.000Z","text":"RT @taylanbilgic: *TURKISH LIRA EXTENDS LOSS TO 6%, TRADES AS LOW AS 11.3118 PER $","public_metrics":{"retweet_count":7,"reply_count":0,"like_count":0,"quote_count":0}},{"id":"1461324370123661313","created_at":"2021-11-18T13:24:14.000Z","text":"RT @p_zalewski: Turkey’s currency meltdown, a recent history\n\nTime it took the lira to go from 7 to 8 to the dollar: 27 months\nFrom 8 to 9…","public_metrics":{"retweet_count":750,"reply_count":0,"like_count":0,"quote_count":0}},{"id":"1461321742232829957","created_at":"2021-11-18T13:13:48.000Z","text":"RT @jonathanspicer: Turkish lira touches 11 to the dollar - another record level - after central bank forges on with risky 100-pt rate cut","public_metrics":{"retweet_count":15,"reply_count":0,"like_count":0,"quote_count":0}},{"id":"1461296602761646080","created_at":"2021-11-18T11:33:54.000Z","text":"Turkish Lira near 11 per USD after Turkey's central bank slashed interest rates for the third consecutive month...\nOverall Lira is down more than 32% against the dollar this year... \nInflation remains near 20%..\n\nMore coverage in TUR: https://t.co/TLbHpD9nzC \n\nGraph: Bloomberg HT https://t.co/XUF59Vget9","public_metrics":{"retweet_count":1,"reply_count":2,"like_count":2,"quote_count":0}},{"id":"1460995916056477697","created_at":"2021-11-17T15:39:05.000Z","text":"RT @laurapitel: Turkey's 20% consumer price inflation has dominated the discourse of Turkey’s opposition parties. But for businesses, the a…","public_metrics":{"retweet_count":29,"reply_count":0,"like_count":0,"quote_count":0}},{"id":"1460685038782144517","created_at":"2021-11-16T19:03:46.000Z","text":"Today marks the 21st anniversary of the death of #AhmetKaya \nHere is a 10 minutes listen to his widow Gülten Kaya recalling the day that spelt the end of his career in Turkey, just because he said he’d record in his native Kurdish \uD83D\uDC47 @BBCSounds \n\nhttps://t.co/OcudtNqQpe","public_metrics":{"retweet_count":3,"reply_count":0,"like_count":10,"quote_count":0}},{"id":"1460587974572322822","created_at":"2021-11-16T12:38:04.000Z","text":"RT @bbcturkce: Bugün #AhmetKaya'nın ölüm yıl dönümü. \n\nAhmet Kaya 1999’daki Ödül Töreni’nde, bir sonraki albümünde Kürtçe şarkı söyleyeceği…","public_metrics":{"retweet_count":16,"reply_count":0,"like_count":0,"quote_count":0}}],"meta":{"oldest_id":"1460587974572322822","newest_id":"1465258896780574720","result_count":42}}