{"data":[{"created_at":"2021-10-14T06:13:32.000Z","text":"RT @bbcturkce: \"Geçen sene 100 liraya bir sürü şey alırken şu an marketten iki parça alıp çıkıyoruz.\"\n\nDolardaki artış günlük harcamalarımı…","id":"1448532404822478848","public_metrics":{"retweet_count":23,"reply_count":0,"like_count":0,"quote_count":0}},{"created_at":"2021-10-13T22:03:18.000Z","text":"@aysesayin Teşekkür ederim Ayşe ☺️ senin haberlerini herkesten önce okuma ayrıcalığını kaybedeceğim için üzgünüm! Müthiş işler çıkarıyorsun Ankara’dan! \uD83D\uDCAB","id":"1448409032449040386","public_metrics":{"retweet_count":0,"reply_count":0,"like_count":1,"quote_count":0}},{"created_at":"2021-10-13T20:35:31.000Z","text":"@hakki_ozdal Umuyorum herkes yeniden tekrar bir araya gelir ve öncülük ettiğiniz bu kaliteli gazeteciliğin devamının sağlanacağı yeni bir platform oluşur…","id":"1448386940554862596","public_metrics":{"retweet_count":0,"reply_count":0,"like_count":4,"quote_count":0}},{"created_at":"2021-10-13T20:20:12.000Z","text":"@bahadir_ozgr @gulsinharman Okurların protesto etme hakkı varsa ben protesto ediyorum bu ayrılık kararlarını! Radikal’de beraber çalıştığım, çok şey öğrendiğim müthiş gazetecilerin işlerini takip etmeye devam edeceğim…","id":"1448383087537180674","public_metrics":{"retweet_count":0,"reply_count":1,"like_count":11,"quote_count":1}},{"created_at":"2021-10-13T18:23:58.000Z","text":"And… about this \uD83D\uDEA8… \n\nyou might find this piece from @DanWithTheCam quite interesting…\n\n@BBC_Reel https://t.co/IBvIClUYP2","id":"1448353839019610123","public_metrics":{"retweet_count":0,"reply_count":0,"like_count":1,"quote_count":0}},{"created_at":"2021-10-13T18:20:09.000Z","text":"So this is one of the those\uD83D\uDEA8personal news claxon\uD83D\uDEA8\n\nFrom mid-Nov I’ll be joining the BBC’s fantastic DigiHub team (for a year) working on contents for the BBC’s over 40 language services. Please DM for stories you think we should look at. \n\nBBC’s Language Services are brilliant!","id":"1448352878544969730","public_metrics":{"retweet_count":1,"reply_count":1,"like_count":21,"quote_count":0}},{"created_at":"2021-10-13T17:50:24.000Z","text":"@alidurantopuz Çok şaşırdım. Umarım başka alanlarda, platformlarda gazeteciliğe katkıları görmeye devam ederiz.","id":"1448345388617027597","public_metrics":{"retweet_count":0,"reply_count":0,"like_count":5,"quote_count":0}},{"created_at":"2021-10-12T17:25:03.000Z","text":"RT @walkwithamal: Listen to our creative team get into what’s how they created The Walk across borders, time-zones and languages with over…","id":"1447976620585799687","public_metrics":{"retweet_count":33,"reply_count":0,"like_count":0,"quote_count":0}},{"created_at":"2021-10-12T10:35:43.000Z","text":"✨ I worked with two super fantastic Executive Producers, Ella-mai Robey and Rebecca Armstrong, for this radio documentary @bbcworldservice ✨ \n\uD83D\uDE4F \n#LittleAmal #TheWalk \nhttps://t.co/tMME0566bR","id":"1447873610731986945","public_metrics":{"retweet_count":0,"reply_count":0,"like_count":0,"quote_count":0}},{"created_at":"2021-10-12T05:10:57.000Z","text":"\uD83C\uDF99Meet #LittleAmal, a puppet of a young Syrian refugee girl travelling from Turkey to the UK.\n\nJoin me as I meet the Artistic Director Amir Nizar Zuabi and General Manager Sarah Loader for In The Studio.\n\n@bbcworldservice @BBCSounds \n\n@walkwithamal \n\n\uD83D\uDC49 https://t.co/tMME0566bR https://t.co/VMRhl2STfH","id":"1447791877860859910","public_metrics":{"retweet_count":0,"reply_count":1,"like_count":4,"quote_count":0}},{"created_at":"2021-10-11T18:27:01.000Z","text":"Regl olmak: İlk deneyim, hurafeler, tabular... \n\nKadınlar anlatıyor...\n\nHaber-Video: Esra Yalçınalp \n\nAnimasyonlar: Selim Büyükgüner \n\n@bbcturkce https://t.co/eXHa8pGbwg","id":"1447629827910033410","public_metrics":{"retweet_count":1,"reply_count":0,"like_count":3,"quote_count":0}},{"created_at":"2021-10-11T15:12:46.000Z","text":"@BBCLBicker https://t.co/62WdV0pm8I","id":"1447580944865579009","public_metrics":{"retweet_count":0,"reply_count":0,"like_count":4,"quote_count":0}},{"created_at":"2021-10-11T11:28:29.000Z","text":"RT @CloeKerhoas: How the Istanbul Kart REALLY works \uD83D\uDC08\uD83D\uDC08\n\n#istanbul #turkey #kedi https://t.co/zK2ZLTjbFq","id":"1447524501382696960","public_metrics":{"retweet_count":61,"reply_count":0,"like_count":0,"quote_count":0}},{"created_at":"2021-10-10T11:03:04.000Z","text":".@NiyalApla ne kadar zarif ve ne kadar güçlü mesajlar vermiş. \nHem konuşması hem de ödülü için bravo! \n\nŞahane bir oyuncu! ✨\n\n#NihalYalçın https://t.co/EuqWvQIDmQ","id":"1447155717266448391","public_metrics":{"retweet_count":1,"reply_count":0,"like_count":3,"quote_count":0}},{"created_at":"2021-10-10T09:18:47.000Z","text":"RT @annaefoster: Our report on #Lebanon’s state electricity blackout for #BBCNewsTen. What life looks like if you can’t afford generator bi…","id":"1447129473850163201","public_metrics":{"retweet_count":15,"reply_count":0,"like_count":0,"quote_count":0}},{"created_at":"2021-10-10T06:02:32.000Z","text":"RT @lewis_goodall: Reuters reporting Lebanon has a complete power outage after two of its power stations run out of fuel. The country has b…","id":"1447080083735388164","public_metrics":{"retweet_count":1175,"reply_count":0,"like_count":0,"quote_count":0}},{"created_at":"2021-10-10T06:01:38.000Z","text":"RT @Joyce_Karam: BEIRUT: What full collapse of the national Electricity grid looks like. \n\n#Lebanon’s capital, once dubbed ‘Swiss of the Ea…","id":"1447079859948294145","public_metrics":{"retweet_count":1262,"reply_count":0,"like_count":0,"quote_count":0}},{"created_at":"2021-10-10T06:01:35.000Z","text":"RT @Beltrew: Lebanon now has zero state power meaning the entire country is running on private generators. They are prohibitively expensive…","id":"1447079846581002241","public_metrics":{"retweet_count":1102,"reply_count":0,"like_count":0,"quote_count":0}},{"created_at":"2021-10-09T18:58:02.000Z","text":"#Lebanon has been left without electricity, plunging the country into darkness amid a severe economic crisis… https://t.co/wOYmb5DX2c","id":"1446912860391620611","public_metrics":{"retweet_count":0,"reply_count":0,"like_count":1,"quote_count":0}},{"created_at":"2021-10-09T09:26:40.000Z","text":"Bisiklet kullanmayı yeni öğrenen Mardinli kadınlar anlatıyor: 'İlk kez rüzgarı hissettim' \n\n@HaticeKamer’in haberi \n\nhttps://t.co/aWGjX3HznX","id":"1446769070901170177","public_metrics":{"retweet_count":1,"reply_count":0,"like_count":4,"quote_count":0}},{"created_at":"2021-10-08T16:52:17.000Z","text":"RT @Istanbultelaviv: The court today ruled to keep Osman Kavala behind bars-a nightmare for him spending more than 4 years imprisoned. The…","id":"1446518825294475264","public_metrics":{"retweet_count":25,"reply_count":0,"like_count":0,"quote_count":0}},{"created_at":"2021-10-08T16:52:01.000Z","text":"RT @NachoSAmor: I was present today in Istanbul at the hearing of #OsmanKavala's case to show solidarity both personally &amp; on behalf of the…","id":"1446518757673902095","public_metrics":{"retweet_count":95,"reply_count":0,"like_count":0,"quote_count":0}},{"created_at":"2021-10-08T16:51:50.000Z","text":"RT @esinclairwebb: Merging Osman Kavala’s trial with an unrelated one that preceded it by over 3 years gave another excuse to prolong his d…","id":"1446518710836019201","public_metrics":{"retweet_count":75,"reply_count":0,"like_count":0,"quote_count":0}},{"created_at":"2021-10-08T15:31:11.000Z","text":"Hear his words about #migration \uD83D\uDC47\n\n#AbdulrazakGurnah https://t.co/0dQ2lmT9gc","id":"1446498415798587393","public_metrics":{"retweet_count":0,"reply_count":0,"like_count":1,"quote_count":0}},{"created_at":"2021-10-06T21:49:25.000Z","text":"RT @BBCYaldaHakim: A #Hazara woman who escaped #Afghanistan reacts to the @amnesty report on the targeting of her community and tells me: \"…","id":"1445868824188768264","public_metrics":{"retweet_count":402,"reply_count":0,"like_count":0,"quote_count":0}},{"created_at":"2021-10-06T17:19:34.000Z","text":"Coming soon \uD83D\uDC47\n\n@bbcworldservice @BBCSounds\n\nhttps://t.co/vhCEYC2KFy","id":"1445800916490260481","public_metrics":{"retweet_count":0,"reply_count":0,"like_count":0,"quote_count":0}},{"created_at":"2021-10-05T05:35:04.000Z","text":"RT @martinpatience: Let’s be clear, the BBC World Service is what makes the BBC truly great - it connects the world.","id":"1445261233188450304","public_metrics":{"retweet_count":16,"reply_count":0,"like_count":0,"quote_count":0}},{"created_at":"2021-10-03T08:42:28.000Z","text":"@BenDoBrown Congratulations!","id":"1444583620652544001","public_metrics":{"retweet_count":0,"reply_count":0,"like_count":0,"quote_count":0}},{"created_at":"2021-10-02T08:33:17.000Z","text":"Sarah Everard cinayeti sonrası İngiltere, polise duyulan güven kaybını tartışıyor…\n\nhttps://t.co/3Oru9YeEvo","id":"1444218920509100036","public_metrics":{"retweet_count":1,"reply_count":0,"like_count":1,"quote_count":0}},{"created_at":"2021-10-02T08:32:32.000Z","text":"İngiltere'de kadına yönelik 'şiddet salgını': Veriler ve uzmanlar neler söylüyor?\n\nhttps://t.co/LvXpYZBMFK","id":"1444218732700651522","public_metrics":{"retweet_count":1,"reply_count":0,"like_count":1,"quote_count":0}},{"created_at":"2021-10-01T20:44:34.000Z","text":"“Olan oldu dünya umrumda değil” \n\nHer anlık motto… \uD83D\uDE4C https://t.co/mFj3DQScQq","id":"1444040567625850896","public_metrics":{"retweet_count":0,"reply_count":0,"like_count":3,"quote_count":0}}],"meta":{"oldest_id":"1444040567625850896","newest_id":"1448532404822478848","result_count":31}}