{"data":[{"created_at":"2021-09-14T05:20:26.000Z","text":"RT @mugecevik: Bu yazımızda hastane verilerine bakarak aşıların etkinliğine dair çıkarım yapmanın neden hatalı olduğu, delta varyantına kar…","id":"1437647407328763907","public_metrics":{"retweet_count":31,"reply_count":0,"like_count":0,"quote_count":0}},{"created_at":"2021-09-13T21:53:28.000Z","text":"RT @LizJGibb: Climate change: World now sees twice as many days over 50C https://t.co/RPLhxfUKy4","id":"1437534925461278721","public_metrics":{"retweet_count":3,"reply_count":0,"like_count":0,"quote_count":0}},{"created_at":"2021-09-13T19:51:12.000Z","text":"@ETemelkuran \uD83E\uDD17","id":"1437504152305905672","public_metrics":{"retweet_count":0,"reply_count":0,"like_count":0,"quote_count":0}},{"created_at":"2021-09-13T19:45:35.000Z","text":"Benim de ilk mektubum geldi \uD83D\uDE4C \n\n\uD83D\uDC47\nhttps://t.co/eYnin0iwUM \n\n“Zaman bizi insani ile insani olmayan ya da yok olmak ile tamir olmak arasında bir seçim yapmaya çağırıyor. Ama nasıl yapacağız?” - @ETemelkuran https://t.co/GUkNedKrO9","id":"1437502742453424131","public_metrics":{"retweet_count":1,"reply_count":1,"like_count":8,"quote_count":0}},{"created_at":"2021-09-13T18:16:04.000Z","text":"Very powerful reporting by @mayjeong about sexual harassment and assault at the United Nations… https://t.co/WR2YoLr3eP","id":"1437480211319246864","public_metrics":{"retweet_count":0,"reply_count":0,"like_count":3,"quote_count":0}},{"created_at":"2021-09-11T18:35:05.000Z","text":"RT @BBCSanaSafi: To people asking is this Afghan? \n\nI spent my first 11 years in the “conservative South” (Kandahar &amp; Helmand) and the rema…","id":"1436760221980975108","public_metrics":{"retweet_count":862,"reply_count":0,"like_count":0,"quote_count":0}},{"created_at":"2021-09-11T17:54:12.000Z","text":"RT @SexProfSofia: Of note--I used to wear hijab back then. I was the only recognizable Muslim in the class.","id":"1436749933877633028","public_metrics":{"retweet_count":1508,"reply_count":0,"like_count":0,"quote_count":0}},{"created_at":"2021-09-11T17:54:10.000Z","text":"RT @SexProfSofia: The morning of 9/11, my political science professor made me leave class so the other students could \"grieve and process s…","id":"1436749925832970243","public_metrics":{"retweet_count":35053,"reply_count":0,"like_count":0,"quote_count":0}},{"created_at":"2021-09-10T13:27:54.000Z","text":"RT @walkwithamal: Right now! Little Amal is being welcomed by Pope Francis to the Vatican. Another extraordinary day on The Walk, #LittleAm…","id":"1436320529976340503","public_metrics":{"retweet_count":170,"reply_count":0,"like_count":0,"quote_count":0}},{"created_at":"2021-09-08T15:54:04.000Z","text":"Kabil'in Afgan hükümetinden Taliban'a geçtiği son saatlerde yaşananları @m_madi &amp; @SAbdullahNizami &amp; Ahmad Khalid ve BBC Afgan Servisi, hükümet içi ve Taliban kaynaklarıyla konuşarak inceliyor: https://t.co/jcPRXJl25u","id":"1435632536324083715","public_metrics":{"retweet_count":0,"reply_count":0,"like_count":1,"quote_count":0}},{"created_at":"2021-09-08T15:51:12.000Z","text":"RT @m_madi: Credit also to many other BBC Afghan service colleagues who contributed reporting to this piece. To be able to draw on so many…","id":"1435631815667200001","public_metrics":{"retweet_count":6,"reply_count":0,"like_count":0,"quote_count":0}},{"created_at":"2021-09-08T15:50:21.000Z","text":"RT @m_madi: Me, @SAbdullahNizami and Ahmad Khalid spoke to a dozen Afghan government insiders to bring you this account of how the Taliban…","id":"1435631604622372867","public_metrics":{"retweet_count":16,"reply_count":0,"like_count":0,"quote_count":0}},{"created_at":"2021-09-08T07:53:41.000Z","text":"RT @bbcturkce: Türkiye neden aylardır İngiltere'nin kırmızı listesinde?\nhttps://t.co/C19C7cNtk5","id":"1435511646189985792","public_metrics":{"retweet_count":15,"reply_count":0,"like_count":0,"quote_count":0}},{"created_at":"2021-09-08T07:52:29.000Z","text":"RT @gideon_long: The Constitutional Court in Cape Verde has ruled there was nothing unconstitutional about the arrest last year of Nicolás…","id":"1435511342803341316","public_metrics":{"retweet_count":82,"reply_count":0,"like_count":0,"quote_count":0}},{"created_at":"2021-09-08T07:45:33.000Z","text":"Cabo Verde, Maduro'nun sağ kolu Alex Saab'ın ABD'ye iade edilmesini onayladı.\nSaab Venezuela'nın 'altın-gıda-İran yakıtı' üçgenin mimarı. ABD yaptırımların delinip delinmediğini inceleyebilecek. \nTürkiye'deki şirketlerin de adı dosyalarda.\n\n2020: https://t.co/ewfFjWYO37","id":"1435509598161625090","public_metrics":{"retweet_count":0,"reply_count":0,"like_count":0,"quote_count":0}},{"created_at":"2021-09-08T02:41:16.000Z","text":"RT @SecKermani: Afghanistan is now officially “the Islamic Emirate of Afghanistan” Taliban official Ahmadullah Wasiq confirms to BBC https:…","id":"1435433021386203139","public_metrics":{"retweet_count":122,"reply_count":0,"like_count":0,"quote_count":0}},{"created_at":"2021-09-07T20:22:45.000Z","text":"RT @Yaolri: Another important reporting by @cnni on the conflict in #Tigray. \n\nBodies of Tigrayans are showing up in Sudan's Wad El Hilou,…","id":"1435337768188715011","public_metrics":{"retweet_count":226,"reply_count":0,"like_count":0,"quote_count":0}},{"created_at":"2021-09-07T18:43:04.000Z","text":"Hamburg’da olma sebebim… \uD83D\uDC47\n\nTürkiye neden aylardır İngiltere'nin kırmızı listesinde? \n\nİzlemek için \uD83D\uDC49 YouTube: https://t.co/dygin9PF6m\n\n@bbcturkce https://t.co/OxVPp0P4QH","id":"1435312681171537924","public_metrics":{"retweet_count":0,"reply_count":0,"like_count":5,"quote_count":0}},{"created_at":"2021-09-07T17:39:58.000Z","text":"Londra \uD83D\uDC47 \n\nBy \uD83D\uDC49 @slwcat https://t.co/bpW9JQstPD","id":"1435296802518020096","public_metrics":{"retweet_count":0,"reply_count":1,"like_count":0,"quote_count":0}},{"created_at":"2021-09-07T17:38:12.000Z","text":"RT @pdanahar: As we prepare for the Taliban to seek new global alliances, it’s useful to remember that old proverb about Afghanistan’s warl…","id":"1435296357175209985","public_metrics":{"retweet_count":75,"reply_count":0,"like_count":0,"quote_count":0}},{"created_at":"2021-09-05T18:17:37.000Z","text":"RT @BBCWorld: Taliban militants accused of killing pregnant police officer in provincial city https://t.co/Oa5z6GspO2","id":"1434581498057871366","public_metrics":{"retweet_count":464,"reply_count":0,"like_count":0,"quote_count":0}},{"created_at":"2021-09-04T16:47:07.000Z","text":"\uD83D\uDC4F\uD83C\uDF89\uD83D\uDC4F \nTebrikler! ✨ https://t.co/Rrx3SZob8o","id":"1434196336497287172","public_metrics":{"retweet_count":1,"reply_count":0,"like_count":2,"quote_count":0}},{"created_at":"2021-09-03T17:48:27.000Z","text":"@fryzayn Rica ederim. İtalya ya da Hollanda… maç henüz oynanmadı\n\uD83D\uDE4B\uD83C\uDFFB‍♀️\n\nhttps://t.co/BkHmaZMXjD","id":"1433849385612365825","public_metrics":{"retweet_count":0,"reply_count":1,"like_count":0,"quote_count":0}},{"created_at":"2021-09-03T17:45:46.000Z","text":"@fryzayn Cumartesi TSİ 18:00","id":"1433848708513292300","public_metrics":{"retweet_count":0,"reply_count":2,"like_count":0,"quote_count":0}},{"created_at":"2021-09-03T17:30:54.000Z","text":"Türkiye Kadın Voleybol takımına üçüncülük maçında başarılar ✨✨✨\nŞahane bir ekip. Birçok genci cesaretlendirdiklerine, genç kadınlara da ilham kaynağı olduklarına eminim. Tebrikler ve teşekkürler #FileninSultanları \uD83C\uDF89\uD83C\uDF89\uD83C\uDF89 https://t.co/wdOTEz6jCd","id":"1433844967672324123","public_metrics":{"retweet_count":2,"reply_count":2,"like_count":5,"quote_count":0}},{"created_at":"2021-09-03T12:51:41.000Z","text":"RT @SecKermani: Driving through Kabul a little earlier and @MalikMudassir2 spotted this beautician shop painting over their pictures of wom…","id":"1433774702137384974","public_metrics":{"retweet_count":526,"reply_count":0,"like_count":0,"quote_count":0}},{"created_at":"2021-09-01T18:53:58.000Z","text":"RT @BBCYaldaHakim: Beheshta Arghand, an anchor for Tolo News, made headlines when she interviewed the Taliban just days after they took con…","id":"1433141094758371329","public_metrics":{"retweet_count":782,"reply_count":0,"like_count":0,"quote_count":0}}],"meta":{"oldest_id":"1433141094758371329","newest_id":"1437647407328763907","result_count":27}}