{"data":[{"created_at":"2021-11-13T19:49:34.000Z","text":"#COP26 sona erdi ama varılan anlaşmanın ‘Dünya’yı tamir etme’ konusunda yetersiz kaldığı görüşü hakim… \n\nZirvenin sonundaki gelişmelere dair BBC Canlı Anlatımı \uD83D\uDC49 https://t.co/QQGuIyQGGk \n\nBu da @bbcturkce için geçen hafta hazırladığımız video \uD83D\uDC47\n\nhttps://t.co/0W6M2xALX2","id":"1459609403531870209","public_metrics":{"retweet_count":0,"reply_count":0,"like_count":1,"quote_count":0}},{"created_at":"2021-11-13T19:43:59.000Z","text":"RT @ZiaWeise: COP26 President Alok Sharma just briefly burst into tears after apologizing for a process that ended in language on phasing o…","id":"1459607997672525826","public_metrics":{"retweet_count":149,"reply_count":0,"like_count":0,"quote_count":0}},{"created_at":"2021-11-13T11:21:34.000Z","text":"Great theme! https://t.co/il0h8Y5CjT","id":"1459481561187893248","public_metrics":{"retweet_count":0,"reply_count":0,"like_count":1,"quote_count":0}},{"created_at":"2021-11-13T09:01:35.000Z","text":"RT @BBCBreakfast: He’s done it! \uD83D\uDE4C\uD83D\uDE4C\n\n24 HOURS OF DRUMMING COMPLETED ✅\uD83E\uDD73\n\n@OwainWynEvans’ #BBCBreakfast #Drumathon for @BBCCiN\n\nShow your supp…","id":"1459446333715197952","public_metrics":{"retweet_count":373,"reply_count":0,"like_count":0,"quote_count":0}},{"created_at":"2021-11-13T09:01:10.000Z","text":"RT @BBCNuala: This is how @OwainWynEvans started and he’s on the @BBCBreakfast sofa in a moment 24 hours later!! Probably wants to lie down…","id":"1459446225925726209","public_metrics":{"retweet_count":1,"reply_count":0,"like_count":0,"quote_count":0}},{"created_at":"2021-11-12T19:37:21.000Z","text":"RT @bbcturkce: Dolar/TL kuru, tarihi bir seviye olan 10'u gördü\n\nhttps://t.co/efNOUzS0De https://t.co/twjSiGJ4yb","id":"1459243940100644866","public_metrics":{"retweet_count":110,"reply_count":0,"like_count":0,"quote_count":0}},{"created_at":"2021-11-12T19:35:15.000Z","text":"RT @bbcturkce: Dolar kuru 10 TL'yi gördü, ekonomistler tarihi zirveyi nasıl değerlendiriyor?\nhttps://t.co/e5PiTN7hmq","id":"1459243410972364805","public_metrics":{"retweet_count":11,"reply_count":0,"like_count":0,"quote_count":0}},{"created_at":"2021-11-12T09:21:17.000Z","text":"Citizens from Syria, Yemen and Iraq will no longer be allowed to buy flight tickets from #Turkey\nto Minsk - Turkey's Civil Aviation General Directorate\n\n#Belarus #Poland https://t.co/TGhyO016iC","id":"1459088901314949124","public_metrics":{"retweet_count":4,"reply_count":0,"like_count":4,"quote_count":0}},{"created_at":"2021-11-11T23:15:54.000Z","text":"RT @business: Turkey agreed with the EU that it would monitor flights headed to Belarus in an effort to prevent them from being used to fer…","id":"1458936551585591296","public_metrics":{"retweet_count":19,"reply_count":0,"like_count":0,"quote_count":0}},{"created_at":"2021-11-11T22:38:36.000Z","text":"\uD83C\uDFAD Beautifully performed and an affecting play by @IgorMemic at @bushtheatre… #OldBridgePlay is a heartbreaking reminder of the Bosnian War in #Mostar… \nGo see it if you can… \nhttps://t.co/W7CDACsNIv\n\nhttps://t.co/RDgyeXECXf","id":"1458927167656673289","public_metrics":{"retweet_count":1,"reply_count":0,"like_count":5,"quote_count":0}},{"created_at":"2021-11-11T08:36:31.000Z","text":"RT @bbcturkce: Varlık Vergisi'nin 79'uncu yıl dönümü: \"Ben kendimi nasıl Türk hissediyorsam, Türkiye de beni aynı şekilde kendisine ait his…","id":"1458715248664453121","public_metrics":{"retweet_count":11,"reply_count":0,"like_count":0,"quote_count":0}},{"created_at":"2021-11-10T13:20:44.000Z","text":"RT @bbcturkce: Bugün Türkiye Cumhuriyeti'nin kurucusu Mustafa Kemal Atatürk'ün ölüm yıl dönümü #10Kasım \n\nBBC'nin 1970 yılında yayınladığı…","id":"1458424385119965186","public_metrics":{"retweet_count":58,"reply_count":0,"like_count":0,"quote_count":0}},{"created_at":"2021-11-10T12:12:46.000Z","text":"@NektariaAna Okur olarak bu kitap için ben teşekkür ederim \uD83D\uDE4F","id":"1458407281461186564","public_metrics":{"retweet_count":0,"reply_count":0,"like_count":2,"quote_count":0}},{"created_at":"2021-11-10T09:51:10.000Z","text":"Türkiye’de gayrimüslim halklar konuşuluyorken zevkle okuduğum bir kitabı tavsiye edeyim: \nA Recipe for Daphne \n@NektariaAna’nın kitabı\nİstanbul’daki Rum cemaatiyle ilgili bir roman… https://t.co/GrbEpT4oBs","id":"1458371647807922177","public_metrics":{"retweet_count":3,"reply_count":2,"like_count":45,"quote_count":0}},{"created_at":"2021-11-10T06:20:26.000Z","text":"RT @bbcturkce: Bugün #10Kasım, Türkiye Cumhuriyeti'nin kurucusu Mustafa Kemal Atatürk'ün ölüm yıl dönümü. \n\nBritish Pathé arşivlerinde Atat…","id":"1458318613207818243","public_metrics":{"retweet_count":1103,"reply_count":0,"like_count":0,"quote_count":0}},{"created_at":"2021-11-09T21:33:01.000Z","text":"@firattanis Son dönemde gördüğüm en iyi oyunculuk için teşekkürler ✨✨ Çelebi karakteri çok özgün!","id":"1458185886202535943","public_metrics":{"retweet_count":0,"reply_count":0,"like_count":1,"quote_count":0}},{"created_at":"2021-11-09T16:45:59.000Z","text":"Türkiye Yahudileri #Kulüp diziyle ilgili düşüncelerini, hissettiklerini @efeoc'e anlattı: \n\"Bizim hikayemiz de görünür oldu. O görünürlük, ülkeye dair aidiyeti güçlendiren bir şey\"\n\n@bbcturkce \nhttps://t.co/cNxsm7NPKn","id":"1458113649885728771","public_metrics":{"retweet_count":2,"reply_count":0,"like_count":7,"quote_count":0}},{"created_at":"2021-11-09T06:29:28.000Z","text":"RT @gijnTurkish: Dünya'yı nasıl bozduk, tamir etmek için ne yapmalıyız? https://t.co/S1eYitREGn \nÇağıl Kasapoğlu .@CagilKasapoglu &amp;  Osman…","id":"1457958500009709568","public_metrics":{"retweet_count":2,"reply_count":0,"like_count":0,"quote_count":0}},{"created_at":"2021-11-08T20:37:50.000Z","text":"#Kulüp dizisinde konuşulan Ladino’yla ilgili merak edilenler \uD83D\uDC47\n@bbcturkce @efeoc \n\nhttps://t.co/kDGR5YMhKB","id":"1457809610312671232","public_metrics":{"retweet_count":0,"reply_count":1,"like_count":10,"quote_count":1}},{"created_at":"2021-11-08T20:35:52.000Z","text":"Grafikler: @kaytazog \n\n\uD83D\uDC47 https://t.co/B4DfPnnuow","id":"1457809113421950985","public_metrics":{"retweet_count":0,"reply_count":0,"like_count":2,"quote_count":0}},{"created_at":"2021-11-08T20:01:26.000Z","text":"İstanbul Sözleşmesi'ni savunan kadın örgütleri neden sözleşmeden yana, karşı çıkanlar ne diyor? \n\nhttps://t.co/IVL9BvuAsZ https://t.co/Hq28vZJpKG","id":"1457800448459481090","public_metrics":{"retweet_count":0,"reply_count":0,"like_count":1,"quote_count":0}},{"created_at":"2021-11-08T20:00:24.000Z","text":"İstanbul Sözleşmesi nedir, kadınları korumak için ne gibi yükümlülükler ön görüyor?\n\n https://t.co/OmYyFhu5Gg https://t.co/lk4Tc6iyJm","id":"1457800190388097028","public_metrics":{"retweet_count":0,"reply_count":1,"like_count":2,"quote_count":0}},{"created_at":"2021-11-08T19:50:51.000Z","text":"#istanbulsözleşmesi yaşatır diyenleri eleştiren Erdoğan, “En başta ve en çok kendi adlarını sapkın ideolojik ajandaları uğruna istismar ettiği için kadınlarımız tepki göstermelidir” dedi.\n#istanbulsözleşmesiyaşatır haklarını arayan kadınların sloganı. Türkiye Mart 2021’de ayrıldı https://t.co/aAoHRMonOb","id":"1457797786854776837","public_metrics":{"retweet_count":0,"reply_count":2,"like_count":1,"quote_count":0}},{"created_at":"2021-11-08T17:24:49.000Z","text":"Devamı @bbcturkce YouTube sayfasında\uD83D\uDC47\n\nhttps://t.co/4Fjcw6G554\n\nGrafikler: @kaytazog https://t.co/NKwqkNtBJv","id":"1457761037231525888","public_metrics":{"retweet_count":0,"reply_count":0,"like_count":1,"quote_count":0}},{"created_at":"2021-11-08T17:11:32.000Z","text":"İnsanlar Dünya'yı nasıl 'bozdu', 'tamir etmek' için neler yapılabilir?\n@kaytazog ile hazırladık \uD83D\uDC47 \n\nhttps://t.co/Dua1yHVamq","id":"1457757693054267394","public_metrics":{"retweet_count":1,"reply_count":1,"like_count":0,"quote_count":0}},{"created_at":"2021-11-08T15:37:37.000Z","text":"@TractatusP Evet, sanıyorum tarih konusunda bazı belirsizlikler var..","id":"1457734056129581056","public_metrics":{"retweet_count":0,"reply_count":0,"like_count":1,"quote_count":0}},{"created_at":"2021-11-08T15:09:41.000Z","text":"Turkish period drama #TheClub (#Kulüp) on Netflix is superb in many ways. Far from clichés, it offers a genuine approach to Jewish life in the 1950’s of Istanbul. You’ll hear Ladino spoken.\nThis type of original content is not common. AND…\nActors are really sublime\n#KulupNetflix https://t.co/2ySn3qxxuY","id":"1457727027214262281","public_metrics":{"retweet_count":3,"reply_count":1,"like_count":12,"quote_count":0}},{"created_at":"2021-11-08T13:00:46.000Z","text":"RT @BBCr4today: \"It hasn't yet happened, but you know it's just around the corner\"\n\nThe BBC's Foreign Affairs Editor, John Simpson, breaks…","id":"1457694586747379721","public_metrics":{"retweet_count":1224,"reply_count":0,"like_count":0,"quote_count":0}},{"created_at":"2021-11-08T11:55:51.000Z","text":"RT @bbcturkce: Bir kuraklık hikayesi: Peyniriyle meşhur Kars'ta üretim nasıl etkilendi?\n\nVideonun tamamı \uD83D\uDC49https://t.co/vhz8Tq0ioP https://t…","id":"1457678246611464194","public_metrics":{"retweet_count":21,"reply_count":0,"like_count":0,"quote_count":0}},{"created_at":"2021-11-07T13:37:44.000Z","text":"Very good read by @soniasodha \n\nOn social media-fuelled narcissism and how it undermines real social change\n\nhttps://t.co/s3U8ZLCT5C","id":"1457341499486752769","public_metrics":{"retweet_count":1,"reply_count":1,"like_count":5,"quote_count":0}},{"created_at":"2021-11-05T14:21:12.000Z","text":"Ah, Asuman! #AhAsuman 15dklık kısa filmi bugün izledim. Çok güzel hikaye, anlatım ve oyunculuk… ✨\n\nTebrikler ekibe \uD83D\uDCAB\n\nhttps://t.co/CodXzt7soY https://t.co/Vc1FicEefX","id":"1456627662609436673","public_metrics":{"retweet_count":0,"reply_count":0,"like_count":1,"quote_count":0}},{"created_at":"2021-11-04T20:24:44.000Z","text":"RT @arusbridger: The burden of proof now falls now those who persist in arguing there is no need to divest from fossil fuels…. #keepitinthe…","id":"1456356760709746693","public_metrics":{"retweet_count":32,"reply_count":0,"like_count":0,"quote_count":0}},{"created_at":"2021-11-04T12:45:26.000Z","text":"RT @BBCWorld: Turkey investigates posts about president's health https://t.co/Q4g1Dtz5Ux","id":"1456241176005197829","public_metrics":{"retweet_count":45,"reply_count":0,"like_count":0,"quote_count":0}},{"created_at":"2021-11-04T07:57:32.000Z","text":"RT @KallergisK: We went back to #Greece to see the aftermath of the #Evia wildfire. Here's the online piece by @BethanyBellBB  on whether #…","id":"1456168723585413120","public_metrics":{"retweet_count":12,"reply_count":0,"like_count":0,"quote_count":0}},{"created_at":"2021-11-03T12:29:52.000Z","text":"Turkish police launched a legal probe into social media posts speculating about Erdogan's health.\n\"He is dead\" was trending on Twitter. \nThere were some rumours about his health, his comms director shared this: https://t.co/HslWDR3b7W \n30 people are now under investigation... https://t.co/osX9rUPHI3","id":"1455874869313380362","public_metrics":{"retweet_count":9,"reply_count":1,"like_count":7,"quote_count":2}},{"created_at":"2021-11-02T08:49:56.000Z","text":"This is where I started out as a journalist. \nSorry for the staff…\n@DailyStarLeb will be missed.. https://t.co/UQOrBqw9ZT","id":"1455457132296425475","public_metrics":{"retweet_count":1,"reply_count":0,"like_count":2,"quote_count":0}},{"created_at":"2021-11-02T07:02:04.000Z","text":"2030’a kadar orman kaybını durdurma sözü veren ülkelerden biri Türkiye… \n\n19.2 milyar dolar kamu ve özel sektör finansmanı sağlanması öngörülüyor… \n#COP26 #COP26Glasgow https://t.co/BPvggShm8i","id":"1455429988975620096","public_metrics":{"retweet_count":1,"reply_count":0,"like_count":0,"quote_count":0}},{"created_at":"2021-11-01T21:12:36.000Z","text":"RT @bbcturkce: İklim testi: Hangisi karbon ayak izinizi azaltmanıza yardımcı olur?\n\n➤ Yenilenebilir enerjiye geçiş?\n➤ Geri dönüşüm?\n➤ Et ye…","id":"1455281645716639748","public_metrics":{"retweet_count":8,"reply_count":0,"like_count":0,"quote_count":0}},{"created_at":"2021-11-01T21:11:52.000Z","text":"RT @COP26: “That desperate hope, is why the world is looking to you and why you are here”\n\n-- Sir David Attenborough, #COP26 People's Advoc…","id":"1455281459544068099","public_metrics":{"retweet_count":5789,"reply_count":0,"like_count":0,"quote_count":0}},{"created_at":"2021-11-01T12:20:20.000Z","text":"#Erdogan on why he cancelled his planned attendance at #COP26: \n\n\"When our demands were not met, we gave up on going to Glasgow... This was not only about our own security, but also about the reputation of our country.\"\n\nhttps://t.co/rywM3cu904 https://t.co/oODcU7xp7Y","id":"1455147695874711559","public_metrics":{"retweet_count":3,"reply_count":0,"like_count":0,"quote_count":0}},{"created_at":"2021-11-01T08:51:39.000Z","text":"#Erdogan has cancelled plans to attend #COP26Glasgow after ‘Britain failed to meet Ankara’s demand on security’… \n\nOne senior official said: “Our demands regarding the number of vehicles for security and some other security related demands were not fully met” \n\n(Reuters)","id":"1455095177085923328","public_metrics":{"retweet_count":1,"reply_count":0,"like_count":5,"quote_count":4}}],"meta":{"oldest_id":"1455095177085923328","newest_id":"1459609403531870209","result_count":41}}