{"data":[{"id":"1448659776989057032","created_at":"2021-10-14T14:39:40.000Z","public_metrics":{"retweet_count":165,"reply_count":0,"like_count":0,"quote_count":0},"text":"RT @AoDemocracies: “What happens in Hong Kong is just one of the incidents around the world. We are stepping into the second decade of glob…"},{"id":"1448538231960711169","created_at":"2021-10-14T06:36:41.000Z","public_metrics":{"retweet_count":110,"reply_count":0,"like_count":0,"quote_count":0},"text":"RT @benedictrogers: Delighted to come home tonight to find a review copy of my friend @nathanlawkc's important new book, written with my fr…"},{"id":"1448538134476636165","created_at":"2021-10-14T06:36:18.000Z","public_metrics":{"retweet_count":233,"reply_count":0,"like_count":0,"quote_count":0},"text":"RT @hkdc_us: Humanitarian pathways present glimpses of hope to HKers facing imminent political prosecution under #NSL. Advisor @SunnyCheung…"},{"id":"1448375391744413697","created_at":"2021-10-13T19:49:37.000Z","public_metrics":{"retweet_count":205,"reply_count":11,"like_count":437,"quote_count":6},"text":"It reminds me a lot about why I started fighting for a democratic Hong Kong, and what I've been through when I watched this short documentary. \nPlease watch it. @HRF has been doing fantastic work on promoting democracy. The inputs from @laurelchor and @jeffreychngo are crucial. https://t.co/qrcMI254Gd"},{"id":"1448291991020871684","created_at":"2021-10-13T14:18:13.000Z","public_metrics":{"retweet_count":117,"reply_count":10,"like_count":364,"quote_count":3},"text":"Thank you so much for your support to Hong Kong democratic movement. Looking forward to future collaboration on defending our democratic values and freedom.\n#StandwithHongKong\n@petras_petras @bueti https://t.co/jNK39O71qf"},{"id":"1448291521644703748","created_at":"2021-10-13T14:16:21.000Z","public_metrics":{"retweet_count":1200,"reply_count":90,"like_count":2137,"quote_count":37},"text":"Happy birthday, @joshuawongcf ,the most dedicated and passionate democratic campaigner in Hong Kong.\nWe are always with you.\n#Retweet to urge the Chinese Community Party to release ALL political prisoners, including Joshua. https://t.co/707uGVnORo"},{"id":"1447699617613815823","created_at":"2021-10-11T23:04:20.000Z","public_metrics":{"retweet_count":211,"reply_count":0,"like_count":0,"quote_count":0},"text":"RT @Moschovidis: My interview with @nathanlawkc is live! \n\nWe talked about #HongKong, how the #EU &amp; other international players can &amp; shoul…"},{"id":"1447598796607733768","created_at":"2021-10-11T16:23:42.000Z","public_metrics":{"retweet_count":130,"reply_count":0,"like_count":0,"quote_count":0},"text":"RT @trussliz: \uD83C\uDDEC\uD83C\uDDE7\uD83C\uDDF1\uD83C\uDDF9 Good meeting Lithuanian FM @Glandsbergis. We had a productive discussion covering:\n\n\uD83D\uDC49 Boosting our economic and security…"},{"id":"1447590623964450825","created_at":"2021-10-11T15:51:14.000Z","public_metrics":{"retweet_count":163,"reply_count":14,"like_count":429,"quote_count":2},"text":"Precisely what my book “Freedom” talks about. Please don’t take freedom fro granted. https://t.co/BMWyH39Jxq"},{"id":"1447549328378191876","created_at":"2021-10-11T13:07:08.000Z","public_metrics":{"retweet_count":443,"reply_count":37,"like_count":790,"quote_count":6},"text":"Movies are now banned from screening in Hong Kong. It's a side note on how much freedom are taken away now. https://t.co/7r68EixogW"},{"id":"1447475320572059651","created_at":"2021-10-11T08:13:03.000Z","public_metrics":{"retweet_count":44,"reply_count":0,"like_count":0,"quote_count":0},"text":"RT @abramowitz: The erosion of democracy and rise of authoritarianism is a defining issue of our times. Thanks to ⁦@brianstelter⁩ ⁦@Reliabl…"},{"id":"1447462543019151361","created_at":"2021-10-11T07:22:17.000Z","public_metrics":{"retweet_count":1328,"reply_count":0,"like_count":0,"quote_count":0},"text":"RT @MOFA_Taiwan: My thanks for the touching National Day messages from fellow democracies around the world, particularly those sent by frie…"},{"id":"1447441257912049664","created_at":"2021-10-11T05:57:42.000Z","public_metrics":{"retweet_count":11199,"reply_count":0,"like_count":0,"quote_count":0},"text":"RT @rapplerdotcom: BREAKING. Rappler CEO Maria Ressa is among the winners of the 2021 Nobel Peace Prize. Ressa is the first woman in this y…"},{"id":"1447441183370846209","created_at":"2021-10-11T05:57:24.000Z","public_metrics":{"retweet_count":2155,"reply_count":0,"like_count":0,"quote_count":0},"text":"RT @mariaressa: Thank you to the @NobelPrize Committee for the spotlight on journalists and our battle for facts. To my friends &amp; family, @…"},{"id":"1447441109160972289","created_at":"2021-10-11T05:57:07.000Z","public_metrics":{"retweet_count":466,"reply_count":0,"like_count":0,"quote_count":0},"text":"RT @badiucao: 1/2 Here are your 5 not OFFICIAL POSTERS for #Beijing2022 #北京冬奥 \n\nFeel free to download, repost and use for protest\nhttps://t…"},{"id":"1446886230109655052","created_at":"2021-10-09T17:12:13.000Z","public_metrics":{"retweet_count":124,"reply_count":9,"like_count":363,"quote_count":2},"text":"An important move. https://t.co/Sqw0yz1SGJ"},{"id":"1446516906446499845","created_at":"2021-10-08T16:44:40.000Z","public_metrics":{"retweet_count":155,"reply_count":0,"like_count":0,"quote_count":0},"text":"RT @AoDemocracies: On Oct 7, @Aodemocracies co-hosted w/ @jguaido the World Summit of Democracy Defenders that brought together\uD83C\uDF0Eglobal voic…"},{"id":"1446158867738550275","created_at":"2021-10-07T17:01:57.000Z","public_metrics":{"retweet_count":31,"reply_count":0,"like_count":0,"quote_count":0},"text":"RT @carnegiecouncil: Hear from those fighting to uphold &amp; strengthen democracy during our #GlobalEthicsDay2021 event on October 20 at 12:00…"},{"id":"1446158685164691460","created_at":"2021-10-07T17:01:13.000Z","public_metrics":{"retweet_count":221,"reply_count":0,"like_count":0,"quote_count":0},"text":"RT @alexchow18: 1/The crackdown on HK’s civil society goes on. The latest victim: CUHK’s student Union. CUHKSU has been he  bastion of the…"},{"id":"1446129667589636101","created_at":"2021-10-07T15:05:55.000Z","public_metrics":{"retweet_count":206,"reply_count":0,"like_count":0,"quote_count":0},"text":"RT @jguaido: #HongKong tiene a @nathanlawkc como referente. Líder prodemocracia desde el movimiento estudiantil, hoy en el exilio alza su v…"},{"id":"1446094619750674436","created_at":"2021-10-07T12:46:39.000Z","public_metrics":{"retweet_count":213,"reply_count":25,"like_count":414,"quote_count":13},"text":"WATCH IT.\n\n'Some are just psychopaths': Chinese detective in exile reveals extent of torture against Uyghurs \nhttps://t.co/EH7WdoBUT2"},{"id":"1445795811200143378","created_at":"2021-10-06T16:59:17.000Z","public_metrics":{"retweet_count":58,"reply_count":0,"like_count":0,"quote_count":0},"text":"RT @AoDemocracies: Join us as we host other democratic defenders including @nathanlawkc (Hong Kong), Rosalia Miller (Nicaragua), @HEBobiwin…"},{"id":"1445730739987877888","created_at":"2021-10-06T12:40:43.000Z","public_metrics":{"retweet_count":188,"reply_count":34,"like_count":735,"quote_count":5},"text":"I will be in Brussels and Venice for the following two weeks to join the Sakharov Fellowship. I am looking forward to meeting EU policymakers and promoting the importance of democracy around the world. It's also crucial to learn from other human rights defenders.\n#StandwithHK"},{"id":"1445101195379499018","created_at":"2021-10-04T18:59:08.000Z","public_metrics":{"retweet_count":181,"reply_count":0,"like_count":0,"quote_count":0},"text":"RT @hkdc_us: “The fall of HK concerns not only HKers but every freedom-loving people in the world. We urge you to join this journey,” @alex…"},{"id":"1444660987857154051","created_at":"2021-10-03T13:49:54.000Z","public_metrics":{"retweet_count":261,"reply_count":0,"like_count":0,"quote_count":0},"text":"RT @NadiaWhittomeMP: Democracy protesters and trade unionists in Hong Kong are being brutalised by police and criminalised under the Chines…"},{"id":"1444660875080704004","created_at":"2021-10-03T13:49:27.000Z","public_metrics":{"retweet_count":720,"reply_count":54,"like_count":1255,"quote_count":16},"text":"The largest independent workers' union HKCTU disbands under the pressure of the Chinese government.\nIn Beijing's eyes, workers' rights threaten their complete control of society.\nIf anyone on the left believes China's \"socialist system\" is worth following, they miss vital facts. https://t.co/orJF7JntCQ"},{"id":"1444419761094410244","created_at":"2021-10-02T21:51:21.000Z","public_metrics":{"retweet_count":211,"reply_count":35,"like_count":445,"quote_count":4},"text":"It's absolutely disgusting for the shameless @hkpoliceforce, which is part of the authoritarian force that crushes democratic demands from Hongkongers, to quote Gandhi.\nThese people must have forgotten how the peaceful protestors were badly hurt by their violence.\nDISGUSTING. https://t.co/CpRaqjVYpK"},{"id":"1444391306722164741","created_at":"2021-10-02T19:58:17.000Z","public_metrics":{"retweet_count":142,"reply_count":0,"like_count":0,"quote_count":0},"text":"RT @chungchingkwong: I’m speaking at the Oslo Freedom Forum this year about HK, NSL and my personal story as an activist growing up in HK."},{"id":"1444303659463024646","created_at":"2021-10-02T14:10:00.000Z","public_metrics":{"retweet_count":151,"reply_count":0,"like_count":0,"quote_count":0},"text":"RT @NetiwitC: I am honored to have my friend, \n@nathanlawkc\n , as the speaker of 6 Oct Memorial lecture on #MilkTeaAlliance\n\nThis year we w…"},{"id":"1443955455148048408","created_at":"2021-10-01T15:06:22.000Z","public_metrics":{"retweet_count":318,"reply_count":28,"like_count":660,"quote_count":9},"text":"An essential read.\nWe need more support for the individuals and organizations that have committed themselves to democratic struggles around the world.\n#StandwithHongKong\n\nThe U.S. democracy agenda can’t focus simply on supporting democratic governments. https://t.co/ZG6DkQMhE7"}],"meta":{"oldest_id":"1443955455148048408","newest_id":"1448659776989057032","result_count":30}}