{"data":[{"created_at":"2021-11-14T15:00:02.000Z","id":"1459898927470333965","text":"NCT The 3rd Album ‘Universe’\nUniverse_moving walkway\n\n〖 NCT The 3rd Album ‘Universe’\n ➫ 2021.12.14 〗\n\n#NCT #Universe \n#NCT_Universe\n#NCT127 #NCTDREAM #WayV https://t.co/PUE6ONpEtE","public_metrics":{"retweet_count":100895,"reply_count":4492,"like_count":193256,"quote_count":20496}},{"created_at":"2021-11-14T08:24:26.000Z","id":"1459799371738845188","text":"슈퍼콘서트가 끝나고 다시 돌아온 \n오늘의 인기가요!!  잘 보셨나요~?\n오늘도 멋진 옷을 입고 진행했는데요 ㅎㅎ\n다음 주도 본방사수하기~\uD83D\uDC4B\uD83D\uDC4B\n\n#SUNGCHAN #성찬\n#NCT #인기가요 https://t.co/7QZqp1ocpO","public_metrics":{"retweet_count":40763,"reply_count":1219,"like_count":170468,"quote_count":2208}},{"created_at":"2021-11-13T13:01:21.000Z","id":"1459506670304780289","text":"[Un Cut] Take #6｜'Bring The Noize' Recording Behind the Scene\n\nhttps://t.co/LhdeimqCea \n\n#UnCut #BringTheNoize\n#NCT127 #Recording\n#NCT127_BringTheNoize","public_metrics":{"retweet_count":26060,"reply_count":1171,"like_count":85077,"quote_count":3100}},{"created_at":"2021-11-13T05:00:31.000Z","id":"1459385665490014209","text":"NCT 정규 3집 ‘Universe’ 12월 14일 발매!\n11월 22일부터 예약 판매 시작!\n\nNCT The 3rd Album ‘Universe’ to be released on 12/14! \nPre-orders available starting from 11/22!\n\nhttps://t.co/rWXa5Brpmo","public_metrics":{"retweet_count":45548,"reply_count":4610,"like_count":140815,"quote_count":11732}},{"created_at":"2021-11-12T15:00:02.000Z","id":"1459174149507616771","text":"NCT The 3rd Album ‘Universe’ \n\n#NCT #Universe \n#NCT_Universe\n#NCT127 #NCTDREAM #WayV https://t.co/ermw7TxDbY","public_metrics":{"retweet_count":176048,"reply_count":14422,"like_count":327789,"quote_count":84884}},{"created_at":"2021-11-12T13:00:22.000Z","id":"1459144036199985157","text":"[Un Cut] Take #5｜'Favorite (Vampire)' Recording Behind the Scene\n\nhttps://t.co/3iwxJURWXH\n\n#UnCut #Favorite\n#NCT127 #Recording\n#NCT127_Favorite #NCT","public_metrics":{"retweet_count":23126,"reply_count":553,"like_count":78159,"quote_count":1541}},{"created_at":"2021-11-12T05:59:03.000Z","id":"1459038006975680516","text":"\uD83D\uDC36\uD83D\uDC30\uD83C\uDFCE\uD83D\uDC9A\n\n#JUSTDOIT_제대로재밌게\n#JENO #JAEMIN\n#JUSTDOIT #제대로재밌게\n#NCT #NCTDREAM https://t.co/KIfhYMG9wj","public_metrics":{"retweet_count":78093,"reply_count":2939,"like_count":194630,"quote_count":8882}},{"created_at":"2021-11-12T05:58:14.000Z","id":"1459037802662752265","text":"\uD83D\uDC30\uD83C\uDFCE\n\n#JUSTDOIT_제대로재밌게\n#JENO #JAEMIN\n#JUSTDOIT #제대로재밌게\n#NCT #NCTDREAM https://t.co/uddtrQafWk","public_metrics":{"retweet_count":66629,"reply_count":2715,"like_count":170418,"quote_count":4979}},{"created_at":"2021-11-12T05:57:23.000Z","id":"1459037588904316932","text":"\uD83D\uDC36\uD83C\uDFCE\n\n#JUSTDOIT_제대로재밌게\n#JENO #JAEMIN\n#JUSTDOIT #제대로재밌게\n#NCT #NCTDREAM https://t.co/npx0eKSBCF","public_metrics":{"retweet_count":67362,"reply_count":2475,"like_count":177113,"quote_count":5203}},{"created_at":"2021-11-11T13:00:15.000Z","id":"1458781618622001156","text":"저 추월할게요 | Ep.2 카트 레이싱 | JUST DO IT:제대로 재밌게\n\nhttps://t.co/JrL5IWMEHh\n\n#JUSTDOIT_제대로재밌게\n#JENO #JAEMIN\n#JUSTDOIT #제대로재밌게\n#NCT #NCTDREAM","public_metrics":{"retweet_count":38017,"reply_count":4383,"like_count":98295,"quote_count":13447}},{"created_at":"2021-11-10T13:00:40.000Z","id":"1458419335773384706","text":"[Un Cut] Take #4｜'Favorite (Vampire)' Dance Practice Behind the Scene\n \nhttps://t.co/9pbnHFa9jJ\n \n#NCT127 #Uncut\n#Favorite #NCT127_Favorite\n#DancePractice #Behind","public_metrics":{"retweet_count":19929,"reply_count":328,"like_count":64245,"quote_count":808}},{"created_at":"2021-11-10T11:00:30.000Z","id":"1458389093692305413","text":"[N’-170] GQ JAPAN ずっと出たかったんですよね\uD83D\uDC9A | GQ JAPAN Photoshoot behind\n\nhttps://t.co/IKuqKN24XZ \n\n#YUTA #NCT127 #GQJAPAN\n#유타 #NCT #Behind","public_metrics":{"retweet_count":17805,"reply_count":799,"like_count":62632,"quote_count":1327}},{"created_at":"2021-11-09T13:00:16.000Z","id":"1458056847710056452","text":"우리 호텔은 7성급이야⭐️X7 | HOTEL THE DREAM #1\n\nhttps://t.co/NZJk1uVOGU \n\n#HOTEL_THE_DREAM\n#호텔더드림\n#NCTDREAM #NCT","public_metrics":{"retweet_count":27551,"reply_count":980,"like_count":75874,"quote_count":3073}},{"created_at":"2021-11-08T13:00:40.000Z","id":"1457694560239325190","text":"[Un Cut] Take #3｜'Favorite' Jacket Behind the Scene\n\nhttps://t.co/iSjV2las15\n\n#NCT127 #Jacket #Behind\n#Favorite #NCT127_Favorite\n#Jacket_Behind #UnCut","public_metrics":{"retweet_count":19244,"reply_count":389,"like_count":60965,"quote_count":726}},{"created_at":"2021-11-08T11:00:47.000Z","id":"1457664388949676039","text":"[N’-169] 진짜 영화 찍어도 되겠는데 이 정도면? | Behind the Halloween \uD83C\uDF83\uD83E\uDDDB\uD83C\uDF6D\n \nhttps://t.co/KrfeqB0Fxg \n \n#HALLOWEEN #NCT #Behind\n#NCT127 #NCTDREAM #WayV\n#SM_Halloween_House #SMTOWN_WONDERLAND_2021","public_metrics":{"retweet_count":26610,"reply_count":598,"like_count":76444,"quote_count":1195}},{"created_at":"2021-11-08T02:25:39.000Z","id":"1457534754815832066","text":"NCT 127-NCT DREAM, 나란히 음반 판매량 300만장 돌파 ‘겹경사’\nNCT 127 &amp; NCT DREAM both record over 3 million album sales!\n\nhttps://t.co/Omn4B65EIm\n\n#NCT #NCT127 #NCTDREAM","public_metrics":{"retweet_count":32667,"reply_count":2119,"like_count":93607,"quote_count":4950}},{"created_at":"2021-11-07T13:08:32.000Z","id":"1457334153125380097","text":"[Un Cut] Take #2｜'Favorite' MV Behind the Scene\n \nhttps://t.co/HS3hfrUfjm\n \n#NCT127 #MV #Behind\n#Favorite #NCT127_Favorite\n#MV_Behind #UnCut","public_metrics":{"retweet_count":19648,"reply_count":334,"like_count":62440,"quote_count":499}},{"created_at":"2021-11-06T13:00:41.000Z","id":"1456969788471668742","text":"사랑해 또 사랑해 | Vampire House : The Favorite #2\n\nhttps://t.co/MsaErdSk6S\n\n#NCT127 #Favorite \n#VampireHouse\n#NCT127_Favorite #NCT","public_metrics":{"retweet_count":22375,"reply_count":408,"like_count":71102,"quote_count":1259}},{"created_at":"2021-11-05T13:00:39.000Z","id":"1456607390523006976","text":"내 생각에는 오늘 역대급 찍겠네\uD83D\uDE0EㅣFavorite (Vampire) 음악방송 대기실 비하인드\n\nhttps://t.co/rWWLwVoRSu \n\n#NCT127 #Favorite #Behind\n#NCT127_Favorite #비하인드","public_metrics":{"retweet_count":22269,"reply_count":472,"like_count":70867,"quote_count":794}},{"created_at":"2021-11-04T13:00:20.000Z","id":"1456244925574500358","text":"[Un Cut] Take #1｜'Story of Favorite' Behind the Scene\n\nhttps://t.co/kFHYKSOa3H\n\n#NCT127 #Story_of_Favorite #Behind \n#Favorite #NCT127_Favorite \n#Story_of_Favorite_Behind #Uncut","public_metrics":{"retweet_count":22834,"reply_count":510,"like_count":69186,"quote_count":859}},{"created_at":"2021-11-02T04:52:32.000Z","id":"1455397388625977347","text":"RT @SMTOWNGLOBAL: NCT 재현, '번지점프를 하다' OTT리메이크 주연..여현수役 연기\n\nJAEHYUN of NCT has been cast as the lead role in the OTT remake of ‘Bungee Jumpin…","public_metrics":{"retweet_count":48793,"reply_count":0,"like_count":0,"quote_count":0}},{"created_at":"2021-11-01T11:00:35.000Z","id":"1455127626637479941","text":"\uD83D\uDC7BReaction\uD83D\uDC7B NCT Halloween Manito | Making Halloween treat bags\n \nhttps://t.co/x5WIb7wz6o \n \n#HALLOWEEN #NCT #Manito\n#NCT127 #NCTDREAM #WayV\n#SM_Halloween_House #SMTOWN_WONDERLAND_2021","public_metrics":{"retweet_count":27893,"reply_count":529,"like_count":81871,"quote_count":1240}},{"created_at":"2021-11-01T06:03:15.000Z","id":"1455052797632606213","text":"RT @Beyond_LIVE: NCT 도영의 뮤지컬 마리 앙투아네트 하일라이트 방출! \n공연 풀버전 감상은 하기 정보를 참조하세요!\n\nNCT DOYOUNG's musical &lt;Marie Antoinette&gt; Highlight.\nPlease refer…","public_metrics":{"retweet_count":15328,"reply_count":0,"like_count":0,"quote_count":0}},{"created_at":"2021-11-01T03:37:26.000Z","id":"1455016101381742597","text":"\uD83C\uDF77\uD83C\uDFB6\uD83D\uDD77\uD83D\uDD78\uD83E\uDDDB\uD83C\uDFFB‍♂️\uD83C\uDFB6\uD83C\uDF77\n\nhttps://t.co/Z9VrBARD7L\n\n#MARK #JAEHYUN \n#NCT127 #Favorite\n#NCT127_Favorite","public_metrics":{"retweet_count":19172,"reply_count":289,"like_count":71336,"quote_count":408}},{"created_at":"2021-11-01T03:37:05.000Z","id":"1455016015104933895","text":"\uD83C\uDFB6❤️\uD83C\uDF2A\uD83D\uDDE1\uD83E\uDDDB\uD83C\uDFFB‍♂️❤️\uD83C\uDFB6\n\nhttps://t.co/MqfIFot0tf\n\n#YUTA #HAECHAN\n#NCT127 #Favorite\n#NCT127_Favorite","public_metrics":{"retweet_count":16298,"reply_count":139,"like_count":63596,"quote_count":126}}],"meta":{"oldest_id":"1455016015104933895","newest_id":"1459898927470333965","result_count":25}}