{"data":[{"created_at":"2021-11-29T15:00:01.000Z","id":"1465334742543446020","public_metrics":{"retweet_count":142754,"reply_count":7717,"like_count":247836,"quote_count":33213},"text":"NCT 2021 YearDream :\nStage 4 - Resonance\n\n〖 NCT The 3rd Album ‘Universe’\n ➫ 2021.12.14 〗\n\n#NCT #Universe \n#NCT_Universe\n#NCT127 #NCTDREAM #WayV https://t.co/l0v4OcwFPf"},{"created_at":"2021-11-28T08:50:10.000Z","id":"1464879275786457088","public_metrics":{"retweet_count":47744,"reply_count":1593,"like_count":183633,"quote_count":3449},"text":"노란색 반다나를 두르고 진행한 \n오늘의 인기가요~!! \uD83D\uDD25\n요즘 핫한 스우파 컨셉을 준비해봤는데요~\n다음 주는 어떤 모습일까요? ㅎㅎ\n꼭 본방사수하기✌️\n\n#SUNGCHAN #성찬\n#NCT #인기가요 https://t.co/JvfjcosDCF"},{"created_at":"2021-11-27T15:00:02.000Z","id":"1464609970176024581","public_metrics":{"retweet_count":134899,"reply_count":9927,"like_count":245695,"quote_count":36185},"text":"NCT 2021 YearDream : \nStage 2 - Surfing in our Dreams\n\n〖 NCT The 3rd Album ‘Universe’\n ➫ 2021.12.14 〗\n\n#NCT #Universe \n#NCT_Universe\n#NCT127 #NCTDREAM #WayV https://t.co/JOoQCvukHc"},{"created_at":"2021-11-27T13:00:17.000Z","id":"1464579833166319626","public_metrics":{"retweet_count":21562,"reply_count":333,"like_count":75293,"quote_count":478},"text":"비밀스러운 공간\uD83E\uDD2B | U+아이돌Live - XR LIVE : The Castle No.127 Behind\n\nhttps://t.co/XTTZaoLcWp \n\n#NCT #NCT127 #Behind \n#XRLIVE #아이돌라이브"},{"created_at":"2021-11-25T15:00:01.000Z","id":"1463885187515764740","public_metrics":{"retweet_count":144751,"reply_count":7176,"like_count":261560,"quote_count":25499},"text":"NCT 2021 YearDream : \nStage 1 -  Seeing Myself in a Dream\n\n〖 NCT The 3rd Album ‘Universe’\n ➫ 2021.12.14 〗\n\n#NCT #Universe \n#NCT_Universe\n#NCT127 #NCTDREAM #WayV https://t.co/FDFRPYKzkY"},{"created_at":"2021-11-25T02:31:33.000Z","id":"1463696832047976452","public_metrics":{"retweet_count":36459,"reply_count":2239,"like_count":111509,"quote_count":4540},"text":"NCT, 폭발적 에너지 담은 신곡 ‘Universe’로 가요계 강타!\n마크 랩메이킹 참여! \n\nNCT to present explosive energy through ‘Universe’, the title track of their 3rd full-length album! \nMARK participates in the rap making! \n\nhttps://t.co/Lu4kEGZ2Vc\n\n#NCT \n#NCT127 #NCTDREAM #WayV"},{"created_at":"2021-11-24T15:00:01.000Z","id":"1463522799910150145","public_metrics":{"retweet_count":140040,"reply_count":12595,"like_count":338773,"quote_count":19048},"text":"\uD83C\uDF82HAPPY BIRTHDAY TO #SHOTARO \nWE\uD83D\uDC9AYOU\n\n#HAPPYSHOTARODAY\n#쇼타로 #NCT https://t.co/YKnpUI1g83"},{"created_at":"2021-11-24T02:16:40.000Z","id":"1463330697364455425","public_metrics":{"retweet_count":24108,"reply_count":939,"like_count":72788,"quote_count":6401},"text":"‘Beautiful’, the title track of NCT The 3rd Album ‘Universe’, to give hopeful &amp; consoling message to the world! \nJOHNNY, TAEYONG, MARK, HENDERY, JENO participate in making the rap! \n\nhttps://t.co/D9aAMa8aBy\n\n#NCT \n#NCT127 #NCTDREAM #WayV"},{"created_at":"2021-11-24T02:16:39.000Z","id":"1463330695930019840","public_metrics":{"retweet_count":29712,"reply_count":752,"like_count":96200,"quote_count":2262},"text":"NCT, 정규 3집 신곡 ‘Beautiful’ 글로벌 힐링송 예고!\n쟈니, 태용, 마크, 헨드리, 제노 랩메이킹!\n\nhttps://t.co/D9aAMa8aBy\n\n#NCT \n#NCT127 #NCTDREAM #WayV"},{"created_at":"2021-11-23T15:00:03.000Z","id":"1463160421364367360","public_metrics":{"retweet_count":159927,"reply_count":10293,"like_count":280222,"quote_count":41999},"text":"NCT 2021 YearDream : \nStage 3 - Synchronization of Dreams \n\n〖 NCT The 3rd Album ‘Universe’\n ➫ 2021.12.14 〗\n\n#NCT #Universe \n#NCT_Universe\n#NCT127 #NCTDREAM #WayV https://t.co/7uBQLttxNa"},{"created_at":"2021-11-21T15:00:18.000Z","id":"1462435709974097920","public_metrics":{"retweet_count":168996,"reply_count":9901,"like_count":298444,"quote_count":47966},"text":"NCT 2021 YearDream : \nStage 0 - The 7th Sense (The first encounter of a Dream) \n\n〖 NCT The 3rd Album ‘Universe’\n ➫ 2021.12.14 〗\n\n#NCT #Universe \n#NCT_Universe\n#NCT127 #NCTDREAM #WayV https://t.co/Rb1R4TJxf5"},{"created_at":"2021-11-21T15:00:01.000Z","id":"1462435638267953159","public_metrics":{"retweet_count":167708,"reply_count":15443,"like_count":373089,"quote_count":23955},"text":"\uD83C\uDF82HAPPY BIRTHDAY TO #CHENLE \nWE\uD83D\uDC9AYOU\n\n#HAPPYCHENLEDAY \n#천러 #NCT #NCTDREAM https://t.co/5jWkcO7PcR"},{"created_at":"2021-11-21T09:00:31.000Z","id":"1462345167885651971","public_metrics":{"retweet_count":40645,"reply_count":1118,"like_count":157403,"quote_count":2088},"text":"레이서처럼 입고 진행했던 \n오늘의 인기가요~\uD83C\uDFCE\uD83C\uDFCE\n다들 잘 보셨죠? :) \n다음 주는 더욱 파이팅할테니 \n꼭 본방사수하기\uD83D\uDC4D\n\n#SUNGCHAN #성찬\n#NCT #인기가요 https://t.co/8bQ559YyJ8"},{"created_at":"2021-11-21T05:15:01.000Z","id":"1462288418566656002","public_metrics":{"retweet_count":56150,"reply_count":1025,"like_count":191762,"quote_count":3013},"text":"\uD83D\uDC9A\uD83D\uDC39\uD83D\uDC2C\uD83C\uDFFA\uD83D\uDC9A\n\n#천지의이것저것 #CHENLE #JISUNG   \n#천지 #이것저것 #ThisAndThat #Season2 \n#NCT #NCTDREAM https://t.co/UbCrqScHE0"},{"created_at":"2021-11-21T05:14:13.000Z","id":"1462288214958374912","public_metrics":{"retweet_count":42733,"reply_count":1198,"like_count":140637,"quote_count":2499},"text":"✨\uD83D\uDC2C\uD83C\uDFFA\n\n#천지의이것저것 #CHENLE\n#천지 #이것저것 #ThisAndThat #Season2 \n#NCT #NCTDREAM https://t.co/1aVCPjJwx0"},{"created_at":"2021-11-21T05:13:25.000Z","id":"1462288016253149191","public_metrics":{"retweet_count":53649,"reply_count":1590,"like_count":174723,"quote_count":3753},"text":"✨\uD83D\uDC39\uD83C\uDFFA\n\n#천지의이것저것 #JISUNG   \n#천지 #이것저것 #ThisAndThat #Season2 \n#NCT #NCTDREAM https://t.co/uaAoMMJAZF"},{"created_at":"2021-11-20T15:01:00.000Z","id":"1462073497442680836","public_metrics":{"retweet_count":182592,"reply_count":7841,"like_count":395439,"quote_count":48306},"text":"NCT The 3rd Album ‘Universe’\n\n〖 NCT The 3rd Album ‘Universe’\n ➫ 2021.12.14 〗\n\n#NCT #Universe \n#NCT_Universe\n#NCT127 #NCTDREAM #WayV https://t.co/COfcA8WhtJ"},{"created_at":"2021-11-20T15:00:03.000Z","id":"1462073259185352708","public_metrics":{"retweet_count":142866,"reply_count":4396,"like_count":270124,"quote_count":14981},"text":"NCT The 3rd Album ‘Universe’\n\n〖 NCT The 3rd Album ‘Universe’\n ➫ 2021.12.14 〗\n\n#NCT #Universe \n#NCT_Universe\n#NCT127 #NCTDREAM #WayV https://t.co/biClsWr5kt"},{"created_at":"2021-11-20T13:00:19.000Z","id":"1462043125627727873","public_metrics":{"retweet_count":27063,"reply_count":1189,"like_count":86927,"quote_count":3107},"text":"저 좀 잘하죠? 말이 안 돼…✨ 도예 체험\uD83C\uDFFA | 천지의 이것저것 시즌2 Ep.10\n\nhttps://t.co/Frke65GcbT \n\n#천지의이것저것 #CHENLE #JISUNG   \n#천지 #이것저것 #ThisAndThat #Season2 \n#NCT #NCTDREAM"},{"created_at":"2021-11-19T15:02:42.000Z","id":"1461711539551891456","public_metrics":{"retweet_count":90851,"reply_count":4328,"like_count":214922,"quote_count":14572},"text":"NCT The 3rd Album ‘Universe’\n#SUNGCHAN \n\n〖 NCT The 3rd Album ‘Universe’\n ➫ 2021.12.14 〗\n\n#NCT #Universe \n#NCT_Universe\n#NCT127 #NCTDREAM #WayV https://t.co/xynbvc6O9t"},{"created_at":"2021-11-19T15:02:04.000Z","id":"1461711379451158534","public_metrics":{"retweet_count":96540,"reply_count":4844,"like_count":225942,"quote_count":13494},"text":"NCT The 3rd Album ‘Universe’\n#YUTA \n\n〖 NCT The 3rd Album ‘Universe’\n ➫ 2021.12.14 〗\n\n#NCT #Universe \n#NCT_Universe\n#NCT127 #NCTDREAM #WayV https://t.co/WfKKyIB5P5"},{"created_at":"2021-11-19T15:01:26.000Z","id":"1461711217853042693","public_metrics":{"retweet_count":89395,"reply_count":3735,"like_count":203425,"quote_count":12148},"text":"NCT The 3rd Album ‘Universe’\n#JOHNNY \n\n〖 NCT The 3rd Album ‘Universe’\n ➫ 2021.12.14 〗\n\n#NCT #Universe \n#NCT_Universe\n#NCT127 #NCTDREAM #WayV https://t.co/RT7TwyiLNS"},{"created_at":"2021-11-19T15:00:49.000Z","id":"1461711061514522625","public_metrics":{"retweet_count":133761,"reply_count":10789,"like_count":287949,"quote_count":29244},"text":"NCT The 3rd Album ‘Universe’\n#MARK \n\n〖 NCT The 3rd Album ‘Universe’\n ➫ 2021.12.14 〗\n\n#NCT #Universe \n#NCT_Universe\n#NCT127 #NCTDREAM #WayV https://t.co/xJNs88jZfK"},{"created_at":"2021-11-19T15:00:00.000Z","id":"1461710859881771009","public_metrics":{"retweet_count":106207,"reply_count":10021,"like_count":237445,"quote_count":20894},"text":"NCT The 3rd Album ‘Universe’\n#TEN \n\n〖 NCT The 3rd Album ‘Universe’\n ➫ 2021.12.14 〗\n\n#NCT #Universe \n#NCT_Universe\n#NCT127 #NCTDREAM #WayV https://t.co/fiPKXSf1Em"},{"created_at":"2021-11-18T15:03:33.000Z","id":"1461349364878622726","public_metrics":{"retweet_count":96111,"reply_count":5372,"like_count":225106,"quote_count":15330},"text":"NCT The 3rd Album ‘Universe’\n#HENDERY \n\n〖 NCT The 3rd Album ‘Universe’\n ➫ 2021.12.14 〗\n\n#NCT #Universe \n#NCT_Universe\n#NCT127 #NCTDREAM #WayV https://t.co/MJ3yVluTdu"},{"created_at":"2021-11-18T15:02:32.000Z","id":"1461349108803784710","public_metrics":{"retweet_count":93592,"reply_count":4255,"like_count":226782,"quote_count":12887},"text":"NCT The 3rd Album ‘Universe’\n#SHOTARO \n\n〖 NCT The 3rd Album ‘Universe’\n ➫ 2021.12.14 〗\n\n#NCT #Universe \n#NCT_Universe\n#NCT127 #NCTDREAM #WayV https://t.co/RKXEGie8og"},{"created_at":"2021-11-18T15:01:52.000Z","id":"1461348940884807689","public_metrics":{"retweet_count":121051,"reply_count":10211,"like_count":257315,"quote_count":23118},"text":"NCT The 3rd Album ‘Universe’\n#RENJUN \n\n〖 NCT The 3rd Album ‘Universe’\n ➫ 2021.12.14 〗\n\n#NCT #Universe \n#NCT_Universe\n#NCT127 #NCTDREAM #WayV https://t.co/OeP3st2xZk"},{"created_at":"2021-11-18T15:00:28.000Z","id":"1461348587619504142","public_metrics":{"retweet_count":124223,"reply_count":8978,"like_count":259423,"quote_count":21630},"text":"NCT The 3rd Album ‘Universe’\n#HAECHAN \n\n〖 NCT The 3rd Album ‘Universe’\n ➫ 2021.12.14 〗\n\n#NCT #Universe \n#NCT_Universe\n#NCT127 #NCTDREAM #WayV https://t.co/frNjWGFVbZ"},{"created_at":"2021-11-18T15:00:00.000Z","id":"1461348470804164608","public_metrics":{"retweet_count":135022,"reply_count":8813,"like_count":292419,"quote_count":23194},"text":"NCT The 3rd Album ‘Universe’\n#JAEHYUN \n\n〖 NCT The 3rd Album ‘Universe’\n ➫ 2021.12.14 〗\n\n#NCT #Universe \n#NCT_Universe\n#NCT127 #NCTDREAM #WayV https://t.co/u08yLFHgqo"},{"created_at":"2021-11-17T15:02:26.000Z","id":"1460986695281610755","public_metrics":{"retweet_count":98891,"reply_count":4051,"like_count":234258,"quote_count":12040},"text":"NCT The 3rd Album ‘Universe’\n#KUN \n\n〖 NCT The 3rd Album ‘Universe’\n ➫ 2021.12.14 〗\n\n#NCT #Universe \n#NCT_Universe\n#NCT127 #NCTDREAM #WayV https://t.co/Mu3gP2lIva"},{"created_at":"2021-11-17T15:01:54.000Z","id":"1460986558798987267","public_metrics":{"retweet_count":108921,"reply_count":4411,"like_count":253435,"quote_count":12566},"text":"NCT The 3rd Album ‘Universe’\n#JUNGWOO\n\n〖 NCT The 3rd Album ‘Universe’\n ➫ 2021.12.14 〗\n\n#NCT #Universe \n#NCT_Universe\n#NCT127 #NCTDREAM #WayV https://t.co/xnn140vl4V"},{"created_at":"2021-11-17T15:01:24.000Z","id":"1460986434685308935","public_metrics":{"retweet_count":104017,"reply_count":4597,"like_count":240183,"quote_count":12957},"text":"NCT The 3rd Album ‘Universe’\n#CHENLE \n\n〖 NCT The 3rd Album ‘Universe’\n ➫ 2021.12.14 〗\n\n#NCT #Universe \n#NCT_Universe\n#NCT127 #NCTDREAM #WayV https://t.co/AlbIj2chId"},{"created_at":"2021-11-17T15:00:46.000Z","id":"1460986274207072259","public_metrics":{"retweet_count":99550,"reply_count":4209,"like_count":232891,"quote_count":13772},"text":"NCT The 3rd Album ‘Universe’\n#XIAOJUN \n\n〖 NCT The 3rd Album ‘Universe’\n ➫ 2021.12.14 〗\n\n#NCT #Universe \n#NCT_Universe\n#NCT127 #NCTDREAM #WayV https://t.co/b1CbnEBkv1"},{"created_at":"2021-11-17T15:00:02.000Z","id":"1460986091994030082","public_metrics":{"retweet_count":152960,"reply_count":12311,"like_count":318840,"quote_count":41019},"text":"NCT The 3rd Album ‘Universe’\n#JENO \n\n〖 NCT The 3rd Album ‘Universe’\n ➫ 2021.12.14 〗\n\n#NCT #Universe \n#NCT_Universe\n#NCT127 #NCTDREAM #WayV https://t.co/OhnaxekytP"},{"created_at":"2021-11-16T15:03:26.000Z","id":"1460624559090987010","public_metrics":{"retweet_count":123237,"reply_count":5391,"like_count":266059,"quote_count":15918},"text":"NCT The 3rd Album ‘Universe’\n#DOYOUNG \n\n〖 NCT The 3rd Album ‘Universe’\n ➫ 2021.12.14 〗\n\n#NCT #Universe \n#NCT_Universe\n#NCT127 #NCTDREAM #WayV https://t.co/Q2iTZGkozx"},{"created_at":"2021-11-16T15:02:54.000Z","id":"1460624424449703936","public_metrics":{"retweet_count":104384,"reply_count":4166,"like_count":243719,"quote_count":11765},"text":"NCT The 3rd Album ‘Universe’\n#TAEIL\n\n〖 NCT The 3rd Album ‘Universe’\n ➫ 2021.12.14 〗\n\n#NCT #Universe \n#NCT_Universe\n#NCT127 #NCTDREAM #WayV https://t.co/YXijHjM3Y0"},{"created_at":"2021-11-16T15:02:13.000Z","id":"1460624250516094978","public_metrics":{"retweet_count":106566,"reply_count":4201,"like_count":246236,"quote_count":13016},"text":"NCT The 3rd Album ‘Universe’\n#YANGYANG \n\n〖 NCT The 3rd Album ‘Universe’\n ➫ 2021.12.14 〗\n\n#NCT #Universe \n#NCT_Universe\n#NCT127 #NCTDREAM #WayV https://t.co/mZ4JfetVui"},{"created_at":"2021-11-16T15:01:49.000Z","id":"1460624151098527746","public_metrics":{"retweet_count":124508,"reply_count":5631,"like_count":269195,"quote_count":17626},"text":"NCT The 3rd Album ‘Universe’\n#JISUNG \n\n〖 NCT The 3rd Album ‘Universe’\n ➫ 2021.12.14 〗\n\n#NCT #Universe \n#NCT_Universe\n#NCT127 #NCTDREAM #WayV https://t.co/nTheaPzCJU"},{"created_at":"2021-11-16T15:00:49.000Z","id":"1460623899629010944","public_metrics":{"retweet_count":152121,"reply_count":11489,"like_count":319833,"quote_count":27476},"text":"NCT The 3rd Album ‘Universe’\n#JAEMIN \n\n〖 NCT The 3rd Album ‘Universe’\n ➫ 2021.12.14 〗\n\n#NCT #Universe \n#NCT_Universe\n#NCT127 #NCTDREAM #WayV https://t.co/PM4D9Vqc4d"},{"created_at":"2021-11-16T15:00:00.000Z","id":"1460623693948899329","public_metrics":{"retweet_count":127668,"reply_count":7355,"like_count":275713,"quote_count":20513},"text":"NCT The 3rd Album ‘Universe’\n#TAEYONG\n\n〖 NCT The 3rd Album ‘Universe’\n ➫ 2021.12.14 〗\n\n#NCT #Universe \n#NCT_Universe\n#NCT127 #NCTDREAM #WayV https://t.co/4vTw1ouWVT"},{"created_at":"2021-11-16T13:00:39.000Z","id":"1460593660962107403","public_metrics":{"retweet_count":30157,"reply_count":829,"like_count":92946,"quote_count":1877},"text":"그냥 해!! 이거 승부가 뭐가 그렇게 중요하냐고오!!\uD83D\uDD25 | HOTEL THE DREAM #2\n\nhttps://t.co/brmpGRECzd \n\n#HOTEL_THE_DREAM\n#호텔더드림\n#NCTDREAM #NCT"}],"meta":{"oldest_id":"1460593660962107403","newest_id":"1465334742543446020","result_count":41}}