{"data":[{"text":"Help the Kansas Green Party get ballot access! The KSGP is preparing to start their ballot access petition drive and they need your help! Sign up to sign the petition or to help collect signatures and provide Kansas voters with an alternative!\n\nSign up at https://t.co/z1aqI8LOGe https://t.co/tD6OWF8ZH4","created_at":"2021-10-14T21:00:56.000Z","id":"1448755726701273094","public_metrics":{"retweet_count":4,"reply_count":0,"like_count":18,"quote_count":0}},{"text":"RT @RL_Miller: Standoff at big @Interior Dept building. 40 to 50 Indigenous led activists inside being arrested. We are blockading every ca…","created_at":"2021-10-14T18:48:45.000Z","id":"1448722460581433348","public_metrics":{"retweet_count":14,"reply_count":0,"like_count":0,"quote_count":0}},{"text":"RT @FightFossils: https://t.co/tDsCwpOw9M","created_at":"2021-10-14T17:14:19.000Z","id":"1448698696300912640","public_metrics":{"retweet_count":22,"reply_count":0,"like_count":0,"quote_count":0}},{"text":"#EssentialReading\n\nGet your FREE copy today at https://t.co/IEV7tRrt4w https://t.co/ONlvIlUbdq","created_at":"2021-10-14T16:03:19.000Z","id":"1448680828872048644","public_metrics":{"retweet_count":18,"reply_count":2,"like_count":65,"quote_count":0}},{"text":"This week's #GreenSocialist #Workshop is out on out podcast platforms! AJ Reed (@ILGreenParty Co-Chair) presents this workshop, Radical Pedagogy as Praxis, on different popular education styles. \n\nListen at https://t.co/U64BCHxIku https://t.co/oncxHb5hBt","created_at":"2021-10-14T12:01:47.000Z","id":"1448620046729846787","public_metrics":{"retweet_count":4,"reply_count":0,"like_count":20,"quote_count":0}},{"text":"Help us keep our ballot status in California!  The Green Party of California needs to keep up their voter registration numbers in order to maintain ballot status and needs your help! \n\nRegister Green Today!\n\nCheck your registration at https://t.co/9qmIDBeUHp https://t.co/WTCVowlKX8","created_at":"2021-10-13T21:00:55.000Z","id":"1448393335488532480","public_metrics":{"retweet_count":1,"reply_count":0,"like_count":17,"quote_count":0}},{"text":"RT @dunleamark: GELF: Because Greenidge threatens environmental/conomic sustainability of Finger Lakers, is a precedent-setting test case f…","created_at":"2021-10-13T18:55:18.000Z","id":"1448361724113981443","public_metrics":{"retweet_count":3,"reply_count":0,"like_count":0,"quote_count":0}},{"text":"Phonebank for @ConnorMulvaney tonight at 5:30 ET! Help elect a Green to city council in Pittsburgh!\n\nSign up to phonebank at https://t.co/UWdJ0H5gn1","created_at":"2021-10-13T17:15:03.000Z","id":"1448336495086030860","public_metrics":{"retweet_count":8,"reply_count":1,"like_count":20,"quote_count":0}},{"text":"Join us for a #GreenSocialist #ReadingGroup on Jo Freeman's The Tyranny of Structurelessness!\n\nTuesday, October 26\n8:00 PM ET\n\nLearn more, find the reading, and register for the call at https://t.co/5cxLiSvhko https://t.co/P9q0941OD9","created_at":"2021-10-13T16:04:16.000Z","id":"1448318681637863426","public_metrics":{"retweet_count":3,"reply_count":0,"like_count":10,"quote_count":0}},{"text":"RT @dunleamark: \"It is high time that @POTUS honors his climate campaign promises.\" 155 more protesters arrested outside White House Tuesda…","created_at":"2021-10-13T13:06:45.000Z","id":"1448274006549962752","public_metrics":{"retweet_count":11,"reply_count":0,"like_count":0,"quote_count":0}},{"text":"Don't miss this week's #GreenSocialist podcast, with special guests Madelyn Hoffman and Heather Warburton, Green candidates for Governor and Lt Governor of New Jersey\n\nSaturday (10/16)\n3 PM ET\n\nStreaming on Facebook, YouTube, Twitter, and Twitch! https://t.co/E2tYbFA414","created_at":"2021-10-13T12:02:07.000Z","id":"1448257740325916673","public_metrics":{"retweet_count":3,"reply_count":1,"like_count":9,"quote_count":0}},{"text":"Green Socialist Workshop: Radical Pedagogy As Praxis https://t.co/1lTbOc0E93","created_at":"2021-10-13T00:02:00.000Z","id":"1448076519054745603","public_metrics":{"retweet_count":12,"reply_count":0,"like_count":17,"quote_count":1}},{"text":"Check out this webinar on Venezuela sanctions co-hosted by campaign advisor, Margaret Flowers! #StepTheSanctions #HandsOffVenezuela\n\nhttps://t.co/sSn5rLYNmf https://t.co/pH2Q0Elmnp","created_at":"2021-10-12T21:00:59.000Z","id":"1448030964735741961","public_metrics":{"retweet_count":7,"reply_count":1,"like_count":16,"quote_count":0}},{"text":"RT @JenniferKFalcon: Yesterday, when Indigenous peoples stood up on #IndigenousPeoplesDay we were met with heavy police presence and violen…","created_at":"2021-10-12T16:32:42.000Z","id":"1447963447971487749","public_metrics":{"retweet_count":136,"reply_count":0,"like_count":0,"quote_count":0}},{"text":"RT @dunleamark: Despite @JoeBiden’s climate pledges, the US is on track to flood the world with #fossilgas. New data crunch from @Global_Wi…","created_at":"2021-10-12T16:28:46.000Z","id":"1447962458803556359","public_metrics":{"retweet_count":8,"reply_count":0,"like_count":0,"quote_count":0}},{"text":"TONIGHT! Join us for a #GreenSocialistWorkshop! AJ Reed (Illinois Green Party) will be presenting a workshop on Radical Pedagogy as Praxis.\n\n10/12\n8 PM ET\n\nStreaming on Facebook, YouTube, Twitter, and Twitch!\n\nLearn more at https://t.co/6gH4hSX9Pe https://t.co/Jsz8pN9zzz","created_at":"2021-10-12T16:03:03.000Z","id":"1447955984186552322","public_metrics":{"retweet_count":5,"reply_count":0,"like_count":12,"quote_count":0}},{"text":"RT @FightFossils: BREAKING: Arrests have begun as police detain Indigenous Water Protectors and allies for demanding action on climate chan…","created_at":"2021-10-12T14:42:27.000Z","id":"1447935704621895699","public_metrics":{"retweet_count":268,"reply_count":0,"like_count":0,"quote_count":0}},{"text":"Last week Howie sat down for an interview with Alexander Hailey.\n\nCheck out the interview at https://t.co/4GhC4uLAHH","created_at":"2021-10-12T12:01:59.000Z","id":"1447895319845482498","public_metrics":{"retweet_count":4,"reply_count":0,"like_count":11,"quote_count":0}},{"text":"Join us for a #GreenSocialistWorkshop TOMORROW! AJ Reed (Illinois Green Party) will be presenting a workshop on Radical Pedagogy as Praxis.\n\n10/12\n8 PM ET\n\nStreaming on Facebook, YouTube, Twitter, and Twitch!\n\nLearn more at https://t.co/6gH4hSX9Pe https://t.co/BmpTcNoYQY","created_at":"2021-10-11T21:00:52.000Z","id":"1447668548025913352","public_metrics":{"retweet_count":5,"reply_count":0,"like_count":11,"quote_count":1}},{"text":"Tonight! Join the Green Party Eco-Action Committee for a webinar on the present state of the climate crisis with Howie as one of the guests!\n\nMonday, October 11\n8 PM ET\n\nRegister at https://t.co/cksI9U9Jwe https://t.co/Wgr5eZ5SLe","created_at":"2021-10-11T16:02:46.000Z","id":"1447593527215595521","public_metrics":{"retweet_count":8,"reply_count":1,"like_count":21,"quote_count":1}},{"text":"RT @FightFossils: People are putting their bodies on the line to fight for our future generations.\n\nWe need your help. Join us this week in…","created_at":"2021-10-11T15:21:13.000Z","id":"1447583072115953673","public_metrics":{"retweet_count":12,"reply_count":0,"like_count":0,"quote_count":0}},{"text":"RT @FightFossils: We are coming @POTUS. https://t.co/cYi0l68VCQ","created_at":"2021-10-11T13:39:19.000Z","id":"1447557426237120519","public_metrics":{"retweet_count":23,"reply_count":0,"like_count":0,"quote_count":0}},{"text":"Saturday's episode of our #GreenSocialist podcast is out on most podcast platforms! This week, Howie talks to @ConnorMulvaney , who is running as a Green candidate for Pittsburgh city council!\n\nListen or find your platform at https://t.co/U64BCHxIku https://t.co/nYzHzWVBYk","created_at":"2021-10-11T12:02:56.000Z","id":"1447533169096409088","public_metrics":{"retweet_count":7,"reply_count":0,"like_count":19,"quote_count":0}},{"text":"Posts from Howie Hawkins for our Future for 10/11/2021 - https://t.co/VYJHVJiGe5","created_at":"2021-10-11T11:01:39.000Z","id":"1447517748943273985","public_metrics":{"retweet_count":1,"reply_count":0,"like_count":8,"quote_count":0}},{"text":"Tomorrow! Join the Green Party Eco-Action Committee for a webinar on the present state of the climate crisis with Howie as one of the guests!\n\nMonday, October 11\n8 PM ET\n\nRegister at https://t.co/cksI9U9Jwe https://t.co/27i53vO6Wg","created_at":"2021-10-10T21:00:34.000Z","id":"1447306084255997954","public_metrics":{"retweet_count":9,"reply_count":2,"like_count":23,"quote_count":0}},{"text":"RT @FightFossils: This is what environmental racism looks like.\n\nWe’re going to D.C. to demand Biden help communities like Port Arthur and…","created_at":"2021-10-10T16:24:19.000Z","id":"1447236564262739976","public_metrics":{"retweet_count":125,"reply_count":0,"like_count":0,"quote_count":0}},{"text":"Howie sat down for an interview with Xanderhal last week. Check out the interview!\n\nhttps://t.co/YKDwMjSHe9","created_at":"2021-10-10T16:01:27.000Z","id":"1447230809749037060","public_metrics":{"retweet_count":12,"reply_count":1,"like_count":30,"quote_count":1}},{"text":"Did you see our interview yesterday with Green Pittsburgh city council candidate @ConnorMulvaney?\n\nCheck it out at https://t.co/K4KYt7VoFh","created_at":"2021-10-10T12:01:02.000Z","id":"1447170305173200902","public_metrics":{"retweet_count":12,"reply_count":0,"like_count":24,"quote_count":0}},{"text":"Biden went to court to defend Trump's Title 42 policy that deports migrants without due process on account of the Covid pandemic. \n\nInstead, the US should vaccinate the migrants and give them due process for their asylum and immigration claims. https://t.co/KPcWn7Yd2s","created_at":"2021-10-09T22:31:05.000Z","id":"1446966473843527681","public_metrics":{"retweet_count":1,"reply_count":0,"like_count":26,"quote_count":0}},{"text":"Under Biden, ICE is expanding immigration detention and re-filling private prisons with immigrants. https://t.co/kJW5dx04Ug","created_at":"2021-10-09T22:31:04.000Z","id":"1446966468751630337","public_metrics":{"retweet_count":4,"reply_count":1,"like_count":23,"quote_count":0}},{"text":"Biden's immigration policies are based on xenophobia and racism, not human rights.\n\nUnder Biden, only 6,246 refugees have been admitted into US this year, far less than under Trump or any other president in 40 years. https://t.co/aY5BcNjQxU","created_at":"2021-10-09T22:31:03.000Z","id":"1446966465459015681","public_metrics":{"retweet_count":12,"reply_count":1,"like_count":54,"quote_count":1}},{"text":"Join us for a #GreenSocialist #ReadingGroup on Jo Freeman's The Tyranny of Structurelessness!\n\nTuesday, October 26\n8:00 PM ET\n\nLearn more, find the reading, and register for the call at https://t.co/5cxLiSvhko https://t.co/aHjFMgvTiE","created_at":"2021-10-09T21:00:35.000Z","id":"1446943701004177410","public_metrics":{"retweet_count":4,"reply_count":0,"like_count":11,"quote_count":0}},{"text":"RT @dunleamark: Take direct action in DC to tell @POTUS to stop fossil fuels &amp; declare #ClimateEmergency. Join EcoAction GP on Indigenous P…","created_at":"2021-10-09T20:31:57.000Z","id":"1446936492727750657","public_metrics":{"retweet_count":12,"reply_count":0,"like_count":0,"quote_count":0}},{"text":"#GreenSocialist Notes #42 https://t.co/oDSRY9RvB3","created_at":"2021-10-09T19:00:43.000Z","id":"1446913534370013185","public_metrics":{"retweet_count":9,"reply_count":1,"like_count":16,"quote_count":1}},{"text":"Monday! Join the Green Party Eco-Action Committee for a webinar on the present state of the climate crisis with Howie as one of the guests!\n\nMonday, October 11\n8 PM ET\n\nRegister at https://t.co/cksI9U9Jwe https://t.co/MhZuEc18qg","created_at":"2021-10-09T16:01:45.000Z","id":"1446868493660479496","public_metrics":{"retweet_count":5,"reply_count":0,"like_count":6,"quote_count":0}},{"text":"Today! Join us for our weekly #GreenSocialist podcast, where Howie will be joined by @ConnorMulvaney!\n\nSaturday (10/9)\n3 PM ET\n\nStreaming on Facebook, YouTube, Twitter, and Twitch! https://t.co/tCNZUZtKoA","created_at":"2021-10-09T13:01:15.000Z","id":"1446823073001447426","public_metrics":{"retweet_count":3,"reply_count":0,"like_count":11,"quote_count":0}},{"text":"The persecution of human rights lawyer Steven Donziger shows the corporate corruption of the courts by shameless judges like Loretta Preska, who was handpicked against normal procedures by another corrupt judge, Lewis Kaplan, former tobacco industry lawyer https://t.co/4Q9N3373IN","created_at":"2021-10-08T23:34:22.000Z","id":"1446620013901795332","public_metrics":{"retweet_count":12,"reply_count":0,"like_count":29,"quote_count":1}},{"text":"Join the Green Party Eco-Action Committee for a webinar on the present state of the climate crisis with Howie as one of the guests!\n\nMonday, October 11\n8 PM ET\n\nRegister at https://t.co/cksI9U9Jwe https://t.co/dUfuZ9Un9d","created_at":"2021-10-08T21:00:54.000Z","id":"1446581391060312081","public_metrics":{"retweet_count":8,"reply_count":0,"like_count":20,"quote_count":0}},{"text":"RT @dunleamark: .@HowieHawkins helped lead the fight for divestment at Dartmouth - on apartheid in South Africa. The school used Carl McCal…","created_at":"2021-10-08T20:40:19.000Z","id":"1446576210713194498","public_metrics":{"retweet_count":4,"reply_count":0,"like_count":0,"quote_count":0}},{"text":"RT @dunleamark: It would be good to also hear from @HowieHawkins of the #GreenParty and Larry Sharpe of the Libertarians, both of whom got…","created_at":"2021-10-08T20:36:47.000Z","id":"1446575323290783749","public_metrics":{"retweet_count":6,"reply_count":0,"like_count":0,"quote_count":0}},{"text":"Tomorrow! Join us for our weekly #GreenSocialist podcast, where Howie will be joined by @ConnorMulvaney!\n\nSaturday (10/9)\n3 PM ET\n\nStreaming on Facebook, YouTube, Twitter, and Twitch! https://t.co/hiUZFOH3jv","created_at":"2021-10-08T16:03:30.000Z","id":"1446506549170614274","public_metrics":{"retweet_count":14,"reply_count":0,"like_count":40,"quote_count":2}},{"text":"RT @dunleamark: The Last Chance (for climate action) COP will be held in Glasgow in November. The EcoAction Committee of #GreenParty will h…","created_at":"2021-10-08T14:59:30.000Z","id":"1446490441411665933","public_metrics":{"retweet_count":4,"reply_count":0,"like_count":0,"quote_count":0}},{"text":"Help us keep building the #GreenSocialist movement into the 2020s!\n\nDonate at https://t.co/fkteyCH5z1 https://t.co/GYA0mXUeS6","created_at":"2021-10-08T12:02:18.000Z","id":"1446445846065786890","public_metrics":{"retweet_count":0,"reply_count":0,"like_count":10,"quote_count":0}},{"text":"Help us keep our ballot status in California!  The Green Party of California needs to keep up their voter registration numbers in order to maintain ballot status and needs your help! \n\nRegister Green Today!\n\nCheck your registration at https://t.co/9qmIDBeUHp https://t.co/JmHdeByYcd","created_at":"2021-10-07T21:01:02.000Z","id":"1446219036736507904","public_metrics":{"retweet_count":15,"reply_count":1,"like_count":29,"quote_count":0}},{"text":"RT @dunleamark: 330 U.S. research scientists sent a letter to President Biden today urging him to use his executive authority to stop all n…","created_at":"2021-10-07T19:32:11.000Z","id":"1446196678957146121","public_metrics":{"retweet_count":9,"reply_count":0,"like_count":0,"quote_count":0}},{"text":"RT @dunleamark: (Audio) 380 Groups submit petition to Army Corps Engineers demanding halt to fossil fuel projects. With Kassie Siegel, Cent…","created_at":"2021-10-07T16:53:03.000Z","id":"1446156631344046083","public_metrics":{"retweet_count":4,"reply_count":0,"like_count":0,"quote_count":0}},{"text":"Continuing our pattern uploading #GreenSocialistWorkshops from the 2021 Green Party Annual National Meeting as special podcast episodes, this week we are posting AJ Reed's (ILGP) workshop \"Understanding Queer Geographies.\"\n\nListen at https://t.co/U64BCHxIku https://t.co/uWbcocimOj","created_at":"2021-10-07T16:03:04.000Z","id":"1446144051057680387","public_metrics":{"retweet_count":3,"reply_count":0,"like_count":5,"quote_count":0}},{"text":"RT @dunleamark: Dems slashing $3.5T stimulus means higher % for corporate welfare/greenwashing. White House, top Democrats agree to boost c…","created_at":"2021-10-07T15:10:11.000Z","id":"1446130742501646341","public_metrics":{"retweet_count":6,"reply_count":0,"like_count":0,"quote_count":0}},{"text":"RT @dunleamark: More extreme weather while Congress works to decrease funding for climate action. Deluge in Italy sets European record: 29…","created_at":"2021-10-07T13:00:21.000Z","id":"1446098069284605955","public_metrics":{"retweet_count":7,"reply_count":0,"like_count":0,"quote_count":0}},{"text":"Should a major political party use a voting rights bill to rid itself of minor party competition? That appears to be happening with the recently introduced Freedom to Vote Act (S.2747), now before the Senate.\n\nRead the article at https://t.co/qvlLdvb8UI https://t.co/C412LGS6Fz","created_at":"2021-10-07T12:01:57.000Z","id":"1446083374075072514","public_metrics":{"retweet_count":31,"reply_count":2,"like_count":52,"quote_count":3}},{"text":"Good. Now @TheDemocrats need to end the #Filibuster and protect reproductive health federally so states can't try to pass these draconian laws. https://t.co/Wy07wbfStW","created_at":"2021-10-07T01:42:56.000Z","id":"1445927591823638529","public_metrics":{"retweet_count":25,"reply_count":2,"like_count":86,"quote_count":0}},{"text":"Help the Kansas Green Party get ballot access! The KSGP is preparing to start their ballot access petition drive and they need your help! Sign up to sign the petition or to help collect signatures and provide Kansas voters with an alternative!\n\nSign up at https://t.co/z1aqI8LOGe https://t.co/Vkn3DWuzrx","created_at":"2021-10-06T21:01:02.000Z","id":"1445856647704944640","public_metrics":{"retweet_count":5,"reply_count":0,"like_count":20,"quote_count":0}},{"text":"Join us on Saturday for our weekly #GreenSocialist podcast, where Howie will be joined by @ConnorMulvaney!\n\nSaturday (10/9)\n3 PM ET\n\nStreaming on Facebook, YouTube, Twitter, and Twitch! https://t.co/lY4uxQQXpr","created_at":"2021-10-06T16:03:38.000Z","id":"1445781806641410052","public_metrics":{"retweet_count":13,"reply_count":0,"like_count":23,"quote_count":0}},{"text":"RT @dunleamark: Most of the wealthy individuals cited in the report are not from the US - because the tax laws in the US adopted by both pa…","created_at":"2021-10-06T15:23:47.000Z","id":"1445771778479984650","public_metrics":{"retweet_count":9,"reply_count":0,"like_count":0,"quote_count":0}},{"text":"Chris Hedges discusses the details and political implications of the judicial lynching of human rights lawyer Steven Donziger by the corporate state--\"a judicial farce worthy of the antics\" of the Soviet and Nazi show trials in the 1930s, Hedges says.\nhttps://t.co/kVzF550heA","created_at":"2021-10-06T14:56:45.000Z","id":"1445764975503429636","public_metrics":{"retweet_count":17,"reply_count":0,"like_count":36,"quote_count":0}},{"text":"RT @dunleamark: 2.5 years after CLCPA passed, Hochul administration says draft scoping plan will lay out \"alternatives\" rather than making…","created_at":"2021-10-06T14:25:49.000Z","id":"1445757188463468548","public_metrics":{"retweet_count":6,"reply_count":0,"like_count":0,"quote_count":0}},{"text":"Is the US, much of the climate movement applauds Democrats' efforts to kill the Green Party as they buy into the Dems \"lesser of two evils arguments\" and vote for climate evaders funded by the fossil fuel industry. #Ecosocialist #GreenNewDeal. #ClimateEmergency https://t.co/XrGdVY2kF4","created_at":"2021-10-06T14:22:16.000Z","id":"1445756297408778244","public_metrics":{"retweet_count":15,"reply_count":1,"like_count":41,"quote_count":1}},{"text":"Join us for a #GreenSocialistWorkshop on Tuesday! AJ Reed (Illinois Green Party) will be presenting a workshop on Radical Pedagogy as Praxis.\n\n10/12\n8 PM ET\n\nStreaming on Facebook, YouTube, Twitter, and Twitch!\n\nLearn more at https://t.co/6gH4hSFyqE https://t.co/8I3zTn0p39","created_at":"2021-10-06T12:02:12.000Z","id":"1445721045399310338","public_metrics":{"retweet_count":3,"reply_count":0,"like_count":11,"quote_count":0}},{"text":"RT @KirstiePecci: All high heat processing of plastic, including incineration, gasification, pyrolysis, chemical recycling - whatever they…","created_at":"2021-10-06T02:45:51.000Z","id":"1445581035991810062","public_metrics":{"retweet_count":7,"reply_count":0,"like_count":0,"quote_count":0}},{"text":"Are you a socialist or progressive in North Carolina? The North Carolina Green Party is currently petitioning for ballot access and they need your help!\n\nGet involved at https://t.co/ubZ18j4td6 https://t.co/FIGySLhmSv","created_at":"2021-10-05T21:00:59.000Z","id":"1445494250272026634","public_metrics":{"retweet_count":4,"reply_count":0,"like_count":17,"quote_count":0}},{"text":"Major US commercial media, including NY Times, Washington Post, CNN, &amp; MSNBC, have not covered the Sept. 26 report by Michael Isikoff et al. in Yahoo News on the CIA plot to kidnap and assassinate Julian Assange, whose Wikileaks documents they all used. https://t.co/RWBo4Tetg6","created_at":"2021-10-05T16:34:08.000Z","id":"1445427094528446464","public_metrics":{"retweet_count":26,"reply_count":2,"like_count":54,"quote_count":5}},{"text":"Howie will be phonebanking for @ConnorMulvaney tonight! Can you join him and help a great Green local candidate win next month?\n\nSign up at https://t.co/c4sb9VQuzp","created_at":"2021-10-05T16:03:07.000Z","id":"1445419288328802311","public_metrics":{"retweet_count":7,"reply_count":0,"like_count":13,"quote_count":1}},{"text":"RT @dunleamark: EPA is considering tighter regulations for pyrolysis and gasification — controversial processes that are associated with “c…","created_at":"2021-10-05T15:46:09.000Z","id":"1445415020129628166","public_metrics":{"retweet_count":8,"reply_count":0,"like_count":0,"quote_count":0}},{"text":"RT @IENearth: President Joe Biden never spoke a word about the Line 3 tar sands pipeline, which officially went online on Friday (cont.)\nht…","created_at":"2021-10-05T14:45:34.000Z","id":"1445399770537906190","public_metrics":{"retweet_count":74,"reply_count":0,"like_count":0,"quote_count":0}},{"text":"On our weekly #GreenSocialist podcast this weekend, Howie opened up with commentary on the Dems' Reconciliation Bill, which is progressives are already agreeing to cut further.\n\nhttps://t.co/LehFq939Yk","created_at":"2021-10-05T12:02:00.000Z","id":"1445358607508414464","public_metrics":{"retweet_count":5,"reply_count":0,"like_count":14,"quote_count":0}},{"text":"RELEASE: Hawkins Decries Democrats' Surrender to the Climate Collapse in Scaled-Down \"Build Back Better\" Reconciliation Bill.\n\nhttps://t.co/Zg40OSol9M","created_at":"2021-10-04T21:00:52.000Z","id":"1445131831742017542","public_metrics":{"retweet_count":14,"reply_count":1,"like_count":35,"quote_count":0}},{"text":"RT @amazonwatch: From October 11-15, thousands of people will take action at the White House, participate in civil disobedience, and demand…","created_at":"2021-10-04T20:05:27.000Z","id":"1445117885811236871","public_metrics":{"retweet_count":34,"reply_count":0,"like_count":0,"quote_count":0}},{"text":"Howie lays out three areas where Biden is continuing Trump's policies. \n\nhttps://t.co/Fucnjdp8SL","created_at":"2021-10-04T16:03:20.000Z","id":"1445056956092362761","public_metrics":{"retweet_count":6,"reply_count":0,"like_count":29,"quote_count":1}},{"text":"Saturday's episode of our #GreenSocialist podcast is out on most podcast platforms! This week, Howie talks about the Reconcilliation Bill, three ways Biden is continuing Trump's policies, and is joined by @edwinfornyc!\n\nListen or find your platform at https://t.co/U64BCHxIku https://t.co/WAdVRze6Db","created_at":"2021-10-04T12:02:10.000Z","id":"1444996262512799749","public_metrics":{"retweet_count":2,"reply_count":0,"like_count":18,"quote_count":0}},{"text":"We are talking to Green candidates on our livestream in October! \n\nSaturday we will be talking to @ConnorMulvaney and check out last week's interview with @edwinfornyc at https://t.co/4LAFRtYWQ0\n\nSaturdays @ 3 PM ET\n\nStreaming on Facebook, YouTube, Twitter, and Twitch! https://t.co/jlwJtxEVBB","created_at":"2021-10-03T21:00:29.000Z","id":"1444769345238933509","public_metrics":{"retweet_count":6,"reply_count":0,"like_count":23,"quote_count":1}},{"text":"Did you see our interview yesterday with @edwinfornyc?\n\nCheck it out at https://t.co/4LAFRtYWQ0","created_at":"2021-10-03T16:01:34.000Z","id":"1444694121956925442","public_metrics":{"retweet_count":8,"reply_count":2,"like_count":27,"quote_count":0}},{"text":"Howie co-authored this piece critiquing the Democrats' Freedom to Vote Act's attacks on the publicly funded elections by eliminating the Presidential Election Campaign Fund, which was meant to reduce the influence of big donors. \n\nhttps://t.co/y6rwTqQrgK","created_at":"2021-10-02T23:24:46.000Z","id":"1444443267848982528","public_metrics":{"retweet_count":41,"reply_count":4,"like_count":76,"quote_count":5}},{"text":"RT @dunleamark: (Audio) Howie Hawkins  explains how while the voting reforms in the bill need to be adopted, the provisions killing the Pre…","created_at":"2021-10-02T19:55:17.000Z","id":"1444390550292123650","public_metrics":{"retweet_count":7,"reply_count":0,"like_count":0,"quote_count":0}},{"text":"#GreenSocialist Notes #41 https://t.co/jCiWcODfPd","created_at":"2021-10-02T19:00:12.000Z","id":"1444376687286702081","public_metrics":{"retweet_count":17,"reply_count":0,"like_count":25,"quote_count":1}},{"text":"RT @dunleamark: At last, someone calling for even more US climate funding than the $4 trillion annual investment in an ecosocialist #GreenN…","created_at":"2021-10-02T16:50:10.000Z","id":"1444343965457780742","public_metrics":{"retweet_count":6,"reply_count":0,"like_count":0,"quote_count":0}},{"text":"TODAY!  Howie will be joined on our weekly #GreenSocialist podcast by Edwin DeJesus for City Council - District 22, a Green candidate for City Council in New York City.\n\nSaturdays\n3 PM ET\n\nStreaming on Facebook, YouTube, Twitter, and Twitch! https://t.co/lZLPn4YrMX","created_at":"2021-10-02T16:01:53.000Z","id":"1444331815695695873","public_metrics":{"retweet_count":7,"reply_count":1,"like_count":22,"quote_count":0}},{"text":"RT @dunleamark: As predicted, once climate groups accepted $3.5 trillion (over a decade) as the ceiling the only path for funding was downw…","created_at":"2021-10-02T13:15:00.000Z","id":"1444289817114710024","public_metrics":{"retweet_count":10,"reply_count":0,"like_count":0,"quote_count":0}},{"text":"Join us for a #GreenSocialist #ReadingGroup on Jo Freeman's The Tyranny of Structurelessness!\n\nTuesday, October 26\n8:00 PM ET\n\nLearn more, find the reading, and register for the call at https://t.co/5cxLiSvhko https://t.co/YE4TFJw8IN","created_at":"2021-10-02T12:01:20.000Z","id":"1444271276168728581","public_metrics":{"retweet_count":10,"reply_count":0,"like_count":21,"quote_count":1}},{"text":"No surprise here from this corporate lackey of a judge. The sentence given to Steven Donziger is the real crime.\nhttps://t.co/NVshPmg0Mu","created_at":"2021-10-01T23:05:40.000Z","id":"1444076076746121226","public_metrics":{"retweet_count":11,"reply_count":1,"like_count":43,"quote_count":0}},{"text":"Don't miss Howie in his weekly #GreenSocialist podcast tomorrow! Howie will be joined by @edwinfornyc a Green candidate for City Council in New York City.\n\nSaturdays\n3 PM ET\n\nStreaming on Facebook, YouTube, Twitter, and Twitch! https://t.co/R90HB7SfKP","created_at":"2021-10-01T21:00:57.000Z","id":"1444044689255145475","public_metrics":{"retweet_count":10,"reply_count":3,"like_count":24,"quote_count":1}},{"text":"From how it works, to examples of its use, to how it can be a revolutionary change to our electoral system, Howie dives deep in this article looking  at #RankedChoiceVoting, #MultiMemberDistricts, and #ProportionalRepresentation. \n\nRead the article at https://t.co/Y1R5fz1BH2 https://t.co/lN51SptKQR","created_at":"2021-10-01T16:06:24.000Z","id":"1443970562641043457","public_metrics":{"retweet_count":9,"reply_count":0,"like_count":26,"quote_count":0}},{"text":"RT @dunleamark: This is a moment when the future of life on the planet is on the line. While the $3.5 trillion proposed funding is far less…","created_at":"2021-10-01T13:18:43.000Z","id":"1443928365354864642","public_metrics":{"retweet_count":13,"reply_count":0,"like_count":0,"quote_count":0}},{"text":"RT @dunleamark: It is long past time for Democratic leaders to say no to fossil fuels, ban fracking and halt new fossil fuel infrastructure…","created_at":"2021-10-01T13:02:26.000Z","id":"1443924266848763905","public_metrics":{"retweet_count":4,"reply_count":0,"like_count":0,"quote_count":0}},{"text":"It's $15 Friday! Can you help us build the #GreenSocialist movement and grow the Green Party into the people-powered party we need?\n\nDonate today at https://t.co/35HtnACJnc https://t.co/WcjkFHSBKs","created_at":"2021-10-01T12:02:31.000Z","id":"1443909188065824773","public_metrics":{"retweet_count":5,"reply_count":1,"like_count":16,"quote_count":0}}],"meta":{"oldest_id":"1443909188065824773","newest_id":"1448755726701273094","result_count":84}}