{"data":[{"created_at":"2021-10-29T21:00:55.000Z","public_metrics":{"retweet_count":7,"reply_count":1,"like_count":22,"quote_count":0},"id":"1454191541698932743","text":"Don't miss the next episode of our #GreenSocialist podcast tomorrow!\n\nSaturday\n3 PM ET\n\nStreaming on Facebook, YouTube, Twitter, and Twitch! https://t.co/g78De1vmis"},{"created_at":"2021-10-29T16:02:56.000Z","public_metrics":{"retweet_count":6,"reply_count":2,"like_count":12,"quote_count":0},"id":"1454116552354275330","text":"Help us keep building the #GreenSocialist movement into the 2020s!\n\nDonate at https://t.co/fkteyCH5z1 https://t.co/zp1xGJpsr4"},{"created_at":"2021-10-29T12:01:55.000Z","public_metrics":{"retweet_count":28,"reply_count":1,"like_count":77,"quote_count":1},"id":"1454055897731407879","text":"Release: Hawkins on Build Back Better: We Need an Ecosocialist Green New Deal, Not Another Biden Capitulation\n\nhttps://t.co/p6oerrMTvM https://t.co/uRyawoYYZf"},{"created_at":"2021-10-29T00:49:58.000Z","public_metrics":{"retweet_count":9,"reply_count":0,"like_count":0,"quote_count":0},"id":"1453886795884679168","text":"RT @dunleamark: By declaring a national emergency, Biden could reinstate the crude oil export ban. It would unlock the power to allow the U…"},{"created_at":"2021-10-29T00:37:50.000Z","public_metrics":{"retweet_count":15,"reply_count":0,"like_count":0,"quote_count":0},"id":"1453883742339096583","text":"RT @dunleamark: RELEASE: Hawkins on Build Back Better: We Need an Ecosocialist Green New Deal, Not Another Biden Capitulation https://t.co/…"},{"created_at":"2021-10-29T00:20:34.000Z","public_metrics":{"retweet_count":15,"reply_count":1,"like_count":49,"quote_count":0},"id":"1453879397669392385","text":"My statement today on Biden's Build Back Better Framework. It reflects the demands of conservative Democrats. Progressives are again told to accept concessions. We still need an ecosocialist &amp; global Green New Deal for climate safety and economic justice. https://t.co/p6oerrMTvM"},{"created_at":"2021-10-28T21:00:54.000Z","public_metrics":{"retweet_count":5,"reply_count":1,"like_count":16,"quote_count":1},"id":"1453829148691021826","text":"Don't miss the next episode of our #GreenSocialist podcast on Saturday!\n\nSaturday\n3 PM ET\n\nStreaming on Facebook, YouTube, Twitter, and Twitch! https://t.co/8Z5ESy1EJG"},{"created_at":"2021-10-28T18:02:15.000Z","public_metrics":{"retweet_count":6,"reply_count":0,"like_count":0,"quote_count":0},"id":"1453784190110076931","text":"RT @dunleamark: The framework / deal is spin. The amount of funding for climate is a disaster and no details, e.g., how the tax credits wil…"},{"created_at":"2021-10-28T17:32:43.000Z","public_metrics":{"retweet_count":370,"reply_count":0,"like_count":0,"quote_count":0},"id":"1453776759078457346","text":"RT @caitoz: The Democratic Party is doing exactly what anyone who knows anything predicted it would do when they reclaimed the White House…"},{"created_at":"2021-10-28T16:02:57.000Z","public_metrics":{"retweet_count":5,"reply_count":3,"like_count":33,"quote_count":0},"id":"1453754166665428996","text":"Howie's been reading up a storm lately! What are have you been reading? https://t.co/sxdYu6zqC3"},{"created_at":"2021-10-28T15:31:45.000Z","public_metrics":{"retweet_count":4,"reply_count":0,"like_count":0,"quote_count":0},"id":"1453746316694151175","text":"RT @dunleamark: How Wall Street Profits From Clean Energy Tax Credits - like in the budget deal. They have created opportunities for a smal…"},{"created_at":"2021-10-28T13:49:06.000Z","public_metrics":{"retweet_count":8,"reply_count":0,"like_count":0,"quote_count":0},"id":"1453720482574856193","text":"RT @dunleamark: It looks like the Biden deal will provide about 1/20 of the climate funding called for by the modest THRIVE agenda pushed b…"},{"created_at":"2021-10-28T13:43:32.000Z","public_metrics":{"retweet_count":5,"reply_count":0,"like_count":0,"quote_count":0},"id":"1453719081668984832","text":"RT @dunleamark: Lethal ‘forever chemicals’ taint our food, water and even blood. The EPA is stalling. The timeline proposed will take anoth…"},{"created_at":"2021-10-28T12:01:43.000Z","public_metrics":{"retweet_count":8,"reply_count":0,"like_count":22,"quote_count":0},"id":"1453693456694587405","text":"#EssentialReading\n\nGet your FREE copy today at https://t.co/IEV7tRrt4w https://t.co/PI8qeQvr3F"},{"created_at":"2021-10-28T00:51:24.000Z","public_metrics":{"retweet_count":9,"reply_count":0,"like_count":30,"quote_count":1},"id":"1453524767689134083","text":"Two victories for climate justice in NY today! Now we stop the Norlite hazardous waste incinerator by public housing in Cohoes NY, the Greenidge gas-fired bitcoin mine by Seneca Lake, and all new fossil fuel infrastructure. We can win these demands!\nhttps://t.co/4SVZHd3fFs"},{"created_at":"2021-10-28T00:26:27.000Z","public_metrics":{"retweet_count":8,"reply_count":0,"like_count":31,"quote_count":1},"id":"1453518488686022657","text":"The NEW NUCLEAR ARMS RACE is on. China, US, Russia, &amp; N. Korea are all working on these destabilizing hypersonic missiles. Both of the corporate-owned major parties support US nuclear weapons \"modernization.\" Another reasons why we need to the Green Party. https://t.co/o6IIJ5Dx7g"},{"created_at":"2021-10-27T21:00:55.000Z","public_metrics":{"retweet_count":3,"reply_count":0,"like_count":15,"quote_count":0},"id":"1453466763849519105","text":"Are you a socialist or progressive in North Carolina? The North Carolina Green Party is currently petitioning for ballot access and they need your help!\n\nGet involved at https://t.co/ubZ18iMSly https://t.co/QXjusDMz0e"},{"created_at":"2021-10-27T16:03:00.000Z","public_metrics":{"retweet_count":9,"reply_count":0,"like_count":19,"quote_count":0},"id":"1453391792850808845","text":"Help @ConnorMulvaney get over the finish line and elect a Green to the Pittsburgh City Council! \n\nJoin the phonebank tonight at 5:30 PM ET!\n\nRegister at https://t.co/PTolRbCDj2 https://t.co/WcR5M7MQIT"},{"created_at":"2021-10-27T14:55:45.000Z","public_metrics":{"retweet_count":3,"reply_count":0,"like_count":0,"quote_count":0},"id":"1453374866846011404","text":"RT @dunleamark: Great News. Thanks to @BasilSeggos and @GovKathyHochul, Now we need them to reject the permit renewal for the Norlite Hazar…"},{"created_at":"2021-10-27T13:20:14.000Z","public_metrics":{"retweet_count":4,"reply_count":0,"like_count":0,"quote_count":0},"id":"1453350831139565575","text":"RT @dunleamark: Politicians tweaking \"the market\" and allowing hedge funds / investors to decide how to transition to a clean energy future…"},{"created_at":"2021-10-27T12:21:50.000Z","public_metrics":{"retweet_count":7,"reply_count":0,"like_count":0,"quote_count":0},"id":"1453336133178470401","text":"RT @dunleamark: Democrats' plan for climate funding is a fraction of what they give annually to the military, yet the media is already proc…"},{"created_at":"2021-10-27T12:11:31.000Z","public_metrics":{"retweet_count":75,"reply_count":0,"like_count":0,"quote_count":0},"id":"1453333537805975553","text":"RT @PaulEDawson: In sum, we have 95% of the technologies we need today and the know-how to get the rest to address both energy and non-ener…"},{"created_at":"2021-10-27T12:02:07.000Z","public_metrics":{"retweet_count":4,"reply_count":0,"like_count":21,"quote_count":0},"id":"1453331169840451585","text":"Our campaign's principle healthcare advisor on the intersection of sanctions and COVID,\n\n\"The United States’ unilateral coercive measures are unquestionably hindering the ability of nations to respond to the pandemic.\"\n\nhttps://t.co/1fpsT8rzJu"},{"created_at":"2021-10-27T04:58:49.000Z","public_metrics":{"retweet_count":35,"reply_count":1,"like_count":62,"quote_count":1},"id":"1453224643368718342","text":"Plastic is the new coal. Study shows there will be more greenhouse gas emissions in the U.S. from plastics production than coal power plants by 2030...unless we replace plastics with environmentally safe substitutes. https://t.co/EIS6sdnkfV"},{"created_at":"2021-10-27T04:03:27.000Z","public_metrics":{"retweet_count":96,"reply_count":0,"like_count":0,"quote_count":0},"id":"1453210713049247744","text":"RT @GreenPartyUS: BREAKING: @POTUS  &amp; Congressional Dems have apparently agreed to slash #ClimateAction funds in their “Build Back Better P…"},{"created_at":"2021-10-26T23:30:08.000Z","public_metrics":{"retweet_count":5,"reply_count":0,"like_count":12,"quote_count":0},"id":"1453141929152163840","text":"Starting in a half hour and there's still time to register! Join us for a #GreenSocialist #ReadingGroup on Jo Freeman's The Tyranny of Structurelessness!\n\nTuesday, October 26\n8:00 PM ET\n\nLearn more, find the reading, and register for the call at https://t.co/5cxLiSvhko https://t.co/JKd26xexjW"},{"created_at":"2021-10-26T21:00:57.000Z","public_metrics":{"retweet_count":10,"reply_count":0,"like_count":25,"quote_count":0},"id":"1453104383315652615","text":"Help us keep our ballot status in California!  The Green Party of California needs to keep up their voter registration numbers in order to maintain ballot status and needs your help! \n\nRegister Green Today!\n\nCheck your registration at https://t.co/9qmIDBeUHp https://t.co/ulLbhhtqzI"},{"created_at":"2021-10-26T20:58:33.000Z","public_metrics":{"retweet_count":20,"reply_count":2,"like_count":45,"quote_count":2},"id":"1453103779667234819","text":"Green Party of the US calls out Democrats' backsliding on climate action. https://t.co/L9e60qCcyk"},{"created_at":"2021-10-26T16:02:56.000Z","public_metrics":{"retweet_count":4,"reply_count":0,"like_count":13,"quote_count":0},"id":"1453029388287713285","text":"TONIGHT! Join us for a #GreenSocialist #ReadingGroup on Jo Freeman's The Tyranny of Structurelessness!\n\nTuesday, October 26\n8:00 PM ET\n\nLearn more, find the reading, and register for the call at https://t.co/5cxLiSvhko https://t.co/wlT9rKK348"},{"created_at":"2021-10-26T15:49:17.000Z","public_metrics":{"retweet_count":38,"reply_count":0,"like_count":0,"quote_count":0},"id":"1453025951110074385","text":"RT @GreenPartyUS: Great endorsement for an AMAZING Green! \uD83D\uDE0D\uD83C\uDF3B https://t.co/WdfE3QzhL5"},{"created_at":"2021-10-26T15:42:54.000Z","public_metrics":{"retweet_count":7,"reply_count":0,"like_count":0,"quote_count":0},"id":"1453024346801426433","text":"RT @dunleamark: Ring out for Climate on Sat. Oct. 30. Church bells have traditionally been used as warnings, and we are facing what the UN…"},{"created_at":"2021-10-26T12:01:53.000Z","public_metrics":{"retweet_count":6,"reply_count":0,"like_count":18,"quote_count":1},"id":"1452968725947338754","text":"Howie was on the Young Greens of Ohio podcast this weekend. Check out the video!\n\nhttps://t.co/nRAw7EFFzX https://t.co/1jBmZsEMo4"},{"created_at":"2021-10-25T23:29:17.000Z","public_metrics":{"retweet_count":10,"reply_count":0,"like_count":35,"quote_count":0},"id":"1452779326370455556","text":"The pro-democracy movement in Sudan needs your solidarity right now after today's military coup. Sign the solidarity petition, send a protest note to the Sudanese Embassy in DC, find a protest organized by Sudanese activists.\nhttps://t.co/gqov6nH8y2"},{"created_at":"2021-10-25T21:00:55.000Z","public_metrics":{"retweet_count":3,"reply_count":0,"like_count":8,"quote_count":0},"id":"1452741989590568967","text":"TOMORROW! Join us for a #GreenSocialist #ReadingGroup on Jo Freeman's The Tyranny of Structurelessness!\n\nTuesday, October 26\n8:00 PM ET\n\nLearn more, find the reading, and register for the call at https://t.co/5cxLiSvhko https://t.co/W50T5kJ7NW"},{"created_at":"2021-10-25T16:11:15.000Z","public_metrics":{"retweet_count":5,"reply_count":0,"like_count":0,"quote_count":0},"id":"1452669091232288776","text":"RT @dunleamark: The build-up of warming gases in the atmosphere rose to record levels in 2020. CO2 at 413 ppm. The amounts of CO2, methane…"},{"created_at":"2021-10-25T16:03:00.000Z","public_metrics":{"retweet_count":6,"reply_count":1,"like_count":29,"quote_count":0},"id":"1452667016096190470","text":"South Carolina (today), Ohio (today), Oklahoma (today), and Michigan (tomorrow) all have statewide #RCV meetings this week! Get involved in the fight for democracy in your state!\n\nhttps://t.co/1y3KxrlC8y https://t.co/r7V6ycpCXd"},{"created_at":"2021-10-25T13:51:10.000Z","public_metrics":{"retweet_count":5,"reply_count":0,"like_count":0,"quote_count":0},"id":"1452633840057556997","text":"RT @dunleamark: Albany will hold a Nov. 6 rally starting at 11 AM at the Radix Center. 153 Grand St in Albany. March to the Federal Buildin…"},{"created_at":"2021-10-25T12:01:49.000Z","public_metrics":{"retweet_count":2,"reply_count":0,"like_count":16,"quote_count":1},"id":"1452606318154485763","text":"The latest episode of our #GreenSocialist podcast is out on most major podcast outlets! Don't miss Howie's conversation with Logan Simmering For Cincinnati City Council (@lpcs43c)!\n\nListen or find the episode on your favorite podcast platform at https://t.co/U64BCHxIku https://t.co/9CMGiOih4y"},{"created_at":"2021-10-24T18:00:56.000Z","public_metrics":{"retweet_count":4,"reply_count":1,"like_count":22,"quote_count":0},"id":"1452334308690169866","text":"Did you see our interview with Logan Simmering for Cincinnati City Council (@lpcs43c) yesterday? Check it out now!\n\nhttps://t.co/fIcxJhgMuL"},{"created_at":"2021-10-24T13:00:58.000Z","public_metrics":{"retweet_count":7,"reply_count":0,"like_count":16,"quote_count":0},"id":"1452258818633740292","text":"TODAY! Join us for a #GreenSocialist onboarding call! We will discuss our Green Socialist Organizing Project and how you can get involved.\n\nSunday (10/24)\n7 PM ET/4 PM PT\n\nRegister for the call at https://t.co/M03KY6KQta https://t.co/btehxXxD82"},{"created_at":"2021-10-24T00:12:52.000Z","public_metrics":{"retweet_count":12,"reply_count":0,"like_count":33,"quote_count":0},"id":"1452065521122299908","text":"Greta Thunberg: \"Science doesn't lie.\"  But the world's political leaders do, especially about climate policy. \n\nGreta shows why rich countries' massive \"emissions abroad\" mean their proposed domestic emissions cuts are woefully insufficient.\n\nhttps://t.co/8hpqcsAa79"},{"created_at":"2021-10-23T21:00:31.000Z","public_metrics":{"retweet_count":0,"reply_count":1,"like_count":10,"quote_count":0},"id":"1452017113841946628","text":"TOMMOROW! Join us for a #GreenSocialist onboarding call! We will discuss our Green Socialist Organizing Project and how you can get involved.\n\nSunday (10/24)\n7 PM ET/4 PM PT\n\nRegister for the call at https://t.co/M03KY6KQta https://t.co/WSh0bsocOJ"},{"created_at":"2021-10-23T19:00:54.000Z","public_metrics":{"retweet_count":8,"reply_count":1,"like_count":25,"quote_count":0},"id":"1451987009476517888","text":"#GreenSocialist Notes #44 https://t.co/Md98nC7uWX"},{"created_at":"2021-10-23T16:01:45.000Z","public_metrics":{"retweet_count":4,"reply_count":0,"like_count":16,"quote_count":0},"id":"1451941926765215747","text":"This afternoon! Don't miss our next #GreenSocialist podcast where Howie will talk with Logan Simmering For Cincinnati City Council (@lpcs43c)!\n\nSaturday (10/23)\n3 PM ET\n\nStreaming on Facebook, YouTube, Twitter, and Twitch! https://t.co/1GDqEEnzIw"},{"created_at":"2021-10-23T14:43:14.000Z","public_metrics":{"retweet_count":4,"reply_count":0,"like_count":0,"quote_count":0},"id":"1451922167533342722","text":"RT @dunleamark: My OpEd: Albany rally Nov. 6 re “last chance COP.” The IPCC has issued dire warnings that the world is barreling to climate…"},{"created_at":"2021-10-23T13:01:07.000Z","public_metrics":{"retweet_count":16,"reply_count":1,"like_count":37,"quote_count":2},"id":"1451896465765408771","text":"\"Greens must champion game-changing democracy reforms in order to be able to run candidates who are not marginalized by the spoiler problem inherent in the prevailing system of single-member-district, winner-take-all plurality voting.\"\n\nRead more at https://t.co/GCxzVhdpyJ https://t.co/djZVknEbP2"},{"created_at":"2021-10-23T09:46:18.000Z","public_metrics":{"retweet_count":3,"reply_count":0,"like_count":0,"quote_count":0},"id":"1451847440076791812","text":"RT @dunleamark: (audio) There will be a costume Halloween rally to stop the permit for the Danskammer fossil fuel plant on Tues, Oct.26th,…"},{"created_at":"2021-10-22T21:00:58.000Z","public_metrics":{"retweet_count":6,"reply_count":1,"like_count":21,"quote_count":1},"id":"1451654839134564357","text":"Don't miss our next Green candidate interview on tomorrow! Howie will be talking to Logan Simmering For Cincinnati City Council (@lpcs43c) on our weekly #GreenSocialist podcast.\n\nSaturday (10/23)\n3 PM ET\n\nStreaming on Facebook, YouTube, Twitter, and Twitch! https://t.co/e4vEbhY3Gk"},{"created_at":"2021-10-22T16:15:09.000Z","public_metrics":{"retweet_count":3,"reply_count":0,"like_count":0,"quote_count":0},"id":"1451582909454897154","text":"RT @dunleamark: The world has failed to meet many earlier targets, drawing the ire of climate activists. “Build back better. Blah, blah, bl…"},{"created_at":"2021-10-22T16:03:26.000Z","public_metrics":{"retweet_count":3,"reply_count":0,"like_count":9,"quote_count":0},"id":"1451579961027043332","text":"Tuesday! Join us for a #GreenSocialist #ReadingGroup on Jo Freeman's The Tyranny of Structurelessness!\n\nTuesday, October 26\n8:00 PM ET\n\nLearn more, find the reading, and register for the call at https://t.co/5cxLiSvhko https://t.co/xiK2dV44TM"},{"created_at":"2021-10-22T12:02:15.000Z","public_metrics":{"retweet_count":4,"reply_count":1,"like_count":15,"quote_count":0},"id":"1451519265031528479","text":"It's $15 Friday! Can you help us build the #GreenSocialist movement and grow the Green Party into the people-powered party we need?\n\nDonate today at https://t.co/35HtnACJnc https://t.co/pu1JCVhEmz"},{"created_at":"2021-10-22T01:57:41.000Z","public_metrics":{"retweet_count":19,"reply_count":0,"like_count":0,"quote_count":0},"id":"1451367123498962948","text":"RT @dunleamark: Biden’s Incredible Shrinking Climate Plan is now down to $30 billion a year. Kiss your grandchildren goodbye. We need a #Cl…"},{"created_at":"2021-10-21T21:00:53.000Z","public_metrics":{"retweet_count":3,"reply_count":1,"like_count":18,"quote_count":1},"id":"1451292430901334026","text":"Local parties are the key to building a political alternative and we want to know about your local Green Party (or lack of). \n\nTake the survey at https://t.co/UCpnKvSYZe https://t.co/4vXZU3axo3"},{"created_at":"2021-10-21T20:34:56.000Z","public_metrics":{"retweet_count":32,"reply_count":0,"like_count":0,"quote_count":0},"id":"1451285900357423105","text":"RT @amywestervelt: @PlasticsBeyond The @PlasticsBeyond report finds that currently plastics are on track to contribute more climate change…"},{"created_at":"2021-10-21T16:02:59.000Z","public_metrics":{"retweet_count":6,"reply_count":0,"like_count":14,"quote_count":0},"id":"1451217460301025282","text":"Join us for a #GreenSocialist onboarding call! We will discuss our Green Socialist Organizing Project and how you can get involved.\n\nSunday (10/24)\n7 PM ET/4 PM PT\n\nRegister for the call at https://t.co/M03KY6KQta https://t.co/10PVCk6tDr"},{"created_at":"2021-10-21T12:01:53.000Z","public_metrics":{"retweet_count":16,"reply_count":1,"like_count":40,"quote_count":1},"id":"1451156787516817413","text":"\"Between January 1 and September 27, at least 19 states enacted 33 laws that make it harder for Americans to vote.\"\n\nhttps://t.co/XDHkFaZQV0 https://t.co/WMiig0M3my"},{"created_at":"2021-10-20T21:00:58.000Z","public_metrics":{"retweet_count":9,"reply_count":0,"like_count":34,"quote_count":2},"id":"1450930064011501569","text":"Help us keep our ballot status in California!  The Green Party of California needs to keep up their voter registration numbers in order to maintain ballot status and needs your help! \n\nRegister Green Today!\n\nCheck your registration at https://t.co/9qmIDBeUHp https://t.co/jJ7zcX5i7x"},{"created_at":"2021-10-20T16:03:20.000Z","public_metrics":{"retweet_count":7,"reply_count":0,"like_count":33,"quote_count":1},"id":"1450855160054419461","text":"#EssentialReading\n\nGet your FREE copy today at https://t.co/IEV7tRrt4w https://t.co/kaT91y87YO"},{"created_at":"2021-10-20T12:01:59.000Z","public_metrics":{"retweet_count":8,"reply_count":5,"like_count":43,"quote_count":0},"id":"1450794423869222916","text":"Howie's been reading up a storm lately! What are have you been reading? https://t.co/Kap2pQsyUu"},{"created_at":"2021-10-20T01:30:31.000Z","public_metrics":{"retweet_count":214,"reply_count":0,"like_count":0,"quote_count":0},"id":"1450635507197751301","text":"RT @RKahnTroster: Yesterday, I was arrested with 8 other activists for blockading the entrance to @blackrock in support of @JYCM_ and their…"},{"created_at":"2021-10-19T21:01:00.000Z","public_metrics":{"retweet_count":9,"reply_count":0,"like_count":21,"quote_count":2},"id":"1450567684333178884","text":"Are you a socialist or progressive in North Carolina? The North Carolina Green Party is currently petitioning for ballot access and they need your help!\n\nGet involved at https://t.co/ubZ18iMSly https://t.co/IOtWuQ5JzJ"},{"created_at":"2021-10-19T16:15:07.000Z","public_metrics":{"retweet_count":253,"reply_count":0,"like_count":0,"quote_count":0},"id":"1450495736353800192","text":"RT @FightFossils: Last week, #PeopleVsFossilFuels flooded DC to demand action from Biden.\n\nOur demands remain clear: End fossil fuel projec…"},{"created_at":"2021-10-19T16:03:10.000Z","public_metrics":{"retweet_count":4,"reply_count":0,"like_count":13,"quote_count":0},"id":"1450492731558670350","text":"A week from today! Join us for a #GreenSocialist #ReadingGroup on Jo Freeman's The Tyranny of Structurelessness!\n\nTuesday, October 26\n8:00 PM ET\n\nLearn more, find the reading, and register for the call at https://t.co/5cxLiSvhko https://t.co/BCEsAV4sZn"},{"created_at":"2021-10-19T12:01:58.000Z","public_metrics":{"retweet_count":8,"reply_count":0,"like_count":25,"quote_count":0},"id":"1450432032228716544","text":"Don't miss our next Green candidate interview with Logan Simmering for Cincinnati City Council (@lpcs43c)!\n\nSaturday, October 23\n3 PM ET\n\nStreaming on Facebook, YouTube, Twitter, and Twitch! https://t.co/LZKCsIvtqi"},{"created_at":"2021-10-18T23:23:37.000Z","public_metrics":{"retweet_count":4,"reply_count":0,"like_count":0,"quote_count":0},"id":"1450241185814093828","text":"RT @dunleamark: (audio) This November voters in Albany will decide whether to permit the Community Police Review Board to do independent in…"},{"created_at":"2021-10-18T22:52:40.000Z","public_metrics":{"retweet_count":2,"reply_count":0,"like_count":0,"quote_count":0},"id":"1450233398317010946","text":"RT @dunleamark: One, there are many Executive Orders on climate that Biden has refused to issue (see https://t.co/hDnWTyrgXA). Two, the Dem…"},{"created_at":"2021-10-18T21:00:53.000Z","public_metrics":{"retweet_count":14,"reply_count":2,"like_count":47,"quote_count":2},"id":"1450205267346567176","text":"Join the fight for #RankedChoiceVoting! Wisconsin, Arizona, Georgia, and Iowa all have meetings this week!\n\nFind a meeting near you at https://t.co/1y3KxrlC8y https://t.co/Qm2KPQksNY"},{"created_at":"2021-10-18T19:05:40.000Z","public_metrics":{"retweet_count":10,"reply_count":6,"like_count":36,"quote_count":3},"id":"1450176270965395465","text":"Political repression under Biden 3: The conclusion to draw from these and other cases is that the US government will prosecute and imprison you much longer for anti-fascist and anti-militarist speech than for treasonous fascist violence and war crimes."},{"created_at":"2021-10-18T19:05:39.000Z","public_metrics":{"retweet_count":15,"reply_count":1,"like_count":41,"quote_count":2},"id":"1450176265453977611","text":"Political repression under Biden 2: Daniel Hale, the whistleblower on civilians killed by US drone strikes, has been transferred to a \"terrorist unit\" where he will serve his 4-year sentence basically in solitary confinement with no outside communications. https://t.co/Fqgs336hAM"},{"created_at":"2021-10-18T19:05:38.000Z","public_metrics":{"retweet_count":16,"reply_count":4,"like_count":46,"quote_count":1},"id":"1450176261452615694","text":"Political repression under Biden 1: Daniel Baker, who called for armed defense against far-right attack on state capitol after Jan. 6 insurrection, gets 4-year sentence, far longer than Jan. 6 insurrectionists are getting. https://t.co/4qhpCyGtaf"},{"created_at":"2021-10-18T16:02:57.000Z","public_metrics":{"retweet_count":5,"reply_count":0,"like_count":17,"quote_count":0},"id":"1450130287250321410","text":"It's your last day to help the Kansas Green Party get ballot access! The KSGP need your help! Sign up to sign the petition or to help collect signatures and provide Kansas voters with an alternative!\n\nSign up at https://t.co/z1aqI8LOGe https://t.co/3SA5P8mk7y"},{"created_at":"2021-10-18T12:01:48.000Z","public_metrics":{"retweet_count":11,"reply_count":0,"like_count":20,"quote_count":1},"id":"1450069601358860301","text":"Saturday's episode of our #GreenSocialist podcast is out on most podcast platforms! This week, Howie talks to @hoffman4nj who is running as a Green candidate for New Jersey Governor, and Heather Warburton for Lt Governor!\n\nListen or find your platform at https://t.co/U64BCHxIku https://t.co/30QsXTukAx"},{"created_at":"2021-10-17T21:00:31.000Z","public_metrics":{"retweet_count":9,"reply_count":0,"like_count":21,"quote_count":0},"id":"1449842787604738051","text":"Help the Kansas Green Party get ballot access! The KSGP is preparing to start their ballot access petition drive and they need your help! Sign up to sign the petition or to help collect signatures and provide Kansas voters with an alternative!\n\nSign up at https://t.co/z1aqI8LOGe https://t.co/0LHFgDzlTk"},{"created_at":"2021-10-17T16:01:27.000Z","public_metrics":{"retweet_count":11,"reply_count":1,"like_count":40,"quote_count":1},"id":"1449767521448570880","text":"Did you miss last week's Green Party Eco-Action Committee webinar on the climate crisis?  Check it out now!\n\nhttps://t.co/7fhn35k99Z https://t.co/7Fg4yPfeJT"},{"created_at":"2021-10-17T13:01:02.000Z","public_metrics":{"retweet_count":10,"reply_count":0,"like_count":20,"quote_count":0},"id":"1449722119093370885","text":"Did you see our great interview with @hoffman4nj yesterday on our #GreenSocialist podcast?\n\nCheck out the interview at https://t.co/ttZgByZqy7"},{"created_at":"2021-10-16T21:55:40.000Z","public_metrics":{"retweet_count":4,"reply_count":0,"like_count":19,"quote_count":0},"id":"1449494276396695554","text":"Now, most of what's left in Biden climate proposal is subsidies for clean energy and electric vehicles, but no penalties for coal, oil, and gas emissions – no plan to phase out fossil fuels soon enough to avert climate catastrophe. https://t.co/0A9i96o6ML"},{"created_at":"2021-10-16T21:55:39.000Z","public_metrics":{"retweet_count":8,"reply_count":1,"like_count":36,"quote_count":3},"id":"1449494272802267138","text":"Manchin vetoed the Clean Energy Performance Program, the most effective proposed Biden climate policy of subsidizing utilities that expand clean energy 4% a year and fining utilities that don't (although it \"clean energy\" definition was problematic). https://t.co/UEmX5IL3FP"},{"created_at":"2021-10-16T21:00:33.000Z","public_metrics":{"retweet_count":14,"reply_count":1,"like_count":28,"quote_count":1},"id":"1449480404231233539","text":"The main things that Greens and independent socialists need to be doing right now is organizing in their communities. We need to be building relationships and building power from the bottom-up. We have put together a page to help you get involved. \n\nhttps://t.co/30kBKmPv5r https://t.co/n0eFyKPzZ3"},{"created_at":"2021-10-16T19:00:24.000Z","public_metrics":{"retweet_count":11,"reply_count":0,"like_count":22,"quote_count":0},"id":"1449450169947156485","text":"#GreenSocialist Notes #43 https://t.co/nZ5oOMoAx3"},{"created_at":"2021-10-16T17:19:31.000Z","public_metrics":{"retweet_count":25,"reply_count":4,"like_count":126,"quote_count":2},"id":"1449424779535163394","text":"Today marks the 162nd anniversary of John Brown's raid on Harpers Ferry, so we're breaking out a never before seen graphic from back in the early days of the campaign! https://t.co/cZ9ys2ocMB"},{"created_at":"2021-10-16T16:01:48.000Z","public_metrics":{"retweet_count":9,"reply_count":1,"like_count":22,"quote_count":1},"id":"1449405223898865674","text":"Today! Don't miss our next #GreenSocialist podcast, where Howie will be joined by @hoffman4nj and Heather Warburton, Green candidates for Governor and Lt Governor in New Jersey.\n\nSaturday (10/16)\n3 PM ET\n\nStreaming on Facebook, YouTube, Twitter, and Twitch! https://t.co/2uTxM7AsT8"},{"created_at":"2021-10-16T13:01:28.000Z","public_metrics":{"retweet_count":5,"reply_count":0,"like_count":18,"quote_count":0},"id":"1449359840615309322","text":"Local parties are the key to building a political alternative and we want to know about your local Green Party (or lack of). \n\nTake the survey at https://t.co/UCpnKvSYZe https://t.co/56NIb5EhjB"},{"created_at":"2021-10-16T02:11:48.000Z","public_metrics":{"retweet_count":6,"reply_count":0,"like_count":0,"quote_count":0},"id":"1449196344724295688","text":"RT @dunleamark: Clean Electricity Program is a flawed backdoor way to try to cut carbon emissions. Democrats remain unwilling to take the d…"}],"meta":{"oldest_id":"1449196344724295688","newest_id":"1454191541698932743","result_count":83}}