{"data":[{"public_metrics":{"retweet_count":13,"reply_count":0,"like_count":33,"quote_count":1},"created_at":"2021-09-29T21:00:55.000Z","id":"1443319905051365383","text":"Help the Kansas Green Party get ballot access! The KSGP is preparing to start their ballot access petition drive and they need your help! Sign up to sign the petition or to help collect signatures and provide Kansas voters with an alternative!\n\nSign up at https://t.co/z1aqI8LOGe https://t.co/f0D2z6D4ui"},{"public_metrics":{"retweet_count":11,"reply_count":0,"like_count":29,"quote_count":2},"created_at":"2021-09-29T16:03:09.000Z","id":"1443244969154596868","text":"We are talking to Green candidates on our livestream in October!\n\nSaturdays @ 3 PM ET\n\nStreaming on Facebook, YouTube, Twitter, and Twitch! https://t.co/wbZICyH2tE"},{"public_metrics":{"retweet_count":4,"reply_count":1,"like_count":15,"quote_count":0},"created_at":"2021-09-29T14:02:58.000Z","id":"1443214725366566919","text":"One of the concerns about Michel Regan, the new EPA head, was that when he was the environmental chief in North Carolina he was too supportive of such industrial hog operations. https://t.co/PUdlzSYAEw"},{"public_metrics":{"retweet_count":9,"reply_count":0,"like_count":41,"quote_count":1},"created_at":"2021-09-29T12:00:31.000Z","id":"1443183907860631552","text":"Howie rips into the Democrats, listing all the bills the progressive bills they could pass if they got rid of the undemocratic filibuster. https://t.co/d2MHn0FYLE"},{"public_metrics":{"retweet_count":15,"reply_count":1,"like_count":35,"quote_count":1},"created_at":"2021-09-28T21:01:01.000Z","id":"1442957540346585100","text":"Help us keep our ballot status in California!  The Green Party of California needs to keep up their voter registration numbers in order to maintain ballot status and needs your help! \n\nRegister Green Today!\n\nCheck your registration at https://t.co/9qmIDBwvyX https://t.co/pDZn37KNHl"},{"public_metrics":{"retweet_count":27,"reply_count":2,"like_count":106,"quote_count":2},"created_at":"2021-09-28T20:31:45.000Z","id":"1442950177975771138","text":"Trump asked, “Can you assassinate Assange?” And the CIA made plans to. Add government misconduct (which got Daniel Ellsberg off for leaking Pentagon Papers) to freedom of the press &amp; many other reasons why US should drop the charges &amp; let Assange go free.\nhttps://t.co/pRNlhD2Dy3"},{"public_metrics":{"retweet_count":8,"reply_count":1,"like_count":34,"quote_count":1},"created_at":"2021-09-28T16:00:17.000Z","id":"1442881860237996035","text":"Howie lays out how we could vaccinate the world for 3% of the recent defense budget! https://t.co/vJPQI5ic4g"},{"public_metrics":{"retweet_count":4,"reply_count":0,"like_count":0,"quote_count":0},"created_at":"2021-09-28T15:44:04.000Z","id":"1442877777930297346","text":"RT @dunleamark: Several years after climate groups pushed NYPA/OGS to do study of how to power Capitol / Plaza with geothermal, state annou…"},{"public_metrics":{"retweet_count":8,"reply_count":0,"like_count":0,"quote_count":0},"created_at":"2021-09-28T14:18:19.000Z","id":"1442856197649051651","text":"RT @dunleamark: We need as much climate funding as possible – more than $3.5 trillion – in the Build Back Better Act. Please end all fossil…"},{"public_metrics":{"retweet_count":6,"reply_count":0,"like_count":22,"quote_count":0},"created_at":"2021-09-28T12:02:04.000Z","id":"1442821910539247617","text":"\"If you think elementary, middle, and high school students know too little history, geography, and government, try asking them about the corporations that command so many hours of their day, their attention, what they consume, and their personal horizons.\"\nhttps://t.co/MWjkiYU8zh"},{"public_metrics":{"retweet_count":11,"reply_count":0,"like_count":23,"quote_count":0},"created_at":"2021-09-27T21:00:53.000Z","id":"1442595122445799425","text":"Local parties are the key to building a political alternative and we want to know about your local Green Party (or lack of). \n\nTake the survey at https://t.co/UCpnKvSYZe https://t.co/BreYyoxu8H"},{"public_metrics":{"retweet_count":12,"reply_count":0,"like_count":0,"quote_count":0},"created_at":"2021-09-27T17:27:20.000Z","id":"1442541380392341507","text":"RT @DissentMag: In our summer issue, @jan_dutkiewicz and @gnrosenberg argued that a vision of a food system reliant on small family farmers…"},{"public_metrics":{"retweet_count":2,"reply_count":0,"like_count":12,"quote_count":1},"created_at":"2021-09-27T16:03:02.000Z","id":"1442520164994482176","text":"Howie on Biden's continuation of Trump's racist immigration policy and the crackdown on Haitian refugees. \n\nhttps://t.co/rrqdDVA9y5"},{"public_metrics":{"retweet_count":14,"reply_count":2,"like_count":47,"quote_count":1},"created_at":"2021-09-27T14:40:56.000Z","id":"1442499503555104774","text":"CIA conspired to kidnap and assassinate Julian Assange during Trump administration. Biden continues the prosecution of Assange started by Trump. Charges should be dropped and Assange freed on freedom of the press grounds. https://t.co/CvZHLWWZ8W"},{"public_metrics":{"retweet_count":3,"reply_count":0,"like_count":17,"quote_count":0},"created_at":"2021-09-27T12:01:59.000Z","id":"1442459500665999365","text":"Saturday's episode of our #GreenSocialist podcast is out on most podcast platforms!\n\nListen or find your platform at https://t.co/U64BCHg6VU https://t.co/9ttCbrfTBQ"},{"public_metrics":{"retweet_count":22,"reply_count":2,"like_count":100,"quote_count":1},"created_at":"2021-09-26T16:01:46.000Z","id":"1442157456914718726","text":"#StillTrue\n\nhttps://t.co/mzFbMSNEQO https://t.co/MVB0MlYLQV"},{"public_metrics":{"retweet_count":8,"reply_count":0,"like_count":0,"quote_count":0},"created_at":"2021-09-26T15:12:53.000Z","id":"1442145153754357767","text":"RT @LizAGMoran: This @timesunion editorial plays it straight: \"In a sane world, Zucker would have been canned after the callousness display…"},{"public_metrics":{"retweet_count":2,"reply_count":0,"like_count":10,"quote_count":0},"created_at":"2021-09-26T13:00:54.000Z","id":"1442111941858799620","text":"Did you see our #GreenSocialist livestream yesterday?\n\nCheck it out at https://t.co/8ZWYkAqbjt"},{"public_metrics":{"retweet_count":15,"reply_count":0,"like_count":43,"quote_count":0},"created_at":"2021-09-25T21:00:31.000Z","id":"1441870253441622027","text":"#WeekendRead\n\nGet your FREE copy today at https://t.co/IEV7tRrt4w https://t.co/e2LdZMP8j3"},{"public_metrics":{"retweet_count":6,"reply_count":2,"like_count":17,"quote_count":0},"created_at":"2021-09-25T19:02:07.000Z","id":"1441840455004536835","text":"#Green Socialist Notes #40 https://t.co/9X9VRXRwwX"},{"public_metrics":{"retweet_count":8,"reply_count":1,"like_count":30,"quote_count":1},"created_at":"2021-09-25T16:01:49.000Z","id":"1441795081141370881","text":"Don't miss Howie in his weekly #GreenSocialist podcast this afternoon! Howie will talk about current events and take viewer questions.\n\nSaturdays\n3 PM ET\n\nStreaming on Facebook, YouTube, Twitter, and Twitch! https://t.co/agYtflKt3c"},{"public_metrics":{"retweet_count":34,"reply_count":5,"like_count":88,"quote_count":0},"created_at":"2021-09-25T13:01:12.000Z","id":"1441749628269985804","text":"https://t.co/AmA2PPDDzq"},{"public_metrics":{"retweet_count":51,"reply_count":0,"like_count":0,"quote_count":0},"created_at":"2021-09-24T21:33:27.000Z","id":"1441516153852080132","text":"RT @dunleamark: Greta Thunberg mocks Biden's 'Build Back Better' climate plan. Hopefully, American climate groups will listen /understand.…"},{"public_metrics":{"retweet_count":6,"reply_count":0,"like_count":16,"quote_count":0},"created_at":"2021-09-24T21:00:59.000Z","id":"1441507982508965888","text":"The main things that Greens and independent socialists need to be doing right now is organizing in their communities. We need to be building relationships and building power from the bottom-up. We have put together a page to help you get involved. \n\nhttps://t.co/30kBKmPv5r https://t.co/Dv6vpXh5Q8"},{"public_metrics":{"retweet_count":26,"reply_count":4,"like_count":69,"quote_count":0},"created_at":"2021-09-24T17:33:55.000Z","id":"1441455871746351104","text":"Depiction of Democratic donor. Dems' broke their $15 minimum wage promise. Corporate Dems answer to their donors, not their voters. See corporate Dems opposing Medicare negotiating drug prices, Manchin writing Senate climate program for reconciliation infrastructure bill, etc. https://t.co/FX3qjz1tTW"},{"public_metrics":{"retweet_count":26,"reply_count":2,"like_count":63,"quote_count":3},"created_at":"2021-09-24T17:18:24.000Z","id":"1441451968128507905","text":"No major media coverage of elimination of public funding of presidential campaigns in the Freedom to Vote Act. Must be because only Green Party presidential candidates still use it. Only presidential candidates funded by the super-rich will be competitive if this \"reform\" passes. https://t.co/eeQd3QvuRr"},{"public_metrics":{"retweet_count":2,"reply_count":0,"like_count":15,"quote_count":0},"created_at":"2021-09-24T16:03:21.000Z","id":"1441433078874968066","text":"Don't miss Howie in his weekly #GreenSocialist podcast tomorrow! Howie will talk about current events and take viewer questions.\n\nSaturdays\n3 PM ET\n\nStreaming on Facebook, YouTube, Twitter, and Twitch! https://t.co/UBHxsP7ZRk"},{"public_metrics":{"retweet_count":4,"reply_count":0,"like_count":23,"quote_count":0},"created_at":"2021-09-24T12:02:24.000Z","id":"1441372442685952013","text":"Help us keep building the #GreenSocialist movement into the 2020s!\n\nDonate at https://t.co/fkteyCpuar https://t.co/Ek4E0pDydy"},{"public_metrics":{"retweet_count":11,"reply_count":1,"like_count":21,"quote_count":1},"created_at":"2021-09-23T21:01:00.000Z","id":"1441145599215038470","text":"Help us keep our ballot status in California!  The Green Party of California needs to keep up their voter registration numbers in order to maintain ballot status and needs your help! \n\nRegister Green Today!\n\nCheck your registration at https://t.co/9qmIDBwvyX https://t.co/2tHKfUwDm5"},{"public_metrics":{"retweet_count":5,"reply_count":0,"like_count":0,"quote_count":0},"created_at":"2021-09-23T19:52:06.000Z","id":"1441128257521287172","text":"RT @LizAGMoran: There is no question that DOH's response to #HoosickFalls was a failure. They actively hid information about #PFAS in their…"},{"public_metrics":{"retweet_count":5,"reply_count":0,"like_count":0,"quote_count":0},"created_at":"2021-09-23T18:50:09.000Z","id":"1441112668232843271","text":"RT @dunleamark: The problem when you talk about #CorporateDemocrats, you are talking about the leaders of the party - for almost all of its…"},{"public_metrics":{"retweet_count":3,"reply_count":0,"like_count":21,"quote_count":0},"created_at":"2021-09-23T16:03:19.000Z","id":"1441070682603991043","text":"Don't miss Howie in his weekly #GreenSocialist podcast this Saturday! Howie will talk about current events and take viewer questions.\n\nSaturdays\n3 PM ET\n\nStreaming on Facebook, YouTube, Twitter, and Twitch! https://t.co/YmdvrkH7c3"},{"public_metrics":{"retweet_count":6,"reply_count":0,"like_count":0,"quote_count":0},"created_at":"2021-09-23T15:00:58.000Z","id":"1441054994548019201","text":"RT @dunleamark: The bond act is way too small. The polluter penalty CCIA proposal in NY would raise $15 billion a year from those who have…"},{"public_metrics":{"retweet_count":6,"reply_count":0,"like_count":0,"quote_count":0},"created_at":"2021-09-23T14:42:31.000Z","id":"1441050349184376832","text":"RT @dunleamark: Video. Teachers invest in their students’ futures. So why does their NYS Teachers Retirement System pension plan invest in…"},{"public_metrics":{"retweet_count":9,"reply_count":0,"like_count":24,"quote_count":0},"created_at":"2021-09-23T12:02:06.000Z","id":"1441009978580537346","text":"We are putting up our 2021 Green Party Annual National Meeting workshops as bonus episodes of our #GreenSocialist podcast! The first one, Introducing the Green Socialist Organizing Project, is available now!\n\nListen or find your platform at https://t.co/U64BCHxIku https://t.co/2StfN4iHRG"},{"public_metrics":{"retweet_count":8,"reply_count":0,"like_count":13,"quote_count":0},"created_at":"2021-09-22T21:01:01.000Z","id":"1440783216672055297","text":"Help the Kansas Green Party get ballot access! The KSGP is preparing to start their ballot access petition drive and they need your help! Sign up to sign the petition or to help collect signatures and provide Kansas voters with an alternative!\n\nSign up at https://t.co/z1aqI93pxM https://t.co/oNg6qYK4Hg"},{"public_metrics":{"retweet_count":6,"reply_count":0,"like_count":0,"quote_count":0},"created_at":"2021-09-22T19:40:09.000Z","id":"1440762862591381505","text":"RT @dunleamark: (audio) Howie Hawkins was the first candidate to call for a Green New Deal in his 2010 Green Party campaign for Governor of…"},{"public_metrics":{"retweet_count":6,"reply_count":0,"like_count":27,"quote_count":0},"created_at":"2021-09-22T16:03:42.000Z","id":"1440708390682914824","text":"Find Green locals, candidates, state meetings, and more! As a grassroots party, the most important connection for you to make is with local Greens, progressives, and socialists! With just a core group you can start building a people-powered movement!\n\nhttps://t.co/fTKEhOsvew https://t.co/TvunUrZdxo"},{"public_metrics":{"retweet_count":7,"reply_count":0,"like_count":0,"quote_count":0},"created_at":"2021-09-22T12:46:34.000Z","id":"1440658783013728268","text":"RT @dunleamark: Why no mention in the article that climate activists have been pushing lawmakers to enact a polluter penalty (CCIA / Carbon…"},{"public_metrics":{"retweet_count":2,"reply_count":0,"like_count":19,"quote_count":0},"created_at":"2021-09-22T12:02:11.000Z","id":"1440647612693024778","text":"Howie talked to a Troy, NY radio station Monday about the Democrats Freedom to Vote Act, which Howie calls the Freedom to Vote for Capitalist Parties Only Act. \n\nhttps://t.co/9SwATkiE5r https://t.co/Djo5orbyJo"},{"public_metrics":{"retweet_count":5,"reply_count":0,"like_count":16,"quote_count":0},"created_at":"2021-09-21T21:01:06.000Z","id":"1440420845952724998","text":"Are you a socialist or progressive in North Carolina? The North Carolina Green Party is currently petitioning for ballot access and they need your help!\n\nGet involved at https://t.co/ubZ18j4td6 https://t.co/a9ZAgqdB9R"},{"public_metrics":{"retweet_count":4,"reply_count":0,"like_count":0,"quote_count":0},"created_at":"2021-09-21T21:00:54.000Z","id":"1440420798376808462","text":"RT @dunleamark: The Freedom to Vote Act. Howie Hawkins, recent Green Presidential candidate, says while the voting reforms in the bill need…"},{"public_metrics":{"retweet_count":4,"reply_count":0,"like_count":0,"quote_count":0},"created_at":"2021-09-21T17:08:53.000Z","id":"1440362408950657036","text":"RT @dunleamark: How about a $30 billion bond act? Though we should tax the rich or enact a polluter penalty rather then saddling taxpayers…"},{"public_metrics":{"retweet_count":2,"reply_count":0,"like_count":0,"quote_count":0},"created_at":"2021-09-21T16:15:35.000Z","id":"1440348994962538499","text":"RT @resistmegadams: Press release: New York Selects Destructive Canadian Hydropower from Hydro-Quebec along with NYPA Clean Path as In-Stat…"},{"public_metrics":{"retweet_count":14,"reply_count":2,"like_count":27,"quote_count":2},"created_at":"2021-09-21T16:03:16.000Z","id":"1440345897670381578","text":"From how it works, to examples of its use, to how it can be a revolutionary change to our electoral system, Howie dives deep in this article looking  at #RankedChoiceVoting, #MultiMemberDistricts, and #ProportionalRepresentation. \n\nRead the article at https://t.co/Y1R5fyK0is https://t.co/nd0wj8MJm3"},{"public_metrics":{"retweet_count":6,"reply_count":0,"like_count":34,"quote_count":0},"created_at":"2021-09-21T13:23:24.000Z","id":"1440305664270635010","text":"Australian Greens vow to fight these \"floating Chernobyls\" \"tooth and nail.\" https://t.co/NSxpIlhzSJ"},{"public_metrics":{"retweet_count":25,"reply_count":3,"like_count":74,"quote_count":0},"created_at":"2021-09-21T13:23:23.000Z","id":"1440305660344737798","text":"US transfer of nuclear submarine technology to Australia is a huge assault on international nuclear non-proliferation. https://t.co/LAhzic8aX5"},{"public_metrics":{"retweet_count":17,"reply_count":1,"like_count":57,"quote_count":0},"created_at":"2021-09-21T12:43:09.000Z","id":"1440295536255373323","text":"Natasha Lennard in this Intercept article is right: \"Biden shrouds his anti-immigrant policies in empty liberal overtures....[It's] no different, whether enforced by an alleged 'friend' to immigrants or an explicit white nationalist [i.e. Trump].\" https://t.co/MApophSFhz"},{"public_metrics":{"retweet_count":9,"reply_count":0,"like_count":24,"quote_count":0},"created_at":"2021-09-21T12:01:56.000Z","id":"1440285161619279880","text":"You have probably heard us talk about the Green Socialist Organizing Project which is forming out of the 2020 campaign. Learn more about our plans in this workshop that we did for the 2021 Green Party Annual National Meeting.\n\nhttps://t.co/iQubI4HD3I"},{"public_metrics":{"retweet_count":13,"reply_count":0,"like_count":42,"quote_count":1},"created_at":"2021-09-20T21:46:34.000Z","id":"1440069903092912136","text":"I support Connor Mulvaney, the Green Party’s working-class candidate for Pittsburgh city council. Progressive change will come from outside the old parties. Connor is for a Green New Deal, rent relief, public broadband, and other positive improvements. https://t.co/pTMOhnLiJ8"},{"public_metrics":{"retweet_count":5,"reply_count":0,"like_count":15,"quote_count":1},"created_at":"2021-09-20T21:00:55.000Z","id":"1440058415833751552","text":"Yesterday we posted about the workshops that members of our Green Socialist Organizing Project presented at the 2021 Green Party Annual National Meeting, but there were more workshops than what our members put together.\n\nCheck out all the 2021 workshops at https://t.co/DRCh0jnCdg https://t.co/2fqe2kiSqu"},{"public_metrics":{"retweet_count":17,"reply_count":0,"like_count":0,"quote_count":0},"created_at":"2021-09-20T17:10:09.000Z","id":"1440000338724106247","text":"RT @CJAOurPower: Carbon capture is promoted by the fossil fuel industry to avoid the necessary transition to clean, renewable, democratical…"},{"public_metrics":{"retweet_count":9,"reply_count":0,"like_count":20,"quote_count":0},"created_at":"2021-09-20T16:02:56.000Z","id":"1439983423087652866","text":"Local parties are the key to building a political alternative and we want to know about your local Green Party (or lack of). \n\nTake the survey at https://t.co/UCpnKvSYZe https://t.co/kNEib6P8Kl"},{"public_metrics":{"retweet_count":4,"reply_count":0,"like_count":14,"quote_count":0},"created_at":"2021-09-20T12:02:04.000Z","id":"1439922809787068417","text":"Saturday's episode of our #GreenSocialist podcast is out on most podcast platforms!\n\nListen or find your platform at https://t.co/U64BCHxIku https://t.co/c85tvRpUIz"},{"public_metrics":{"retweet_count":7,"reply_count":0,"like_count":12,"quote_count":0},"created_at":"2021-09-20T11:03:34.000Z","id":"1439908086001582081","text":"Posts from Howie Hawkins for our Future for 09/20/2021 - https://t.co/Nf19fEG44e"},{"public_metrics":{"retweet_count":22,"reply_count":1,"like_count":51,"quote_count":0},"created_at":"2021-09-19T16:01:33.000Z","id":"1439620686767661059","text":"Are you involved in the fight for #RankedChoiceVoting in your state? Check out the schedule of September meetings and get involved in the fight for democracy! CA, MT, OH, and OK all have meetings this week!\n\nFind out about meetings in your state at https://t.co/1y3KxrlC8y https://t.co/ZnDaDBYSJX"},{"public_metrics":{"retweet_count":38,"reply_count":10,"like_count":87,"quote_count":6},"created_at":"2021-09-19T13:04:24.000Z","id":"1439576108656205827","text":"Biden now cruelly deporting Haitians to the violence and hunger of Haiti's political chaos and earthquake aftermath. Biden using Trump's Title 42 that insincerely deports to stop Covid. Vaccinate them! Let them apply for asylum! Stop the deportations! https://t.co/APYFrmrSJx"},{"public_metrics":{"retweet_count":13,"reply_count":0,"like_count":33,"quote_count":0},"created_at":"2021-09-19T13:00:59.000Z","id":"1439575245896179717","text":"This summer, the Green Party held it's 2021 Annual National Meeting. Howie and other organizers for the Green Socialist Organizing Project put on a number of workshops and we have put them on a page on our wesbsite.\n\nCheck out the workshops at https://t.co/kYOWNPopej"},{"public_metrics":{"retweet_count":17,"reply_count":3,"like_count":42,"quote_count":0},"created_at":"2021-09-18T19:01:29.000Z","id":"1439303580331036674","text":"#GreenSocialist Notes #40 https://t.co/XaDtnwAhSO"},{"public_metrics":{"retweet_count":3,"reply_count":1,"like_count":19,"quote_count":0},"created_at":"2021-09-18T16:01:50.000Z","id":"1439258373178933248","text":"Don't miss Howie in his weekly #GreenSocialist podcast this afternoon! Howie will talk about current events and take viewer questions.\n\nSaturdays\n3 PM ET\n\nStreaming on Facebook, YouTube, Twitter, and Twitch! https://t.co/xXSMSsWd5e"},{"public_metrics":{"retweet_count":10,"reply_count":0,"like_count":22,"quote_count":0},"created_at":"2021-09-18T13:01:11.000Z","id":"1439212910404849665","text":"Howie's latest article is out in CounterPunch!\n\nhttps://t.co/aQo2luiTov"},{"public_metrics":{"retweet_count":8,"reply_count":2,"like_count":21,"quote_count":0},"created_at":"2021-09-17T21:00:54.000Z","id":"1438971247791124487","text":"Find Green locals, candidates, state meetings, and more! As a grassroots party, the most important connection for you to make is with local Greens, progressives, and socialists! With just a core group you can start building a people-powered movement!\n\nhttps://t.co/fTKEhOK6D6 https://t.co/WRXaxt8Ewx"},{"public_metrics":{"retweet_count":5,"reply_count":0,"like_count":18,"quote_count":1},"created_at":"2021-09-17T16:03:13.000Z","id":"1438896332379406343","text":"Don't miss Howie in his weekly #GreenSocialist podcast tomorrow! Howie will talk about current events and take viewer questions.\n\nSaturdays\n3 PM ET\n\nStreaming on Facebook, YouTube, Twitter, and Twitch! https://t.co/4CcfGkX6oB"},{"public_metrics":{"retweet_count":330,"reply_count":0,"like_count":0,"quote_count":0},"created_at":"2021-09-17T13:22:21.000Z","id":"1438855849955442689","text":"RT @XR_NYC: BREAKING: XR rebels at @BankofAmerica this morning - the world’s fourth worst banker of climate change - $198 billion poured in…"},{"public_metrics":{"retweet_count":0,"reply_count":0,"like_count":8,"quote_count":0},"created_at":"2021-09-17T12:02:01.000Z","id":"1438835631539593221","text":"It's $15 Friday! Can you donate today to help us build the #GreenSocialist movement into the 2020s!\n\nDonate at https://t.co/fkteyCH5z1 https://t.co/aMtsj4Yu5F"},{"public_metrics":{"retweet_count":2,"reply_count":0,"like_count":19,"quote_count":0},"created_at":"2021-09-16T21:00:54.000Z","id":"1438608857719349249","text":"Don't miss Howie in his weekly #GreenSocialist podcast this Saturday! Howie will talk about current events and take viewer questions.\n\nSaturdays\n3 PM ET\n\nStreaming on Facebook, YouTube, Twitter, and Twitch! https://t.co/xeOrafmqUL"},{"public_metrics":{"retweet_count":1,"reply_count":0,"like_count":11,"quote_count":1},"created_at":"2021-09-16T16:03:06.000Z","id":"1438533915547951105","text":"The main things that Greens and independent socialists need to be doing right now is organizing in their communities. We need to be building relationships and building power from the bottom-up. We have put together a page to help you get involved. \n\nhttps://t.co/30kBKmPv5r https://t.co/eXkvLyF9AC"},{"public_metrics":{"retweet_count":10,"reply_count":0,"like_count":0,"quote_count":0},"created_at":"2021-09-16T12:48:22.000Z","id":"1438484906909315079","text":"RT @dunleamark: Progressive groups call for Puerto Rico Fiscal Control Board to be abolished https://t.co/1gHlMZEWia"},{"public_metrics":{"retweet_count":6,"reply_count":0,"like_count":0,"quote_count":0},"created_at":"2021-09-16T12:33:00.000Z","id":"1438481039589007362","text":"RT @dunleamark: While many assume that the coal era has ended, coal was 3rd largest energy source for U.S. electricity generation in 2020—a…"},{"public_metrics":{"retweet_count":6,"reply_count":0,"like_count":16,"quote_count":1},"created_at":"2021-09-16T12:02:01.000Z","id":"1438473245573980163","text":"Sneak Peak! Check out Howie's latest article, out tomorrow on CounterPunch a day early!\n\nhttps://t.co/nYlCL9PWPa https://t.co/eTaeMVVvg3"},{"public_metrics":{"retweet_count":4,"reply_count":0,"like_count":0,"quote_count":0},"created_at":"2021-09-16T00:35:53.000Z","id":"1438300574307520514","text":"RT @dunleamark: Lindsay Koshgarian of the National Priorities Project will give a talk about Militarism, Climate Change and the Existential…"}],"meta":{"oldest_id":"1438300574307520514","newest_id":"1443319905051365383","result_count":71}}