{"data":[{"public_metrics":{"retweet_count":5,"reply_count":5,"like_count":62,"quote_count":0},"id":"1426313609970335751","text":"@Martin_Indyk So, you are saying that you had what you considered to be an easy opportunity to broker peace between Israel and 5 Muslim nations but you rejected that path because you were only interested in resolving the I-P conflict? That’s an interesting admission.","created_at":"2021-08-13T22:43:58.000Z"},{"public_metrics":{"retweet_count":325,"reply_count":104,"like_count":1376,"quote_count":13},"id":"1426288020337090561","text":"If it was such “low hanging fruit” why didn’t you do it? https://t.co/PVliBetpIb","created_at":"2021-08-13T21:02:17.000Z"},{"public_metrics":{"retweet_count":9,"reply_count":4,"like_count":89,"quote_count":2},"id":"1426262551634055168","text":"After this announcement, we all burst into spontaneous applause for what seemed like a very long time. For those of us within the tiny group working this file in secrecy for months, the emotional release was palpable.\nhttps://t.co/XQfp9imJ1L via @YouTube","created_at":"2021-08-13T19:21:05.000Z"},{"public_metrics":{"retweet_count":140,"reply_count":21,"like_count":975,"quote_count":9},"id":"1426033399513427970","text":"A year ago today I stood in the Oval Office with some wonderful colleagues as Pres. Trump, PM Netanyahu and CP Mohammed bin Zayed spoke to confirm the first of the Abraham Accords between Israel and UAE &amp; I was given the honor to explain their meaning. A day I will never forget!","created_at":"2021-08-13T04:10:31.000Z"},{"public_metrics":{"retweet_count":29,"reply_count":12,"like_count":153,"quote_count":3},"id":"1425642355705720832","text":"Hard to imagine a more venal anti-Israel piece than this drivel. Only in Beinart’s bizarre and upside-down worldview is Israel’s nuclear status relevant to US policy on Iran. https://t.co/JBg2a7OcK4","created_at":"2021-08-12T02:16:39.000Z"},{"public_metrics":{"retweet_count":41,"reply_count":9,"like_count":111,"quote_count":3},"id":"1425300029074456582","text":"As I have said and written, this would be illegal, immoral, senseless and a diplomatic step backwards. https://t.co/GsPs363E88","created_at":"2021-08-11T03:36:22.000Z"},{"public_metrics":{"retweet_count":3,"reply_count":2,"like_count":39,"quote_count":0},"id":"1425153335573860352","text":"Ancient peoples restoring ties. https://t.co/b5Kjc7hBc5","created_at":"2021-08-10T17:53:27.000Z"},{"public_metrics":{"retweet_count":11,"reply_count":1,"like_count":60,"quote_count":0},"id":"1424458601150701578","text":"Would have loved to be in the room but knowing both leaders well I’m sure it was a very warm and productive discussion. Congrats to President @Isaac_Herzog and Sheikh Abdullah! https://t.co/YmvM2Os4Dy","created_at":"2021-08-08T19:52:50.000Z"},{"public_metrics":{"retweet_count":0,"reply_count":2,"like_count":26,"quote_count":0},"id":"1424456967528099840","text":"Two of my favorites. https://t.co/i8jotKgXew","created_at":"2021-08-08T19:46:20.000Z"},{"public_metrics":{"retweet_count":6,"reply_count":1,"like_count":26,"quote_count":0},"id":"1422563306909405189","text":"Here’s a 21st Century method to direct aid to people in need and track the results. Let’s stop throwing out money and funding terrorists. Being compassionate isn’t enough — we have to be smart! https://t.co/KeDES8D5J6","created_at":"2021-08-03T14:21:36.000Z"},{"public_metrics":{"retweet_count":145,"reply_count":35,"like_count":416,"quote_count":18},"id":"1421945208200126464","text":"This was yesterday — in Brooklyn, home to almost 1 million Jews. It’s a venal and racist message against the Jewish people and the only Jewish state, celebrating the murder of thousands of Israelis (some also American). Who is standing with the Jewish people against this outrage? https://t.co/BKOmU5J0SY","created_at":"2021-08-01T21:25:30.000Z"}],"meta":{"oldest_id":"1421945208200126464","newest_id":"1426313609970335751","result_count":11}}