{"data":[{"created_at":"2021-11-29T19:12:24.000Z","public_metrics":{"retweet_count":7,"reply_count":2,"like_count":58,"quote_count":0},"text":"Best of luck Tom. Wishing you much success! https://t.co/XJORa8MaWk","id":"1465398254426804229"},{"created_at":"2021-11-25T12:48:21.000Z","public_metrics":{"retweet_count":3,"reply_count":0,"like_count":34,"quote_count":0},"text":"Congratulations Ambassador (Mike)! We are all thankful that you are on board. https://t.co/xC8QkowpHs","id":"1463852053369921541"},{"created_at":"2021-11-24T15:25:22.000Z","public_metrics":{"retweet_count":50,"reply_count":11,"like_count":347,"quote_count":7},"text":"Opened our office in Florida today. First item hung on the wall? The original resolution of the State of Florida recognizing Jerusalem as the capital of Israel. Thank you @GovRonDeSantis for your leadership on Israel and for making Florida such a great place to live and work! https://t.co/sGLSgklupt","id":"1463529180772114434"},{"created_at":"2021-11-22T23:38:37.000Z","public_metrics":{"retweet_count":54,"reply_count":4,"like_count":259,"quote_count":5},"text":"Fascinating article. The Dubai-Tel Aviv route now has more flights than any other city pairing with Tel Aviv. That didn’t take very long!\nhttps://t.co/NwFKtkid1D","id":"1462928537279729665"},{"created_at":"2021-11-22T00:52:26.000Z","public_metrics":{"retweet_count":133,"reply_count":35,"like_count":338,"quote_count":9},"text":"This crowd of Palestinians in East Jerusalem is celebrating the murder by a Hamas terrorist of a 26 year-old Jewish man about to be married. No condemnation from Pal leadership. President Biden, do you still think the US needs to open a consulate to engage with these folks? https://t.co/P20JuHkfiU","id":"1462584726447919104"},{"created_at":"2021-11-22T00:41:36.000Z","public_metrics":{"retweet_count":12,"reply_count":3,"like_count":79,"quote_count":0},"text":"Terror Victim's Fiancé: He was the strongest, most caring person\nhttps://t.co/W1qPffybNY","id":"1462581996262236163"},{"created_at":"2021-11-21T14:48:55.000Z","public_metrics":{"retweet_count":28,"reply_count":3,"like_count":193,"quote_count":0},"text":"Praying for a full recovery for the three wounded today by gunshots from a Hamas terrorist at the entrance to the Western Wall. Credit the Israeli police for terminating the threat before more damage was done.","id":"1462432845201350657"},{"created_at":"2021-11-21T14:43:11.000Z","public_metrics":{"retweet_count":43,"reply_count":8,"like_count":334,"quote_count":1},"text":"Deepest condolences to the family of Eliyahu Kaye, a new immigrant from South Africa and a dedicated employee of the Western Wall Heritage Foundation. On his way to work, Eliyahu was killed by a Hamas terrorist. His sacrifice for the Jewish State will not be forgotten.","id":"1462431399747670020"},{"created_at":"2021-11-17T15:21:02.000Z","public_metrics":{"retweet_count":178,"reply_count":24,"like_count":769,"quote_count":8},"text":"Something you don’t see every day and no one expected to see before the Abraham Accords. https://t.co/gcpgS9GGmq","id":"1460991377341362191"},{"created_at":"2021-11-16T16:07:16.000Z","public_metrics":{"retweet_count":1,"reply_count":0,"like_count":4,"quote_count":1},"text":"@mbrooksrjc יום הולדת שמח Matt!!","id":"1460640621958475783"}],"meta":{"oldest_id":"1460640621958475783","newest_id":"1465398254426804229","result_count":10}}