{"data":[{"text":"Our deepest sympathies to the families of those who lost their lives in the terrible traffic accident today in the Upper Galilee. Wishing a full recovery to the injured. Our prayers are with you.","id":"1443287868428984323","created_at":"2021-09-29T18:53:37.000Z","public_metrics":{"retweet_count":10,"reply_count":2,"like_count":126,"quote_count":1}},{"text":"It was a great honor to attend and address this “Sukkah of Peace” in the presence of so many Jewish and Arab friends.\nhttps://t.co/y5ML5ucknc","id":"1443170666396651525","created_at":"2021-09-29T11:07:54.000Z","public_metrics":{"retweet_count":6,"reply_count":2,"like_count":40,"quote_count":1}},{"text":"@NTarnopolsky @KellyannePolls So unless I spend all my time canvassing the internet and calling out every untruth (would need more than 24 hours per day), I am disqualified from objecting when the 2nd highest ranking American official nods and approves when Israel is accused of genocide?","id":"1443165676265422855","created_at":"2021-09-29T10:48:04.000Z","public_metrics":{"retweet_count":1,"reply_count":3,"like_count":32,"quote_count":1}},{"text":"Shameful. There is truth and their are lies. No one is entitled to their personal truth. This attack on Israel is simply a lie and VPOTUS should have called that out.\nhttps://t.co/leLOO5C6Cs #FoxNews","id":"1443154586714492933","created_at":"2021-09-29T10:04:00.000Z","public_metrics":{"retweet_count":161,"reply_count":147,"like_count":447,"quote_count":29}},{"text":"Can’t wait to visit @expo2020dubai. Well before the Abraham Accords, I worked closely with Yoav Horowitz, PM Netanyahu’s Chief of Staff, to help secure Israel’s invitation to this incredible event. Israel’s warm acceptance then by UAE gave me great optimism for the future. https://t.co/eI6fXuySwu","id":"1442142749327826949","created_at":"2021-09-26T15:03:19.000Z","public_metrics":{"retweet_count":26,"reply_count":4,"like_count":120,"quote_count":1}},{"text":"Urging the Biden Administration to jump on this opportunity. The US can play a pivotal role to moving Iraq into the Circle of Peace.\nhttps://t.co/Qt5d8DnHbt","id":"1441815646296150019","created_at":"2021-09-25T17:23:32.000Z","public_metrics":{"retweet_count":43,"reply_count":11,"like_count":203,"quote_count":2}},{"text":"A brilliant first cause to promote by the Abraham Accords Countries. https://t.co/3KY9xWvaz7","id":"1440638181272010758","created_at":"2021-09-22T11:24:42.000Z","public_metrics":{"retweet_count":40,"reply_count":4,"like_count":175,"quote_count":1}},{"text":"A great privilege to attend the traditional Birkat Kohanim today at the Kotel on the first intermediate day of Sukkot and to join in blessing the Nation of Israel. May God bless you and protect you and grant you peace. https://t.co/PNcTDlaV8J","id":"1440606915063517195","created_at":"2021-09-22T09:20:28.000Z","public_metrics":{"retweet_count":20,"reply_count":8,"like_count":311,"quote_count":0}},{"text":"Well said. https://t.co/l0Z3b0Ebb4","id":"1440595213064368135","created_at":"2021-09-22T08:33:58.000Z","public_metrics":{"retweet_count":42,"reply_count":2,"like_count":277,"quote_count":3}},{"text":"Kudos to Congressman Torres. An independent thinker who demonstrates that being progressive need not mean being anti-Israel. Your support for Israel is deeply appreciated, even among those on the right. https://t.co/wI82kfZxt9","id":"1440585366319165444","created_at":"2021-09-22T07:54:50.000Z","public_metrics":{"retweet_count":4,"reply_count":1,"like_count":48,"quote_count":1}},{"text":"Anyone lamenting the loss of Palestinian life when Hamas attacks Israel while opposing US funding for Iron Dome is a shameless hypocrite https://t.co/9KdSBUPm7C","id":"1440413689576771586","created_at":"2021-09-21T20:32:39.000Z","public_metrics":{"retweet_count":10,"reply_count":3,"like_count":43,"quote_count":1}},{"text":"Some last minute cosmetic changes inspired by the family — Happy Sukkot to all! https://t.co/LmZ8pGy2Hi","id":"1439964170854748160","created_at":"2021-09-20T14:46:26.000Z","public_metrics":{"retweet_count":16,"reply_count":17,"like_count":358,"quote_count":1}},{"text":"May we all share a tabernacle of peace! Wishing all a beautiful festival of Sukkot — Chag Sameach.                           ופרוש עלינו סוכת שלומיך — חג שמח https://t.co/ynSLmbf92R","id":"1439911323412963333","created_at":"2021-09-20T11:16:26.000Z","public_metrics":{"retweet_count":22,"reply_count":2,"like_count":207,"quote_count":1}},{"text":"RT @AmbassadorNaeh: Following ⁦⁦@etihad⁩, ⁦@wizzair⁩  Abu Dhabi, ⁦@emirates⁩ ⁦@GulfAir- ⁩ now ⁦@EGYPTAIR⁩  also opens flights to Tel Aviv.…","id":"1439684024356806658","created_at":"2021-09-19T20:13:14.000Z","public_metrics":{"retweet_count":56,"reply_count":0,"like_count":0,"quote_count":0}},{"text":"@MorganOrtagus Morgan, I make that face when I AM going to a Gala.","id":"1439582616492064776","created_at":"2021-09-19T13:30:16.000Z","public_metrics":{"retweet_count":0,"reply_count":1,"like_count":20,"quote_count":0}},{"text":"Well done Johnnie. I join in your prayers and your observations. https://t.co/KeitWer3TE","id":"1439318961733124099","created_at":"2021-09-18T20:02:36.000Z","public_metrics":{"retweet_count":1,"reply_count":3,"like_count":34,"quote_count":0}},{"text":"The pomegranate, in the Jewish faith, is a symbol of righteousness, justice and wisdom. It is said to have 613 seeds corresponding to the commandments in the Torah. From the pomegranate tree on my terrace in Jerusalem I wish you all a Shabbat Shalom! https://t.co/idyT5UEdmE","id":"1438864620152885260","created_at":"2021-09-17T13:57:12.000Z","public_metrics":{"retweet_count":59,"reply_count":92,"like_count":545,"quote_count":4}}],"meta":{"oldest_id":"1438864620152885260","newest_id":"1443287868428984323","result_count":17}}