{"data":[{"public_metrics":{"retweet_count":3,"reply_count":0,"like_count":39,"quote_count":0},"text":"Edna, you are one of a kind! A unique example of what makes the Israeli people so amazing! https://t.co/19GxtoMfbP","id":"1432036552809586698","created_at":"2021-08-29T17:44:54.000Z"},{"public_metrics":{"retweet_count":12,"reply_count":2,"like_count":36,"quote_count":0},"text":"Stated plan — protect our troops and bring them home. Result — most soldiers lost in a decade. As they say in Latin, res ipsa loquitor — the action itself reveals the fault. https://t.co/SjRj4cvciA","id":"1431038438023835651","created_at":"2021-08-26T23:38:45.000Z"},{"public_metrics":{"retweet_count":2,"reply_count":1,"like_count":18,"quote_count":0},"text":"Typo — non-combatant evacuation operation","id":"1431004567831986180","created_at":"2021-08-26T21:24:10.000Z"},{"public_metrics":{"retweet_count":22,"reply_count":3,"like_count":77,"quote_count":0},"text":"Many US Embassies in the Middle East routinely game out a “NEO” — a non-combatant emergency operation — to protect Americans in the event of a crisis. It’s routine and one would think it would be practiced frequently in a place as dangerous as Afghanistan. How could this happen?","id":"1431003876195545092","created_at":"2021-08-26T21:21:25.000Z"},{"public_metrics":{"retweet_count":23,"reply_count":7,"like_count":110,"quote_count":2},"text":"I highly doubt you have the balls to deliver this message to the families of our beloved US soldiers who were just murdered — FYI an event that has not occurred in Afghanistan for 20 months — not daily!! If you gained 50 points of IQ you might reach stupid. https://t.co/dPQWNUYcCt","id":"1430973355918770177","created_at":"2021-08-26T19:20:08.000Z"},{"public_metrics":{"retweet_count":8,"reply_count":0,"like_count":55,"quote_count":0},"text":"We were the only ones to demand that the PA adopt basic societal freedoms as a condition of diplomatic progress. Left wing media rejected that view. Hopefully, they will now rethink.\nhttps://t.co/h9b5UAmdFm #FoxNews","id":"1430881045403082760","created_at":"2021-08-26T13:13:20.000Z"},{"public_metrics":{"retweet_count":6,"reply_count":6,"like_count":49,"quote_count":2},"text":"Feeling much better now that we have Canada on our side. https://t.co/mdHFQxK5Ey","id":"1430328330302132231","created_at":"2021-08-25T00:37:02.000Z"},{"public_metrics":{"retweet_count":4,"reply_count":0,"like_count":17,"quote_count":0},"text":"That’s very special Houda. https://t.co/oLGYgYUmhI","id":"1430323586468823042","created_at":"2021-08-25T00:18:11.000Z"},{"public_metrics":{"retweet_count":15,"reply_count":2,"like_count":49,"quote_count":0},"text":"So sad and pathetic https://t.co/WQAC6Zz30M","id":"1430318304565018624","created_at":"2021-08-24T23:57:12.000Z"},{"public_metrics":{"retweet_count":34,"reply_count":2,"like_count":119,"quote_count":0},"text":"When a homophobic misogynistic terror group makes a demand on the USA, the right answer, regardless of substance, always is “no!” When the demand has the effect of risking or ending the lives of our allies, the right answer always is “hell no!” Stunning betrayal by Pres. Biden.","id":"1430226906444673026","created_at":"2021-08-24T17:54:01.000Z"},{"public_metrics":{"retweet_count":34,"reply_count":4,"like_count":163,"quote_count":0},"text":"The whole point of having foreign embassies is to get real time data on the ground in each country. What was done here to the Embassy workers in Kabul is unconscionable.","id":"1429613402171842562","created_at":"2021-08-23T01:16:10.000Z"},{"public_metrics":{"retweet_count":51,"reply_count":7,"like_count":317,"quote_count":4},"text":"I am appalled by the disregard of decision makers in DC of the foreign service officers at Embassy Kabul. When I was a chief of mission, no decisions was made that affected my staff or US citizens in Israel without prior consultation with me and usually deference to my views.","id":"1429613100056072209","created_at":"2021-08-23T01:14:58.000Z"},{"public_metrics":{"retweet_count":5,"reply_count":2,"like_count":73,"quote_count":2},"text":"Congratulations and Mazal Tov to @AmbDaniDayan on your appointment  as Chairman of Yad Vashem. Always a critical position for the Jewish People, perhaps now more than ever. Wishing you great success and standing ready to assist in any way! https://t.co/iBPq9YFReY","id":"1429544638298435586","created_at":"2021-08-22T20:42:56.000Z"},{"public_metrics":{"retweet_count":15,"reply_count":1,"like_count":78,"quote_count":0},"text":"I would grade Biden’s speech using two metrics: 1) did the Taliban hear anything that would give them pause to end their barbarism; and 2) did Americans and allies still in Afghanistan hear anything to allay their fears? I didn’t hear anything but I hope I’m wrong.","id":"1428822316004282370","created_at":"2021-08-20T20:52:41.000Z"},{"public_metrics":{"retweet_count":2,"reply_count":0,"like_count":44,"quote_count":0},"text":"Not exactly Entebbe, however. This is a self-inflicted wound by Joe Biden.","id":"1428753451735977986","created_at":"2021-08-20T16:19:02.000Z"},{"public_metrics":{"retweet_count":32,"reply_count":15,"like_count":207,"quote_count":2},"text":"This is America’s Entebbe. The Biden Administration can deploy our brilliant special forces to save our fellow citizens and allies (and their children) that have been left behind, or it can continue to obfuscate, blame and hide. The moment of truth is right now. God help us all.","id":"1428745854047956998","created_at":"2021-08-20T15:48:51.000Z"},{"public_metrics":{"retweet_count":2,"reply_count":0,"like_count":23,"quote_count":0},"text":"@AviBerkow Even with the earpiece I bet you dominated!","id":"1428133826748944391","created_at":"2021-08-18T23:16:52.000Z"},{"public_metrics":{"retweet_count":15,"reply_count":1,"like_count":45,"quote_count":0},"text":"Get well soon Avigdor Kahalani! Many are praying for your swift recovery. https://t.co/YNdU0sETir","id":"1427731691586691072","created_at":"2021-08-17T20:38:55.000Z"},{"public_metrics":{"retweet_count":13,"reply_count":2,"like_count":68,"quote_count":0},"text":"I’ve seen grading on a curve but this is ridiculous. https://t.co/B9Gftg5Kho","id":"1427390435677380616","created_at":"2021-08-16T22:02:54.000Z"},{"public_metrics":{"retweet_count":12,"reply_count":2,"like_count":56,"quote_count":0},"text":"Hypocrisy is the Squad’s stock in trade. On full display here. https://t.co/Kz1Nelkdge","id":"1427271172119478274","created_at":"2021-08-16T14:08:59.000Z"},{"public_metrics":{"retweet_count":13,"reply_count":3,"like_count":87,"quote_count":0},"text":"Unfortunately, it’s that simple. https://t.co/9tOuMejo8x","id":"1427269275295920141","created_at":"2021-08-16T14:01:27.000Z"},{"public_metrics":{"retweet_count":141,"reply_count":20,"like_count":604,"quote_count":12},"text":"I shudder to think how this single scene has damaged America’s credibility as a world leader. Peace comes when America projects strength — not just military strength but also strength of values and purpose. Here, it has done just the opposite. I pray for all those left behind. https://t.co/4EFXlHBX8Y","id":"1427259252981252106","created_at":"2021-08-16T13:21:37.000Z"}],"meta":{"oldest_id":"1427259252981252106","newest_id":"1432036552809586698","result_count":22}}