{"data":[{"public_metrics":{"retweet_count":3,"reply_count":4,"like_count":37,"quote_count":0},"created_at":"2021-11-29T19:56:58.000Z","text":"Oh hi, friend here \uD83E\uDD2B https://t.co/G7qZQ51OOt","id":"1465409469328859139"},{"public_metrics":{"retweet_count":22,"reply_count":6,"like_count":80,"quote_count":7},"created_at":"2021-11-29T19:46:22.000Z","text":"This picture I took of dear Emirate friends @DrAlsarrah and @lalshareef taking part in @sharakango #Chanukah celebrations and candle lighting in #Dubai tonight, truly brought me to tears. \n\nIndeed, in the #AbrahamAccords, a great miracle happened here! https://t.co/BZuV2TXO6U","id":"1465406805119574023"},{"public_metrics":{"retweet_count":14,"reply_count":4,"like_count":99,"quote_count":2},"created_at":"2021-11-29T19:31:59.000Z","text":"Majid @DrAlsarrah is more than just a friend, he’s like a brother to me. Blessed to the #AbrahamAccords and @sharakango for bringing us together! \uD83C\uDDEE\uD83C\uDDF1 \uD83E\uDD1D \uD83C\uDDE6\uD83C\uDDEA https://t.co/11JasujAqB","id":"1465403183757471745"},{"public_metrics":{"retweet_count":11,"reply_count":3,"like_count":42,"quote_count":2},"created_at":"2021-11-29T19:23:15.000Z","text":"Just pure joy! This is what real peace, what the future looks like - #Israelis &amp; #Emirates coming together in #Dubai to celebrate #Chanukah!\n\n@tikunisrael @amitd441 @DanFeferman @DrAlsarrah @IsraelDubai @lalshareef @lightstonea @HSajwanization @benshapiro @michaldivon @LiorHaiat https://t.co/PPsMd4ehr3","id":"1465400984797073419"},{"public_metrics":{"retweet_count":7,"reply_count":3,"like_count":38,"quote_count":0},"created_at":"2021-11-29T19:15:43.000Z","text":"At the @sharakango #Chanukah event, @DrAlsarrah makes some very powerful remarks in honor of #UAE #MartyrsDay tomorrow. So beautiful to see Jews, Muslims, Israelis &amp; Emirates, come together in such solidarity! https://t.co/taXWW4LQ8g","id":"1465399091945512962"},{"public_metrics":{"retweet_count":8,"reply_count":3,"like_count":55,"quote_count":2},"created_at":"2021-11-29T19:11:45.000Z","text":"With the one, the only @lalshareef. Celebrating #Chanukah in #Dubai with @sharakango. https://t.co/98GDCyDZpl","id":"1465398092157620226"},{"public_metrics":{"retweet_count":4,"reply_count":0,"like_count":60,"quote_count":1},"created_at":"2021-11-29T19:07:34.000Z","text":"Cross that one of the bucket list: #Chanukah in #Dubai, like the one place you never have to worry about oil ever running out! Chag Sameach everyone! https://t.co/xuELjqVDKf","id":"1465397039378972679"},{"public_metrics":{"retweet_count":17,"reply_count":3,"like_count":63,"quote_count":0},"created_at":"2021-11-29T19:02:55.000Z","text":"What a joy to celebrate #Chanukah in #Dubai with the @sharakango family. Chanukah is the Festival of Lights and we really couldn’t ask for a better beacon of light and hope and promise of a better future, than the #AbrahamAccords! https://t.co/IlccCHQM46","id":"1465395868215955465"},{"public_metrics":{"retweet_count":4,"reply_count":0,"like_count":22,"quote_count":0},"created_at":"2021-11-29T15:30:14.000Z","text":"Ooh, @sharakango #Chanukah  goodies! What could it be … https://t.co/4liMR0oVEh","id":"1465342346036396037"},{"public_metrics":{"retweet_count":9,"reply_count":5,"like_count":36,"quote_count":0},"created_at":"2021-11-29T14:46:43.000Z","text":"Donuts? Check.\nDreidels? Check.\nChanukiah? Check.\n\nLet’s get this @sharakango #Chanukah party started in #Dubai! https://t.co/ZHNEQoRARd","id":"1465331395073556480"},{"public_metrics":{"retweet_count":13,"reply_count":3,"like_count":150,"quote_count":0},"created_at":"2021-11-29T14:25:27.000Z","text":"This is going to be a great night in Dubai! #Israel #UAE https://t.co/RewyPORPPZ","id":"1465326040486719490"},{"public_metrics":{"retweet_count":6,"reply_count":4,"like_count":46,"quote_count":1},"created_at":"2021-11-29T13:50:56.000Z","text":"While in #Dubai, I finally had the chance to purchase this book by @OmarSaifGhobash, the amazing Emirate writer and diplomat. Look forward very much to reading it! https://t.co/sqgTAKRMzE","id":"1465317355903455233"},{"public_metrics":{"retweet_count":3,"reply_count":0,"like_count":0,"quote_count":0},"created_at":"2021-11-29T13:33:24.000Z","text":"RT @michaeldickson: @Ostrov_A @sharakango @DrAlsarrah @amitd441 @kh_lorena @DanFeferman Two great people!!! \uD83C\uDDEE\uD83C\uDDF1 \uD83C\uDDE6\uD83C\uDDEA","id":"1465312941561901069"},{"public_metrics":{"retweet_count":0,"reply_count":1,"like_count":0,"quote_count":0},"created_at":"2021-11-29T13:17:04.000Z","text":"@miffno @glcarlstrom I’ve basically been training for this all my life! \uD83C\uDFC3\uD83C\uDFFE‍♂️ \uD83C\uDF69","id":"1465308834411560966"},{"public_metrics":{"retweet_count":10,"reply_count":1,"like_count":65,"quote_count":2},"created_at":"2021-11-29T12:56:40.000Z","text":"Wow, the @BurjKhalifa is just even more breathtaking and stunning in person! #Dubai \uD83C\uDDE6\uD83C\uDDEA \uD83C\uDFD9 https://t.co/rBU01BmIrx","id":"1465303700965056517"},{"public_metrics":{"retweet_count":2,"reply_count":4,"like_count":43,"quote_count":0},"created_at":"2021-11-29T12:25:29.000Z","text":"Does anyone know how to get out of #Dubai Mall? Asking for friend (who may or may not be me) \uD83D\uDE09 https://t.co/qcrQ0ao5du","id":"1465295852273033222"},{"public_metrics":{"retweet_count":2,"reply_count":1,"like_count":26,"quote_count":1},"created_at":"2021-11-29T11:14:31.000Z","text":"The food in #Dubai? Very cool. Love it. https://t.co/3w4P7HDueL","id":"1465277994071732228"},{"public_metrics":{"retweet_count":33,"reply_count":15,"like_count":300,"quote_count":3},"created_at":"2021-11-29T11:00:17.000Z","text":"He was the first Emirate I met in Jerusalem when he came to Israel with @sharakango last year. Today, @DrAlsarrah was the first Emirate to greet me in Dubai, when I arrived to UAE. This is peace, this is the future, this is #SharakaFamily! \uD83C\uDDEE\uD83C\uDDF1 \uD83C\uDDE6\uD83C\uDDEA https://t.co/va09vs5mqH","id":"1465274408679919620"},{"public_metrics":{"retweet_count":6,"reply_count":0,"like_count":0,"quote_count":0},"created_at":"2021-11-29T10:19:30.000Z","text":"RT @IsraelDubai: Shalom!","id":"1465264146258223105"},{"public_metrics":{"retweet_count":0,"reply_count":2,"like_count":4,"quote_count":0},"created_at":"2021-11-29T10:19:03.000Z","text":"@AD_GQ It’s a beautiful place! What’s not to \uD83D\uDE03 about!","id":"1465264035331465216"},{"public_metrics":{"retweet_count":31,"reply_count":0,"like_count":0,"quote_count":0},"created_at":"2021-11-29T10:18:12.000Z","text":"RT @HSajwanization: Just 2 years ago, it was a dream for millions of Israelis to visit the UAE, today it’s a reality…welcome to my country…","id":"1465263819404587011"},{"public_metrics":{"retweet_count":28,"reply_count":22,"like_count":395,"quote_count":7},"created_at":"2021-11-29T08:36:25.000Z","text":"Shalom &amp; Marhaba #Dubai! What a dream come true to finally visit #UAE from #Israel! \uD83C\uDDEE\uD83C\uDDF1 ❤️ \uD83C\uDDE6\uD83C\uDDEA https://t.co/EaXg5Qnf8C","id":"1465238206564208648"},{"public_metrics":{"retweet_count":10,"reply_count":42,"like_count":173,"quote_count":6},"created_at":"2021-11-29T07:50:21.000Z","text":"Guess where I am? https://t.co/NBd7aG8CgC","id":"1465226611729514503"},{"public_metrics":{"retweet_count":7,"reply_count":7,"like_count":55,"quote_count":1},"created_at":"2021-11-28T22:03:58.000Z","text":"Entering a brave new world! Wish me luck! #Israel #CoronaTravel #WhereAmIGoing … https://t.co/304p3UczAf","id":"1465079043590610947"},{"public_metrics":{"retweet_count":7,"reply_count":4,"like_count":30,"quote_count":0},"created_at":"2021-11-28T22:00:21.000Z","text":"Lighting #Chanukah candle at Hebron shrine, #Israel’s President @Isaac_Herzog says Jewish connection is ‘unquestionable’.\n\nhttps://t.co/cRLnSRX2GK","id":"1465078132969549827"},{"public_metrics":{"retweet_count":61,"reply_count":17,"like_count":283,"quote_count":11},"created_at":"2021-11-28T21:56:29.000Z","text":"This really was a beautiful #Chanukah video and message from British PM @BorisJohnson. https://t.co/7RWWAeqWWS","id":"1465077162361466881"},{"public_metrics":{"retweet_count":6,"reply_count":2,"like_count":22,"quote_count":0},"created_at":"2021-11-28T21:51:32.000Z","text":"A debate 2,000+ years in the making! For the record, I spell it: #Chanukah https://t.co/teF6f7PQiw","id":"1465075914950287368"},{"public_metrics":{"retweet_count":13,"reply_count":6,"like_count":154,"quote_count":0},"created_at":"2021-11-28T21:49:03.000Z","text":"Found the perfect #Chanukah tie! https://t.co/gtKFhUSOIy","id":"1465075288061194241"},{"public_metrics":{"retweet_count":3,"reply_count":4,"like_count":16,"quote_count":0},"created_at":"2021-11-28T21:25:34.000Z","text":"Good. Sooner or later, @Unilever will understand that acquiescing to @benandjerrys boycott of #Israel will come at an unbearable price! https://t.co/Dc4fU0RZ8m","id":"1465069380170096643"},{"public_metrics":{"retweet_count":217,"reply_count":0,"like_count":0,"quote_count":0},"created_at":"2021-11-28T21:22:20.000Z","text":"RT @naftalibennett: The lights of Hanukkah didn’t just burn for 8 nights… \nThey’ve been burning for 2,000 years. \n\n#HappyHannukah https://t…","id":"1465068567926353927"},{"public_metrics":{"retweet_count":7,"reply_count":3,"like_count":53,"quote_count":0},"created_at":"2021-11-28T21:21:52.000Z","text":"Always great to see my friend @michaeldickson’s book #ISRESILIENCE on the book shelves! \uD83D\uDCAA \uD83C\uDDEE\uD83C\uDDF1 https://t.co/nyvhkL6TAo","id":"1465068448820699143"},{"public_metrics":{"retweet_count":3,"reply_count":0,"like_count":30,"quote_count":0},"created_at":"2021-11-28T20:19:56.000Z","text":"Yes, this is a real GIF! #Chanukah https://t.co/ZYkrvmtr3A","id":"1465052861025370112"},{"public_metrics":{"retweet_count":6,"reply_count":1,"like_count":40,"quote_count":0},"created_at":"2021-11-28T20:18:28.000Z","text":"I do love the irony of #Europeans wishing Jews Happy #Chanukah.\n\nChanukah tells the story of the miraculous victory of the Maccabee Jews and their rededication of the 2nd Temple in #Jerusalem 2,000 years ago. Same Jerusalem these EU leaders deny is #Israel’s capital today. https://t.co/XKs5zOUKTB","id":"1465052491872096262"},{"public_metrics":{"retweet_count":0,"reply_count":0,"like_count":1,"quote_count":0},"created_at":"2021-11-28T20:15:25.000Z","text":"@SussexFriends And to you mate!","id":"1465051726063538177"},{"public_metrics":{"retweet_count":3,"reply_count":2,"like_count":34,"quote_count":0},"created_at":"2021-11-28T19:59:37.000Z","text":"When all is said and done, I will take a plain donut and jam any day, over the fancy ones! #Chanukah #ChooseYourDonut https://t.co/ZJG13de5uw","id":"1465047748911185927"},{"public_metrics":{"retweet_count":26,"reply_count":2,"like_count":137,"quote_count":2},"created_at":"2021-11-28T19:45:53.000Z","text":"Beautiful! #Chanukah #AbrahamAccords https://t.co/s7X0Djva6N","id":"1465044292397842435"},{"public_metrics":{"retweet_count":7,"reply_count":6,"like_count":107,"quote_count":0},"created_at":"2021-11-28T19:34:40.000Z","text":"There is nothing more beautiful than seeing your wife + daughter lighting the #Chanukah candles together! https://t.co/Io8L1Yso5v","id":"1465041469224464395"},{"public_metrics":{"retweet_count":0,"reply_count":1,"like_count":6,"quote_count":0},"created_at":"2021-11-28T19:24:37.000Z","text":"@DrAlsarrah @sharakango @HayekAmir @HananyaNaftali @GonenYonatan Wow, what a memory! May you continue to be a beacon of light, hope and the Abraham Accords!","id":"1465038943397818375"},{"public_metrics":{"retweet_count":99,"reply_count":28,"like_count":711,"quote_count":13},"created_at":"2021-11-28T19:02:03.000Z","text":"We survived and outlived them all - and today, we have a thriving, sovereign Jewish nation, with an impeccable army ... while all those who sought our destruction, are in the dustbin of history! #Israel #Chanukah https://t.co/wn5HaMVEPX","id":"1465033264704495619"},{"public_metrics":{"retweet_count":7,"reply_count":0,"like_count":0,"quote_count":0},"created_at":"2021-11-28T18:53:08.000Z","text":"RT @thejpc: And it requires strength of purpose and strength of identity for light and good to flourish. #Chanukah reminds us that we have…","id":"1465031020227477513"},{"public_metrics":{"retweet_count":350,"reply_count":0,"like_count":0,"quote_count":0},"created_at":"2021-11-28T17:21:21.000Z","text":"RT @Isaac_Herzog: אחי ואחיותיי, גם היום, עם כל המורכבות, ואינני מתעלם לרגע מהמורכבות – הזיקה ההיסטורית של העם היהודי לחברון, למערת המכפלה,…","id":"1465007922853908482"},{"public_metrics":{"retweet_count":709,"reply_count":0,"like_count":0,"quote_count":0},"created_at":"2021-11-28T17:21:14.000Z","text":"RT @naftalibennett: תודה לך חברי היקר @narendramodi \nשולחים לך ברכת אור מבירתנו ירושלים!\n\nThank you my dear friend @narendramodi! Together,…","id":"1465007892629762051"},{"public_metrics":{"retweet_count":3231,"reply_count":0,"like_count":0,"quote_count":0},"created_at":"2021-11-28T17:16:03.000Z","text":"RT @JoeBiden: Jill and I send our warmest wishes to everyone celebrating Hanukkah in the United States and around the world. May this festi…","id":"1465006588914245636"},{"public_metrics":{"retweet_count":37,"reply_count":10,"like_count":259,"quote_count":1},"created_at":"2021-11-28T16:51:11.000Z","text":"Bravo to President @Isaac_Herzog for choosing to light the first #Chanukah candle at the Cave of the Patriarchs, one of the holiest sites in Israel and Judaism!\n\nhttps://t.co/uZUT00VRWR","id":"1465000327472717834"},{"public_metrics":{"retweet_count":10,"reply_count":2,"like_count":59,"quote_count":1},"created_at":"2021-11-28T16:10:24.000Z","text":"Going home. But first, stopping to pick up a very important delivery! #Chanukah https://t.co/8hTrOYhAOe","id":"1464990064467980289"},{"public_metrics":{"retweet_count":6,"reply_count":3,"like_count":100,"quote_count":0},"created_at":"2021-11-28T15:52:14.000Z","text":"Love the legendary Azrieli Towers in Tel Aviv at night! https://t.co/ycVLpYdjqA","id":"1464985491871350794"},{"public_metrics":{"retweet_count":1,"reply_count":2,"like_count":6,"quote_count":0},"created_at":"2021-11-28T15:07:26.000Z","text":"With a new government taking shape in #Germany, some astute analysis here by @SachaStawski on the ground, how this will impact \uD83C\uDDEE\uD83C\uDDF1 \uD83C\uDDE9\uD83C\uDDEA relations and the local Jewish community.\n\nhttps://t.co/VZF0CPagER","id":"1464974220086108166"},{"public_metrics":{"retweet_count":15,"reply_count":0,"like_count":0,"quote_count":0},"created_at":"2021-11-28T15:05:19.000Z","text":"RT @Jerusalem_Post: Ahead of the resumption of Iran nuclear talks, Israel’s military is continuing to drill for war and develop its ability…","id":"1464973688193835014"},{"public_metrics":{"retweet_count":1,"reply_count":2,"like_count":6,"quote_count":0},"created_at":"2021-11-28T14:55:32.000Z","text":"She’s absolutely right! @CotlerWunsh on the devastating impact of #Coronavirus #Omicron on Olim in #Israel, when she says we and our immediate loved ones are not mere “tourists.”\n\nhttps://t.co/ugkOXazbLW","id":"1464971226498183176"},{"public_metrics":{"retweet_count":105,"reply_count":13,"like_count":620,"quote_count":8},"created_at":"2021-11-28T14:21:40.000Z","text":"Light will always triumph over darkness and good will defeat evil. This a jarring, powerful, inspiring image of #Chanukah  from Nazi Germany. https://t.co/Y4KiJjCBAz","id":"1464962702909059079"},{"public_metrics":{"retweet_count":7,"reply_count":3,"like_count":158,"quote_count":3},"created_at":"2021-11-28T14:07:09.000Z","text":"Oh #Jerusalem, how I adore you! https://t.co/yzOvqgIN4q","id":"1464959047984103426"},{"public_metrics":{"retweet_count":1,"reply_count":1,"like_count":14,"quote_count":0},"created_at":"2021-11-28T14:05:16.000Z","text":"\uD83D\uDC47\uD83D\uDC47\uD83D\uDC47 https://t.co/Zhu7bBe8S5","id":"1464958576523366400"},{"public_metrics":{"retweet_count":2,"reply_count":1,"like_count":16,"quote_count":0},"created_at":"2021-11-28T13:58:57.000Z","text":"What an amazing inspiration, what a champion! #RunInAbuDhabi @AbuDhabiSC @JustineZwerling https://t.co/v3g5MIygYs","id":"1464956986299199496"},{"public_metrics":{"retweet_count":3,"reply_count":0,"like_count":0,"quote_count":0},"created_at":"2021-11-28T11:27:32.000Z","text":"RT @NBNInstitute: For each night of #Hanukkah, we will be “shining a light” on Olim who have overcome immense challenges and made significa…","id":"1464918881898840064"},{"public_metrics":{"retweet_count":10,"reply_count":2,"like_count":51,"quote_count":3},"created_at":"2021-11-28T10:38:59.000Z","text":"Bravo Ritchie! @RepRitchie Torres asks SEC to review @Unilever filings over @benandjerrys #Israel boycott\n\nhttps://t.co/ssQakRhuGF","id":"1464906661370515456"},{"public_metrics":{"retweet_count":16,"reply_count":4,"like_count":73,"quote_count":2},"created_at":"2021-11-28T06:07:52.000Z","text":"Except Israel only targets military sites under international law, whereas Iran, which openly declares its intention to annihilate the Jews state, targets purely civilian infrastructure. \n\nBut never mind, just the @nytimes … https://t.co/oZcG47kfBo","id":"1464838435185872898"},{"public_metrics":{"retweet_count":2,"reply_count":0,"like_count":7,"quote_count":1},"created_at":"2021-11-28T04:55:53.000Z","text":"The @Jerusalem_Post summary of #Israel’s new #Coronavirus travel restrictions, in response to #Omicron strand:\n\nhttps://t.co/jIEEy5EKd4","id":"1464820316157452288"},{"public_metrics":{"retweet_count":11,"reply_count":4,"like_count":43,"quote_count":4},"created_at":"2021-11-28T04:43:45.000Z","text":"They’re *ALL* #Xi variants! #Omicron #coronavirus \n\nhttps://t.co/0Guv5lTXnn","id":"1464817266156089346"},{"public_metrics":{"retweet_count":45,"reply_count":10,"like_count":287,"quote_count":1},"created_at":"2021-11-28T03:43:04.000Z","text":"With all this madness around us, I think we could all use some #Chanukah light! https://t.co/0WYIkHmUqX","id":"1464801994514780160"},{"public_metrics":{"retweet_count":9,"reply_count":6,"like_count":12,"quote_count":0},"created_at":"2021-11-28T01:57:17.000Z","text":"#BREAKING: Israel pushing hard against #Omnicron variant. Looks like closing entry to foreigners / tourists for 2 weeks, with all returning Israelis having to quarantine at least 3 days.\n\nhttps://t.co/NWvZ2K0QA7","id":"1464775371262472192"},{"public_metrics":{"retweet_count":34,"reply_count":11,"like_count":86,"quote_count":0},"created_at":"2021-11-27T20:54:16.000Z","text":"There is literally another regime state sponsored and led massacre happening of #Iranian people in #Isfahan, and all the #Biden Administration can muster is “deep concern”? How pitiful. How about actually doing something? https://t.co/kYZ5rvfvsT https://t.co/BbknQr4jRD","id":"1464699114185240594"},{"public_metrics":{"retweet_count":10,"reply_count":2,"like_count":36,"quote_count":0},"created_at":"2021-11-27T20:47:55.000Z","text":"We can’t wait to welcome #MissSA2021 @Lalela_lali to #Israel for #MissUniverse2021!\n\n@Official_MissSA #SouthAfrica \uD83C\uDDFF\uD83C\uDDE6 ❤️ \uD83C\uDDEE\uD83C\uDDF1 https://t.co/Y1EfTsafWb","id":"1464697518562975751"},{"public_metrics":{"retweet_count":4,"reply_count":3,"like_count":26,"quote_count":0},"created_at":"2021-11-27T20:45:26.000Z","text":"In all likelihood, it’s a severe understatement this guy actually knows anything about Iran of foreign policy, beyond his deep seated hatred of Netanyahu and Trump. https://t.co/BubuRtIEMJ","id":"1464696890944073733"},{"public_metrics":{"retweet_count":10,"reply_count":3,"like_count":18,"quote_count":0},"created_at":"2021-11-27T18:37:22.000Z","text":"Their 'concern' is nice and all, but how about doing something meaningful in response, to show solidarity with the people of #Iran and hold their regime accountable? https://t.co/fUx7YgUT80","id":"1464664664185446401"},{"public_metrics":{"retweet_count":8,"reply_count":3,"like_count":42,"quote_count":0},"created_at":"2021-11-27T18:23:38.000Z","text":"And yet the United States continues to pursue a nuclear deal with Iran unabated. What are YOU doing to stand with the people of Iran and hold the regime accountable. Your tweets are nice, but ... https://t.co/8Wai2MrLCA","id":"1464661208548712449"},{"public_metrics":{"retweet_count":75,"reply_count":0,"like_count":0,"quote_count":0},"created_at":"2021-11-27T18:09:43.000Z","text":"RT @AmichaiStein1: #BREAKING: Israel's Covid 19 cabinet will vote tonight on not allowing foreigners to enter Israel for the next 2 weeks","id":"1464657705189191683"},{"public_metrics":{"retweet_count":14,"reply_count":0,"like_count":0,"quote_count":0},"created_at":"2021-11-27T16:43:07.000Z","text":"RT @DanielGordis: Well, @PeterBeinart, the poll shows that 33.7% favor a one state solution and 33.1% favor continued armed resistance. So…","id":"1464635913091395587"},{"public_metrics":{"retweet_count":5,"reply_count":0,"like_count":22,"quote_count":2},"created_at":"2021-11-27T15:15:31.000Z","text":"I agree entirely with this opinion piece, that Member of Knesset @rutilande is one of the best and most effective spokespeople for #Israel.\n\nhttps://t.co/naRhmt2e5H","id":"1464613864780308509"},{"public_metrics":{"retweet_count":19,"reply_count":0,"like_count":0,"quote_count":0},"created_at":"2021-11-27T15:11:09.000Z","text":"RT @SaraHirschhorn1: Next time you note #Israel has nuclear capabilities, you might also note that #Iran and many other regimes continue to…","id":"1464612765776191492"},{"public_metrics":{"retweet_count":4,"reply_count":0,"like_count":8,"quote_count":0},"created_at":"2021-11-27T15:09:25.000Z","text":"Some very impressive forward-thinking and long-term reforms here by #UAE. \n\nhttps://t.co/b7YkGohz9w","id":"1464612332861014017"},{"public_metrics":{"retweet_count":1,"reply_count":6,"like_count":10,"quote_count":0},"created_at":"2021-11-27T15:06:26.000Z","text":"@brhodes Oh please Ben. You’ve been shilling for the Ayatollah since Day 1. Don’t know who you’re trying to kid that you ever cared about Israel’s security.","id":"1464611579346006020"},{"public_metrics":{"retweet_count":0,"reply_count":0,"like_count":3,"quote_count":0},"created_at":"2021-11-27T12:30:03.000Z","text":"@KaynarOhad @Israel @EmmanuelNahshon @paulhirschson @RamiTeplitskiy @SussexFriends @IsraelinAustria @miffno @IsraelinSweden @EladStr Just one? https://t.co/89AkXW9Zar","id":"1464572222773866496"},{"public_metrics":{"retweet_count":0,"reply_count":0,"like_count":5,"quote_count":0},"created_at":"2021-11-27T12:27:44.000Z","text":"@SussexFriends @Israel @EmmanuelNahshon @paulhirschson @KaynarOhad @RamiTeplitskiy @IsraelinAustria @miffno @IsraelinSweden @EladStr https://t.co/Wl1A4Q444x","id":"1464571642542235656"},{"public_metrics":{"retweet_count":0,"reply_count":0,"like_count":0,"quote_count":0},"created_at":"2021-11-27T12:23:39.000Z","text":"@EmmanuelNahshon @Israel @paulhirschson @KaynarOhad @RamiTeplitskiy @SussexFriends @IsraelinAustria @miffno @IsraelinSweden @EladStr Have some Belgian hot chocolate. That ought to warm you up a little Your Excellency!","id":"1464570614493204492"},{"public_metrics":{"retweet_count":0,"reply_count":0,"like_count":3,"quote_count":0},"created_at":"2021-11-27T12:23:01.000Z","text":"@paulhirschson @Israel @EmmanuelNahshon @KaynarOhad @RamiTeplitskiy @SussexFriends @IsraelinAustria @miffno @IsraelinSweden @EladStr I am a little actually! Let’s do a deal: A few \uD83E\uDD6F for a few ☀️ degrees Celsius from TLV?","id":"1464570453008261131"},{"public_metrics":{"retweet_count":13,"reply_count":19,"like_count":166,"quote_count":3},"created_at":"2021-11-27T11:26:08.000Z","text":"Obviously another brutal end of November day in Tel Aviv, #Israel \uD83D\uDE0E \uD83C\uDF79 https://t.co/8QivOTTilE","id":"1464556139228667908"},{"public_metrics":{"retweet_count":0,"reply_count":0,"like_count":0,"quote_count":0},"created_at":"2021-11-27T11:22:50.000Z","text":"@omaralbusaidy @Israel @AvivaKlompas @IdoDaniel @EladStr @IsraelinNewYork @KaynarOhad @YakiLopez @benshapiro @ShaharAzani @SussexFriends I’ll make sure next time to put a \uD83C\uDF69 trigger warning for you!","id":"1464555307695226880"},{"public_metrics":{"retweet_count":7,"reply_count":0,"like_count":0,"quote_count":0},"created_at":"2021-11-27T10:02:21.000Z","text":"RT @Jerusalem_Post: A team of experts has found a mummy estimated to be at least 800 years old on Peru's central coast, one of the archaeol…","id":"1464535055343263749"},{"public_metrics":{"retweet_count":0,"reply_count":0,"like_count":13,"quote_count":0},"created_at":"2021-11-27T10:01:31.000Z","text":"Mazal Tov from #Israel to @sebastiankurz, on becoming a father and the birth of his first son! https://t.co/2X98pETQoz","id":"1464534846265602056"},{"public_metrics":{"retweet_count":27,"reply_count":0,"like_count":0,"quote_count":0},"created_at":"2021-11-27T08:27:36.000Z","text":"RT @HSajwanization: Egypt \uD83C\uDDEA\uD83C\uDDEC❤️ #TheSphinxAvenue #Luxor \n\nhttps://t.co/NsFREakUJq","id":"1464511211962351616"},{"public_metrics":{"retweet_count":5,"reply_count":9,"like_count":240,"quote_count":0},"created_at":"2021-11-27T04:50:16.000Z","text":"Good morning world! \uD83D\uDE0D\uD83D\uDE0D\uD83D\uDE0D https://t.co/64PqQxduNX","id":"1464456517365780485"},{"public_metrics":{"retweet_count":2,"reply_count":1,"like_count":20,"quote_count":0},"created_at":"2021-11-26T14:47:18.000Z","text":"It’s been a long, intense week. Next week is going to be insane busy (in super exciting way). So for now, this is gonna be a very chilled weekend and relaxing Shabbat! https://t.co/vLhIbJxiMq","id":"1464244376746475521"},{"public_metrics":{"retweet_count":8,"reply_count":8,"like_count":82,"quote_count":1},"created_at":"2021-11-26T14:21:59.000Z","text":"Oh #Jerusalem, how I do love thee! https://t.co/k5CpSqwc1l","id":"1464238004688539650"},{"public_metrics":{"retweet_count":6,"reply_count":0,"like_count":16,"quote_count":0},"created_at":"2021-11-26T14:09:23.000Z","text":"It was a delight to speak in-depth with @CBNNews @JlemDateline, together @EinatWilf &amp; @JSchanzer, about #BDS, its roots &amp; connections to terror today.\n\nhttps://t.co/BWKiLvD3UV","id":"1464234834037981185"},{"public_metrics":{"retweet_count":9,"reply_count":1,"like_count":22,"quote_count":0},"created_at":"2021-11-26T12:59:11.000Z","text":"Important article ahead of #Chanukah, by @hnonoo75, on how ‘Jewish communities thriving in the Arabian Gulf’.\n\nhttps://t.co/X3LBokt3VO","id":"1464217169357643800"},{"public_metrics":{"retweet_count":8,"reply_count":2,"like_count":115,"quote_count":0},"created_at":"2021-11-26T12:02:41.000Z","text":"Wow, the sense of concentration on my daughter, as she makes sure she doesn’t drop any of the #Chanukah donuts, is truly impressive! https://t.co/CmVyKEOcBY","id":"1464202949870211077"},{"public_metrics":{"retweet_count":0,"reply_count":1,"like_count":1,"quote_count":0},"created_at":"2021-11-26T10:15:18.000Z","text":"@ariellas1 @Israel @AvivaKlompas @IdoDaniel @EladStr @IsraelinNewYork @KaynarOhad @YakiLopez @benshapiro @ShaharAzani @SussexFriends Odds of them lasting before I even clear customs at Ben Gurion? Yeah, not so good!","id":"1464175925382234114"},{"public_metrics":{"retweet_count":23,"reply_count":28,"like_count":246,"quote_count":4},"created_at":"2021-11-26T10:06:53.000Z","text":"As a wise man once said: “If you will it, there are no calories!” Ok, now who wants some #Chanukah donuts from #Israel? https://t.co/IwNQDtKIhq","id":"1464173809750192134"},{"public_metrics":{"retweet_count":44,"reply_count":0,"like_count":0,"quote_count":0},"created_at":"2021-11-26T09:49:58.000Z","text":"RT @LahavHarkov: New German coalition parties vow to defend Jews, Israel's security https://t.co/ZucX6GDbos","id":"1464169552636481536"},{"public_metrics":{"retweet_count":7,"reply_count":1,"like_count":63,"quote_count":1},"created_at":"2021-11-26T09:48:08.000Z","text":"Wow! #Egypt unveils renovated 3,000-year-old ‘Avenue of the Sphinxes’ in Luxor. https://t.co/ikN8w5EWcf","id":"1464169090365509653"},{"public_metrics":{"retweet_count":0,"reply_count":0,"like_count":1,"quote_count":0},"created_at":"2021-11-26T09:43:46.000Z","text":"@IdoDaniel @AvivaKlompas https://t.co/zIVLE1yBgG","id":"1464167991231369230"},{"public_metrics":{"retweet_count":6,"reply_count":7,"like_count":51,"quote_count":3},"created_at":"2021-11-26T09:41:45.000Z","text":"It’s a bit hard to take anything @OmarSShakir of @hrw says seriously, when he publishes in Qatar state-sponsored Al Jazeera. https://t.co/k9McONjIEr","id":"1464167484832075811"},{"public_metrics":{"retweet_count":16,"reply_count":0,"like_count":0,"quote_count":0},"created_at":"2021-11-26T09:00:12.000Z","text":"RT @khaleejtimes: Visa waiver, travel corridor between #Israel and #UAE to encourage both travel and business between two countries, says A…","id":"1464157026569932800"},{"public_metrics":{"retweet_count":14,"reply_count":0,"like_count":0,"quote_count":0},"created_at":"2021-11-26T08:53:41.000Z","text":"RT @JustineZwerling: DREAMS DO COME TRUE. Avi  solomon and lior #ThankYou  #peopleofdetermination @etihad @ADNOCADmarathon #AbrahamAccords…","id":"1464155386718703625"},{"public_metrics":{"retweet_count":3,"reply_count":1,"like_count":49,"quote_count":0},"created_at":"2021-11-26T07:30:23.000Z","text":"#Breakfast at one of my fav places in Tel Aviv (Shuk Ha’Carmel - Bar Ochel). #Israel #HappyWeekend https://t.co/dMlBLWyIgb","id":"1464134421561413633"},{"public_metrics":{"retweet_count":3,"reply_count":3,"like_count":78,"quote_count":0},"created_at":"2021-11-26T06:59:44.000Z","text":"You just can’t beat the Shuk in #Israel for the best (and most delicious) food! https://t.co/FbkDWoxXG9","id":"1464126710354489374"},{"public_metrics":{"retweet_count":5,"reply_count":1,"like_count":57,"quote_count":1},"created_at":"2021-11-26T05:00:20.000Z","text":"A beautiful, heartfelt #Chanukah message from the Prime Minister of Australia, @ScottMorrisonMP: https://t.co/Rw8XRkfgad","id":"1464096663539175453"},{"public_metrics":{"retweet_count":4,"reply_count":0,"like_count":6,"quote_count":0},"created_at":"2021-11-26T00:19:27.000Z","text":"Amb. @giladerdan1: \"Hezbollah's continued military build-up has the potential to lead to serious consequences.\" Urges UNSC to condemn military build-up and take action.\n\nhttps://t.co/CFXWxNSZ5z","id":"1464025976468381698"},{"public_metrics":{"retweet_count":38,"reply_count":0,"like_count":0,"quote_count":0},"created_at":"2021-11-26T00:09:15.000Z","text":"RT @StandWithUs: Wow! Best friends separated by the Holocaust reunited 82 years later - they were finally able to hug again.\n\nhttps://t.co/…","id":"1464023406798594050"},{"public_metrics":{"retweet_count":14,"reply_count":3,"like_count":39,"quote_count":1},"created_at":"2021-11-26T00:07:02.000Z","text":"Not surprising! Hamas terrorist who murdered Israeli reportedly traveled to Turkey multiple times.\n\nhttps://t.co/khURgyc9to","id":"1464022851174998017"}],"meta":{"oldest_id":"1464022851174998017","newest_id":"1465409469328859139","result_count":100,"next_token":"7140dibdnow9c7btw3z3atlemle1vso9uk6433ydgjk8n"}}