{"data":[{"id":"1459993336975138820","public_metrics":{"retweet_count":56,"reply_count":0,"like_count":0,"quote_count":0},"text":"RT @BahrainAmbIsr: Touching to see children dancing and playing after being treated through the humanitarian work of @SaveChildsHeart. http…","created_at":"2021-11-14T21:15:11.000Z"},{"id":"1459985781725052933","public_metrics":{"retweet_count":55,"reply_count":17,"like_count":243,"quote_count":7},"text":"Only respect to Miss #SouthAfrica Lalela Mswane (@Lalela_lali) for standing up to the bullies and racists of her own government, in refusing to pull out of #MissUniverse pageant in #Israel.\n\n https://t.co/92Z8Wa502W","created_at":"2021-11-14T20:45:10.000Z"},{"id":"1459957719952150530","public_metrics":{"retweet_count":5,"reply_count":0,"like_count":0,"quote_count":0},"text":"RT @CohenJust: Great pics! @SaveChildsHeart really is a beacon in Israel and the region https://t.co/iRLre0nYl1","created_at":"2021-11-14T18:53:39.000Z"},{"id":"1459957454863835140","public_metrics":{"retweet_count":23,"reply_count":4,"like_count":77,"quote_count":1},"text":"Adam Milstein (@AdamMilstein) writes in @Jerusalem_Post: 'Abandoning #Israel is like abandoning democracy.'\n\nhttps://t.co/YUoHtbLst8","created_at":"2021-11-14T18:52:36.000Z"},{"id":"1459956327527108610","public_metrics":{"retweet_count":6,"reply_count":0,"like_count":8,"quote_count":2},"text":"#Israel to begin vaccinating kids aged 5–11 against #COVID next week.\n\nhttps://t.co/krH7pZJ6bi","created_at":"2021-11-14T18:48:07.000Z"},{"id":"1459955762382450696","public_metrics":{"retweet_count":16,"reply_count":17,"like_count":60,"quote_count":1},"text":"What is this insanity going on in #Turkey! Israel should make very clear to Erdogan, unless the detained civilians are released unconditionally immediately, Turkey will face full wrath of all we have!\n\nhttps://t.co/gAy2fhk7ja","created_at":"2021-11-14T18:45:53.000Z"},{"id":"1459948464213798921","public_metrics":{"retweet_count":14,"reply_count":5,"like_count":41,"quote_count":0},"text":"“It’s a a question of values, are you for talk or violence?” ~ @TzipiHotovely https://t.co/qGof9n4OG7","created_at":"2021-11-14T18:16:53.000Z"},{"id":"1459947943155351563","public_metrics":{"retweet_count":22,"reply_count":0,"like_count":0,"quote_count":0},"text":"RT @BahrainAmbIsr: מרגש לראות ילדים רוקדים ומשחקים לאחר שטופלו דרך העבודה ההומניטרית של @savechildsheart. https://t.co/v2ePNCl9s1","created_at":"2021-11-14T18:14:48.000Z"},{"id":"1459943569007984643","public_metrics":{"retweet_count":19,"reply_count":0,"like_count":0,"quote_count":0},"text":"RT @hayvibouzo: \uD83D\uDD34إتفاقيات السلام الإبراهيمية تمثل \"سلام بين الشعوب\" هذا ما قلته في إحدى فعاليات منظمة شراكة ⁦@sharakango⁩ و التي ترعى الحوا…","created_at":"2021-11-14T17:57:25.000Z"},{"id":"1459875985566928901","public_metrics":{"retweet_count":36,"reply_count":15,"like_count":162,"quote_count":7},"text":"Occasions where it it appropriate to compare #VaccineMandates to the #Holocaust: \n\n1. NEVER\n2. NEVER\n3. NEVER\n4. NEVER\n5. NEVER\n6. NEVER\n7. NEVER\n8. NEVER\n9. NEVER\n10. NEVER https://t.co/QyEtb7bLGX","created_at":"2021-11-14T13:28:52.000Z"},{"id":"1459860308718198789","public_metrics":{"retweet_count":0,"reply_count":1,"like_count":5,"quote_count":0},"text":"@TBarLavi @SapirBettan @HibasuatirieT @IsraelinGeneva @IritAmitai Bring back some chocolates and watch out for the sharks at HRC! B'hatzlacha! Am sure you will continue serving the State of Israel with pride and distinction! \uD83C\uDDEE\uD83C\uDDF1\uD83C\uDDEE\uD83C\uDDF1\uD83C\uDDEE\uD83C\uDDF1","created_at":"2021-11-14T12:26:35.000Z"},{"id":"1459857391382638598","public_metrics":{"retweet_count":3,"reply_count":1,"like_count":18,"quote_count":0},"text":"True, true and true. https://t.co/KpgFC1JtAo","created_at":"2021-11-14T12:14:59.000Z"},{"id":"1459857176344805383","public_metrics":{"retweet_count":113,"reply_count":0,"like_count":0,"quote_count":0},"text":"RT @IDF: Last week, IAF Commander Maj. Gen. Amikam Norkin visited the UAE for the first time and attended the Dubai International Air Chief…","created_at":"2021-11-14T12:14:08.000Z"},{"id":"1459841206783987716","public_metrics":{"retweet_count":61,"reply_count":19,"like_count":163,"quote_count":1},"text":"This racist and Jew hater has over 300,000 followers and blue verification mark. You're totally Ok with this @jack @TwitterSupport? https://t.co/QcM4PVlLVE","created_at":"2021-11-14T11:10:40.000Z"},{"id":"1459839220890193921","public_metrics":{"retweet_count":2,"reply_count":0,"like_count":0,"quote_count":0},"text":"RT @gulf_news: Israel Aerospace is looking to strike aircraft conversion deals with UAE airlines\nThis is Israel’s first time participating…","created_at":"2021-11-14T11:02:47.000Z"},{"id":"1459838962676256774","public_metrics":{"retweet_count":11,"reply_count":0,"like_count":43,"quote_count":0},"text":"From #Israel, wishing the happiest of birthdays to #Dubai Crown Prince Hamdan Bin Mohammed (@HamdanMohammed). May you continue to lead and inspire your people with vision, strength and great courage! https://t.co/PZXUc9A6Cz","created_at":"2021-11-14T11:01:45.000Z"},{"id":"1459835836984397826","public_metrics":{"retweet_count":26,"reply_count":0,"like_count":0,"quote_count":0},"text":"RT @AAhronheim: IAF Commander Maj.-Gen Amikam Norkin is in Dubai for the International Air Chiefs' Conference as part of the Dubai Airshow.…","created_at":"2021-11-14T10:49:20.000Z"},{"id":"1459833508369772546","public_metrics":{"retweet_count":9,"reply_count":4,"like_count":31,"quote_count":3},"text":"Meantime … it's beginning to look a lot like #Christmas in the Holy Land, with Santa safely making his way to #Israel across the Jordan River! \uD83C\uDDEE\uD83C\uDDF1 \uD83C\uDF85\uD83C\uDFFC \n\n[\uD83D\uDCF8 Roee Peretz/Omri Mesika] https://t.co/K6PxSHYCTU","created_at":"2021-11-14T10:40:05.000Z"},{"id":"1459832720645935109","public_metrics":{"retweet_count":116,"reply_count":0,"like_count":0,"quote_count":0},"text":"RT @israel_advocacy: Following the disgraceful hounding of Israel's ambassador Tzipi Hotovely from LSE… Owen Jones used his platform to con…","created_at":"2021-11-14T10:36:57.000Z"},{"id":"1459819368825688064","public_metrics":{"retweet_count":10,"reply_count":5,"like_count":71,"quote_count":0},"text":"This is like 6th time at least that @KenRoth is tweeting this. His Jew hatred is reaching astronomical new heights! https://t.co/p11Zx3H9yN","created_at":"2021-11-14T09:43:54.000Z"},{"id":"1459811535262474240","public_metrics":{"retweet_count":5,"reply_count":2,"like_count":16,"quote_count":0},"text":"FM @yairlapid: \"The horrific antisemitic incident in Poland reminds every Jew in the world of the strength of hatred that exists in the world.\" https://t.co/6oKkzysPzS","created_at":"2021-11-14T09:12:46.000Z"},{"id":"1459811107737063429","public_metrics":{"retweet_count":9,"reply_count":3,"like_count":34,"quote_count":0},"text":"This is the state of universities in #UK. They shout down and harass the Ambassador of #Israel, but happily give platforms to extremists and racists like this guy, who are not incite to create the ugly situation we saw at LSE! https://t.co/hlTsDOAtnL","created_at":"2021-11-14T09:11:04.000Z"},{"id":"1459803247959584772","public_metrics":{"retweet_count":3,"reply_count":1,"like_count":7,"quote_count":0},"text":"@Fatemaal7rbi @sharakango @IsraelinSF Amazing! Thank you for being such an inspiring voice for peace and the Abraham Accords!","created_at":"2021-11-14T08:39:50.000Z"},{"id":"1459797794366144516","public_metrics":{"retweet_count":4,"reply_count":1,"like_count":6,"quote_count":0},"text":"In his position as the new Chair of @yadvashem, @AmbDaniDayan talks about \"what #Holocaust taught about extremes and how #antisemitism persists.\"\n\nhttps://t.co/Mf3wQiqtfK","created_at":"2021-11-14T08:18:10.000Z"},{"id":"1459796355384324098","public_metrics":{"retweet_count":12,"reply_count":2,"like_count":35,"quote_count":6},"text":"#Israel has reportedly reached an agreement with #Pfizer to ship tens of thousands of doses of its #COVID pill immediately after it will be approved by FDA.\n\nhttps://t.co/xYzJewMlZ0","created_at":"2021-11-14T08:12:27.000Z"},{"id":"1459792569186013184","public_metrics":{"retweet_count":11,"reply_count":2,"like_count":39,"quote_count":1},"text":"Speaking of pollution ... https://t.co/XAjQRwgPpv","created_at":"2021-11-14T07:57:24.000Z"},{"id":"1459792427301150725","public_metrics":{"retweet_count":19,"reply_count":0,"like_count":0,"quote_count":0},"text":"RT @Jerusalem_Post: \uD83C\uDDEE\uD83C\uDDF3\uD83C\uDDEE\uD83C\uDDF1 #India’s Chief of Staff Gen. Manoj Mukund Naravane has arrived in #Israel to meet on Sunday with senior military p…","created_at":"2021-11-14T07:56:50.000Z"},{"id":"1459779185615032321","public_metrics":{"retweet_count":79,"reply_count":0,"like_count":0,"quote_count":0},"text":"RT @ariellas1: For the first time, Israel is participating in @DubaiAirshow! It’s very exciting to see @ILAerospaceIAI here https://t.co/lx…","created_at":"2021-11-14T07:04:13.000Z"},{"id":"1459756351656181761","public_metrics":{"retweet_count":57,"reply_count":26,"like_count":159,"quote_count":6},"text":"No, not Iran or Gaza. Just Poland.\n\nhttps://t.co/DCLkweJwfz","created_at":"2021-11-14T05:33:29.000Z"},{"id":"1459747367016706051","public_metrics":{"retweet_count":3,"reply_count":0,"like_count":0,"quote_count":0},"text":"RT @fredman_a: US-Israel partnership to save lives","created_at":"2021-11-14T04:57:47.000Z"},{"id":"1459747317616201730","public_metrics":{"retweet_count":5,"reply_count":0,"like_count":0,"quote_count":0},"text":"RT @GabeGroisman: Just amazing. \uD83C\uDDEE\uD83C\uDDF1 \uD83C\uDDFA\uD83C\uDDF8","created_at":"2021-11-14T04:57:35.000Z"},{"id":"1459601889146855431","public_metrics":{"retweet_count":5,"reply_count":6,"like_count":47,"quote_count":0},"text":"Was only a matter of time before they accused us of poopwashing! https://t.co/EQWqA3mcx9","created_at":"2021-11-13T19:19:43.000Z"},{"id":"1459587537845030918","public_metrics":{"retweet_count":5,"reply_count":2,"like_count":24,"quote_count":0},"text":"Oh yes, just a peaceful little tea and scones protest … with a little Hezbollah on the side! https://t.co/pISWghjIkQ","created_at":"2021-11-13T18:22:41.000Z"},{"id":"1459579702239240205","public_metrics":{"retweet_count":16,"reply_count":0,"like_count":75,"quote_count":2},"text":"After Surfside tragedy, #US team visits #Israel to develop joint rescue doctrine. \uD83C\uDDFA\uD83C\uDDF8\uD83E\uDD1D\uD83C\uDDEE\uD83C\uDDF1\n\nhttps://t.co/Wi20IT3bXL","created_at":"2021-11-13T17:51:33.000Z"},{"id":"1459577710464978946","public_metrics":{"retweet_count":10,"reply_count":0,"like_count":29,"quote_count":0},"text":"This is exactly what @sharakango is all about - building and developing \"people to people relationships\" between young leaders and social entrepreneurs in Israel and across the Arab Gulf world.\n\nhttps://t.co/7ihgz2mwO6\n\n@amitd441 @DanFeferman @kh_lorena @omaralbusaidy @DrAlsarrah","created_at":"2021-11-13T17:43:38.000Z"},{"id":"1459560078240014342","public_metrics":{"retweet_count":47,"reply_count":0,"like_count":0,"quote_count":0},"text":"RT @yadvashem: #SaturdayNightArt\n\nIn this drawing, Ludwig Meidner reacts to the destruction he witnessed in Cologne on #Kristallnacht, crea…","created_at":"2021-11-13T16:33:34.000Z"},{"id":"1459560041703522305","public_metrics":{"retweet_count":0,"reply_count":2,"like_count":0,"quote_count":0},"text":"@JSSellem I must have missed the memo you are making such massive impactful change in Israel!","created_at":"2021-11-13T16:33:25.000Z"},{"id":"1459559585308712963","public_metrics":{"retweet_count":0,"reply_count":1,"like_count":0,"quote_count":0},"text":"@JSSellem Then you’re free to unfollow! TLV has its issues, like any city, but this incessant negativity, to just about every post of mine, is little too much. You are free to express your grievances on your own page, if you wish …","created_at":"2021-11-13T16:31:37.000Z"},{"id":"1459529231856197638","public_metrics":{"retweet_count":20,"reply_count":10,"like_count":121,"quote_count":0},"text":"Love love love Luqaimat (traditional Emirati sweet). I spotted these in Tel Aviv #Israel. Absolutely delicious! But I can’t wait to try in Dubai, #UAE. \uD83C\uDDE6\uD83C\uDDEA \uD83D\uDE0B \uD83C\uDDEE\uD83C\uDDF1 https://t.co/lVir9rgdDd","created_at":"2021-11-13T14:31:00.000Z"},{"id":"1459524488245174272","public_metrics":{"retweet_count":42,"reply_count":0,"like_count":0,"quote_count":0},"text":"RT @BahrainAmbIsr: I had the pleasure of visiting the @wolfson_med and was truly inspired by the good that they do worldwide. https://t.co/…","created_at":"2021-11-13T14:12:09.000Z"},{"id":"1459513112877572099","public_metrics":{"retweet_count":40,"reply_count":0,"like_count":0,"quote_count":0},"text":"RT @YesSirHumphrey: They always say that one Prime Minister's lunch with an Ambassador destroys two years of patient diplomacy. I'm not qui…","created_at":"2021-11-13T13:26:57.000Z"},{"id":"1459510797177077766","public_metrics":{"retweet_count":15,"reply_count":5,"like_count":40,"quote_count":0},"text":"Important article by @MarkRegev: ‘The #Palestinians must acknowledge their role in the #Holocaust.’\n\nhttps://t.co/GOLyxB8ooC","created_at":"2021-11-13T13:17:45.000Z"},{"id":"1459510333144449025","public_metrics":{"retweet_count":4,"reply_count":3,"like_count":24,"quote_count":1},"text":"I am shocked. Just shocked!\n\nhttps://t.co/OzYUeloAFz","created_at":"2021-11-13T13:15:54.000Z"},{"id":"1459509439883620354","public_metrics":{"retweet_count":13,"reply_count":0,"like_count":0,"quote_count":0},"text":"RT @AmbDaniDayan: “Dani Dayan on what Holocaust taught about extremes and how anti-Semitism persists” ⁦@yadvashem⁩  https://t.co/ul9YPBrASQ","created_at":"2021-11-13T13:12:21.000Z"},{"id":"1459508273535717379","public_metrics":{"retweet_count":0,"reply_count":0,"like_count":5,"quote_count":0},"text":"@imshin @AlvinPrima9 @TelAviv @Israel I did … but earlier in the day, before the haze set it!","created_at":"2021-11-13T13:07:43.000Z"},{"id":"1459505027123458049","public_metrics":{"retweet_count":0,"reply_count":1,"like_count":0,"quote_count":0},"text":"@JSSellem Dude, do you have anything nice to say about Tel Aviv? Because every time I write something, you just crap on it. Getting little tiring …","created_at":"2021-11-13T12:54:49.000Z"},{"id":"1459503106715271171","public_metrics":{"retweet_count":12,"reply_count":7,"like_count":71,"quote_count":1},"text":"This is like the 3rd time @KenRoth makes this comment. His Jew hatred and Israel-obsession is just unhinged! https://t.co/gO4QdBqmVa","created_at":"2021-11-13T12:47:11.000Z"},{"id":"1459493282711494662","public_metrics":{"retweet_count":3,"reply_count":4,"like_count":65,"quote_count":1},"text":"Lunch at #Miznon, one of my fav places in #Israel! \n\n\uD83E\uDD66\uD83C\uDF45\uD83C\uDF46\uD83E\uDD69\uD83C\uDF73\uD83C\uDF36\uD83E\uDDC4 https://t.co/rasl2fC5uj","created_at":"2021-11-13T12:08:09.000Z"},{"id":"1459457916591869957","public_metrics":{"retweet_count":50,"reply_count":12,"like_count":509,"quote_count":1},"text":"What a gorgeous mid-November day in Tel Aviv, #Israel. ☀️ \uD83C\uDF33 \uD83C\uDDEE\uD83C\uDDF1 https://t.co/TXC8gpMc5G","created_at":"2021-11-13T09:47:37.000Z"},{"id":"1459439749710635009","public_metrics":{"retweet_count":3,"reply_count":1,"like_count":32,"quote_count":0},"text":"Beautiful! https://t.co/caUxxlif4o","created_at":"2021-11-13T08:35:26.000Z"},{"id":"1459413213305618435","public_metrics":{"retweet_count":13,"reply_count":7,"like_count":251,"quote_count":1},"text":"Life is good! I’m a #blessed man. https://t.co/fSUVDE5Uaa","created_at":"2021-11-13T06:49:59.000Z"},{"id":"1459168829049815047","public_metrics":{"retweet_count":6,"reply_count":3,"like_count":43,"quote_count":1},"text":"Is been long week, so looking forward to some serious relaxing! #ShabbatShalom and a great weekend to everyone! https://t.co/ldiX8lk1fm","created_at":"2021-11-12T14:38:53.000Z"},{"id":"1459135086595657730","public_metrics":{"retweet_count":68,"reply_count":0,"like_count":0,"quote_count":0},"text":"RT @yadvashem: This photo album, taken by an unknown photographer, documents the destruction wrought by the SS &amp; Nazi mob in Vienna during…","created_at":"2021-11-12T12:24:48.000Z"},{"id":"1459134995650461697","public_metrics":{"retweet_count":8,"reply_count":2,"like_count":13,"quote_count":1},"text":"The reason #Israel is leading the world in #COVID response is because the government is making sure it is prepared and ready for every eventuality. https://t.co/Fq3eo8xH0H","created_at":"2021-11-12T12:24:27.000Z"},{"id":"1459115383512834054","public_metrics":{"retweet_count":0,"reply_count":1,"like_count":1,"quote_count":0},"text":"@reglash @TelAviv @Israel In Jerusalem, I love Cafe Nadi!\n\nhttps://t.co/yPM3yPN69D","created_at":"2021-11-12T11:06:31.000Z"},{"id":"1459107961784180751","public_metrics":{"retweet_count":30,"reply_count":14,"like_count":403,"quote_count":1},"text":"Why yes, this is middle of November in Tel Aviv, @Israel! \uD83C\uDF34 ☀️ https://t.co/dlxgJHnvas","created_at":"2021-11-12T10:37:01.000Z"},{"id":"1459099529551261697","public_metrics":{"retweet_count":3,"reply_count":4,"like_count":14,"quote_count":2},"text":"\"access to justice\" at @UN_HRC, with member states like: China, Cuba, Russia, Pakistan, Venezuela ... https://t.co/QVcvBNxKO7","created_at":"2021-11-12T10:03:31.000Z"},{"id":"1459096738048974860","public_metrics":{"retweet_count":0,"reply_count":1,"like_count":1,"quote_count":0},"text":"@reglash @TelAviv @Israel Like in the whole country? No way can answer that! Depends on location, kashrutness, food preference etc. May 6 is definitely one of our fav new places. https://t.co/EDuHRDPxUB","created_at":"2021-11-12T09:52:25.000Z"},{"id":"1459085786910011392","public_metrics":{"retweet_count":18,"reply_count":0,"like_count":0,"quote_count":0},"text":"RT @AAhronheim: The Israeli Air Force has once again escorted a USAF B-1b heavy bomber as well as a KC-10 refueler.","created_at":"2021-11-12T09:08:54.000Z"},{"id":"1459083172545765389","public_metrics":{"retweet_count":3,"reply_count":1,"like_count":20,"quote_count":1},"text":"\uD83D\uDCAF per cent with Amb. @DavidM_Friedman on #Jerusalem! https://t.co/VixxD0rMPs","created_at":"2021-11-12T08:58:31.000Z"},{"id":"1459075972100243474","public_metrics":{"retweet_count":26,"reply_count":27,"like_count":276,"quote_count":3},"text":"Oy ya know, just a typical breakfast in #Israel. Anyone hungry? \uD83D\uDE0B\uD83C\uDF74\n\n(At #May6 in @TelAviv) https://t.co/c1y7fXbZ5J","created_at":"2021-11-12T08:29:54.000Z"},{"id":"1459073154769469440","public_metrics":{"retweet_count":2,"reply_count":3,"like_count":41,"quote_count":0},"text":"Bring on the weekend! ☕️ \uD83D\uDD76 https://t.co/gYcghNywwJ","created_at":"2021-11-12T08:18:43.000Z"},{"id":"1459043704988131337","public_metrics":{"retweet_count":3,"reply_count":4,"like_count":79,"quote_count":0},"text":"Hello world! \uD83C\uDF34\uD83D\uDC68\uD83C\uDFFB‍\uD83C\uDF7C https://t.co/9RrXblnmWG","created_at":"2021-11-12T06:21:41.000Z"},{"id":"1459035728772489229","public_metrics":{"retweet_count":69,"reply_count":0,"like_count":0,"quote_count":0},"text":"RT @YesSirHumphrey: Statistics? You can prove anything with statistics. Even the truth.","created_at":"2021-11-12T05:49:59.000Z"},{"id":"1459035674200399894","public_metrics":{"retweet_count":4,"reply_count":3,"like_count":16,"quote_count":2},"text":"I have no issue with Shai’s nomination for Jewish Agency. I think he could be great. I do have issue with his Diaspora Affairs portfolio going to renegade MK Avidar. It’s far too important. Should not be ‘consolation prize’.\n\nhttps://t.co/4iYqqPM6bK","created_at":"2021-11-12T05:49:46.000Z"},{"id":"1459034605160390684","public_metrics":{"retweet_count":26,"reply_count":22,"like_count":158,"quote_count":1},"text":"Good. @benandjerrys Ben &amp; Jerry’s may lose US kashrut renewal over #Israel boycott.\n\nhttps://t.co/D3z7cVKTbU","created_at":"2021-11-12T05:45:32.000Z"},{"id":"1458919402301181955","public_metrics":{"retweet_count":146,"reply_count":0,"like_count":0,"quote_count":0},"text":"RT @yadvashem: #VeteransDay\nMaster Sgt. Roddie Edmonds refused to identify the Jewish POWs among the prisoners in the Stalag IXA camp; even…","created_at":"2021-11-11T22:07:45.000Z"},{"id":"1458916264001343506","public_metrics":{"retweet_count":0,"reply_count":0,"like_count":1,"quote_count":0},"text":"@JamaalBowmanNY I hope that is a message you conveyed to the Palestinian representatives whom you also met with?","created_at":"2021-11-11T21:55:17.000Z"},{"id":"1458913655605678082","public_metrics":{"retweet_count":20,"reply_count":2,"like_count":198,"quote_count":3},"text":"The iconic Azrieli Towers at night! #TelAviv #Israel https://t.co/BVLhHQRPVX","created_at":"2021-11-11T21:44:55.000Z"},{"id":"1458860438670741510","public_metrics":{"retweet_count":13,"reply_count":6,"like_count":59,"quote_count":0},"text":"Actually yes, yes they do. Try reading up on 1963 Vienna Convention on Consular Relations. https://t.co/GPVvN2OXMS","created_at":"2021-11-11T18:13:27.000Z"},{"id":"1458844849503981571","public_metrics":{"retweet_count":4,"reply_count":0,"like_count":17,"quote_count":0},"text":"Of course they do! https://t.co/vkWa94PEYE","created_at":"2021-11-11T17:11:30.000Z"},{"id":"1458799403397963783","public_metrics":{"retweet_count":30,"reply_count":12,"like_count":153,"quote_count":0},"text":"Relentless Jew hatred and trolling from @KenRoth. The man is truly sick! https://t.co/LhvVPYnWrI","created_at":"2021-11-11T14:10:55.000Z"},{"id":"1458793160742690819","public_metrics":{"retweet_count":5,"reply_count":1,"like_count":26,"quote_count":0},"text":"Wow, barely a year ago, who would’ve ever imagined! #AbrahamAccords \uD83C\uDDEE\uD83C\uDDF1 \uD83C\uDDE6\uD83C\uDDEA \uD83C\uDDE7\uD83C\uDDED \uD83C\uDDFA\uD83C\uDDF8 https://t.co/nTxbk9JrzM","created_at":"2021-11-11T13:46:07.000Z"},{"id":"1458782957456568323","public_metrics":{"retweet_count":10,"reply_count":0,"like_count":0,"quote_count":0},"text":"RT @TheIHRA: Football players, as role models for so many, can inspire others to take a stand against hate, no matter where they see it. We…","created_at":"2021-11-11T13:05:34.000Z"},{"id":"1458760526771757060","public_metrics":{"retweet_count":59,"reply_count":22,"like_count":210,"quote_count":3},"text":"\"I will not be silenced!\"\n\nRead Israeli Ambassador @TzipiHotovely interview in @DailyMailUK, after the shameful attempt by mob of pro-Palestinian activists at #London School of Economics, to intimidate and shut her down. \uD83D\uDCAA\uD83C\uDDEE\uD83C\uDDF1\n\nhttps://t.co/TvG5fR28WM https://t.co/8fuYXaYl9I","created_at":"2021-11-11T11:36:26.000Z"},{"id":"1458750122746068993","public_metrics":{"retweet_count":13,"reply_count":6,"like_count":40,"quote_count":3},"text":"Shameful.\n\nhttps://t.co/LNfKUKpVIv","created_at":"2021-11-11T10:55:06.000Z"},{"id":"1458747723423879169","public_metrics":{"retweet_count":3,"reply_count":0,"like_count":0,"quote_count":0},"text":"RT @The_ILF: Some semblance of justice has been served in #France, with the antisemitic murderer of Holocaust survivor #MireilleKnoll, rece…","created_at":"2021-11-11T10:45:34.000Z"},{"id":"1458738087140417538","public_metrics":{"retweet_count":15,"reply_count":0,"like_count":0,"quote_count":0},"text":"RT @Reuters: Israeli startup AIR unveiled its first ‘easy-to-operate’ electric, vertical takeoff and landing aircraft. It can fly as far as…","created_at":"2021-11-11T10:07:16.000Z"},{"id":"1458724138684715008","public_metrics":{"retweet_count":10,"reply_count":5,"like_count":28,"quote_count":2},"text":"PM @naftalibennett reiterates to visiting Democratic US Congress members that #Israel will not allow Washington to reopen a consulate to the Palestinians in #Jerusalem.\n\nhttps://t.co/ZiPh4wKUuO","created_at":"2021-11-11T09:11:51.000Z"},{"id":"1458710410249609217","public_metrics":{"retweet_count":23,"reply_count":1,"like_count":128,"quote_count":0},"text":"On the 11th Hour \nOf the 11th Day\nOf the 11th Month\n... We will Remember them!\n\n#RemembranceDay \n#LestWeForget https://t.co/hpa3xR2ZmJ","created_at":"2021-11-11T08:17:17.000Z"},{"id":"1458705251146600451","public_metrics":{"retweet_count":0,"reply_count":1,"like_count":6,"quote_count":0},"text":"@HSajwanization @Bulgariofficial That reminds me, my / wife’s anniversary is coming up! \uD83C\uDDE6\uD83C\uDDEA \uD83D\uDC8E","created_at":"2021-11-11T07:56:47.000Z"},{"id":"1458694844008865793","public_metrics":{"retweet_count":2,"reply_count":3,"like_count":18,"quote_count":1},"text":"This is just everything! Love ❤️ @GalGadot https://t.co/bBVl74EwLd","created_at":"2021-11-11T07:15:26.000Z"},{"id":"1458693833747832839","public_metrics":{"retweet_count":28,"reply_count":0,"like_count":0,"quote_count":0},"text":"RT @RozRothstein: Israel’s UK ambassador: ‘I will not be intimidated’ by pro-Palestinian protesters after they chased her out of a classroo…","created_at":"2021-11-11T07:11:25.000Z"},{"id":"1458688914206736384","public_metrics":{"retweet_count":0,"reply_count":0,"like_count":4,"quote_count":0},"text":"@NaorGilon Hi Your Excellency, shall I request @IsraelMFA to send emergency diplomatic pouch to New Delhi? https://t.co/i04FXu71mV","created_at":"2021-11-11T06:51:52.000Z"},{"id":"1458688307865530369","public_metrics":{"retweet_count":0,"reply_count":1,"like_count":0,"quote_count":0},"text":"@thekingnorah Wow, just wow!","created_at":"2021-11-11T06:49:28.000Z"},{"id":"1458680427544199168","public_metrics":{"retweet_count":0,"reply_count":0,"like_count":2,"quote_count":0},"text":"@ofirdayan94 Eazy Cafe. Arlozorov &amp; Shlomo HaMelech, TLV. Yalla, you’re on next time! And yes, that halva pastry just divine!","created_at":"2021-11-11T06:18:09.000Z"},{"id":"1458678663780651008","public_metrics":{"retweet_count":3,"reply_count":4,"like_count":48,"quote_count":1},"text":"Good morning world! #BringItOn \uD83D\uDCAA https://t.co/nuy7XsqJrS","created_at":"2021-11-11T06:11:09.000Z"},{"id":"1458673054121279496","public_metrics":{"retweet_count":4,"reply_count":0,"like_count":0,"quote_count":0},"text":"RT @ZionistFedAus: Nick Cave, mensch. Back in Israel in 2022. https://t.co/OAb3n3QagW https://t.co/9qeTuKhWfo","created_at":"2021-11-11T05:48:51.000Z"},{"id":"1458560632060620807","public_metrics":{"retweet_count":5,"reply_count":4,"like_count":16,"quote_count":0},"text":"But of course progressive poster-boy @m7mdkurd looks like he’s condoning violence and anti-Jewish hatred. I am shocked, so shocked! https://t.co/Uz0AqpDyvL","created_at":"2021-11-10T22:22:08.000Z"},{"id":"1458557661344145415","public_metrics":{"retweet_count":3,"reply_count":7,"like_count":34,"quote_count":2},"text":"You never would have seen @jeremycorbyn condemning this. Hell, he’d probably be out there hounding the Ambassador too! https://t.co/SSZkWJClOq","created_at":"2021-11-10T22:10:19.000Z"},{"id":"1458556493427527687","public_metrics":{"retweet_count":295,"reply_count":0,"like_count":0,"quote_count":0},"text":"RT @StandWithUs: \uD83D\uDD34BREAKING: A French court sentenced the murderer of Mireille Knoll, an 85-year-old Holocaust survivor, to life imprisonmen…","created_at":"2021-11-10T22:05:41.000Z"},{"id":"1458554655378657285","public_metrics":{"retweet_count":69,"reply_count":0,"like_count":0,"quote_count":0},"text":"RT @naftalibennett: It was a pleasure meeting with a bipartisan delegation of US members of Congress led by @LeaderHoyer and @SenatorCardin…","created_at":"2021-11-10T21:58:23.000Z"},{"id":"1458548579530903568","public_metrics":{"retweet_count":127,"reply_count":0,"like_count":0,"quote_count":0},"text":"RT @IsraelMFA: A plea agreement signed today proves that the PFLP operated a network of “humanitarian” organizations with the goal of raisi…","created_at":"2021-11-10T21:34:14.000Z"},{"id":"1458548174201700359","public_metrics":{"retweet_count":40,"reply_count":41,"like_count":121,"quote_count":18},"text":"So the Biden Administration is actively lobbying for Hamas to play role in Palestinian unity government? https://t.co/kXudxAcOEl","created_at":"2021-11-10T21:32:37.000Z"},{"id":"1458522026025553927","public_metrics":{"retweet_count":0,"reply_count":3,"like_count":6,"quote_count":0},"text":"Just same age-old #antisemitism in #Poland.\n\nhttps://t.co/1i5qwZW57C","created_at":"2021-11-10T19:48:43.000Z"},{"id":"1458521703869468681","public_metrics":{"retweet_count":2,"reply_count":0,"like_count":13,"quote_count":0},"text":"\uD83D\uDED1 BREAKING: #Israel approves #COVID shots for children aged 5-11.\n\nhttps://t.co/vLkJQuEbi8","created_at":"2021-11-10T19:47:26.000Z"},{"id":"1458521119196078083","public_metrics":{"retweet_count":43,"reply_count":0,"like_count":0,"quote_count":0},"text":"RT @IsraelinUSA: 46 years ago #OTD, the UN passed a resolution declaring that Zionism, the national liberation movement of the Jewish peopl…","created_at":"2021-11-10T19:45:07.000Z"},{"id":"1458476986276499462","public_metrics":{"retweet_count":7,"reply_count":0,"like_count":33,"quote_count":0},"text":"Semper Fidelis! \n\nHappy 246th birthday to the @USMC! Thank you for all that you do to protect and defend the United States and freedom worldwide! #Marines epitomize very essence of bravery, courage and leadership. \uD83C\uDDFA\uD83C\uDDF8\uD83C\uDDFA\uD83C\uDDF8\uD83C\uDDFA\uD83C\uDDF8 https://t.co/cd5ub52rRj","created_at":"2021-11-10T16:49:45.000Z"},{"id":"1458475248215539718","public_metrics":{"retweet_count":0,"reply_count":2,"like_count":1,"quote_count":0},"text":"@Jennifrazer @LahavHarkov @AnshelPfeffer Really no difference. If they had the opportunity, result could have been catastrophic. Thankfully security averted that. https://t.co/CXRTh4n9Yd","created_at":"2021-11-10T16:42:50.000Z"},{"id":"1458474590271950861","public_metrics":{"retweet_count":2,"reply_count":2,"like_count":16,"quote_count":0},"text":"Two of the most courageous thought leaders of our time! And that background? How apt! https://t.co/Cxjj5NCEUM","created_at":"2021-11-10T16:40:14.000Z"}],"meta":{"oldest_id":"1458474590271950861","newest_id":"1459993336975138820","result_count":100,"next_token":"7140dibdnow9c7btw3z2vwjko69rfbxnw6qs9q42b1ru9"}}