{"data":[{"created_at":"2021-08-14T04:41:07.000Z","id":"1426403490130276352","public_metrics":{"retweet_count":199,"reply_count":0,"like_count":0,"quote_count":0},"text":"RT @MSFreePress: We have seen a huge leap in traffic, a swell in donations and amazing feedback this week with @nickjudinand @ashtonpittman…"},{"created_at":"2021-08-14T02:36:15.000Z","id":"1426372062696939531","public_metrics":{"retweet_count":864,"reply_count":0,"like_count":0,"quote_count":0},"text":"RT @Sifill_LDF: Remember when @staceyabrams warned us that despite his resistance to Trump, Secy of State Brad Raffensberger was no hero?:…"},{"created_at":"2021-08-14T02:34:44.000Z","id":"1426371683355615236","public_metrics":{"retweet_count":1516,"reply_count":0,"like_count":0,"quote_count":0},"text":"RT @MaddowBlog: \"We have teenagers Facetiming with their parents to tell them goodbye because they have Covid and can't come to the hospita…"},{"created_at":"2021-08-14T02:34:39.000Z","id":"1426371661872439296","public_metrics":{"retweet_count":674,"reply_count":0,"like_count":0,"quote_count":0},"text":"RT @MaddowBlog: \"Really, the only answer is vaccination, and it needs to happen today, it needs to happen tomorrow and through the weekend…"},{"created_at":"2021-08-14T02:34:31.000Z","id":"1426371628561227776","public_metrics":{"retweet_count":1121,"reply_count":0,"like_count":0,"quote_count":0},"text":"RT @MaddowBlog: \"We say 'no' every day to about 25 to 30 patients who want and ICU bed but we don't have any room for them.\"\nDr. Catherine…"},{"created_at":"2021-08-14T02:06:10.000Z","id":"1426364495610490883","public_metrics":{"retweet_count":470,"reply_count":78,"like_count":1017,"quote_count":23},"text":"\"Jones oversaw Fulton County’s mail-in ballot operation during the 2020 election cycle amidst a pandemic and intense scrutiny.\n\nHe was targeted with violent threats and he reported strangers knocking on the door of the home where he and his family live. \"\nhttps://t.co/ucDOjttHmn"},{"created_at":"2021-08-14T01:59:54.000Z","id":"1426362918266970112","public_metrics":{"retweet_count":493,"reply_count":47,"like_count":996,"quote_count":26},"text":"\"Jones leaves the department after GOP lawmakers began a process to potentially take control of the Fulton County Board of Registration and Elections. \n\nGeorgia’s new controversial election law, SB 202, makes the takeover possible.\"\nhttps://t.co/ucDOjttHmn"},{"created_at":"2021-08-14T01:58:08.000Z","id":"1426362470524915712","public_metrics":{"retweet_count":1285,"reply_count":169,"like_count":2288,"quote_count":96},"text":"\"Fulton County’s voter registration chief, a fixture in the office beloved by many of his subordinates, has resigned following pressure and threats over his work during the 2020 election.\"\nhttps://t.co/ucDOjttHmn"},{"created_at":"2021-08-13T23:33:30.000Z","id":"1426326072149397509","public_metrics":{"retweet_count":1390,"reply_count":0,"like_count":0,"quote_count":0},"text":"RT @ashtonpittman: With MS State Health Officer Dr. Thomas Dobbs standing behind him wearing a mask, Gov. Tate Reeves criticized reporter f…"},{"created_at":"2021-08-13T19:39:16.000Z","id":"1426267128617963523","public_metrics":{"retweet_count":384,"reply_count":72,"like_count":1267,"quote_count":9},"text":"“I don’t expect fairness. It’s the young folks such as my grandchildren that expect fairness. They won’t get it.”\nhttps://t.co/c0DtD2ltGh"},{"created_at":"2021-08-13T19:19:09.000Z","id":"1426262063349895176","public_metrics":{"retweet_count":143,"reply_count":0,"like_count":0,"quote_count":0},"text":"RT @antontroian: “Sarah Rainsford is going home.” With bombast on state TV, Russia expels a BBC correspondent, a purportedly retaliatory mo…"},{"created_at":"2021-08-13T19:14:10.000Z","id":"1426260811094310913","public_metrics":{"retweet_count":534,"reply_count":68,"like_count":1132,"quote_count":12},"text":"\"There are fewer ICU beds available than the day after Cat 4 Hurricane Laura came ashore, said Cavanaugh.\n\n'It’s incredible that we had more capacity the day after Laura – with hospitals evacuating, with no power or water – than what we have right now'.”\nhttps://t.co/PastFnikqS"},{"created_at":"2021-08-13T19:01:48.000Z","id":"1426257697977077761","public_metrics":{"retweet_count":1262,"reply_count":351,"like_count":2727,"quote_count":110},"text":"In his 7/29 speech at the Neshoba County Fair, Reeves said CDC advice about wearing masks was “foolish” and “harmful”: “In Mississippi, we believe in freedom.”\n\nAs of Friday, Neshoba County had the highest per-capita COVID caseload in Mississippi:\nhttps://t.co/AGQd3mcoBj"},{"created_at":"2021-08-13T18:55:39.000Z","id":"1426256152547971083","public_metrics":{"retweet_count":564,"reply_count":119,"like_count":1151,"quote_count":54},"text":"\"Thousands upon thousands of COVID cases have overwhelmed the state's hospitals. There are no intensive care unit beds left in the state. No normal hospital beds, either. \n\nThere's even a waiting list for patients to get into the medical tent, Jones said.\"\nhttps://t.co/2JZWhWaL7j"},{"created_at":"2021-08-13T18:49:51.000Z","id":"1426254689729929217","public_metrics":{"retweet_count":286,"reply_count":86,"like_count":617,"quote_count":44},"text":"https://t.co/uiamVFozjQ https://t.co/mJTmmJRopB"},{"created_at":"2021-08-13T18:48:32.000Z","id":"1426254358677708810","public_metrics":{"retweet_count":3221,"reply_count":389,"like_count":7089,"quote_count":187},"text":"\"6 weeks ago there were 200 Covid patients in hospitals in Tennessee. \n\nToday there are 2000.\n\nA 1000% increase. In 6 weeks. \n\nIt has overwhelmed tired doctors, nurses and healthcare systems that were already stretched thin.\"\nhttps://t.co/uiamVFozjQ"},{"created_at":"2021-08-13T18:25:40.000Z","id":"1426248603115433987","public_metrics":{"retweet_count":1228,"reply_count":309,"like_count":1848,"quote_count":155},"text":"\"DeJoy is reliant upon Bloom’s support to implement his controversial “Delivering for America” plan [to] lengthen delivery times and raise prices...\"\nhttps://t.co/pbUsk5c11s"},{"created_at":"2021-08-13T04:28:10.000Z","id":"1426037843084947462","public_metrics":{"retweet_count":4462,"reply_count":0,"like_count":0,"quote_count":0},"text":"RT @jackmjenkins: INBOX: Catholic Bishop Robert McElroy of San Diego sends letter instructing priests that there is no basis in Catholic Te…"},{"created_at":"2021-08-13T04:25:46.000Z","id":"1426037239306498052","public_metrics":{"retweet_count":807,"reply_count":0,"like_count":0,"quote_count":0},"text":"RT @DonLemonTonight: As the Delta Variant surges across the U.S., @donlemon visits his home state of Louisiana to report from a hospital in…"},{"created_at":"2021-08-13T04:16:01.000Z","id":"1426034782862028803","public_metrics":{"retweet_count":76,"reply_count":118,"like_count":2516,"quote_count":9},"text":"@AliVelshi @DavidJCarbone1 @MSNBC disagree."},{"created_at":"2021-08-13T02:37:54.000Z","id":"1426010093519183872","public_metrics":{"retweet_count":130,"reply_count":0,"like_count":0,"quote_count":0},"text":"RT @willsommer: Montgomery has severe credibility issues, and is even reviled by some of his right-wing fellow travelers. So fans  like Lin…"},{"created_at":"2021-08-13T02:37:52.000Z","id":"1426010084023226371","public_metrics":{"retweet_count":275,"reply_count":0,"like_count":0,"quote_count":0},"text":"RT @willsommer: Montgomery's claim that a mischievous supercomputer named Hammer changed the results is obviously false. But he has a long…"},{"created_at":"2021-08-13T02:37:47.000Z","id":"1426010062842044420","public_metrics":{"retweet_count":667,"reply_count":0,"like_count":0,"quote_count":0},"text":"RT @willsommer: I think the role Dennis Montgomery played in the MAGA election fraud claims has been drastically obscured—which makes sense…"},{"created_at":"2021-08-13T01:59:05.000Z","id":"1426000322476986374","public_metrics":{"retweet_count":2384,"reply_count":0,"like_count":0,"quote_count":0},"text":"RT @ChrisMurphyCT: This feels important. https://t.co/kvSuyty18F"},{"created_at":"2021-08-13T01:57:25.000Z","id":"1425999905206816769","public_metrics":{"retweet_count":222,"reply_count":0,"like_count":0,"quote_count":0},"text":"RT @Synergy3k: ‘While I was filibustering we were getting stories from people on how this bill would suppress them. Mainly from the disable…"},{"created_at":"2021-08-12T22:50:42.000Z","id":"1425952915399667713","public_metrics":{"retweet_count":780,"reply_count":1169,"like_count":3888,"quote_count":125},"text":"Alan Dershowitz made an appearance at the pillow thing? https://t.co/N0WgsKtfmL"},{"created_at":"2021-08-12T19:40:53.000Z","id":"1425905145985093636","public_metrics":{"retweet_count":594,"reply_count":0,"like_count":0,"quote_count":0},"text":"RT @patrickdmarley: BREAKING: Former state Supreme Court justice overseeing Wisconsin's election review attends Mike Lindell's conspiracy-f…"},{"created_at":"2021-08-12T19:40:39.000Z","id":"1425905087340285960","public_metrics":{"retweet_count":1547,"reply_count":98,"like_count":4460,"quote_count":37},"text":"\"Arndrea Waters King said in an interview, 'If you have always, growing up, wondered if you would’ve marched with Martin Luther King Jr., my question now is: Are you marching now?'.”\nhttps://t.co/PHE26fWF5D"},{"created_at":"2021-08-12T19:31:10.000Z","id":"1425902700781264898","public_metrics":{"retweet_count":500,"reply_count":72,"like_count":1477,"quote_count":8},"text":"\"Pak resigned abruptly on Jan. 4, at the suggestion of Donoghue...\n\nSome current and former law enforcement officials... fault DOJ leaders for what they characterize as caving to pressure to bring about the resignation of Pak as a way to appease Trump.\"\nhttps://t.co/1EesbNkOpD"},{"created_at":"2021-08-12T18:36:48.000Z","id":"1425889020064800774","public_metrics":{"retweet_count":195,"reply_count":64,"like_count":481,"quote_count":12},"text":"\"Rizzo sought annual reassurance from the attorney general that the interrogation techniques [torture] 'did not ‘shock the conscience’.\"\nhttps://t.co/ULkx6n6zZS"},{"created_at":"2021-08-12T17:39:49.000Z","id":"1425874678606929924","public_metrics":{"retweet_count":985,"reply_count":185,"like_count":2473,"quote_count":68},"text":"From the Times-Picayune. \n\nSo worth two minutes to watch:\nhttps://t.co/dgsjzClAkJ"},{"created_at":"2021-08-12T17:27:27.000Z","id":"1425871565720277000","public_metrics":{"retweet_count":124,"reply_count":0,"like_count":0,"quote_count":0},"text":"RT @tatereeves: In coordination with @tcbpubhealth and @msema, I will extend Mississippi’s State of Emergency for 30 more days. \n \nThis ext…"},{"created_at":"2021-08-12T15:56:40.000Z","id":"1425848718469836800","public_metrics":{"retweet_count":1767,"reply_count":0,"like_count":0,"quote_count":0},"text":"RT @CarolforTexas: 15 hrs ago I stood to filibuster #SB1 &amp; give a voice to the constituents who this bill attempts to silence. \n\nI know #Vo…"},{"created_at":"2021-08-12T04:37:42.000Z","id":"1425677853513994250","public_metrics":{"retweet_count":310,"reply_count":0,"like_count":0,"quote_count":0},"text":"RT @DonnerKay: The cost of American selfishness. Now is a time where we have to re-examine what it means to care about other people who don…"},{"created_at":"2021-08-12T04:34:32.000Z","id":"1425677054633254913","public_metrics":{"retweet_count":298,"reply_count":0,"like_count":0,"quote_count":0},"text":"RT @DonnerKay: Yes we are"},{"created_at":"2021-08-12T04:24:51.000Z","id":"1425674619420295169","public_metrics":{"retweet_count":399,"reply_count":0,"like_count":0,"quote_count":0},"text":"RT @CarolforTexas: #TxDemFilibuster – HOUR 5️⃣. \n\n\uD83D\uDDF3TUNE IN: https://t.co/RtAebWncHy. \n\nThank you to everyone across #Texas tuning in from t…"},{"created_at":"2021-08-12T04:18:58.000Z","id":"1425673139208458246","public_metrics":{"retweet_count":15,"reply_count":11,"like_count":333,"quote_count":0},"text":"@ashtonpittman \uD83C\uDF08"},{"created_at":"2021-08-12T04:14:11.000Z","id":"1425671934432395269","public_metrics":{"retweet_count":991,"reply_count":0,"like_count":0,"quote_count":0},"text":"RT @MaddowBlog: \"It's just heartbreaking in every way. I don't even know how to describe it. \nIt's overwhelming.\" - Jen Sartin, ICU nurse h…"},{"created_at":"2021-08-12T04:13:56.000Z","id":"1425671869731065856","public_metrics":{"retweet_count":1155,"reply_count":0,"like_count":0,"quote_count":0},"text":"RT @MaddowBlog: This is not what they're warning might happen, this is today. This is what's happening right now.\n\nThe state of Mississippi…"},{"created_at":"2021-08-12T01:59:54.000Z","id":"1425638141130690565","public_metrics":{"retweet_count":621,"reply_count":0,"like_count":0,"quote_count":0},"text":"RT @MikeBalsamo1: NEW: The NAACP is urging the Justice Dept. to investigate whether a federal crime was committed when Texas Republicans th…"},{"created_at":"2021-08-11T19:46:06.000Z","id":"1425544072740093962","public_metrics":{"retweet_count":1466,"reply_count":268,"like_count":2939,"quote_count":72},"text":"Front page of the American Press in Lake Charles, Louisiana today: https://t.co/QdngoR5BZ0"},{"created_at":"2021-08-11T19:44:16.000Z","id":"1425543608363536389","public_metrics":{"retweet_count":697,"reply_count":121,"like_count":1734,"quote_count":34},"text":"Front page of the Anniston Star in Anniston, Alabama today: https://t.co/3tKtxzZIMy"},{"created_at":"2021-08-11T19:43:17.000Z","id":"1425543362388635655","public_metrics":{"retweet_count":2393,"reply_count":354,"like_count":4747,"quote_count":160},"text":"Front page of the Sun Herald in Biloxi, Mississippi today: https://t.co/zyboBG5YOD"},{"created_at":"2021-08-11T19:26:27.000Z","id":"1425539124866519042","public_metrics":{"retweet_count":8979,"reply_count":0,"like_count":0,"quote_count":0},"text":"RT @nickjudin: Mississippi, this is where we are. Fifty beds will be installed here in a concrete garage. The federal government will send…"},{"created_at":"2021-08-11T19:25:30.000Z","id":"1425538886709780480","public_metrics":{"retweet_count":268,"reply_count":0,"like_count":0,"quote_count":0},"text":"RT @nickjudin: Especially worried about the influx of children from schools opening. Jones affirmatively states that UMMC fears they will n…"},{"created_at":"2021-08-11T19:25:23.000Z","id":"1425538857991348227","public_metrics":{"retweet_count":510,"reply_count":0,"like_count":0,"quote_count":0},"text":"RT @nickjudin: If our current trajectory continues, \"within next five to seven or ten days we will see the failure of the hospital system i…"},{"created_at":"2021-08-11T19:25:16.000Z","id":"1425538829361074179","public_metrics":{"retweet_count":624,"reply_count":91,"like_count":1404,"quote_count":27},"text":"University of Mississippi Medical Center: https://t.co/NlqWwz5eyT"},{"created_at":"2021-08-11T19:23:02.000Z","id":"1425538266695077888","public_metrics":{"retweet_count":360,"reply_count":58,"like_count":1763,"quote_count":18},"text":"https://t.co/Zj3k7HWWuu"},{"created_at":"2021-08-11T18:49:26.000Z","id":"1425529810940465153","public_metrics":{"retweet_count":831,"reply_count":247,"like_count":1804,"quote_count":77},"text":"\"The number of COVID-19 patients in Texas hospitals is rising too fast for hospitals to keep up with, hospital leaders told state lawmakers Tuesday.\"\nhttps://t.co/Vjbfg2oN8h"},{"created_at":"2021-08-11T04:11:50.000Z","id":"1425308953479630848","public_metrics":{"retweet_count":443,"reply_count":0,"like_count":0,"quote_count":0},"text":"RT @Sifill_LDF: This block on @maddow diagramming the convictions and scandal-plagued resignations of the succession of NY politicians that…"},{"created_at":"2021-08-11T04:07:32.000Z","id":"1425307873706446850","public_metrics":{"retweet_count":279,"reply_count":0,"like_count":0,"quote_count":0},"text":"RT @MaddowBlog: HA! See also: tonight's D block!"},{"created_at":"2021-08-11T04:07:26.000Z","id":"1425307849446539264","public_metrics":{"retweet_count":505,"reply_count":0,"like_count":0,"quote_count":0},"text":"RT @MaddowBlog: \"Our hospital capacity, our medical capacity in general, like most major cities in Texas is already stretched beyond its li…"},{"created_at":"2021-08-11T02:23:16.000Z","id":"1425281633104584706","public_metrics":{"retweet_count":1035,"reply_count":0,"like_count":0,"quote_count":0},"text":"RT @MaddowBlog: \"It's tragically ironic that [Texas Governor Abbott] would use his emergency powers to prevent us from dealing with the eme…"},{"created_at":"2021-08-11T01:59:40.000Z","id":"1425275692346970112","public_metrics":{"retweet_count":126,"reply_count":43,"like_count":792,"quote_count":5},"text":"Ding ding ding -- you are correct! https://t.co/7kjgqbVFBb https://t.co/mvxAAa7iMf"},{"created_at":"2021-08-10T17:39:33.000Z","id":"1425149834651181059","public_metrics":{"retweet_count":302,"reply_count":188,"like_count":1015,"quote_count":30},"text":"https://t.co/VDkEotF4h9"},{"created_at":"2021-08-10T04:05:31.000Z","id":"1424944978128777217","public_metrics":{"retweet_count":1037,"reply_count":0,"like_count":0,"quote_count":0},"text":"RT @KOCODillon: Mercy Hospital in OKC says it denied 121 transfer requests this past weekend “because we simply didn’t have space”\n\nThey as…"},{"created_at":"2021-08-10T02:58:43.000Z","id":"1424928165546405888","public_metrics":{"retweet_count":915,"reply_count":0,"like_count":0,"quote_count":0},"text":"RT @MaddowBlog: Dr. Fauci on the best way to protect kids going back to school in person:\n1 -  Make sure the people around them who can be…"},{"created_at":"2021-08-10T02:58:40.000Z","id":"1424928155433934848","public_metrics":{"retweet_count":2262,"reply_count":0,"like_count":0,"quote_count":0},"text":"RT @MaddowBlog: \"If you allow the virus to freely circulate in 93 million people and give it the opportunity to find vulnerable targets, yo…"},{"created_at":"2021-08-10T01:57:42.000Z","id":"1424912810253987848","public_metrics":{"retweet_count":248,"reply_count":0,"like_count":0,"quote_count":0},"text":"RT @Synergy3k: ‘Next time I take a vacation, I insist that no attempted coup to overthrow the US government be revealed during the time tha…"},{"created_at":"2021-08-09T21:32:40.000Z","id":"1424846112544935939","public_metrics":{"retweet_count":167,"reply_count":55,"like_count":612,"quote_count":9},"text":"https://t.co/LkdqLQqMFR"},{"created_at":"2021-08-09T20:55:59.000Z","id":"1424836882932830217","public_metrics":{"retweet_count":514,"reply_count":913,"like_count":10126,"quote_count":89},"text":"first day back from vacation! \uD83D\uDE00\n\nlast day of the NYT crossword on across lite \uD83D\uDE31"},{"created_at":"2021-08-03T12:56:18.000Z","id":"1422541838645284865","public_metrics":{"retweet_count":822,"reply_count":246,"like_count":1314,"quote_count":44},"text":"Vitaly Shishov, head of exile group helping Belarusians flee abroad, found dead in Kiev https://t.co/AhJZ8oMi8T"},{"created_at":"2021-08-03T12:43:33.000Z","id":"1422538631659536384","public_metrics":{"retweet_count":471,"reply_count":99,"like_count":929,"quote_count":21},"text":"Head of Belarusian exile group found hanged in Ukraine; police open murder case: https://t.co/EhMN0NG3aK"},{"created_at":"2021-08-02T22:21:26.000Z","id":"1422321671348838400","public_metrics":{"retweet_count":621,"reply_count":0,"like_count":0,"quote_count":0},"text":"RT @MSNBCPR: TONIGHT: Retired Lieutenant Colonel @AVindman, who testified in the first impeachment trial against fmr. President Trump, join…"},{"created_at":"2021-08-02T18:53:44.000Z","id":"1422269400917348360","public_metrics":{"retweet_count":466,"reply_count":0,"like_count":0,"quote_count":0},"text":"RT @MaddowBlog: Tonight!"},{"created_at":"2021-08-02T18:11:19.000Z","id":"1422258727500099584","public_metrics":{"retweet_count":937,"reply_count":0,"like_count":0,"quote_count":0},"text":"RT @AVindman: Looking forward to tomorrow night when I will appear on MSNBC’s Rachel Maddow Show w/ guest host Ali Velshi at 9 pm ET. Don’t…"},{"created_at":"2021-08-02T14:00:17.000Z","id":"1422195553094545420","public_metrics":{"retweet_count":570,"reply_count":83,"like_count":3371,"quote_count":36},"text":"Poland grants Belarusian Olympic sprinter humanitarian visa https://t.co/rQZd9Zwj26"}],"meta":{"oldest_id":"1422195553094545420","newest_id":"1426403490130276352","result_count":67}}