{"data":[{"public_metrics":{"retweet_count":5994,"reply_count":1250,"like_count":15522,"quote_count":315},"created_at":"2021-10-29T19:25:11.000Z","id":"1454167449394352140","text":"I'll admit to being surprised that the shock ProPublica story re Senator Richard Burr isn't getting wider attention:\nhttps://t.co/96PXrx9UVl"},{"public_metrics":{"retweet_count":2277,"reply_count":0,"like_count":0,"quote_count":0},"created_at":"2021-10-29T01:58:11.000Z","id":"1453903962994794531","text":"RT @RepUnderwood: Huge news! The #BuildBackBetter Act includes EVERY eligible provision of my #Momnibus Act! Thank you @POTUS &amp; @VP for cha…"},{"public_metrics":{"retweet_count":683,"reply_count":429,"like_count":1474,"quote_count":86},"created_at":"2021-10-28T18:40:30.000Z","id":"1453793814456508422","text":"\"Former President Donald Trump and some of his supporters have already begun warning of voter fraud and laying the groundwork to question the veracity of Virginia’s elections\"\nhttps://t.co/9MF46YUCWg"},{"public_metrics":{"retweet_count":5452,"reply_count":835,"like_count":13940,"quote_count":384},"created_at":"2021-10-28T18:24:26.000Z","id":"1453789771906617346","text":"USA Today editorial board unloads on Senator Joe Manchin:\n\nhttps://t.co/gipZGgdxYh https://t.co/9YG2AFnt4p"},{"public_metrics":{"retweet_count":246,"reply_count":0,"like_count":0,"quote_count":0},"created_at":"2021-10-28T18:10:19.000Z","id":"1453786219599605761","text":"RT @jim_newell: Dan Kildee says it would be helpful in getting BIF done if Manchin and Sinema stopped speaking in “hieroglyphics”about thei…"},{"public_metrics":{"retweet_count":508,"reply_count":104,"like_count":1756,"quote_count":25},"created_at":"2021-10-28T05:02:34.000Z","id":"1453587974965301248","text":"One of the best A Closer Look’s ever: https://t.co/S3ydbpevVx"},{"public_metrics":{"retweet_count":305,"reply_count":0,"like_count":0,"quote_count":0},"created_at":"2021-10-27T21:52:57.000Z","id":"1453479858441498626","text":"RT @HallieOnMSNBC: \"We're not going to be fools\": @RepJayapal says progressives insist on seeing legislative text -- and not a framework --…"},{"public_metrics":{"retweet_count":95,"reply_count":84,"like_count":924,"quote_count":9},"created_at":"2021-10-27T21:32:31.000Z","id":"1453474718888103944","text":"@chrislhayes The longer it takes to sort out, the more likely it becomes that what's *in* the bill includes all these wonderful things:"},{"public_metrics":{"retweet_count":6475,"reply_count":2326,"like_count":19337,"quote_count":680},"created_at":"2021-10-27T20:03:27.000Z","id":"1453452302296272901","text":"Manchin and Sinema getting the HuffPo front page treatment right now: https://t.co/OzEjNRdeb7"},{"public_metrics":{"retweet_count":174,"reply_count":0,"like_count":0,"quote_count":0},"created_at":"2021-10-27T19:16:56.000Z","id":"1453440597885427725","text":"RT @greenhousenyt: Labor @SecMartyWalsh explains why he's going to a Kellogg's factory in Lancaster, Pennsylvania today to show his support…"},{"public_metrics":{"retweet_count":319,"reply_count":0,"like_count":0,"quote_count":0},"created_at":"2021-10-27T19:16:52.000Z","id":"1453440578587406339","text":"RT @greenhousenyt: A leading labor historian tells me, \"I do not know of another historical instance in which a sitting Secretary of Labor…"},{"public_metrics":{"retweet_count":341,"reply_count":96,"like_count":1232,"quote_count":11},"created_at":"2021-10-27T18:31:06.000Z","id":"1453429064308600832","text":"https://t.co/tRyEfmSxjA https://t.co/j8omIgHIMR"},{"public_metrics":{"retweet_count":6479,"reply_count":0,"like_count":0,"quote_count":0},"created_at":"2021-10-27T18:06:14.000Z","id":"1453422804058230790","text":"RT @ChrisMurphyCT: You can’t argue with the numbers. Here’s how long each President has had to wait for confirmation of State Dept nominees…"},{"public_metrics":{"retweet_count":1677,"reply_count":1257,"like_count":6660,"quote_count":149},"created_at":"2021-10-27T17:06:40.000Z","id":"1453407815347826688","text":"Shocked. Shocked, I tell you.\n\nDemocrats finally get a yes on something from one of the two Dem senators who've enjoyed blocking the president's whole agenda for months.\n\nAfter the one says yes, the other then immediately says no.\n\nShock! Who could have possibly seen this coming! https://t.co/4fVbKxxKT6"},{"public_metrics":{"retweet_count":3176,"reply_count":0,"like_count":0,"quote_count":0},"created_at":"2021-10-27T04:04:06.000Z","id":"1453210875091894291","text":"RT @RepSwalwell: Shot. Chaser. https://t.co/gwYUcbKcCs"},{"public_metrics":{"retweet_count":1005,"reply_count":0,"like_count":0,"quote_count":0},"created_at":"2021-10-27T04:03:22.000Z","id":"1453210687958929409","text":"RT @MaddowBlog: \"This should be a federal crime.\"\nSenator Amy Klobuchar outlines some of the measures in the voting rights bill that are de…"},{"public_metrics":{"retweet_count":909,"reply_count":0,"like_count":0,"quote_count":0},"created_at":"2021-10-27T04:02:53.000Z","id":"1453210568559628292","text":"RT @MaddowBlog: \"Nearly 1 in 5 elections officials now list 'threats to their lives' as a job-related concern.\" - Al Schmidt, commissioner…"},{"public_metrics":{"retweet_count":4651,"reply_count":0,"like_count":0,"quote_count":0},"created_at":"2021-10-27T02:33:58.000Z","id":"1453188192321085445","text":"RT @FOXSoccer: \uD83D\uDC4F\uD83D\uDC4F @CarliLloyd walks off the field for the last time in a @USWNT jersey \uD83C\uDDFA\uD83C\uDDF8 https://t.co/GTGo4FzVCb"},{"public_metrics":{"retweet_count":740,"reply_count":0,"like_count":0,"quote_count":0},"created_at":"2021-10-27T01:59:13.000Z","id":"1453179446521909250","text":"RT @tomperriello: In Virginia, far-right attacks on School Boards appear to be backfiring with suburban moms…"},{"public_metrics":{"retweet_count":167,"reply_count":0,"like_count":0,"quote_count":0},"created_at":"2021-10-26T19:36:13.000Z","id":"1453083060807798794","text":"RT @C_C_Krebs: Excellent news! Kim Wyman is the real deal and a true professional. Nice addition to the @CISAgov team as they continue to p…"},{"public_metrics":{"retweet_count":322,"reply_count":33,"like_count":1462,"quote_count":13},"created_at":"2021-10-26T14:44:10.000Z","id":"1453009565503696904","text":"“Ukrainian President Volodymyr Zelensky tweeted that he was grateful to the court for its decision in what he described as a long-awaited victory: \n\n‘We always regain what’s ours,’ he said. \n\n‘After the Scythian gold, we’ll get Crimea returned’.” https://t.co/Ds1Qaha7KM"},{"public_metrics":{"retweet_count":723,"reply_count":0,"like_count":0,"quote_count":0},"created_at":"2021-10-26T04:50:53.000Z","id":"1452860258553040898","text":"RT @NiemanLab: \"Do you want to start a fight with Steve Bannon?\"\n\n@Facebook apparently didn't, so Breitbart News went on a special \"whiteli…"},{"public_metrics":{"retweet_count":7684,"reply_count":0,"like_count":0,"quote_count":0},"created_at":"2021-10-26T04:45:20.000Z","id":"1452858865117188102","text":"RT @AriBerman: Breaking: TX Gov Abbott signs extreme gerrymandered House &amp; state leg maps\n\nWhites 40% population but control 60% districts…"},{"public_metrics":{"retweet_count":508,"reply_count":0,"like_count":0,"quote_count":0},"created_at":"2021-10-26T01:57:02.000Z","id":"1452816508938342402","text":"RT @Synergy3k: ‘Two years ago I really thought we needed to break up Facebook. Today, I really really really think we need to break up Face…"},{"public_metrics":{"retweet_count":840,"reply_count":0,"like_count":0,"quote_count":0},"created_at":"2021-10-24T23:11:29.000Z","id":"1452412461097918471","text":"RT @jsrailton: NEW: iPhone of @NYTBen was hacked with #Pegasus spyware *after* he complained to NSO Group about previous targeting.\n\nTHREAD…"},{"public_metrics":{"retweet_count":406,"reply_count":394,"like_count":8702,"quote_count":24},"created_at":"2021-10-24T23:10:00.000Z","id":"1452412084491280386","text":"That quart of tiny pinecones carefully but tightly stuffed into my wading boot: nature’s way of saying you’re not fishing frequently enough this autumn."},{"public_metrics":{"retweet_count":1957,"reply_count":0,"like_count":0,"quote_count":0},"created_at":"2021-10-23T05:14:46.000Z","id":"1451779107272986629","text":"RT @mehdirhasan: So this tweet from last November aged well. \nTurns out ‘this man’ is the person now charged with voting under his wife’s n…"},{"public_metrics":{"retweet_count":360,"reply_count":0,"like_count":0,"quote_count":0},"created_at":"2021-10-23T05:07:50.000Z","id":"1451777362836733952","text":"RT @joshtpm: 2/ step back and it’s disturbing that a lot of most powerful financial figures/oligarchs are invested, literally and figurativ…"},{"public_metrics":{"retweet_count":506,"reply_count":0,"like_count":0,"quote_count":0},"created_at":"2021-10-23T05:07:49.000Z","id":"1451777356708917252","text":"RT @joshtpm: the barons of our economic order all seem close to functionally illiterate about macroeconomics."},{"public_metrics":{"retweet_count":313,"reply_count":0,"like_count":0,"quote_count":0},"created_at":"2021-10-23T05:06:12.000Z","id":"1451776951807614976","text":"RT @MaddowBlog: Steve Wolf, weapons safety expert for films: Film set safety is to the point where you have to break multiple rules to hurt…"},{"public_metrics":{"retweet_count":318,"reply_count":0,"like_count":0,"quote_count":0},"created_at":"2021-10-23T05:06:08.000Z","id":"1451776934636146688","text":"RT @MaddowBlog: Steve Wolf, weapons safety expert for films, explains the tools and terminology of guns on movie sets. https://t.co/ymkDLJg…"},{"public_metrics":{"retweet_count":370,"reply_count":170,"like_count":957,"quote_count":30},"created_at":"2021-10-22T19:22:25.000Z","id":"1451630038852456456","text":"\"Youngkin ran on 'election integrity' and refused for months to say plainly whether President Joe Biden had been legitimately elected.\"\nhttps://t.co/l5FyMHsvpa"},{"public_metrics":{"retweet_count":758,"reply_count":120,"like_count":3486,"quote_count":17},"created_at":"2021-10-22T18:52:43.000Z","id":"1451622564028104711","text":"Actual, professional, non-partisan audit: https://t.co/qGsbNlgfGY"},{"public_metrics":{"retweet_count":2691,"reply_count":0,"like_count":0,"quote_count":0},"created_at":"2021-10-21T21:55:52.000Z","id":"1451306266064666633","text":"RT @kylegriffin1: New: The Justice Department has added two top prosecutors from Washington to the child sex trafficking investigation of R…"},{"public_metrics":{"retweet_count":325,"reply_count":75,"like_count":1324,"quote_count":24},"created_at":"2021-10-21T21:54:17.000Z","id":"1451305869229101062","text":"Offense!\nhttps://t.co/aiRYn5Xozz"},{"public_metrics":{"retweet_count":6954,"reply_count":903,"like_count":19566,"quote_count":553},"created_at":"2021-10-21T20:45:56.000Z","id":"1451288665154596865","text":"\"The documents show that DeJoy had conflicts of interest relating to the company where he served as a chief executive, XPO Logistics, as well as 13 other major companies that have relationships with the Postal Service.\"\n\nWhy is he still Postmaster General?\nhttps://t.co/mI6SjNbAH9"},{"public_metrics":{"retweet_count":936,"reply_count":0,"like_count":0,"quote_count":0},"created_at":"2021-10-21T04:32:06.000Z","id":"1451043592290586624","text":"RT @ashtonpittman: With Black people making up about 38% of the population, Mississippi is the blackest state in the nation.\n\nHere is a pho…"},{"public_metrics":{"retweet_count":566,"reply_count":0,"like_count":0,"quote_count":0},"created_at":"2021-10-21T04:31:33.000Z","id":"1451043453568180239","text":"RT @karaswisher: Groovy new name for Facebook. https://t.co/1IaJCv969O"},{"public_metrics":{"retweet_count":188,"reply_count":60,"like_count":453,"quote_count":15},"created_at":"2021-10-20T19:59:30.000Z","id":"1450914595082809354","text":"\"The Gates of Hell gas crater has become a tourist attraction for the few allowed to visit the country.\"\nhttps://t.co/TuNRRuEDB3"},{"public_metrics":{"retweet_count":585,"reply_count":212,"like_count":1898,"quote_count":37},"created_at":"2021-10-20T19:29:21.000Z","id":"1450907006202781705","text":"\"I had hoped that decent people working from the inside could save the Republican Party from those who believe the Big Lie. I was wrong.\"\nhttps://t.co/nzpYlLfyqR"},{"public_metrics":{"retweet_count":1513,"reply_count":156,"like_count":4225,"quote_count":52},"created_at":"2021-10-20T19:06:02.000Z","id":"1450901138782527491","text":"In the last five years, only two sitting members of Congress faced federal criminal charges: Republicans Chris Collins and Duncan Hunter.\n\nBoth sentenced to prison. Both pardoned by Trump.\n\nNewly-indicted Republican Jeff Fortenberry won't be as lucky:\nhttps://t.co/8DmdJ11SP4"},{"public_metrics":{"retweet_count":268,"reply_count":85,"like_count":874,"quote_count":11},"created_at":"2021-10-20T18:30:31.000Z","id":"1450892202075373578","text":"“It feels like we are on the edge of global climate collapse, and we needed to take action to stop it. Out of fear for our lives we shut down Line 5.”\nhttps://t.co/jglysPwjaz"},{"public_metrics":{"retweet_count":452,"reply_count":56,"like_count":1690,"quote_count":14},"created_at":"2021-10-20T16:36:05.000Z","id":"1450863403287863299","text":"\"He has laid bare corruption in Russia’s ruling families. And he has paid the price in repeated arrests.\"\nhttps://t.co/IQhcIVjtYU"},{"public_metrics":{"retweet_count":1922,"reply_count":0,"like_count":0,"quote_count":0},"created_at":"2021-10-19T19:24:20.000Z","id":"1450543355209912326","text":"RT @AriBerman: If Dems don’t reform filibuster to pass Freedom to Vote Act, GOP will retake House through extreme gerrymandering &amp; lock in…"},{"public_metrics":{"retweet_count":8244,"reply_count":0,"like_count":0,"quote_count":0},"created_at":"2021-10-19T19:24:16.000Z","id":"1450543338545877001","text":"RT @AriBerman: Late last night Texas legislature passed extreme gerrymandered US House maps\n\nWhites 40% population but control 60% district…"},{"public_metrics":{"retweet_count":1858,"reply_count":0,"like_count":0,"quote_count":0},"created_at":"2021-10-19T15:28:13.000Z","id":"1450483934257688582","text":"RT @JoyceWhiteVance: Well, this is an interesting development"},{"public_metrics":{"retweet_count":466,"reply_count":0,"like_count":0,"quote_count":0},"created_at":"2021-10-19T04:48:53.000Z","id":"1450323039711895553","text":"RT @MaddowBlog: While the final form and content of the bill remains up in the air, Rep. Jayapal tells Rachel Maddow that Senator Manchin d…"},{"public_metrics":{"retweet_count":5094,"reply_count":591,"like_count":22668,"quote_count":362},"created_at":"2021-10-19T04:44:32.000Z","id":"1450321945883553794","text":"From his book “My American Journey”: https://t.co/LU2tAOpugR"},{"public_metrics":{"retweet_count":4,"reply_count":5,"like_count":213,"quote_count":0},"created_at":"2021-10-19T01:58:07.000Z","id":"1450280065355427842","text":"@Synergy3k \uD83D\uDC4B"},{"public_metrics":{"retweet_count":369,"reply_count":146,"like_count":2086,"quote_count":23},"created_at":"2021-10-18T22:25:02.000Z","id":"1450226443779194883","text":"Sen. Joe Manchin and Rep. Pramila Jayapal (head of the Progressive Caucus) met for two hours today.\n\nOh, to be a fly on the wall...\n\nRep. Jayapal joins us live tonight at 9PM ET, MSNBC. https://t.co/K8HdMwgX82"},{"public_metrics":{"retweet_count":393,"reply_count":52,"like_count":2107,"quote_count":11},"created_at":"2021-10-18T21:59:11.000Z","id":"1450219938036305925","text":"Rest in peace, Sister Megan Rice.\n\n“'Please have no leniency on me,' Sister Rice said during the trial...”\nhttps://t.co/VY5CPA5qB2\n\nMy interview with her, from 2015:\nhttps://t.co/huTlmEADK1"}],"meta":{"oldest_id":"1450219938036305925","newest_id":"1454167449394352140","result_count":51}}