{"data":[{"created_at":"2021-09-29T21:05:25.000Z","id":"1443321035894427651","text":"\"Whose post office? The people's post office.\" https://t.co/fnqwmWtsWz","public_metrics":{"retweet_count":2786,"reply_count":459,"like_count":6739,"quote_count":214}},{"created_at":"2021-09-29T19:08:38.000Z","id":"1443291647161389058","text":"RT @ThePlumLineGS: I feel like this point is getting lost. The very idea that the infrastructure bill must be voted on right away, before t…","public_metrics":{"retweet_count":417,"reply_count":0,"like_count":0,"quote_count":0}},{"created_at":"2021-09-29T18:55:33.000Z","id":"1443288353877774338","text":"\"Giuliani confirmed under oath that when he peddled election conspiracy theories, he didn't check to learn whether they were true.\"\nhttps://t.co/eIsrQ8COGa","public_metrics":{"retweet_count":1100,"reply_count":296,"like_count":2847,"quote_count":99}},{"created_at":"2021-09-29T18:31:53.000Z","id":"1443282399870259209","text":"Alabama governor defends plans to use COVID relief funds to build new prisons:\n\n“An Alabama solution to this Alabama problem.” \nhttps://t.co/aG8Ze3pyhZ","public_metrics":{"retweet_count":483,"reply_count":324,"like_count":872,"quote_count":100}},{"created_at":"2021-09-29T18:30:05.000Z","id":"1443281945706835969","text":"St Luke's is the largest health provider in Idaho: https://t.co/GM4B3sQfcA","public_metrics":{"retweet_count":5096,"reply_count":645,"like_count":14200,"quote_count":200}},{"created_at":"2021-09-29T18:28:57.000Z","id":"1443281659747524611","text":"\"For the third week in a row, Idaho has set a record for COVID-19 hospitalizations and intensive care unit admissions\"\nhttps://t.co/6JGgxlydK5","public_metrics":{"retweet_count":256,"reply_count":70,"like_count":616,"quote_count":11}},{"created_at":"2021-09-29T18:20:44.000Z","id":"1443279591347564544","text":"Meanwhile, musings from the mayor of Anchorage: \"Ivermectin is quite successful!\"\n\n\uD83E\uDD26\nhttps://t.co/MwBiAAyiFy","public_metrics":{"retweet_count":399,"reply_count":432,"like_count":1193,"quote_count":94}},{"created_at":"2021-09-29T15:49:49.000Z","id":"1443241614722359302","text":"RT @ASlavitt: DOD reports that 95% of military have now had at least one shot now. \n\nIn the scheme of controversies, this was not one.","public_metrics":{"retweet_count":4618,"reply_count":0,"like_count":0,"quote_count":0}},{"created_at":"2021-09-29T14:32:34.000Z","id":"1443222173888532498","text":"RT @IanJDickson: The catastrophe in Alaska became national news two weeks ago, I think, when Providence Hospital announced the move to cris…","public_metrics":{"retweet_count":274,"reply_count":0,"like_count":0,"quote_count":0}},{"created_at":"2021-09-28T20:09:17.000Z","id":"1442944523038982145","text":"Trump-era Postmaster General Louis DeJoy is...\n\n(1) reportedly under federal criminal investigation\nhttps://t.co/yyyC0U6926\n\nand\n\n(2) still in his job\n\nand\n\n(3) doing this to the post office:\nhttps://t.co/M9ChmI3Dnv","public_metrics":{"retweet_count":5989,"reply_count":903,"like_count":10548,"quote_count":621}},{"created_at":"2021-09-28T19:26:52.000Z","id":"1442933847771869184","text":"“If I have another flock of chickens with leg mites, I’m not going to be able to help them,” she said. “And then I don’t know what we’re going to do.”\n\nhttps://t.co/21n7zWciBt","public_metrics":{"retweet_count":545,"reply_count":181,"like_count":1638,"quote_count":49}},{"created_at":"2021-09-28T02:31:02.000Z","id":"1442678203542343680","text":"RT @Synergy3k: Because the internet has everything.... and now, you have to go to prison. https://t.co/td2WErDZDO #Maddow","public_metrics":{"retweet_count":61,"reply_count":0,"like_count":0,"quote_count":0}},{"created_at":"2021-09-28T02:30:51.000Z","id":"1442678158440996869","text":"@jentaub @SenatorTester i thought so too!!","public_metrics":{"retweet_count":21,"reply_count":46,"like_count":808,"quote_count":1}},{"created_at":"2021-09-28T02:30:25.000Z","id":"1442678050840367104","text":"RT @WillAtWork: Yes!","public_metrics":{"retweet_count":41,"reply_count":0,"like_count":0,"quote_count":0}},{"created_at":"2021-09-28T01:44:08.000Z","id":"1442666404654764036","text":"We were so young! So innocent! ♥️❤️♥️❤️ https://t.co/E2580tkNwX","public_metrics":{"retweet_count":1135,"reply_count":545,"like_count":17609,"quote_count":68}},{"created_at":"2021-09-28T01:43:08.000Z","id":"1442666152837124099","text":"RT @MaddowBlog: \"It can't be a pinkie promise.\" - Rep. Pramila Jayapal makes clear that she's is more committed to getting what progressive…","public_metrics":{"retweet_count":340,"reply_count":0,"like_count":0,"quote_count":0}},{"created_at":"2021-09-27T23:13:20.000Z","id":"1442628450636943364","text":"11,000!\nhttps://t.co/7cDXjrUwcK","public_metrics":{"retweet_count":967,"reply_count":222,"like_count":4274,"quote_count":68}},{"created_at":"2021-09-27T23:01:24.000Z","id":"1442625448215724032","text":"RT @steve_vladeck: When the primary is the only election that matters, we get crazy polarization in Washington. And instead of doing anythi…","public_metrics":{"retweet_count":479,"reply_count":0,"like_count":0,"quote_count":0}},{"created_at":"2021-09-27T23:00:24.000Z","id":"1442625199157952513","text":"RT @chrislhayes: The correct headline is Republicans Unanimously Vote for US Default","public_metrics":{"retweet_count":11782,"reply_count":0,"like_count":0,"quote_count":0}},{"created_at":"2021-09-27T19:03:08.000Z","id":"1442565486475022342","text":"\"Enraged villagers, indifferent to the evidence, exclaim moments later, 'Burn her anyway!'\"\n\nhttps://t.co/5d9iyHkfFM","public_metrics":{"retweet_count":482,"reply_count":167,"like_count":1627,"quote_count":20}},{"created_at":"2021-09-26T03:39:42.000Z","id":"1441970712181305350","text":"RT @SteveSchmidtSES: Sometimes famous quotes become jumbled through repetition and time. The words retain their familiarity but the power a…","public_metrics":{"retweet_count":2831,"reply_count":0,"like_count":0,"quote_count":0}},{"created_at":"2021-09-25T20:09:11.000Z","id":"1441857333110444033","text":"“Even Republicans who do not subscribe to false claims of election fraud are using investigations to justify more restrictive voting laws.”\n\nShocked — shocked I say.  https://t.co/o42ZbCYyW7","public_metrics":{"retweet_count":467,"reply_count":226,"like_count":1720,"quote_count":27}},{"created_at":"2021-09-25T20:07:31.000Z","id":"1441856915055816706","text":"“For those who have tried to undermine confidence in American elections and restrict voting, the actual findings of the Arizona review that were released on Friday did not appear to matter in the slightest…”\n\nShocked — shocked I say.  https://t.co/o42ZbCYyW7","public_metrics":{"retweet_count":1005,"reply_count":386,"like_count":4251,"quote_count":54}},{"created_at":"2021-09-25T14:31:22.000Z","id":"1441772319400157187","text":"RT @MaddowBlog: @SteveSchmidtSES Rachel's full conversation with Steve Schmidt here: https://t.co/V7xW4WC7n2","public_metrics":{"retweet_count":919,"reply_count":0,"like_count":0,"quote_count":0}},{"created_at":"2021-09-25T04:38:16.000Z","id":"1441623063032963072","text":"RT @AccountableGOP: Watch Rep. Paul Gosar (R), AZ-04, continue to spread insane conspiracies about the 2020 election. \n\n“I’ve had people co…","public_metrics":{"retweet_count":1109,"reply_count":0,"like_count":0,"quote_count":0}},{"created_at":"2021-09-25T04:33:22.000Z","id":"1441621827437035528","text":"RT @jeremyduda: We also heard a detailed analysis about early ballot envelope signatures from a guy who has no background in that area but…","public_metrics":{"retweet_count":155,"reply_count":0,"like_count":0,"quote_count":0}},{"created_at":"2021-09-25T04:33:21.000Z","id":"1441621822059941893","text":"RT @jeremyduda: What did we hear from today’s audit presentation? A lot of unsubstantiated claims and a lot of “there might be an explanati…","public_metrics":{"retweet_count":372,"reply_count":0,"like_count":0,"quote_count":0}},{"created_at":"2021-09-25T04:32:26.000Z","id":"1441621593084530689","text":"RT @MaddowBlog: \"The reality of it is, Texas is being run from Mar-a-Lago. And that is dangerous. And it's not appropriate.\" - Harris Count…","public_metrics":{"retweet_count":2595,"reply_count":0,"like_count":0,"quote_count":0}},{"created_at":"2021-09-25T02:05:01.000Z","id":"1441584496227373058","text":"RT @chrislhayes: @Lesdoggg It’s Friday, Leslie!","public_metrics":{"retweet_count":66,"reply_count":0,"like_count":0,"quote_count":0}},{"created_at":"2021-09-24T22:50:00.000Z","id":"1441535416360787977","text":"RT @ErrataRob: 33/ \"Without access to the router data, network data, I cannot tell if this is a legitimate access or an malicious access\".…","public_metrics":{"retweet_count":96,"reply_count":0,"like_count":0,"quote_count":0}},{"created_at":"2021-09-24T22:10:03.000Z","id":"1441525362823872521","text":"lol https://t.co/RsTb0pMr8q","public_metrics":{"retweet_count":376,"reply_count":160,"like_count":2424,"quote_count":13}},{"created_at":"2021-09-24T21:34:09.000Z","id":"1441516329173807106","text":"RT @jeremyduda: Voters can legally request that their early ballots be mailed to a temporary address. It's often done by snowbirds. The tem…","public_metrics":{"retweet_count":161,"reply_count":0,"like_count":0,"quote_count":0}},{"created_at":"2021-09-24T21:34:08.000Z","id":"1441516323587063809","text":"RT @jeremyduda: Logan says 23,344 voted by mail even though a commercial database showed that they'd moved from that address, says because…","public_metrics":{"retweet_count":130,"reply_count":0,"like_count":0,"quote_count":0}},{"created_at":"2021-09-24T21:26:47.000Z","id":"1441514475224387587","text":"RT @maricopacounty: \"Anomaly\" seems to be another way of saying the Senate's contractors don't understand election processes.  Sadly, this…","public_metrics":{"retweet_count":344,"reply_count":0,"like_count":0,"quote_count":0}},{"created_at":"2021-09-24T21:26:00.000Z","id":"1441514278687809537","text":"RT @maricopacounty: So it's over then?","public_metrics":{"retweet_count":234,"reply_count":0,"like_count":0,"quote_count":0}},{"created_at":"2021-09-24T20:26:34.000Z","id":"1441499322118393863","text":"RT @Garrett_Archer: This is really...really...really...important.\n\nRegardless of the findings, they only have one set of the equation.","public_metrics":{"retweet_count":176,"reply_count":0,"like_count":0,"quote_count":0}},{"created_at":"2021-09-24T20:04:33.000Z","id":"1441493779555434498","text":"But this next one will be \"concluvise\"! https://t.co/YIZSSNcRz2","public_metrics":{"retweet_count":445,"reply_count":220,"like_count":3376,"quote_count":33}},{"created_at":"2021-09-24T19:35:49.000Z","id":"1441486549544173570","text":"\"Telling women impregnated by rapists that their circumstances are merely \"inconvenient\" is likely to be a tough sell.\"\nhttps://t.co/arBgQEuxYt","public_metrics":{"retweet_count":1025,"reply_count":333,"like_count":3264,"quote_count":106}},{"created_at":"2021-09-24T19:32:17.000Z","id":"1441485658812559361","text":"Good times. From April. https://t.co/9IrAIDiTaB","public_metrics":{"retweet_count":390,"reply_count":133,"like_count":2177,"quote_count":14}},{"created_at":"2021-09-24T19:11:36.000Z","id":"1441480454234943489","text":"https://t.co/zBSxD8sa8Z https://t.co/KtcGLo4e5e","public_metrics":{"retweet_count":565,"reply_count":589,"like_count":1737,"quote_count":123}},{"created_at":"2021-09-24T19:09:44.000Z","id":"1441479983248072718","text":"The underlying fantasy here -- that doctors for some reason are killing people by purposely denying them what they know is the *real* COVID cure -- is not just seeping from dank corners of the internet. It's stoked nightly on conservative TV news shows.\nhttps://t.co/zBSxD8sa8Z https://t.co/NF4qmRvvm1","public_metrics":{"retweet_count":955,"reply_count":341,"like_count":2745,"quote_count":58}},{"created_at":"2021-09-24T17:50:23.000Z","id":"1441460016540758016","text":"RT @ThePlumLineGS: Yes, the Arizona \"audit\" imploded on Trump. But people are missing a big part of the story: Its \"findings\" continue to p…","public_metrics":{"retweet_count":1037,"reply_count":0,"like_count":0,"quote_count":0}},{"created_at":"2021-09-24T14:30:37.000Z","id":"1441409742098903043","text":"RT @oneunderscore__: A story from Vanderbilt ICU doctor Wes Ely, about a patient who is five months pregnant and refuses to be treated for…","public_metrics":{"retweet_count":2035,"reply_count":0,"like_count":0,"quote_count":0}},{"created_at":"2021-09-24T04:22:10.000Z","id":"1441256619648634880","text":"RT @nytimes: Breaking News: Donald Trump was not cheated of victory in Arizona’s largest county in 2020, a draft of a Republican-ordered re…","public_metrics":{"retweet_count":2327,"reply_count":0,"like_count":0,"quote_count":0}},{"created_at":"2021-09-24T04:19:26.000Z","id":"1441255934425059332","text":"RT @azcentral: #BREAKING: Audit report affirms President Biden beat former President Trump, as Maricopa County said in November.\n\nEarly ver…","public_metrics":{"retweet_count":3812,"reply_count":0,"like_count":0,"quote_count":0}},{"created_at":"2021-09-24T04:18:15.000Z","id":"1441255635450884106","text":"RT @marceelias: Oh, I remember.","public_metrics":{"retweet_count":1012,"reply_count":0,"like_count":0,"quote_count":0}},{"created_at":"2021-09-24T04:14:37.000Z","id":"1441254721478610944","text":"Arizona Republic:\n\n“The hand count shows Trump received 45,469 fewer votes than Biden.\n\nThe county results showed he lost by 45,109.“ https://t.co/Pgyv3jq8jC","public_metrics":{"retweet_count":2802,"reply_count":1176,"like_count":12629,"quote_count":377}},{"created_at":"2021-09-24T02:07:38.000Z","id":"1441222765701328900","text":"@mhbergen Send them my way...","public_metrics":{"retweet_count":6,"reply_count":11,"like_count":82,"quote_count":0}},{"created_at":"2021-09-23T18:58:15.000Z","id":"1441114707859951625","text":"At last -- what is actually going on with Republicans and the stupid debt ceiling:\nhttps://t.co/gmyVHT9xFz","public_metrics":{"retweet_count":829,"reply_count":203,"like_count":1826,"quote_count":49}},{"created_at":"2021-09-23T18:27:00.000Z","id":"1441106841862225932","text":"https://t.co/3gkhKlZUkD","public_metrics":{"retweet_count":209,"reply_count":107,"like_count":737,"quote_count":12}},{"created_at":"2021-09-22T21:51:34.000Z","id":"1440795934510616579","text":"\uD83D\uDEA8 Alaska joins Idaho as the second state to establish \"crisis standards of care\" statewide, due to the crush of COVID patients overwhelming the state's health system.\n\nThis is just terrible news. Crisis standards of care is a catastrophic last resort:\nhttps://t.co/2YUQHzu7ZF","public_metrics":{"retweet_count":2554,"reply_count":491,"like_count":5398,"quote_count":221}},{"created_at":"2021-09-22T19:28:55.000Z","id":"1440760035869528074","text":"\"Reuters interviewed 9 of the 15 declared Republican candidates for secretary of state in battleground states Arizona, Georgia, Wisconsin, Michigan, Nevada. \n\nOnly two of the nine candidates Reuters interviewed said that Biden won the election.\"\nhttps://t.co/VUpGtoKtpL","public_metrics":{"retweet_count":1146,"reply_count":525,"like_count":2081,"quote_count":147}},{"created_at":"2021-09-22T19:08:41.000Z","id":"1440754946803044352","text":"\"In the lobby of the emergency department, rooms have been fashioned with makeshift plastic walls.\n\nHospital staffers volunteer to sit with dying patients.\n\nBeds line hallways.\n\n'The problem is,' said the ER manager, 'we are running out of hallways.\"\nhttps://t.co/49pv618QFw","public_metrics":{"retweet_count":1431,"reply_count":204,"like_count":2774,"quote_count":93}},{"created_at":"2021-09-22T19:05:49.000Z","id":"1440754224963280903","text":"\"This sort of 'you can’t make me, and I’d like to see you try' attitude breaks perhaps the deepest Alaskan norm of all: That here at the end of the road, all we have is each other, and we ought to help each other out.\"\nhttps://t.co/LboZytI81J","public_metrics":{"retweet_count":336,"reply_count":74,"like_count":1249,"quote_count":15}},{"created_at":"2021-09-22T19:02:57.000Z","id":"1440753500384686082","text":"\"The notion that we should do whatever we want, even if it endangers others, is contrary to both conservative and liberal principles. It violates the conservative, libertarian ideal of non-aggression by acting as a potential vector for a fatal disease.\"\nhttps://t.co/LboZytI81J","public_metrics":{"retweet_count":665,"reply_count":108,"like_count":2281,"quote_count":23}},{"created_at":"2021-09-22T18:24:28.000Z","id":"1440743816953143298","text":"RT @JoyceWhiteVance: And right on cue, as I suggested yesterday. Anti-abortion forces are unhappy private lawsuits have been filed against…","public_metrics":{"retweet_count":2225,"reply_count":0,"like_count":0,"quote_count":0}},{"created_at":"2021-09-22T18:22:27.000Z","id":"1440743310453133312","text":"RT @AriBerman: Voting rights\n\nReproductive rights\n\nImmigration reform\n\nCriminal justice reform\n\nGun control\n\nJan 6 commission\n\nRaising mini…","public_metrics":{"retweet_count":4688,"reply_count":0,"like_count":0,"quote_count":0}},{"created_at":"2021-09-22T17:34:07.000Z","id":"1440731145184813059","text":"\"Sham audits in Arizona and elsewhere will serve a similar function: when they find fake evidence of fraud... this can manufacture future pretexts for schemes like sending rogue electors and getting a GOP Congress to count those and not the valid ones.\"\nhttps://t.co/bWi5LPAm3L","public_metrics":{"retweet_count":604,"reply_count":133,"like_count":1585,"quote_count":23}},{"created_at":"2021-09-22T17:29:54.000Z","id":"1440730084340420620","text":"\"Knowingly manufactured lies about our electoral system, and about the left, were wielded as justification for efforts to subvert our democratic order.\n\nThe manufacturing of these lies continues to function as a pretext for overturning future elections.\"\nhttps://t.co/bWi5LPAm3L","public_metrics":{"retweet_count":432,"reply_count":98,"like_count":1234,"quote_count":27}},{"created_at":"2021-09-22T04:28:39.000Z","id":"1440533475455426563","text":"\uD83D\uDC47 https://t.co/o3cGQyEPhk","public_metrics":{"retweet_count":630,"reply_count":105,"like_count":3030,"quote_count":12}},{"created_at":"2021-09-21T22:20:48.000Z","id":"1440440905949798400","text":"Twenty-four. https://t.co/NhKV0i6Lyr","public_metrics":{"retweet_count":3731,"reply_count":901,"like_count":9981,"quote_count":218}},{"created_at":"2021-09-21T19:55:45.000Z","id":"1440404401462472706","text":"This is what \"crisis standards of care\" looks like. In COVID-overwhelmed hospitals, Americans are dying from things that shouldn't kill them.\n\nFor your community, your town, your state, your decision about whether to get vaccinated **matters**.\n\nRead this:\nhttps://t.co/b58j6g5VeR https://t.co/asMP6QpWBh","public_metrics":{"retweet_count":801,"reply_count":133,"like_count":1808,"quote_count":48}},{"created_at":"2021-09-21T19:19:45.000Z","id":"1440395343242297360","text":"Great post from @SteveBenen on the end of Don't Ask Don't Tell and the bad faith arguments in Congress against repealing it:\nhttps://t.co/PFPsCHYlts","public_metrics":{"retweet_count":177,"reply_count":29,"like_count":630,"quote_count":4}},{"created_at":"2021-09-21T18:20:44.000Z","id":"1440380488649043968","text":"\"Patients are routinely treated in overflow spaces, including a waiting room and on recliner chairs in the hallway…\n\n'Tennessee has one of the lowest vaccination rates in the nation, so we have one of the highest COVID rates in the nation,' she said.\"\nhttps://t.co/YqugYTH1wj","public_metrics":{"retweet_count":588,"reply_count":117,"like_count":1447,"quote_count":28}},{"created_at":"2021-09-21T01:59:12.000Z","id":"1440133480147476480","text":"RT @MaddowBlog: \"...it's increasingly apparent that you, the vaccinated, are the last, best hope to overcome the hesitance and distrust of…","public_metrics":{"retweet_count":357,"reply_count":0,"like_count":0,"quote_count":0}},{"created_at":"2021-09-20T21:05:32.000Z","id":"1440059575017754627","text":"\"It started as one big, false claim — that the election was stolen from Donald Trump.\n\nBut nearly a year later, the Big Lie is metastasizing, with Republicans throughout the country raising the specter of rigged elections in their own campaigns.\"\nhttps://t.co/CV3pptzTd7","public_metrics":{"retweet_count":808,"reply_count":374,"like_count":2217,"quote_count":67}},{"created_at":"2021-09-20T19:26:40.000Z","id":"1440034694301581330","text":"Hey, google?\n\n\"Google over the weekend went further, apparently complying with a Russian government request to block YouTube videos and Google Docs files that Navalny’s allies were using to coordinate voting...\"\n\nhttps://t.co/9Rh5RjFmTj","public_metrics":{"retweet_count":1803,"reply_count":718,"like_count":3192,"quote_count":225}},{"created_at":"2021-09-20T02:55:19.000Z","id":"1439785214729990154","text":"RT @olliecarroll: Yesterday I tried to go about my job reporting allegations of fraud in Russian elections. I didn’t expect the day would e…","public_metrics":{"retweet_count":600,"reply_count":0,"like_count":0,"quote_count":0}},{"created_at":"2021-09-20T02:54:10.000Z","id":"1439784922244395014","text":"RT @DanRather: A significant percentage of Congress is officially a troll farm.","public_metrics":{"retweet_count":4884,"reply_count":0,"like_count":0,"quote_count":0}},{"created_at":"2021-09-18T23:54:55.000Z","id":"1439377425146826755","text":"RT @Sifill_LDF: A year ago tonight I spoke w/⁦@maddow⁩ about the significance of the passing of #JusticeRuthBaderGinsburg. Still reeling fr…","public_metrics":{"retweet_count":445,"reply_count":0,"like_count":0,"quote_count":0}},{"created_at":"2021-09-18T03:05:06.000Z","id":"1439062901214650371","text":"RT @meduza_en: In a nightmare scenario that Alexey Navalny’s team has feared for years, Apple and Google caved today to Russian officials’…","public_metrics":{"retweet_count":543,"reply_count":0,"like_count":0,"quote_count":0}},{"created_at":"2021-09-18T03:04:09.000Z","id":"1439062662453866500","text":"RT @MaddowBlog: Here is the new @navalny video with English subtitles:\nhttps://t.co/HVYzp22paC","public_metrics":{"retweet_count":416,"reply_count":0,"like_count":0,"quote_count":0}},{"created_at":"2021-09-18T03:04:06.000Z","id":"1439062647853490178","text":"RT @MaddowBlog: They caved.\n\n\"The app, created by allies of the opposition leader Aleksei Navalny, vanished from online stores, reflecting…","public_metrics":{"retweet_count":1197,"reply_count":0,"like_count":0,"quote_count":0}},{"created_at":"2021-09-18T02:50:20.000Z","id":"1439059184885149696","text":"RT @MaddowBlog: \"Democracy everywhere depends on people doing meticulous, boring things right all the time. And to have the cacophony of su…","public_metrics":{"retweet_count":543,"reply_count":0,"like_count":0,"quote_count":0}},{"created_at":"2021-09-18T02:50:12.000Z","id":"1439059150403739648","text":"RT @MatthewDalyWDC: Interior Sec. Haaland moving \nland management agency back to DC, reversing Trump-era decision \n\n#BLM \n\nMy @AP story htt…","public_metrics":{"retweet_count":594,"reply_count":0,"like_count":0,"quote_count":0}},{"created_at":"2021-09-18T01:59:50.000Z","id":"1439046475422502913","text":"RT @maricopacounty: \uD83D\uDEA8 The Board of Supervisors approved an agreement w/the AZ State Senate that keeps county routers and sensitive material…","public_metrics":{"retweet_count":240,"reply_count":0,"like_count":0,"quote_count":0}},{"created_at":"2021-09-17T22:43:26.000Z","id":"1438997047345094657","text":"\"By all appearances, he lacks 'faith in the results' because Pennsylvania voters had the audacity to support the Democratic ticket — just as they did in 2012. And 2008. And 2004. And 2000. And 1996. And 1992.\"\nhttps://t.co/vzH0THkZq6","public_metrics":{"retweet_count":832,"reply_count":174,"like_count":2668,"quote_count":26}},{"created_at":"2021-09-17T22:11:35.000Z","id":"1438989032218845188","text":"And then he went on to list all the abortion-related cases that have come before him in which he has *not* come down on the anti-abortion side, right?\n\nhttps://t.co/CytpNIEPMk https://t.co/qNhi7MMacq","public_metrics":{"retweet_count":325,"reply_count":117,"like_count":1571,"quote_count":17}},{"created_at":"2021-09-17T20:05:49.000Z","id":"1438957383687020554","text":"Blistering hometown editorial against Republican Rep. Elise Stefanik:\nhttps://t.co/CQXhfa0FUi","public_metrics":{"retweet_count":4265,"reply_count":331,"like_count":12364,"quote_count":213}},{"created_at":"2021-09-17T19:40:58.000Z","id":"1438951129447022598","text":"I know there's been a lot of cojones discussion on this website this week. Here's some news about the opposite of that:\n\n\"Russia demanded this month that Apple and Google remove the app from their stores...\"\n\nAnd so they did.\nhttps://t.co/vvcKyJLuCp","public_metrics":{"retweet_count":633,"reply_count":159,"like_count":1277,"quote_count":105}},{"created_at":"2021-09-17T19:26:40.000Z","id":"1438947532244148229","text":"\"Alabama couple known for vaccine opposition, both dead of COVID\"\n\n\"...One of the last videos the married couple posted on their now deleted YouTube channel was about how they wouldn’t get the vaccine.\"\n\nhttps://t.co/QHB2mfj4cH","public_metrics":{"retweet_count":2475,"reply_count":1958,"like_count":7049,"quote_count":475}},{"created_at":"2021-09-17T19:19:41.000Z","id":"1438945773438345223","text":"\"Every day that staff were stepping up and doing the unthinkable — the true heroes — they are verbally assaulted, yelled at, cussed at, spat at. They have things thrown at them.”\nhttps://t.co/Xj2Tc342l4","public_metrics":{"retweet_count":755,"reply_count":137,"like_count":1706,"quote_count":36}},{"created_at":"2021-09-17T19:16:53.000Z","id":"1438945070401691653","text":"St. Peter's Health in Helena, Montana:\n\n“Our ICU is 100% full.\n\n  Our advanced medical unit is 100% full.\n\n  Our morgue is full. \n\n  We’re going to need to bring in additional morgue support. What that actually means is a freezer truck in the parking lot.”\nhttps://t.co/Xj2Tc342l4","public_metrics":{"retweet_count":964,"reply_count":203,"like_count":1648,"quote_count":105}},{"created_at":"2021-09-17T18:58:06.000Z","id":"1438940341411909636","text":"“Who wouldn’t enjoy continuing free limo service and easy access to restaurant tables? Even if there was a credible risk, these people are now private citizens who can afford to hire very talented private security firms for their personal protection.”\nhttps://t.co/dvcEVYsSSj","public_metrics":{"retweet_count":1168,"reply_count":442,"like_count":3421,"quote_count":101}},{"created_at":"2021-09-17T18:56:52.000Z","id":"1438940031809372163","text":"\"Trump’s highly unusual order awarded 6 extra months of Secret Service protection for his adult kids and former officials... wealthy adults, with no role in government, whom the agents trailed to ski vacations, resorts, and business trips abroad.\"\nhttps://t.co/dvcEVYsSSj","public_metrics":{"retweet_count":530,"reply_count":222,"like_count":1115,"quote_count":66}},{"created_at":"2021-09-17T18:03:40.000Z","id":"1438926642290864131","text":"\"You've got to help us, doc. We've tried nothing and we're all out of ideas.\"\nhttps://t.co/dGT6LrvhS4","public_metrics":{"retweet_count":2109,"reply_count":790,"like_count":8282,"quote_count":225}},{"created_at":"2021-09-17T00:14:10.000Z","id":"1438657497154342914","text":"RT @stevebenen: The Senate Republicans' position in a nutshell:\n1. Congress must raise the debt ceiling.\n2. Democrats must do this on their…","public_metrics":{"retweet_count":615,"reply_count":0,"like_count":0,"quote_count":0}},{"created_at":"2021-09-16T21:30:49.000Z","id":"1438616386234900481","text":"520 miles!\nhttps://t.co/lWwhbiCUmR","public_metrics":{"retweet_count":746,"reply_count":340,"like_count":4368,"quote_count":73}},{"created_at":"2021-09-16T19:47:50.000Z","id":"1438590472277184516","text":"RT @sbg1: This is a big red flashing light of trouble for American democracy:","public_metrics":{"retweet_count":1396,"reply_count":0,"like_count":0,"quote_count":0}},{"created_at":"2021-09-16T19:47:37.000Z","id":"1438590413984645120","text":"\"If the polling is correct and the problem is actually getting worse nearly a year after the election, that's a problem for the entire political system\"\nhttps://t.co/R3Ug0TPcjg","public_metrics":{"retweet_count":608,"reply_count":436,"like_count":2525,"quote_count":67}},{"created_at":"2021-09-16T19:39:12.000Z","id":"1438588298558156804","text":"RT @sallykrutzig: A note left on the hospital staff whiteboard by Dr. Kenneth Krell, director of eastern Idaho’s largest intensive care uni…","public_metrics":{"retweet_count":4770,"reply_count":0,"like_count":0,"quote_count":0}}],"meta":{"oldest_id":"1438588298558156804","newest_id":"1443321035894427651","result_count":91}}