{"data":[{"text":"@BLKMDL3 Track software update probably a few weeks away (I know, I know haha). Also waypoints &amp; other things.","public_metrics":{"retweet_count":280,"reply_count":360,"like_count":4714,"quote_count":90},"created_at":"2021-09-09T22:09:00.000Z","id":"1436089282423296000"},{"text":"@AaronS5_ Tesla doesn’t have the bandwidth to do it, but there are some good third party mod shops","public_metrics":{"retweet_count":102,"reply_count":179,"like_count":2424,"quote_count":16},"created_at":"2021-09-09T22:08:09.000Z","id":"1436089065913397248"},{"text":"Next will be modified Plaid with added aero surfaces, carbon brakes &amp; track tires (all things that can be done without Tesla being in the loop)","public_metrics":{"retweet_count":1257,"reply_count":1715,"like_count":31268,"quote_count":93},"created_at":"2021-09-09T22:04:46.000Z","id":"1436088215186911243"},{"text":"Tesla Model S Plaid just set official world speed record for a production electric car at Nurburgring. Completely unmodified, directly from factory. https://t.co/AaiFtfW5Ht","public_metrics":{"retweet_count":10534,"reply_count":6267,"like_count":126485,"quote_count":1262},"created_at":"2021-09-09T21:58:55.000Z","id":"1436086743720251394"},{"text":"@burkov Maybe not, but it’s 99% dot products","public_metrics":{"retweet_count":682,"reply_count":746,"like_count":19783,"quote_count":100},"created_at":"2021-09-09T21:51:25.000Z","id":"1436084856350515202"}],"meta":{"oldest_id":"1436084856350515202","newest_id":"1436089282423296000","result_count":5,"next_token":"7140dibdnow9c7btw3z21h11f7h57qqk6uacxljih6cz6"}}