{"data":[{"id":"1439699675494461440","text":"@FiveTweetTSLA @tesla_lion @archillect Seems that way","public_metrics":{"retweet_count":337,"reply_count":295,"like_count":5288,"quote_count":38},"created_at":"2021-09-19T21:15:25.000Z"},{"id":"1439697964369317888","text":"@archillect Looks fine. Take 2 aspirin, call me in the morning.","public_metrics":{"retweet_count":526,"reply_count":509,"like_count":14190,"quote_count":66},"created_at":"2021-09-19T21:08:37.000Z"},{"id":"1439687664547115011","text":"@TheMarsSociety @NASA Some amount of cooperation would be good","public_metrics":{"retweet_count":288,"reply_count":457,"like_count":5948,"quote_count":41},"created_at":"2021-09-19T20:27:41.000Z"},{"id":"1439667378120499201","text":"@RenataKonkoly @rhensing @johnkrausphotos Absolutely","public_metrics":{"retweet_count":320,"reply_count":379,"like_count":7796,"quote_count":19},"created_at":"2021-09-19T19:07:05.000Z"},{"id":"1439665626914635783","text":"@rhensing He’s still sleeping","public_metrics":{"retweet_count":8777,"reply_count":3269,"like_count":55548,"quote_count":1395},"created_at":"2021-09-19T19:00:07.000Z"}],"meta":{"oldest_id":"1439665626914635783","newest_id":"1439699675494461440","result_count":5,"next_token":"7140dibdnow9c7btw3z21nh0iqkotrqs684lv552il5bn"}}