{"data":[{"created_at":"2021-10-29T23:33:29.000Z","text":"RT @TheLeadCNN: FDA authorizes Pfizer's Covid-19 vaccine for children 5 to 11 @nickwattcnn reports https://t.co/HIaYSnM8bh","id":"1454229933656625155","public_metrics":{"retweet_count":24,"reply_count":0,"like_count":0,"quote_count":0}},{"created_at":"2021-10-29T23:31:14.000Z","text":"RT @TheLeadCNN: The American Academy of Pediatrics welcomes FDA's decision to authorize Pfizer's Covid-19 vaccine for children 5 to 11 @Lee…","id":"1454229368738353153","public_metrics":{"retweet_count":26,"reply_count":0,"like_count":0,"quote_count":0}},{"created_at":"2021-10-29T23:21:42.000Z","text":"RT @TheLeadCNN: Virginia voter mailer advertises Trump endorsement for the Republican – a mailer printed by the Democrats @ashleyrallison,…","id":"1454226968237457411","public_metrics":{"retweet_count":21,"reply_count":0,"like_count":0,"quote_count":0}},{"created_at":"2021-10-29T22:56:44.000Z","text":"RT @TheLeadCNN: Rep. Michael McCaul says national security is the most important issue for Biden to address at the G20.\n\"China, with their…","id":"1454220688483553280","public_metrics":{"retweet_count":19,"reply_count":0,"like_count":0,"quote_count":0}},{"created_at":"2021-10-29T22:56:40.000Z","text":"RT @TheLeadCNN: \"We're not going to end up with nothing,\" says Rep. Pramila Jayapal of the infrastructure and safety net bills.\n\n\"We're goi…","id":"1454220671702208515","public_metrics":{"retweet_count":23,"reply_count":0,"like_count":0,"quote_count":0}},{"created_at":"2021-10-29T22:56:37.000Z","text":"RT @TheLeadCNN: NYC cops, firefighters, and sanitation workers face vaccination deadline today @miguelmarquez reports https://t.co/ZlrN4gOV…","id":"1454220657483468808","public_metrics":{"retweet_count":20,"reply_count":0,"like_count":0,"quote_count":0}},{"created_at":"2021-10-29T22:56:33.000Z","text":"RT @TheLeadCNN: Biden acknowledges contentious issues in meetings overseas with world leaders @kaitlancollins reports https://t.co/Ufd4QDkc…","id":"1454220639766728712","public_metrics":{"retweet_count":27,"reply_count":0,"like_count":0,"quote_count":0}},{"created_at":"2021-10-29T22:56:30.000Z","text":"RT @TheLeadCNN: Pfizer official says Covid-19 vaccine for kids ages 5 to 11 can have 'profound effect' on children, schools @JReinerMD disc…","id":"1454220626315649024","public_metrics":{"retweet_count":21,"reply_count":0,"like_count":0,"quote_count":0}},{"created_at":"2021-10-29T22:56:25.000Z","text":"RT @TheLeadCNN: Members of Catholic church hope Biden raised sex abuse scandal in meeting with Pope @NicRobertsonCNN and @kaitlancollins re…","id":"1454220607474839555","public_metrics":{"retweet_count":14,"reply_count":0,"like_count":0,"quote_count":0}},{"created_at":"2021-10-29T22:56:22.000Z","text":"RT @TheLeadCNN: Virginia governor's race neck-and-neck with four days to go @ArletteSaenz reports https://t.co/v7tuAZwELM","id":"1454220594489307137","public_metrics":{"retweet_count":15,"reply_count":0,"like_count":0,"quote_count":0}},{"created_at":"2021-10-29T22:56:07.000Z","text":"RT @TheLeadCNN: House Democrats delay vote on infrastructure to work out divisions over social spending package @mkraju reports https://t.c…","id":"1454220532988190720","public_metrics":{"retweet_count":37,"reply_count":0,"like_count":0,"quote_count":0}},{"created_at":"2021-10-29T22:56:02.000Z","text":"RT @TheLeadCNN: Migrant families that were separated at the border under Trump might be getting hundreds of thousands of dollars each @pris…","id":"1454220508669661186","public_metrics":{"retweet_count":14,"reply_count":0,"like_count":0,"quote_count":0}},{"created_at":"2021-10-29T22:55:58.000Z","text":"RT @TheLeadCNN: CNN's @merica and @evamckend give updates from the campaign trail in the tight race for Virginia Governor https://t.co/DtLT…","id":"1454220495721795586","public_metrics":{"retweet_count":9,"reply_count":0,"like_count":0,"quote_count":0}},{"created_at":"2021-10-29T22:55:43.000Z","text":"RT @TheLeadCNN: CNN meets one woman who was forced to cut her life-saving insulin because of skyrocketing prescription costs @VanessaCNN re…","id":"1454220429980282883","public_metrics":{"retweet_count":32,"reply_count":0,"like_count":0,"quote_count":0}},{"created_at":"2021-10-29T19:15:06.000Z","text":"RT @KitMaherCNN: @jaketapper wins Halloween @TheLeadCNN #believe https://t.co/F9UV4JDc9r","id":"1454164910351454211","public_metrics":{"retweet_count":55,"reply_count":0,"like_count":0,"quote_count":0}},{"created_at":"2021-10-29T19:10:37.000Z","text":"Happy Halloween, everyone!!! https://t.co/UpGwdvtbEZ","id":"1454163782566023169","public_metrics":{"retweet_count":13,"reply_count":81,"like_count":264,"quote_count":1}},{"created_at":"2021-10-29T19:10:35.000Z","text":"…to the stylish and brilliant @kaitlancollins (one of our faves)…. https://t.co/XTqtArtCkX","id":"1454163773980299269","public_metrics":{"retweet_count":12,"reply_count":40,"like_count":381,"quote_count":2}},{"created_at":"2021-10-29T19:10:33.000Z","text":"Some good Halloween efforts from @TheLeadCNN team today… from the rogue Maryland zebras… https://t.co/lgOt8SBRjv","id":"1454163767529545736","public_metrics":{"retweet_count":37,"reply_count":111,"like_count":978,"quote_count":12}},{"created_at":"2021-10-29T17:43:02.000Z","text":"RT @NABJ: The #NABJ Family deeply mourns the loss of legendary @wsbtv news anchor &amp; longtime member @JovitaMoore. Moore battled with brain…","id":"1454141742446415876","public_metrics":{"retweet_count":534,"reply_count":0,"like_count":0,"quote_count":0}},{"created_at":"2021-10-29T17:17:44.000Z","text":"Holy smokes also @StarleeKine !!!!!","id":"1454135376193392644","public_metrics":{"retweet_count":0,"reply_count":6,"like_count":47,"quote_count":0}},{"created_at":"2021-10-29T17:12:57.000Z","text":"Damon Lindelof on Dead Eyes podcast is as great as you might think \n\nhttps://t.co/Op4lofybsL","id":"1454134171970965504","public_metrics":{"retweet_count":7,"reply_count":15,"like_count":132,"quote_count":3}},{"created_at":"2021-10-29T14:53:47.000Z","text":"Kinzinger, one of the few GOP critics of Trump and his lies about election fraud, announces he isn't running for reelection. https://t.co/q9S7jlPcJI","id":"1454099148010106886","public_metrics":{"retweet_count":189,"reply_count":375,"like_count":1311,"quote_count":50}},{"created_at":"2021-10-29T14:26:31.000Z","text":"RT @senatorshoshana: Thank you @jaketapper but especially @WinstonTapper!!! \n\nSign up for these emails below and read our interview with Wi…","id":"1454092288443944960","public_metrics":{"retweet_count":4,"reply_count":0,"like_count":0,"quote_count":0}},{"created_at":"2021-10-29T13:49:38.000Z","text":"RT @GSDeutch: \uD83D\uDDE3️\uD83D\uDDE3️ fentanyl test strips save lives \n\nShouting out @birdielight2021, the organization my aunt @BethWeinstock founded so that…","id":"1454083006302404614","public_metrics":{"retweet_count":69,"reply_count":0,"like_count":0,"quote_count":0}},{"created_at":"2021-10-29T13:30:52.000Z","text":"good to see @SethMeyers apologize to @GrittyNHL.\n\nALL HAIL GRITTY\n\nhttps://t.co/MaNo9KccvD","id":"1454078281393782786","public_metrics":{"retweet_count":6,"reply_count":60,"like_count":139,"quote_count":1}},{"created_at":"2021-10-29T12:36:41.000Z","text":"2/2 Source also estimates up to 100,000 Afghans in various stages of SIV application process, including their families.","id":"1454064645598334978","public_metrics":{"retweet_count":11,"reply_count":15,"like_count":82,"quote_count":0}},{"created_at":"2021-10-29T12:36:41.000Z","text":"A source involved in evacuation efforts tells me in addition to the US citizens Phil mentions below, there are more than 10,000 legal permanent residents of the US currently in Afghanistan (though it’s unclear how many of them want to leave). 1/2 https://t.co/zEgxkmU7hi","id":"1454064644033851399","public_metrics":{"retweet_count":48,"reply_count":34,"like_count":126,"quote_count":3}},{"created_at":"2021-10-29T01:36:28.000Z","text":"An honor to be @GabeCohenNews’s first stop in what will hopefully be a long fruitful career at CNN — he kicks it off with an important story about struggling Americans https://t.co/gZFMSF2bds","id":"1453898498064142336","public_metrics":{"retweet_count":23,"reply_count":36,"like_count":182,"quote_count":3}},{"created_at":"2021-10-29T00:26:06.000Z","text":"this is about to start! join us! https://t.co/K89Ht3WvsU","id":"1453880788219486209","public_metrics":{"retweet_count":2,"reply_count":8,"like_count":35,"quote_count":3}},{"created_at":"2021-10-28T23:53:59.000Z","text":"RT @TheLeadCNN: Biden's audacious announcement of a framework comes without public commitments from key Democrats @kaitlancollins reports h…","id":"1453872705648959492","public_metrics":{"retweet_count":9,"reply_count":0,"like_count":0,"quote_count":0}},{"created_at":"2021-10-28T23:35:47.000Z","text":"RT @TheLeadCNN: Biden &amp; Pelosi push party towards a vote on social spending package despite reluctance from progressives @kaitlancollins an…","id":"1453868127352205316","public_metrics":{"retweet_count":14,"reply_count":0,"like_count":0,"quote_count":0}},{"created_at":"2021-10-28T23:30:24.000Z","text":"RT @TheLeadCNN: \"In the US our natural gas supplies are okay. The prices, though, are high because they are not as robust — the supplies ar…","id":"1453866771409260544","public_metrics":{"retweet_count":22,"reply_count":0,"like_count":0,"quote_count":0}},{"created_at":"2021-10-28T23:30:17.000Z","text":"RT @TheLeadCNN: \"These two bills are going to pass. It's just a question of sequence and timing.\" -Energy Secy. Jennifer Granholm on Biden'…","id":"1453866742594351114","public_metrics":{"retweet_count":30,"reply_count":0,"like_count":0,"quote_count":0}},{"created_at":"2021-10-28T23:30:11.000Z","text":"RT @TheLeadCNN: Rep. Cori Bush says the text on the spending package is not enough.\n\n“The infrastructure bill, as well as the Build Back Be…","id":"1453866716941930499","public_metrics":{"retweet_count":44,"reply_count":0,"like_count":0,"quote_count":0}},{"created_at":"2021-10-28T23:30:06.000Z","text":"RT @TheLeadCNN: The environmental lawyer who won a $9.5B judgement against Chevron just reported to jail after Chevron retaliated in court…","id":"1453866695609753600","public_metrics":{"retweet_count":1905,"reply_count":0,"like_count":0,"quote_count":0}},{"created_at":"2021-10-28T23:29:58.000Z","text":"RT @TheLeadCNN: .@PhilBlackCNN looks at the tensions and doubts as Biden heads to a global conference on climate change https://t.co/hwL8CJ…","id":"1453866661057122311","public_metrics":{"retweet_count":9,"reply_count":0,"like_count":0,"quote_count":0}},{"created_at":"2021-10-28T23:29:51.000Z","text":"RT @TheLeadCNN: The House Oversight Chair wasn't satisfied with Big Oil executives' testimony today - now, she intends to subpoena them for…","id":"1453866631550193668","public_metrics":{"retweet_count":19,"reply_count":0,"like_count":0,"quote_count":0}},{"created_at":"2021-10-28T23:29:42.000Z","text":"RT @TheLeadCNN: Sources: The January 6th committee is getting antsy with Mark Meadows, who was subpoenaed a month ago @PaulaReidCNN reports…","id":"1453866593449033729","public_metrics":{"retweet_count":27,"reply_count":0,"like_count":0,"quote_count":0}},{"created_at":"2021-10-28T23:29:37.000Z","text":"RT @TheLeadCNN: Did President Biden make a miscalculation by making a speech on a deal that wasn't finalized? @JamalSimmons, @RepCharlieDen…","id":"1453866573085790208","public_metrics":{"retweet_count":9,"reply_count":0,"like_count":0,"quote_count":0}},{"created_at":"2021-10-28T23:29:29.000Z","text":"RT @TheLeadCNN: Growing alarm as supply chain disruptions create food shortages in U.S. @GabeCohenNews reports https://t.co/pRQjNTTqUG","id":"1453866540173045772","public_metrics":{"retweet_count":22,"reply_count":0,"like_count":0,"quote_count":0}},{"created_at":"2021-10-28T23:29:19.000Z","text":"RT @TheLeadCNN: Some good news: Covid-19 cases, hospitalizations, and deaths in U.S. all decreasing @nickwattcnn reports https://t.co/sYje3…","id":"1453866498628456455","public_metrics":{"retweet_count":10,"reply_count":0,"like_count":0,"quote_count":0}},{"created_at":"2021-10-28T23:29:14.000Z","text":"RT @TheLeadCNN: Most parents don't plan to vaccinate young children against Covid-19 right away, KFF survey finds @ashishkjha discusses htt…","id":"1453866478982373380","public_metrics":{"retweet_count":14,"reply_count":0,"like_count":0,"quote_count":0}},{"created_at":"2021-10-28T23:29:10.000Z","text":"RT @TheLeadCNN: House Democrats release 2k pages of text of Build Back Better proposal @jessicadean reports https://t.co/eyzCse2fkZ","id":"1453866460338663433","public_metrics":{"retweet_count":12,"reply_count":0,"like_count":0,"quote_count":0}},{"created_at":"2021-10-28T23:29:02.000Z","text":"RT @TheLeadCNN: Sex crime complaint filed against former NY Gov Andrew Cuomo @brynnCNN reports and CNN Legal Analyst @eliehonig discusses h…","id":"1453866427195269123","public_metrics":{"retweet_count":12,"reply_count":0,"like_count":0,"quote_count":0}},{"created_at":"2021-10-28T23:28:55.000Z","text":"RT @TheLeadCNN: Is the world on the precipice of a global energy crisis not seen since the 1970s? @jaketapper reports https://t.co/PT1zpH6w…","id":"1453866396639801347","public_metrics":{"retweet_count":9,"reply_count":0,"like_count":0,"quote_count":0}},{"created_at":"2021-10-28T23:28:49.000Z","text":"RT @TheLeadCNN: New developments in the investigation of the fatal shooting involving actor Alex Baldwin @StephanieElam reports https://t.c…","id":"1453866374070210560","public_metrics":{"retweet_count":7,"reply_count":0,"like_count":0,"quote_count":0}},{"created_at":"2021-10-28T23:28:44.000Z","text":"RT @TheLeadCNN: China responds to CNN interview with Taiwan president in which she publicly revealed presence of U.S. troops @willripleyCNN…","id":"1453866353438478336","public_metrics":{"retweet_count":17,"reply_count":0,"like_count":0,"quote_count":0}},{"created_at":"2021-10-28T23:21:42.000Z","text":"New Fox poll has Youngkin beating McAuliffe 53-45 among likely Virginia voters, with indies and parents trending to the GOPer. Same poll 2 weeks ago had McAuliffe 51%, Youngkin 46%. \n\nhttps://t.co/JcRnpx3lcl","id":"1453864580627697667","public_metrics":{"retweet_count":302,"reply_count":726,"like_count":979,"quote_count":172}},{"created_at":"2021-10-28T20:44:20.000Z","text":"RT @donie: #BREAK Facebook's new company name is Meta\n\nIt still has all the same problems it had this morning. https://t.co/3AROaibCeU","id":"1453824979422875650","public_metrics":{"retweet_count":4470,"reply_count":0,"like_count":0,"quote_count":0}},{"created_at":"2021-10-28T17:47:37.000Z","text":"RT @petemuntean: JUST IN: A source familiar with the details of the American Airlines flight attendant assault tells me “the attack was unp…","id":"1453780507343433734","public_metrics":{"retweet_count":213,"reply_count":0,"like_count":0,"quote_count":0}},{"created_at":"2021-10-28T17:44:06.000Z","text":"thanks everyone for all the suggestions! much appreciated! \n\nThe eBay auction launches Nov 4 -- ALL of the money goes to build specially-designed mortgage free homes for the most severely wounded veterans of Afghanistan and Iraq and their families. \n\nTHANK YOU!!! https://t.co/63Jne2hZEA","id":"1453779622869585923","public_metrics":{"retweet_count":21,"reply_count":15,"like_count":117,"quote_count":1}},{"created_at":"2021-10-28T17:42:50.000Z","text":"RT @jeremymbarr: Our story on Trump's letter-to-the-editor and the backlash the Wall Street Journal opinion section is getting for it: http…","id":"1453779305071366151","public_metrics":{"retweet_count":169,"reply_count":0,"like_count":0,"quote_count":0}},{"created_at":"2021-10-28T16:29:51.000Z","text":"RT @ryanstruyk: .@PramilaJayapal to @jaketapper a month ago on exactly what progressives need via @CNNSotu: https://t.co/oPn1VgbW93","id":"1453760935261315078","public_metrics":{"retweet_count":7,"reply_count":0,"like_count":0,"quote_count":0}},{"created_at":"2021-10-28T13:58:50.000Z","text":"Is there a PR pro w/expertise in entertainment news who could help @HomesForOurTrps pro bono with our annual celebrity eBay auction? To raise funds to build specially designed homes for the most severely wounded veterans of Iraq and Afghanistan and their families? Thx","id":"1453722930102222854","public_metrics":{"retweet_count":71,"reply_count":29,"like_count":206,"quote_count":3}},{"created_at":"2021-10-28T13:48:12.000Z","text":"RT @shutupchxrlotte: @WinstonTapper @jaketapper sorry- https://t.co/jPTxyvOuRr","id":"1453720257881804800","public_metrics":{"retweet_count":8,"reply_count":0,"like_count":0,"quote_count":0}},{"created_at":"2021-10-28T13:09:56.000Z","text":"For more on this photo:\n\nhttps://t.co/bZKkhpwIdv https://t.co/oyPCiOerG3","id":"1453710624253489162","public_metrics":{"retweet_count":18,"reply_count":22,"like_count":161,"quote_count":1}},{"created_at":"2021-10-28T13:01:44.000Z","text":"RT @mkraju: New — WH releases framework proposal, detailing what’s in the $1.75T plan. https://t.co/gGah4JkVsE https://t.co/x584XFdUZH","id":"1453708561876492289","public_metrics":{"retweet_count":1251,"reply_count":0,"like_count":0,"quote_count":0}},{"created_at":"2021-10-28T12:56:52.000Z","text":"RT @SenatorRomney: Les chiens ne font pas des chats? Had a great time at @SenThomTillis' \"bipawtisan\" Halloween dog party with my special g…","id":"1453707338888667139","public_metrics":{"retweet_count":75,"reply_count":0,"like_count":0,"quote_count":0}},{"created_at":"2021-10-28T03:14:22.000Z","text":"RT @ShaneGoldmacher: So this is my first Klain retweet tweet.\n\nBut this one seems pretty notable. https://t.co/24Nw1hGr33","id":"1453560746487554052","public_metrics":{"retweet_count":67,"reply_count":0,"like_count":0,"quote_count":0}},{"created_at":"2021-10-28T02:42:25.000Z","text":"This is what the lies about the election are inciting: https://t.co/NmsEVQd4GR","id":"1453552704366813185","public_metrics":{"retweet_count":275,"reply_count":177,"like_count":1438,"quote_count":16}},{"created_at":"2021-10-27T23:20:43.000Z","text":"RT @TheLeadCNN: Are Democrats about to blow through another self-imposed legislative deadline on Biden’s agenda? @JDiamond1 reports https:/…","id":"1453501946338455556","public_metrics":{"retweet_count":15,"reply_count":0,"like_count":0,"quote_count":0}},{"created_at":"2021-10-27T23:20:39.000Z","text":"RT @TheLeadCNN: Trump endorses Brazil's controversial president, who may now face charges of crimes against humanity for COVID response @Is…","id":"1453501928957255683","public_metrics":{"retweet_count":37,"reply_count":0,"like_count":0,"quote_count":0}},{"created_at":"2021-10-27T23:20:32.000Z","text":"RT @TheLeadCNN: Nor'easter bomb cyclone slams Northeast with hurricane-force winds; thousands have lost power, heavy rain and high winds th…","id":"1453501900372992009","public_metrics":{"retweet_count":20,"reply_count":0,"like_count":0,"quote_count":0}},{"created_at":"2021-10-27T23:20:27.000Z","text":"RT @TheLeadCNN: CNN's @petemuntean tries out new facial recognition technology to cut down on airport wait times – but at what price? https…","id":"1453501878403219462","public_metrics":{"retweet_count":9,"reply_count":0,"like_count":0,"quote_count":0}},{"created_at":"2021-10-27T23:20:23.000Z","text":"RT @TheLeadCNN: Around 28 million kids could be eligible to get vaccinated as soon as next week - but how many of their parents will get on…","id":"1453501861764509696","public_metrics":{"retweet_count":13,"reply_count":0,"like_count":0,"quote_count":0}},{"created_at":"2021-10-27T23:20:19.000Z","text":"RT @TheLeadCNN: What parents of 5-11 year olds should know about Pfizer’s COVID-19 vaccine @DrRichiMD discusses https://t.co/IVCFY2oY8F","id":"1453501845230563332","public_metrics":{"retweet_count":41,"reply_count":0,"like_count":0,"quote_count":0}},{"created_at":"2021-10-27T23:20:15.000Z","text":"RT @TheLeadCNN: Jan 6 Committee expected to subpoena lawyer who advised Pence to disrupt electoral college vote, deliver election to Trump…","id":"1453501829984174083","public_metrics":{"retweet_count":43,"reply_count":0,"like_count":0,"quote_count":0}},{"created_at":"2021-10-27T23:20:08.000Z","text":"RT @TheLeadCNN: Documents show the crew member who handed the gun to Alec Baldwin told detectives he didn't check all of the rounds before…","id":"1453501800544448539","public_metrics":{"retweet_count":11,"reply_count":0,"like_count":0,"quote_count":0}},{"created_at":"2021-10-27T23:20:01.000Z","text":"RT @TheLeadCNN: NM district attorney says it is too soon to comment on possible charges in the deadly film set shooting David Albert Pierce…","id":"1453501770026606592","public_metrics":{"retweet_count":6,"reply_count":0,"like_count":0,"quote_count":0}},{"created_at":"2021-10-27T23:19:57.000Z","text":"RT @TheLeadCNN: Sources say Democrats are expected to drop paid leave from their economic proposal after objections from Manchin @mkraju re…","id":"1453501751773040640","public_metrics":{"retweet_count":11,"reply_count":0,"like_count":0,"quote_count":0}},{"created_at":"2021-10-27T23:19:52.000Z","text":"RT @TheLeadCNN: Fired, controversial Florida data scientist Rebekah Jones launches bid for Congress @tomforemancnn reports https://t.co/s2X…","id":"1453501734211444736","public_metrics":{"retweet_count":68,"reply_count":0,"like_count":0,"quote_count":0}},{"created_at":"2021-10-27T23:19:48.000Z","text":"RT @TheLeadCNN: Biden unloads on Youngkin in Virginia by comparing him to Trump and questioning his integrity @jeffzeleny reports https://t…","id":"1453501713902624771","public_metrics":{"retweet_count":34,"reply_count":0,"like_count":0,"quote_count":0}},{"created_at":"2021-10-27T23:19:43.000Z","text":"RT @TheLeadCNN: In an exclusive interview, Taiwan's president tells CNN that the threat from China is 'increasing every day' @willripleyCNN…","id":"1453501696731226113","public_metrics":{"retweet_count":63,"reply_count":0,"like_count":0,"quote_count":0}},{"created_at":"2021-10-27T23:19:38.000Z","text":"RT @TheLeadCNN: .@DanaBashCNN investigates how election law changes fueled by Trump's lies might put up barriers for some voters https://t.…","id":"1453501675893923844","public_metrics":{"retweet_count":13,"reply_count":0,"like_count":0,"quote_count":0}},{"created_at":"2021-10-27T23:19:28.000Z","text":"RT @TheLeadCNN: GOP strategist responds to audience member at Turning Point USA event who said Republicans should kill people who 'steal el…","id":"1453501630868074499","public_metrics":{"retweet_count":47,"reply_count":0,"like_count":0,"quote_count":0}},{"created_at":"2021-10-27T21:58:08.000Z","text":"THREAD for anyone who visited Grand Teton National Park in Wyoming this summer: https://t.co/WuHIAf1WY7","id":"1453481163989962753","public_metrics":{"retweet_count":150,"reply_count":6,"like_count":241,"quote_count":2}},{"created_at":"2021-10-27T21:47:18.000Z","text":"RT @TheLeadCNN: “Regardless of what that final number is, this is massive transformational change for working families in America...These b…","id":"1453478439583944704","public_metrics":{"retweet_count":30,"reply_count":0,"like_count":0,"quote_count":0}},{"created_at":"2021-10-27T21:47:11.000Z","text":"RT @TheLeadCNN: \"Vaccines really are based on the developmental stage or age of the immune system in a younger person. That's why you see t…","id":"1453478409879818248","public_metrics":{"retweet_count":26,"reply_count":0,"like_count":0,"quote_count":0}},{"created_at":"2021-10-27T21:44:33.000Z","text":"Asking for a Gold Star Mom: Does anyone know of a reliable chart of state by state US KIA for the Iraq and Afghanistan wars? The Pentagon was no help when I asked, thanks","id":"1453477745833426955","public_metrics":{"retweet_count":46,"reply_count":52,"like_count":306,"quote_count":5}},{"created_at":"2021-10-27T21:12:09.000Z","text":"RT @ryanstruyk: Sec. Buttigieg to @jaketapper just 10 days ago on @CNNSotu: “I campaigned on that. So did the president… We're pretty much…","id":"1453469592618090496","public_metrics":{"retweet_count":102,"reply_count":0,"like_count":0,"quote_count":0}},{"created_at":"2021-10-27T20:33:27.000Z","text":"Coming soon to the WSJ letters to the editor: \"The moon landing was faked,\" by that dude @TheRealBuzz Aldrin punched in the face https://t.co/UV9MgFdvjh","id":"1453459851187789827","public_metrics":{"retweet_count":634,"reply_count":226,"like_count":4045,"quote_count":38}},{"created_at":"2021-10-27T20:14:56.000Z","text":"RT @SteveMartinToGo: Hey, whaddya know. We’re nominated for a People’s Choice Award. Now, I wish I knew more people.","id":"1453455191454502918","public_metrics":{"retweet_count":847,"reply_count":0,"like_count":0,"quote_count":0}},{"created_at":"2021-10-27T20:13:31.000Z","text":"RT @KennethBaer: \"What does it mean when the litmus test for inclusion in social justice spaces requires Jews to oppose the very existence…","id":"1453454835265716225","public_metrics":{"retweet_count":11,"reply_count":0,"like_count":0,"quote_count":0}},{"created_at":"2021-10-27T19:32:53.000Z","text":"@markgjudge I miss ol' Hitch. Wonder what he would make of this all.","id":"1453444608520826880","public_metrics":{"retweet_count":0,"reply_count":0,"like_count":4,"quote_count":0}},{"created_at":"2021-10-27T19:25:39.000Z","text":"GOP Philly Commissioner: https://t.co/11uH8GGv7H","id":"1453442791472869384","public_metrics":{"retweet_count":219,"reply_count":34,"like_count":1021,"quote_count":16}},{"created_at":"2021-10-27T17:14:49.000Z","text":"@ideas_victoria @FionaSmall @Thee_Instig8or @GeekWatson Every December 31 i should on air pronounce correctly all the names I butchered the previous 364","id":"1453409865972473870","public_metrics":{"retweet_count":0,"reply_count":7,"like_count":8,"quote_count":0}},{"created_at":"2021-10-27T13:20:38.000Z","text":"RT @APIC_USA: #HBD to the \uD83C\uDDFA\uD83C\uDDF8 26th President of the US, #TeddyRoosevelt.  Born in NYC on this day in 1858. Did you know he was the youngest…","id":"1453350929277857793","public_metrics":{"retweet_count":36,"reply_count":0,"like_count":0,"quote_count":0}},{"created_at":"2021-10-27T12:53:13.000Z","text":"RT @EnesKanter: To the owner of @Nike, Phil Knight \n\nHow about I book plane tickets for us\nand let's fly to China together.\n\nWe can try to…","id":"1453344030239121413","withheld":{"copyright":false,"country_codes":["TR"]},"public_metrics":{"retweet_count":18339,"reply_count":0,"like_count":0,"quote_count":0}},{"created_at":"2021-10-27T12:49:22.000Z","text":"RT @WinstonTapper: Morning!!! https://t.co/cNBZXcdtEO","id":"1453343062420295687","public_metrics":{"retweet_count":29,"reply_count":0,"like_count":0,"quote_count":0}},{"created_at":"2021-10-27T12:32:30.000Z","text":"4/ And lest we forget the hideous prosecution of the Bolsonaro government against journalist @ggreenwald \n\nhttps://t.co/kdeoPsArgP","id":"1453338818195623944","public_metrics":{"retweet_count":11,"reply_count":20,"like_count":88,"quote_count":1}},{"created_at":"2021-10-27T12:29:27.000Z","text":"3/ \"1,000 days of Bolsonaro and Brazil’s grave human rights crisis\"\n\nhttps://t.co/vs13vmm9Qm","id":"1453338049925025798","public_metrics":{"retweet_count":13,"reply_count":3,"like_count":119,"quote_count":1}},{"created_at":"2021-10-27T12:28:47.000Z","text":"2/ \"Brazil: Bolsonaro Threatens Democratic Rule\"\n\nhttps://t.co/Y7GvSALsEl","id":"1453337881720852482","public_metrics":{"retweet_count":5,"reply_count":3,"like_count":67,"quote_count":0}},{"created_at":"2021-10-27T12:28:03.000Z","text":"some context for those unfamilir with Bolsonaro:\n\n\"The Toll of Bolsonaro’s Disastrous Covid-19 Response:\"\n\nhttps://t.co/oKWec5o66M https://t.co/boJA3QZqrY","id":"1453337699520237577","public_metrics":{"retweet_count":54,"reply_count":46,"like_count":286,"quote_count":8}},{"created_at":"2021-10-27T12:16:50.000Z","text":"thread: https://t.co/DyjiLC2HMy","id":"1453334875151474695","public_metrics":{"retweet_count":33,"reply_count":9,"like_count":138,"quote_count":0}},{"created_at":"2021-10-27T12:14:09.000Z","text":"The Tree of Life shooting in Pittsburgh, the deadliest anti-Semitic attack in US history, was 3 years ago today. May their memories be a blessing. https://t.co/nrcJj9uOdu","id":"1453334198379503618","public_metrics":{"retweet_count":1542,"reply_count":174,"like_count":12174,"quote_count":64}},{"created_at":"2021-10-27T12:07:43.000Z","text":"Expunge her record and put her on a commemorative coin!!! \n\ncc @GovernorKayIvey https://t.co/R1R008BR2G","id":"1453332582121316352","public_metrics":{"retweet_count":179,"reply_count":20,"like_count":1644,"quote_count":7}},{"created_at":"2021-10-27T11:39:48.000Z","text":"RT @cnni: The daughter of a former Saudi intelligence official has told CNN that representatives of the Saudi government attempted to lure…","id":"1453325556695638018","public_metrics":{"retweet_count":102,"reply_count":0,"like_count":0,"quote_count":0}},{"created_at":"2021-10-27T00:37:29.000Z","text":"RT @MichaelRWarren: The great Matt Labash is great.\n\nSubscribe to his semiweekly newslatter Slack Tide.\n\nhttps://t.co/SB9n5wp0Vr https://t.…","id":"1453158876312920066","public_metrics":{"retweet_count":16,"reply_count":0,"like_count":0,"quote_count":0}},{"created_at":"2021-10-27T00:01:13.000Z","text":"RT @TheLeadCNN: A new report says the gun used by Alec Baldwin was previously filled with live ammo and used by crew for target practice ho…","id":"1453149751373967360","public_metrics":{"retweet_count":36,"reply_count":0,"like_count":0,"quote_count":0}},{"created_at":"2021-10-26T23:56:24.000Z","text":"RT @donie: As we say at the end of this report, if you’re at TikTok or Snapchat and want to be a whistleblower message me (or @jaketapper)…","id":"1453148539274547200","public_metrics":{"retweet_count":66,"reply_count":0,"like_count":0,"quote_count":0}}],"meta":{"oldest_id":"1453148539274547200","newest_id":"1454229933656625155","result_count":100,"next_token":"7140dibdnow9c7btw3z2vlv1fpbsqitj554tiomm50t2o"}}