{"data":[{"public_metrics":{"retweet_count":38,"reply_count":0,"like_count":0,"quote_count":0},"id":"1432129179282255874","text":"RT @rtiron: @alexplitsas \uD83D\uDE4F","created_at":"2021-08-29T23:52:58.000Z"},{"public_metrics":{"retweet_count":812,"reply_count":0,"like_count":0,"quote_count":0},"id":"1432129120629104644","text":"RT @peterbakernyt: American University of Kabul students turned away at airport and told there will be no rescue flight for them. \"They tol…","created_at":"2021-08-29T23:52:44.000Z"},{"public_metrics":{"retweet_count":267,"reply_count":0,"like_count":0,"quote_count":0},"id":"1432127791273857026","text":"RT @ScottFeinberg: So sad to wake up to the news that Ed has died. I spoke with him for the first/only time not even 2 weeks ago, resulting…","created_at":"2021-08-29T23:47:27.000Z"},{"public_metrics":{"retweet_count":23697,"reply_count":0,"like_count":0,"quote_count":0},"id":"1432120884031021068","text":"RT @USMC: Flag-draped transfer cases line the inside of a C-17 Globemaster II Aug. 29, 2021, prior to a dignified transfer at Dover Air For…","created_at":"2021-08-29T23:20:00.000Z"},{"public_metrics":{"retweet_count":1176,"reply_count":328,"like_count":15372,"quote_count":53},"id":"1432117492869214209","text":"Some good news: Four young children hiding in a Kabul apartment have landed in the US -- and will soon reunite with their mother - CNN https://t.co/OoQIMm8a6k","created_at":"2021-08-29T23:06:32.000Z"},{"public_metrics":{"retweet_count":15,"reply_count":24,"like_count":174,"quote_count":1},"id":"1432096678828445696","text":"Hurricane Ida makes landfall in Louisiana on Katrina anniversary as an extremely dangerous Category 4 storm\n\nhttps://t.co/37Y0wbbY1H","created_at":"2021-08-29T21:43:49.000Z"},{"public_metrics":{"retweet_count":915,"reply_count":0,"like_count":0,"quote_count":0},"id":"1432094915907960843","text":"RT @cnnbrk: Multiple members of the same family, including children, were killed in a US missile strike in Kabul, a relative of those kille…","created_at":"2021-08-29T21:36:49.000Z"},{"public_metrics":{"retweet_count":1,"reply_count":42,"like_count":118,"quote_count":2},"id":"1432093295027671048","text":"@AmiableQuinn Try actually watching the show, that might help","created_at":"2021-08-29T21:30:23.000Z"},{"public_metrics":{"retweet_count":422,"reply_count":498,"like_count":8213,"quote_count":62},"id":"1432091527245860871","text":"I wear the contempt of extremist mendacious bigots the way Joseph wore his coat of many colors. https://t.co/yKlNlFEQQp","created_at":"2021-08-29T21:23:21.000Z"},{"public_metrics":{"retweet_count":4,"reply_count":18,"like_count":387,"quote_count":1},"id":"1432089790170738691","text":"@mattwilstein @CNNSotu We didn’t have enough space for “deworming”","created_at":"2021-08-29T21:16:27.000Z"},{"public_metrics":{"retweet_count":0,"reply_count":0,"like_count":1,"quote_count":0},"id":"1432089598709178373","text":"@aneisayb @CNNSotu Thank you!","created_at":"2021-08-29T21:15:41.000Z"},{"public_metrics":{"retweet_count":90,"reply_count":239,"like_count":384,"quote_count":1},"id":"1432088382201597956","text":"For more info see: https://t.co/IPVhr26DTi https://t.co/D6d0OQw6RH","created_at":"2021-08-29T21:10:51.000Z"},{"public_metrics":{"retweet_count":98,"reply_count":194,"like_count":401,"quote_count":1},"id":"1432088378506424321","text":"For more info see: https://t.co/IPVhr26DTi https://t.co/TgAQHXBp8J","created_at":"2021-08-29T21:10:51.000Z"},{"public_metrics":{"retweet_count":749,"reply_count":206,"like_count":2566,"quote_count":36},"id":"1432088374811185157","text":"DC residents looking to adopt a dog: @DCLuckyDog is evacuating rescue dogs that would have been affected by Hurricane Ida and bringing them to the DC area to find loving forever homes. Today, ten Lucky Dogs will be arriving in Arlington VA \uD83D\uDC36 https://t.co/VGEcNNqEuD","created_at":"2021-08-29T21:10:50.000Z"},{"public_metrics":{"retweet_count":27,"reply_count":0,"like_count":0,"quote_count":0},"id":"1432085179628204040","text":"RT @justinbaragona: Jake Tapper asks Seth Moulton to respond to his colleagues who are \"furious\" with him and Peter Meijer over their secre…","created_at":"2021-08-29T20:58:08.000Z"},{"public_metrics":{"retweet_count":11,"reply_count":0,"like_count":0,"quote_count":0},"id":"1432079982453526529","text":"RT @CNNSotu: On #CNNSOTU, @JohnBelEdwards joins @jaketapper to discuss his state’s preparations as Hurricane Ida bears down on the Gulf Coa…","created_at":"2021-08-29T20:37:29.000Z"},{"public_metrics":{"retweet_count":154,"reply_count":0,"like_count":0,"quote_count":0},"id":"1432075465062244356","text":"RT @CNNSotu: On #CNNSOTU w/ @jaketapper, @ChrisMurphyCT slams the “fantasy thinking” that the US could withdraw from Afghanistan without ca…","created_at":"2021-08-29T20:19:32.000Z"},{"public_metrics":{"retweet_count":168,"reply_count":0,"like_count":0,"quote_count":0},"id":"1432060052555378690","text":"RT @CNNSotu: On #CNNSOTU, Biden medical adviser Dr. Anthony Fauci tells @jaketapper that schools have been mandating vaccines for “decades…","created_at":"2021-08-29T19:18:17.000Z"},{"public_metrics":{"retweet_count":15,"reply_count":0,"like_count":0,"quote_count":0},"id":"1432060044649148421","text":"RT @CNNSotu: On #CNNSOTU, @SenatorRomney tells @jaketapper that “the war is not over” and “America is more in danger.” https://t.co/io0BptD…","created_at":"2021-08-29T19:18:15.000Z"},{"public_metrics":{"retweet_count":4,"reply_count":34,"like_count":92,"quote_count":2},"id":"1432060003670704128","text":"@GeekWatson Very bizarre","created_at":"2021-08-29T19:18:05.000Z"},{"public_metrics":{"retweet_count":29,"reply_count":0,"like_count":0,"quote_count":0},"id":"1432059960502984709","text":"RT @GeekWatson: And here it is. He literally made the counter arguments to Romney. Seriously, are people watching CNN coverage from an alte…","created_at":"2021-08-29T19:17:55.000Z"},{"public_metrics":{"retweet_count":6,"reply_count":0,"like_count":0,"quote_count":0},"id":"1432053118779416578","text":"RT @cspanradio: Listen to the Sunday Morning TV talk shows continue with CNN's State of the Union (@CNNSotu) at 3pm ET w/ @jaketapper\n\nTry…","created_at":"2021-08-29T18:50:44.000Z"},{"public_metrics":{"retweet_count":73,"reply_count":30,"like_count":1783,"quote_count":2},"id":"1432051893660958723","text":"Rest In Peace, Mr. Asner https://t.co/MDyzUIHhoy","created_at":"2021-08-29T18:45:52.000Z"},{"public_metrics":{"retweet_count":56,"reply_count":0,"like_count":0,"quote_count":0},"id":"1432051764182847495","text":"RT @jonathanchait: My friend Josh Mitnick, who I’ve known since we were little boys, has died of cancer at a tragically young age. Here’s a…","created_at":"2021-08-29T18:45:21.000Z"},{"public_metrics":{"retweet_count":109,"reply_count":56,"like_count":1237,"quote_count":3},"id":"1432050842652352512","text":"May their memories be a blessing https://t.co/3hQF2XHTVR","created_at":"2021-08-29T18:41:41.000Z"},{"public_metrics":{"retweet_count":115,"reply_count":0,"like_count":0,"quote_count":0},"id":"1432048594228555783","text":"RT @JimLaPorta: Ed Asner, Star of ‘Lou Grant’ and ‘Up,’ Is Dead at 91 via @NYTimes — “So long, boys! I’ll send you a postcard from Paradise…","created_at":"2021-08-29T18:32:45.000Z"},{"public_metrics":{"retweet_count":235,"reply_count":172,"like_count":1954,"quote_count":25},"id":"1432037629718052864","text":"Biden attends dignified transfer at Dover for those killed in Afghanistan - CNNPolitics https://t.co/xqAVyqvbDd","created_at":"2021-08-29T17:49:11.000Z"},{"public_metrics":{"retweet_count":1813,"reply_count":0,"like_count":0,"quote_count":0},"id":"1432035313552089089","text":"RT @cspan: President Biden, First Lady Dr. Jill Biden, @SecDef Austin and others participate in dignified transfer at Dover Air Force Base…","created_at":"2021-08-29T17:39:59.000Z"},{"public_metrics":{"retweet_count":180,"reply_count":0,"like_count":0,"quote_count":0},"id":"1432024534924861440","text":"RT @AzmatZahra: I went on @ReliableSources with @brianstelter today to talk about U.S. media coverage of the war in Afghanistan, which has…","created_at":"2021-08-29T16:57:09.000Z"},{"public_metrics":{"retweet_count":39,"reply_count":0,"like_count":0,"quote_count":0},"id":"1432024352678105088","text":"RT @joniernst: Marine Sgt. Nicole Gee is an American hero. \n\nMay she Rest In Peace. https://t.co/X5ULBL0jYj","created_at":"2021-08-29T16:56:26.000Z"},{"public_metrics":{"retweet_count":74,"reply_count":32,"like_count":747,"quote_count":5},"id":"1432018891748753415","text":"US Ambassador to Albania: https://t.co/D5wFHUFcEk","created_at":"2021-08-29T16:34:44.000Z"},{"public_metrics":{"retweet_count":84,"reply_count":315,"like_count":539,"quote_count":10},"id":"1432017939956486151","text":"Given President Biden’s trip to Dover right now to comfort the families and meet the caskets of the fallen, @kaitlancollins reminds me of this piece from 12 years ago about then-President Obama’s visit. https://t.co/NniR0PQdH4","created_at":"2021-08-29T16:30:57.000Z"},{"public_metrics":{"retweet_count":113,"reply_count":0,"like_count":0,"quote_count":0},"id":"1432015494874386435","text":"RT @alexplitsas: Please ensure that anyone that you are in contact with who is still stuck in Afghanistan is following the State Department…","created_at":"2021-08-29T16:21:14.000Z"},{"public_metrics":{"retweet_count":47,"reply_count":99,"like_count":343,"quote_count":5},"id":"1432011953300459520","text":"Biden administration pledges 'safe passage' for Americans in Afghanistan after withdrawal deadline https://t.co/ioxvmwEbXu","created_at":"2021-08-29T16:07:09.000Z"},{"public_metrics":{"retweet_count":153,"reply_count":0,"like_count":0,"quote_count":0},"id":"1432010356449284099","text":"RT @CNNSotu: US service members killed in Kabul airport attack remembered as family, friends and soldiers who gave their lives to save othe…","created_at":"2021-08-29T16:00:49.000Z"},{"public_metrics":{"retweet_count":126,"reply_count":0,"like_count":0,"quote_count":0},"id":"1432010346487820289","text":"RT @CNNSotu: Hurricane Ida \"is going to be a very serious test for our levee systems,\" Louisiana Gov. John Bel Edwards says. \"… And it come…","created_at":"2021-08-29T16:00:46.000Z"},{"public_metrics":{"retweet_count":113,"reply_count":0,"like_count":0,"quote_count":0},"id":"1432010310722985989","text":"RT @CNNSotu: The US carried out a defensive airstrike in Kabul targeting a suspected ISIS-K car bomb, according to a US official.\n\n“I think…","created_at":"2021-08-29T16:00:38.000Z"},{"public_metrics":{"retweet_count":77,"reply_count":0,"like_count":0,"quote_count":0},"id":"1432010300992131073","text":"RT @CNNSotu: “The sense of panic is growing exponentially, because there [are] multiple threats that the Afghans are facing, particularly A…","created_at":"2021-08-29T16:00:35.000Z"},{"public_metrics":{"retweet_count":593,"reply_count":0,"like_count":0,"quote_count":0},"id":"1431997458318598147","text":"RT @ChrisMurphyCT: I wrestle with this question from @jaketapper every day.","created_at":"2021-08-29T15:09:33.000Z"},{"public_metrics":{"retweet_count":553,"reply_count":0,"like_count":0,"quote_count":0},"id":"1431996088320413697","text":"RT @CNNSotu: “I believe that mandating vaccines for children to appear in school is a good idea,” Dr. Anthony Fauci says about Covid-19 vac…","created_at":"2021-08-29T15:04:07.000Z"},{"public_metrics":{"retweet_count":435,"reply_count":72,"like_count":877,"quote_count":13},"id":"1431963679633838087","text":"Here’s a list of verified @gofundme fundraisers for the families of the 13 servicemembers killed in action in Kabul on Thursday: \n\nhttps://t.co/zHW48mnV7e","created_at":"2021-08-29T12:55:20.000Z"},{"public_metrics":{"retweet_count":101,"reply_count":17,"like_count":219,"quote_count":2},"id":"1431962913611341826","text":"Verified @GoFundMe benefiting the family of Johanny Rosario\n\nhttps://t.co/tdSVTwT9PD https://t.co/IZBIKqQ3PH","created_at":"2021-08-29T12:52:17.000Z"},{"public_metrics":{"retweet_count":85,"reply_count":9,"like_count":171,"quote_count":2},"id":"1431962781134331905","text":"Verified @GoFundMe benefiting the family of Dylan Merola: \n\nhttps://t.co/7L8UTVoyiT https://t.co/2TfQOKWWXC","created_at":"2021-08-29T12:51:46.000Z"},{"public_metrics":{"retweet_count":102,"reply_count":5,"like_count":179,"quote_count":2},"id":"1431962528716836869","text":"Verified @GoFundMe benefiting Kareem Nikoui’s family: \n\nhttps://t.co/XHaHV15HLs https://t.co/Sw0IReGXZD","created_at":"2021-08-29T12:50:46.000Z"},{"public_metrics":{"retweet_count":98,"reply_count":6,"like_count":209,"quote_count":0},"id":"1431962401533014022","text":"Verified @GoFundMe created by Nicole Gee’s family:\n\nhttps://t.co/BHfBnhQH3Z https://t.co/VYWjvbJIbT","created_at":"2021-08-29T12:50:15.000Z"},{"public_metrics":{"retweet_count":95,"reply_count":12,"like_count":215,"quote_count":0},"id":"1431962264270249989","text":"Verified @GoFundMe benefiting Taylor Hoover’s mother, siblings, and fiancee: \n\nhttps://t.co/s5Zh3spl1M https://t.co/Mv4PM7kVvk","created_at":"2021-08-29T12:49:43.000Z"},{"public_metrics":{"retweet_count":135,"reply_count":13,"like_count":284,"quote_count":4},"id":"1431962122645295104","text":"Verified @GoFundMe fundraiser benefiting Rylee’s unborn child due in September: https://t.co/u9ssZNLflC https://t.co/MXGRqTNsUd","created_at":"2021-08-29T12:49:09.000Z"},{"public_metrics":{"retweet_count":234,"reply_count":264,"like_count":2047,"quote_count":34},"id":"1431957337602932739","text":"Biden to attend dignified transfer at Dover Air Force Base for those killed in Afghanistan\n\nhttps://t.co/xqAVyqvbDd","created_at":"2021-08-29T12:30:08.000Z"},{"public_metrics":{"retweet_count":2188,"reply_count":0,"like_count":0,"quote_count":0},"id":"1431956389417652224","text":"RT @kaitlancollins: President Biden and First Lady Jill Biden are currently on their way to Dover Air Force Base for the dignified transfer…","created_at":"2021-08-29T12:26:22.000Z"},{"public_metrics":{"retweet_count":1592,"reply_count":0,"like_count":0,"quote_count":0},"id":"1431953116832931849","text":"RT @NWSNewOrleans: This is a sight no one wants to see on satellite.  Ida, a Category 4 major hurricane with maximum sustained winds of now…","created_at":"2021-08-29T12:13:22.000Z"},{"public_metrics":{"retweet_count":455,"reply_count":0,"like_count":0,"quote_count":0},"id":"1431945002666676225","text":"RT @cnnbrk: Hurricane Ida has rapidly intensified into a Category 4 storm, with sustained winds of 130 mph\nhttps://t.co/1mG3hVOXwE https://…","created_at":"2021-08-29T11:41:07.000Z"},{"public_metrics":{"retweet_count":207,"reply_count":0,"like_count":0,"quote_count":0},"id":"1431944019664416774","text":"RT @capitalweather: Waking up to about the worst possible news: #HurricaneIda has explosively strengthened to a high-end Category 4 with 15…","created_at":"2021-08-29T11:37:13.000Z"},{"public_metrics":{"retweet_count":71,"reply_count":0,"like_count":0,"quote_count":0},"id":"1431941357069815815","text":"RT @18airbornecorps: Today we released a new episode of our podcast in tribute to the 13 American service members killed in last Thursday's…","created_at":"2021-08-29T11:26:38.000Z"},{"public_metrics":{"retweet_count":33,"reply_count":25,"like_count":175,"quote_count":7},"id":"1431939470035759105","text":"Hurricane Ida strengthens into Category 4 storm as it approaches Gulf Coast\n\nhttps://t.co/37Y0wbbY1H","created_at":"2021-08-29T11:19:08.000Z"},{"public_metrics":{"retweet_count":1809,"reply_count":0,"like_count":0,"quote_count":0},"id":"1431790870785937414","text":"RT @MSharif1990: Alireza Ahmadi, a dear journalist friend and his younger brother, were among the dead victims of yesterday’s #KabulAirport…","created_at":"2021-08-29T01:28:39.000Z"},{"public_metrics":{"retweet_count":749,"reply_count":0,"like_count":0,"quote_count":0},"id":"1431790784399958020","text":"RT @MSharif1990: Najma Saadeqi, a former anchor of a local TV station, was also killed in #KabulAirport attack, AF Journalists Center says.…","created_at":"2021-08-29T01:28:19.000Z"},{"public_metrics":{"retweet_count":87,"reply_count":0,"like_count":0,"quote_count":0},"id":"1431790070839795712","text":"RT @lrozen: \uD83E\uDDF53 scenes from this WaPo piece: Ghani’s “lack of focus on the threat the Taliban posed mystified U.S. officials.” \nIn a July me…","created_at":"2021-08-29T01:25:28.000Z"},{"public_metrics":{"retweet_count":193,"reply_count":92,"like_count":1754,"quote_count":12},"id":"1431789757772795904","text":"In addition to the selfless US servicemembers and other US officials in harm’s way tonight, there are so many veterans and others working hard in and outside Afghanistan to save Americans and Afghans by getting them to safety — https://t.co/iZqC2PkcVi","created_at":"2021-08-29T01:24:14.000Z"},{"public_metrics":{"retweet_count":479,"reply_count":0,"like_count":0,"quote_count":0},"id":"1431789078266187780","text":"RT @RepMeijer: Absolutely heart-breaking. Incredible men and women, 11 Marines, a soldier, and a Navy corpsman who sacrificed everything to…","created_at":"2021-08-29T01:21:32.000Z"},{"public_metrics":{"retweet_count":2,"reply_count":0,"like_count":0,"quote_count":0},"id":"1431788920010940416","text":"RT @GeekWatson: @JekTabur @jaketapper I think he meant SOTU, typical dad, calling his children by the wrong name.","created_at":"2021-08-29T01:20:54.000Z"},{"public_metrics":{"retweet_count":1233,"reply_count":0,"like_count":0,"quote_count":0},"id":"1431788766163767299","text":"RT @GLNoronha: The United Kingdom ended their nearly 20-year mission in Afghanistan today. They sacrificed 457 of their sons and daughters…","created_at":"2021-08-29T01:20:17.000Z"},{"public_metrics":{"retweet_count":1148,"reply_count":0,"like_count":0,"quote_count":0},"id":"1431788440199258115","text":"RT @RubenGallego: I don’t pray often but I am now. I am trying to get people out of Afghanistan.  If you can add this to your prayer card t…","created_at":"2021-08-29T01:19:00.000Z"},{"public_metrics":{"retweet_count":193,"reply_count":0,"like_count":0,"quote_count":0},"id":"1431788237777952772","text":"RT @KJP46: \"In the process of gaining our rightful place we must not be guilty of wrongful deeds. Let us not seek to satisfy our thirst for…","created_at":"2021-08-29T01:18:11.000Z"},{"public_metrics":{"retweet_count":66,"reply_count":866,"like_count":594,"quote_count":52},"id":"1431787934743728140","text":"Join us tomorrow a special 2 hour @CNNSotu, with coverage of Afghanistan, COVID, and Ida.","created_at":"2021-08-29T01:16:59.000Z"},{"public_metrics":{"retweet_count":721,"reply_count":0,"like_count":0,"quote_count":0},"id":"1431781360394506244","text":"RT @TravelGov: #Afghanistan: Due to a specific, credible threat, U.S. citizens near Kabul airport, including South gate, new Ministry of th…","created_at":"2021-08-29T00:50:52.000Z"},{"public_metrics":{"retweet_count":14,"reply_count":0,"like_count":0,"quote_count":0},"id":"1431780084579459074","text":"RT @CNNSotu: SUNDAY: @RoyaRahmani and @YasmeenHassan7 join @jaketapper on #CNNSOTU. Tune in! https://t.co/SsyqHMKnot","created_at":"2021-08-29T00:45:48.000Z"},{"public_metrics":{"retweet_count":13768,"reply_count":0,"like_count":0,"quote_count":0},"id":"1431776747670937601","text":"RT @KassyDillon: This is Rylee McCollum. He died in Afghanistan yesterday. He recently got married and was only three weeks away from becom…","created_at":"2021-08-29T00:32:32.000Z"},{"public_metrics":{"retweet_count":30,"reply_count":0,"like_count":0,"quote_count":0},"id":"1431764150385094656","text":"RT @CNNSotu: EXCLUSIVE: @ChrisMurphyCT joins @jaketapper on #CNNSOTU. Tune in! https://t.co/dJa3UOMSbp","created_at":"2021-08-28T23:42:29.000Z"},{"public_metrics":{"retweet_count":22,"reply_count":0,"like_count":0,"quote_count":0},"id":"1431752384284344323","text":"RT @CNNSotu: SUNDAY: Dr. Fauci joins @jaketapper on #CNNSOTU. Tune in! https://t.co/TuM40OgRxR","created_at":"2021-08-28T22:55:43.000Z"},{"public_metrics":{"retweet_count":56,"reply_count":2765,"like_count":535,"quote_count":239},"id":"1431751491459690496","text":"Their first joint TV interview since returning from Kabul: https://t.co/TDGC3V1EtN","created_at":"2021-08-28T22:52:10.000Z"},{"public_metrics":{"retweet_count":20,"reply_count":0,"like_count":0,"quote_count":0},"id":"1431751363176898561","text":"RT @CNNSotu: LIVE: @JohnBelEdwards joins @jaketapper on #CNNSOTU. Tune in! https://t.co/4Je5N58aiq","created_at":"2021-08-28T22:51:40.000Z"},{"public_metrics":{"retweet_count":28,"reply_count":0,"like_count":0,"quote_count":0},"id":"1431749330818457601","text":"RT @CNNSotu: EXCLUSIVE: @SenatorRomney joins @jaketapper on #CNNSOTU. Tune in! https://t.co/BD3iKZq5Dh","created_at":"2021-08-28T22:43:35.000Z"},{"public_metrics":{"retweet_count":15,"reply_count":0,"like_count":0,"quote_count":0},"id":"1431749322593406977","text":"RT @CNNSotu: SUNDAY: @JakeSullivan46 joins @jaketapper on #CNNSOTU. Tune in! https://t.co/QWGVnNBwrM","created_at":"2021-08-28T22:43:33.000Z"},{"public_metrics":{"retweet_count":0,"reply_count":3,"like_count":5,"quote_count":0},"id":"1431740403859042304","text":"@spookylindsay @jojorbbit All too","created_at":"2021-08-28T22:08:07.000Z"},{"public_metrics":{"retweet_count":1,"reply_count":144,"like_count":10,"quote_count":0},"id":"1431740081648377859","text":"@MoMcCormick7 @SusanSarandon MODINE 2024\n\nHe has a vision quest for America https://t.co/fyB8PzfgUK","created_at":"2021-08-28T22:06:50.000Z"},{"public_metrics":{"retweet_count":0,"reply_count":3,"like_count":3,"quote_count":0},"id":"1431739727242309636","text":"@MoMcCormick7 @SusanSarandon You mean for SAG or the US","created_at":"2021-08-28T22:05:26.000Z"},{"public_metrics":{"retweet_count":540,"reply_count":0,"like_count":0,"quote_count":0},"id":"1431739592173133827","text":"RT @NumbersMuncher: This story is both depressing and angering: Veteran dies of non-COVID illness (gallstone) because there were no ICU bed…","created_at":"2021-08-28T22:04:53.000Z"},{"public_metrics":{"retweet_count":114,"reply_count":0,"like_count":0,"quote_count":0},"id":"1431739544622321667","text":"RT @TonyT2Thomas: Saw the title and was interested. Saw the author and felt rage. Wolfowitz, one of several people who should never, ever c…","created_at":"2021-08-28T22:04:42.000Z"},{"public_metrics":{"retweet_count":14,"reply_count":13,"like_count":69,"quote_count":1},"id":"1431730206264397829","text":"Linguist and lexicographer Ben Zimmer looks at “memory hole” https://t.co/mpAhBybc3S","created_at":"2021-08-28T21:27:36.000Z"},{"public_metrics":{"retweet_count":115,"reply_count":0,"like_count":0,"quote_count":0},"id":"1431714892306911238","text":"RT @RobTornoe: Fantastic Afghanistan cartoon by the great @MatttDavies. https://t.co/HPVfjusves","created_at":"2021-08-28T20:26:44.000Z"},{"public_metrics":{"retweet_count":695,"reply_count":0,"like_count":0,"quote_count":0},"id":"1431712509828993024","text":"RT @AlinejadMasih: His name was Alireza Ahmadi. This idealist Afghan journalist sadly lost his life in #Kabulairport explosions\nBefore leav…","created_at":"2021-08-28T20:17:16.000Z"},{"public_metrics":{"retweet_count":291,"reply_count":0,"like_count":0,"quote_count":0},"id":"1431712453105160194","text":"RT @ChadRobo: Our first relocation flight for out Afghanistan refugees.  \nA new country (undisclosed) \nA new home\nA new beginning \n\uD83D\uDE4F\uD83C\uDFFB\uD83C\uDDFA\uD83C\uDDF8\uD83C\uDDE6\uD83C\uDDEB\uD83D\uDE4F\uD83C\uDFFB…","created_at":"2021-08-28T20:17:03.000Z"},{"public_metrics":{"retweet_count":1176,"reply_count":0,"like_count":0,"quote_count":0},"id":"1431704183074340868","text":"RT @mansoortshams: THREAD: I’m a US Marine Veteran and I’m in pain.\n\nIt’s somewhat rare for Marines to let out there emotions, let alone sh…","created_at":"2021-08-28T19:44:11.000Z"},{"public_metrics":{"retweet_count":30,"reply_count":0,"like_count":0,"quote_count":0},"id":"1431703095856226304","text":"RT @asfandyarmir: .@clarissaward interviewed an ISIS-K commander before the Kabul airport attack: https://t.co/deFefm5sts","created_at":"2021-08-28T19:39:52.000Z"},{"public_metrics":{"retweet_count":145,"reply_count":40,"like_count":652,"quote_count":6},"id":"1431696583121416197","text":"Moving post from the friend of KIA Marine Corps Sgt Nicole Gee\n\nhttps://t.co/XXbqqJpDTj","created_at":"2021-08-28T19:13:59.000Z"},{"public_metrics":{"retweet_count":92,"reply_count":55,"like_count":430,"quote_count":6},"id":"1431696121789829125","text":"“the threat of terrorist attacks on the airport remains high. Our commanders informed me that an attack is highly likely in the next 24-36 hours.” https://t.co/6J9UqQd64g","created_at":"2021-08-28T19:12:09.000Z"},{"public_metrics":{"retweet_count":3337,"reply_count":0,"like_count":0,"quote_count":0},"id":"1431689043469819908","text":"RT @JimLaPorta: From the Instagram account of Marine Sgt. Nicole Gee, who was killed in #Afghanistan this week: “I love my job,” she said.…","created_at":"2021-08-28T18:44:02.000Z"},{"public_metrics":{"retweet_count":393,"reply_count":0,"like_count":0,"quote_count":0},"id":"1431683246547423240","text":"RT @alexplitsas: Another gripe — I have seen way too many tweets critical of our State Department &amp; service members on the ground. They are…","created_at":"2021-08-28T18:21:00.000Z"},{"public_metrics":{"retweet_count":64,"reply_count":0,"like_count":0,"quote_count":0},"id":"1431676080528703489","text":"RT @brikeilarcnn: This is a very good point. And for American citizens, green card holders and SIVs, this part - getting thru Taliban check…","created_at":"2021-08-28T17:52:31.000Z"},{"public_metrics":{"retweet_count":1805,"reply_count":0,"like_count":0,"quote_count":0},"id":"1431675744128749573","text":"RT @18airbornecorps: They died trying to bring desperate men, women, children, babies, and the elderly to safety.\n\nThey represent the best…","created_at":"2021-08-28T17:51:11.000Z"},{"public_metrics":{"retweet_count":37,"reply_count":0,"like_count":0,"quote_count":0},"id":"1431675193781522432","text":"RT @zackbaddorf: Another group of volunteers has a list of about 200 AMCITs and their families who are still outside the airport in Kabul.…","created_at":"2021-08-28T17:49:00.000Z"},{"public_metrics":{"retweet_count":341,"reply_count":0,"like_count":0,"quote_count":0},"id":"1431675162148151300","text":"RT @zackbaddorf: I am in contact with 5 separate groups of American citizens and their families DESPERATE to get into the airport in Kabul.…","created_at":"2021-08-28T17:48:52.000Z"},{"public_metrics":{"retweet_count":3197,"reply_count":0,"like_count":0,"quote_count":0},"id":"1431674788523745283","text":"RT @clarissaward: Talking to a woman, a US citizen, who worked as a translator for the US for more than ten years, who was not able to get…","created_at":"2021-08-28T17:47:23.000Z"},{"public_metrics":{"retweet_count":172,"reply_count":47,"like_count":2008,"quote_count":4},"id":"1431669209029910534","text":"“Greater love has no one than this: to lay down one’s life for one’s friends.”\n\nJohn 15:13 \n\nRIP brave souls","created_at":"2021-08-28T17:25:13.000Z"},{"public_metrics":{"retweet_count":135,"reply_count":20,"like_count":1018,"quote_count":1},"id":"1431669205900931079","text":"Army Staff Sgt. Ryan C. Knauss, 23, of Corryton, Tennessee. \n\nhttps://t.co/2njEyRRhZj","created_at":"2021-08-28T17:25:12.000Z"},{"public_metrics":{"retweet_count":90,"reply_count":5,"like_count":573,"quote_count":3},"id":"1431669202591666178","text":"Navy Hospitalman Maxton W. Soviak, 22, of Berlin Heights, Ohio. \n \n https://t.co/FSJNHWzrWq","created_at":"2021-08-28T17:25:11.000Z"},{"public_metrics":{"retweet_count":85,"reply_count":4,"like_count":545,"quote_count":3},"id":"1431669197113896966","text":"Marine Corps Lance Cpl. Kareem M. Nikoui, 20, of Norco, California. \n\nhttps://t.co/0WXzQlYPsy","created_at":"2021-08-28T17:25:10.000Z"},{"public_metrics":{"retweet_count":90,"reply_count":5,"like_count":544,"quote_count":5},"id":"1431669190323228676","text":"Marine Corps Lance Cpl. Dylan R. Merola, 20, of Rancho Cucamonga, California. \n\nhttps://t.co/wms2ehtSq5","created_at":"2021-08-28T17:25:08.000Z"},{"public_metrics":{"retweet_count":88,"reply_count":3,"like_count":547,"quote_count":3},"id":"1431669183381708804","text":"Marine Corps Lance Cpl. Rylee J. McCollum, 20, of Jackson, Wyoming. \n\nhttps://t.co/ztjgLaelHU","created_at":"2021-08-28T17:25:07.000Z"},{"public_metrics":{"retweet_count":88,"reply_count":6,"like_count":562,"quote_count":1},"id":"1431669182190559239","text":"Marine Corps Lance Cpl. Jared M. Schmitz, 20, of St. Charles, Missouri.  \n\nhttps://t.co/lH8SgIFE0W","created_at":"2021-08-28T17:25:06.000Z"}],"meta":{"oldest_id":"1431669182190559239","newest_id":"1432129179282255874","result_count":100,"next_token":"7140dibdnow9c7btw3z216f7c3qil1ddkg92kzik3q5vd"}}