{"data":[{"id":"1463594296955785218","created_at":"2021-11-24T19:44:07.000Z","public_metrics":{"retweet_count":34915,"reply_count":0,"like_count":0,"quote_count":0},"text":"RT @keithboykin: Remember, if local authorities in Georgia had their way, no one would have ever been charged for the murder of Ahmaud Arbe…"},{"id":"1463174669968850948","created_at":"2021-11-23T15:56:40.000Z","public_metrics":{"retweet_count":932,"reply_count":0,"like_count":0,"quote_count":0},"text":"RT @sahilkapur: New: @AOC + 89 House Democrats sign a letter calling on Senate to reinstate a pathway to citizenship for millions of undocu…"},{"id":"1461816569122758658","created_at":"2021-11-19T22:00:03.000Z","public_metrics":{"retweet_count":10101,"reply_count":0,"like_count":0,"quote_count":0},"text":"RT @holidarity: Meanwhile in Kenosha County, the state is still fighting the court ruling that Chrystul Kizer, who, at age 17 killed her tr…"},{"id":"1461802444984303621","created_at":"2021-11-19T21:03:56.000Z","public_metrics":{"retweet_count":12507,"reply_count":3873,"like_count":62199,"quote_count":580},"text":"This comes just one day after @GOPLeader announced his intent to reward white supremacist members of Congress who incite violence.\n\nSame party who just appointed 200+ judges, many unqualified, to federal courts- 70% of whom were white men.\n\nAnd that’s just scratching the surface. https://t.co/d7AAZWG1ki"},{"id":"1461783529197555715","created_at":"2021-11-19T19:48:46.000Z","public_metrics":{"retweet_count":21718,"reply_count":6636,"like_count":147857,"quote_count":1091},"text":"What we are witnessing is a system functioning as designed and protecting those it was designed for.\n\nMy heart still breaks for the communities and families whose grief now compounds, and the countless others who will be denied and deprived in similar scenes across the country."},{"id":"1461737483344007169","created_at":"2021-11-19T16:45:48.000Z","public_metrics":{"retweet_count":2856,"reply_count":1066,"like_count":21389,"quote_count":230},"text":"What did we just pass in #BuildBackBetter?\n✅ Universal Pre-K \uD83D\uDC76\uD83C\uDFFF\n✅ Lower US Climate Emissions \uD83C\uDF0E\n✅ Medicare + Hearing\uD83E\uDDBB\uD83C\uDFFC\n\nSome of Team AOC’s Inclusions:\n✅ High Speed Rail + Transit\uD83D\uDCB0\uD83D\uDE8A\n✅ Creation of Civilian Climate Corps (300k jobs!)\uD83E\uDDD1\uD83C\uDFFC‍\uD83C\uDFED\uD83D\uDC77\uD83C\uDFFD‍♀️\n✅ NYCHA Repair\uD83D\uDCB0+ Faircloth Repeal \uD83C\uDFD9 https://t.co/EODeO2FcgT"},{"id":"1461564745308381185","created_at":"2021-11-19T05:19:24.000Z","public_metrics":{"retweet_count":2468,"reply_count":0,"like_count":0,"quote_count":0},"text":"RT @Grace4NY: \uD83D\uDE02 I delivered a baby in less time. Now step aside and let us deliver real change, like paid leave and child care, to American…"},{"id":"1461558751014621191","created_at":"2021-11-19T04:55:35.000Z","public_metrics":{"retweet_count":39,"reply_count":53,"like_count":570,"quote_count":1},"text":"@JaredHuffman I can confirm"},{"id":"1461557456077824003","created_at":"2021-11-19T04:50:26.000Z","public_metrics":{"retweet_count":1130,"reply_count":655,"like_count":23009,"quote_count":63},"text":"Fun fact: it only has pictures in it https://t.co/eHe63K5G21"},{"id":"1461546818404290560","created_at":"2021-11-19T04:08:10.000Z","public_metrics":{"retweet_count":5048,"reply_count":0,"like_count":0,"quote_count":0},"text":"RT @kylegriffin1: NBC News: Earlier during his floor speech, Republican Kevin McCarthy said: \"Abigail Spanbgerger said nobody elected Biden…"},{"id":"1461541639286136834","created_at":"2021-11-19T03:47:35.000Z","public_metrics":{"retweet_count":4837,"reply_count":0,"like_count":0,"quote_count":0},"text":"RT @NickKnudsenUS: Y’all really gotta watch this with @AOC &amp; @RepRaskin. https://t.co/KcO8Q8acTU"},{"id":"1461528462754209797","created_at":"2021-11-19T02:55:14.000Z","public_metrics":{"retweet_count":919,"reply_count":0,"like_count":0,"quote_count":0},"text":"RT @mkraju: AOC on McCarthy's plan to put Marjorie Taylor Greene and Paul Gosar back on committees in a GOP majority.\n\"I would love Leader…"},{"id":"1461526555142897666","created_at":"2021-11-19T02:47:39.000Z","public_metrics":{"retweet_count":1520,"reply_count":0,"like_count":0,"quote_count":0},"text":"RT @sahilkapur: https://t.co/DWMFDz7qgM"},{"id":"1461513839443419139","created_at":"2021-11-19T01:57:07.000Z","public_metrics":{"retweet_count":2018,"reply_count":0,"like_count":0,"quote_count":0},"text":"RT @mkraju: Asked AOC about McCarthy saying that he would put Gosar and MTG back on committees in a GOP majority. “Well, I would love Leade…"},{"id":"1461512756864114692","created_at":"2021-11-19T01:52:49.000Z","public_metrics":{"retweet_count":12378,"reply_count":3030,"like_count":67072,"quote_count":550},"text":"Thank you @GOPLeader McCarthy for publicly confirming your desire to reward neo-nazi members of Congress who incite violence against women under GOP leadership!\n\nI appreciate your clarity.\nAnd predictability.\nThank you for no longer pretending to distance your caucus from this \uD83D\uDEAE https://t.co/xxpw9u8Unj"},{"id":"1461502500524208131","created_at":"2021-11-19T01:12:04.000Z","public_metrics":{"retweet_count":5167,"reply_count":0,"like_count":0,"quote_count":0},"text":"RT @ddiamond: What’s in Build Back Better for health care\n\n- Capping insulin at $35/month\n- Capping seniors’ out-of-pocket drug spending at…"},{"id":"1461071967067508737","created_at":"2021-11-17T20:41:17.000Z","public_metrics":{"retweet_count":2072,"reply_count":0,"like_count":0,"quote_count":0},"text":"RT @atrupar: AOC links Gosar's video to a \"nihilism\" among Republicans holding that nothing Congress does really matters or is meaningful h…"},{"id":"1461066960427442177","created_at":"2021-11-17T20:21:23.000Z","public_metrics":{"retweet_count":3307,"reply_count":0,"like_count":0,"quote_count":0},"text":"RT @cspan: WATCH: Complete remarks by @RepAOC @AOC during U.S. House Debate on Resolution to Censure Rep. Paul Gosar.\n\n\"What is so hard, wh…"},{"id":"1461062924894715910","created_at":"2021-11-17T20:05:21.000Z","public_metrics":{"retweet_count":6750,"reply_count":0,"like_count":0,"quote_count":0},"text":"RT @atrupar: AOC: \"What I believe is unprecedented is for a member of House leadership of either party to be unable to condemn incitement o…"},{"id":"1461057386567946244","created_at":"2021-11-17T19:43:20.000Z","public_metrics":{"retweet_count":2696,"reply_count":0,"like_count":0,"quote_count":0},"text":"RT @kylegriffin1: Rep. @AOC: \"In response to the Republican Leader's remarks when he says that 'this action is unprecedented', what I belie…"},{"id":"1460720820544753666","created_at":"2021-11-16T21:25:57.000Z","public_metrics":{"retweet_count":4507,"reply_count":0,"like_count":0,"quote_count":0},"text":"RT @kylegriffin1: Rep. AOC to Punchbowl: Gosar and other Republicans \"are essentially using a national platform to legitimize threats of vi…"}],"meta":{"oldest_id":"1460720820544753666","newest_id":"1463594296955785218","result_count":21}}