{"data":[{"public_metrics":{"retweet_count":52,"reply_count":21,"like_count":294,"quote_count":3},"id":"1448683790293868547","text":"#China will set up a Global Innovation and Knowledge Center for #SustainableTransport.","created_at":"2021-10-14T16:15:05.000Z"},{"public_metrics":{"retweet_count":44,"reply_count":13,"like_count":209,"quote_count":3},"id":"1448683769804648454","text":"#China will not change course in its pursuit of a new system of open economy of higher standards, and China will not waver in its resolve to promote trade and investment liberalization and facilitation. China's door of #openingup will only open wider, and will never be closed.","created_at":"2021-10-14T16:15:00.000Z"},{"public_metrics":{"retweet_count":56,"reply_count":13,"like_count":306,"quote_count":2},"id":"1448682760378277898","text":"#China will continue stay connected with the world and abreast with the times. This way, we will contribute more to global #development while pursuing our own development.","created_at":"2021-10-14T16:10:59.000Z"},{"public_metrics":{"retweet_count":50,"reply_count":17,"like_count":260,"quote_count":4},"id":"1448682226095300609","text":"We have more than half of the world’s new energy vehicles. We have become the economy best connected to the global shipping network and with the highest volume of trade in goods.","created_at":"2021-10-14T16:08:52.000Z"},{"public_metrics":{"retweet_count":80,"reply_count":32,"like_count":525,"quote_count":4},"id":"1448681745990107137","text":"Today, we are redoubling our efforts to build a country with great transport strength. We have built the world’s largest high-speed railway network, expressway network and world-class port clusters.","created_at":"2021-10-14T16:06:58.000Z"},{"public_metrics":{"retweet_count":58,"reply_count":9,"like_count":250,"quote_count":1},"id":"1448680837159874565","text":"Generation after generation of the #Chinese people have worked in the spirit of opening roads through mountains and putting bridges over rivers, and turned #China into a country with vast transport #infrastructure.","created_at":"2021-10-14T16:03:21.000Z"},{"public_metrics":{"retweet_count":50,"reply_count":11,"like_count":234,"quote_count":1},"id":"1448680083321802754","text":"The only durable way to achieve #sustainabledevelopment is to establish an economic system for green and low-carbon development and promote green transition in all respects of economic and social development.","created_at":"2021-10-14T16:00:21.000Z"},{"public_metrics":{"retweet_count":38,"reply_count":9,"like_count":181,"quote_count":0},"id":"1448679436941807617","text":"Only when countries develop together can there be true #development; only when countries prosper together can there be true prosperity. Uneven development must be addressed before broader prospects for humanity’s common development could be brought about.","created_at":"2021-10-14T15:57:47.000Z"},{"public_metrics":{"retweet_count":42,"reply_count":7,"like_count":198,"quote_count":0},"id":"1448679248831549445","text":"It is important that we pursue an open world economy and reject discriminatory or exclusive rules and systems. We should strengthen both hard connectivity of #infrastructure and soft connectivity of institutions and rules.","created_at":"2021-10-14T15:57:02.000Z"},{"public_metrics":{"retweet_count":33,"reply_count":8,"like_count":168,"quote_count":1},"id":"1448679219509137408","text":"A big river is full when its tributaries are filled with water; and tributaries must be dry when there is no water in the big river. Only with openness, inclusiveness and connectivity can countries reinforce each other's efforts and achieve #winwin results.","created_at":"2021-10-14T15:56:55.000Z"},{"public_metrics":{"retweet_count":34,"reply_count":6,"like_count":174,"quote_count":0},"id":"1448679189117239297","text":"It is imperative that we advance global transport cooperation, and write a new chapter featuring connectivity of #infrastructure, unfettered flows of trade and investment, and interactions between civilizations.","created_at":"2021-10-14T15:56:48.000Z"},{"public_metrics":{"retweet_count":39,"reply_count":12,"like_count":215,"quote_count":3},"id":"1448678124665769985","text":"As we speak, major changes unseen in a century, compounded by a once-in-a-century #pandemic, are posing serious challenges to the global efforts of growing the economy and bettering people’s lives.","created_at":"2021-10-14T15:52:34.000Z"},{"public_metrics":{"retweet_count":41,"reply_count":7,"like_count":193,"quote_count":1},"id":"1448678099135074314","text":"President Xi Jingping attended the opening ceremony of \nThe 2nd #UnitedNations Global Sustainable Transport Conference and delivered a keynote speech.\nSome of the key points:","created_at":"2021-10-14T15:52:28.000Z"},{"public_metrics":{"retweet_count":68,"reply_count":24,"like_count":327,"quote_count":5},"id":"1448595687860367364","text":"#China's \"power highways\" are seeing an increase of electrivity transmission generated by green energy. https://t.co/fmxjzjtowN","created_at":"2021-10-14T10:25:00.000Z"},{"public_metrics":{"retweet_count":305,"reply_count":113,"like_count":2183,"quote_count":25},"id":"1448591871354105857","text":"Wang Yaping will be the first Chinese female #Taikonaut to spend 6 months in China's space station. Proud of her！ https://t.co/4lKVDbGUwD","created_at":"2021-10-14T10:09:50.000Z"},{"public_metrics":{"retweet_count":585,"reply_count":197,"like_count":4137,"quote_count":55},"id":"1448591484014370819","text":"#Shenzhou13 spacecraft will carry three #Taikonauts to the #Tiangong space station on Oct 16. https://t.co/pxwRrKtyWc","created_at":"2021-10-14T10:08:17.000Z"},{"public_metrics":{"retweet_count":67,"reply_count":13,"like_count":250,"quote_count":3},"id":"1448590149072265216","text":"Tigers and leopards ought to roam freely in the mountains. \nLocal authorities in #China are working to conserve the Siberian tiger and the Amur leopard, two endangered species under global protection, in the Northeast China Tiger and Leopard National Park. https://t.co/pTCzSlmUaN","created_at":"2021-10-14T10:02:59.000Z"},{"public_metrics":{"retweet_count":55,"reply_count":14,"like_count":258,"quote_count":5},"id":"1448585087453261825","text":"Located in the hinterland of #Qinghai Province, the Yellow River source area of the #Sanjiangyuan National Park is where the #YellowRiver starts flowing eastward.\nIn recent years, with stepped-up conservation efforts in the Park, the local biodiversity has been greatly enriched. https://t.co/2YdelRq2On","created_at":"2021-10-14T09:42:52.000Z"},{"public_metrics":{"retweet_count":67,"reply_count":20,"like_count":339,"quote_count":2},"id":"1448582428117794818","text":"Xiao, or filial piety, has always been embodied in #Chinese culture. Nowadays, #China is seeing continuous efforts to support our seniors, including veterans who have made significant contributions to the country.  https://t.co/Tv2zFffptp https://t.co/EgXOQltF4e","created_at":"2021-10-14T09:32:18.000Z"},{"public_metrics":{"retweet_count":124,"reply_count":51,"like_count":601,"quote_count":17},"id":"1448448106337423365","text":"Super efficient, super quality! Take a close look at how the cotton harvesting machine in #Xinjiang works. https://t.co/r4DTpWXolv","created_at":"2021-10-14T00:38:34.000Z"},{"public_metrics":{"retweet_count":174,"reply_count":61,"like_count":832,"quote_count":53},"id":"1448447339388026882","text":"#Xinjiang is showing its elegant beauty during the late autumn and early winter. https://t.co/QeJeR7Nnxq","created_at":"2021-10-14T00:35:31.000Z"},{"public_metrics":{"retweet_count":149,"reply_count":58,"like_count":573,"quote_count":12},"id":"1448258953729568768","text":"As President Xi announced at #COP15, #China has officially designated its first group of #nationalparks for the Three-River-Source, the Giant Panda, the Northeast China Tiger and Leopard, the Hainan Tropical Forests and the Wuyishan. https://t.co/5scfvS4eHH","created_at":"2021-10-13T12:06:56.000Z"},{"public_metrics":{"retweet_count":73,"reply_count":56,"like_count":334,"quote_count":4},"id":"1447952668668796931","text":"The #G20 should respect #Afghanistan's sovereignty, independence and territorial integrity, support the “Afghan-led, Afghan-owned” principle, and make contribution to peace, stability, prosperity and development of Afghanistan and the region.","created_at":"2021-10-12T15:49:52.000Z"},{"public_metrics":{"retweet_count":49,"reply_count":17,"like_count":260,"quote_count":1},"id":"1447952386585104387","text":"At a crossroads between order and chaos, and between rise and fall, #Afghanistan faces challenges and opportunities as well as difficulties and hopes.","created_at":"2021-10-12T15:48:45.000Z"},{"public_metrics":{"retweet_count":156,"reply_count":85,"like_count":721,"quote_count":15},"id":"1447951456431050754","text":"Imposing one's own ideology onto others, willfully interfering in others' internal affairs and even resorting to military intervention will only bring lingering turmoil and poverty, and create grave humanitarian disasters.","created_at":"2021-10-12T15:45:03.000Z"},{"public_metrics":{"retweet_count":79,"reply_count":31,"like_count":383,"quote_count":8},"id":"1447950743953047558","text":"The lessons in #Afghanistan over the past two decades have proven that respecting development paths independently chosen by other countries is the right approach in state-to-state relations.","created_at":"2021-10-12T15:42:13.000Z"},{"public_metrics":{"retweet_count":60,"reply_count":24,"like_count":288,"quote_count":2},"id":"1447949708689768451","text":"State Councilor and Foreign Minister Wang Yi just attended the extraordinary summit of the #G20 on #Afghanistan through video link in #Beijing. https://t.co/qIsdElNcLV","created_at":"2021-10-12T15:38:06.000Z"},{"public_metrics":{"retweet_count":154,"reply_count":60,"like_count":801,"quote_count":27},"id":"1447936968231428099","text":"Amazing! Have you seen a brown giant #panda yet? https://t.co/tcYovFOaSO","created_at":"2021-10-12T14:47:29.000Z"},{"public_metrics":{"retweet_count":128,"reply_count":44,"like_count":546,"quote_count":10},"id":"1447934171997954067","text":"In #Xinjiang, the world's largest and best-preserved Populus euphratica forest is still shining its beauty to this planet. https://t.co/qXkDO6Mry5","created_at":"2021-10-12T14:36:22.000Z"},{"public_metrics":{"retweet_count":72,"reply_count":39,"like_count":310,"quote_count":5},"id":"1447859653056995333","text":"Let us join hands, follow the philosophy of #ecologicalcivilization and shoulder our responsibility for future generations. Let us make joint efforts to build a community of all life on Earth (#CommunityofAllLifeonEarth), and a clean and beautiful world for us all.","created_at":"2021-10-12T09:40:15.000Z"},{"public_metrics":{"retweet_count":53,"reply_count":14,"like_count":276,"quote_count":3},"id":"1447859061802688514","text":"If we #humanity do not fail #Nature, Nature will not fail us. #Ecologicalcivilization represents the development trend of human civilization.","created_at":"2021-10-12T09:37:54.000Z"},{"public_metrics":{"retweet_count":38,"reply_count":10,"like_count":233,"quote_count":4},"id":"1447858820919672834","text":"#China will continue to readjust its industrial structure and energy mix, vigorously develop #renewableenergy, and make faster progress in planning and developing large wind power and photovoltaic bases in sandy areas, rocky areas and deserts.","created_at":"2021-10-12T09:36:57.000Z"},{"public_metrics":{"retweet_count":31,"reply_count":7,"like_count":156,"quote_count":1},"id":"1447857750097104897","text":"To achieve its #carbonpeak and neutrality targets, #China will release implementation plans for peaking carbon dioxide emissions in key areas &amp; sectors as well as a series of supporting measures, and will put in place a “1+N” policy framework for carbon peak &amp; #carbonneutrality.","created_at":"2021-10-12T09:32:42.000Z"},{"public_metrics":{"retweet_count":34,"reply_count":6,"like_count":157,"quote_count":1},"id":"1447857167193702404","text":"In the meantime, acting by the principle of striking a balance between on-site and translocation conservation, #China has started building a system of national botanical gardens in places like #Beijing and #Guangzhou.","created_at":"2021-10-12T09:30:23.000Z"},{"public_metrics":{"retweet_count":44,"reply_count":6,"like_count":209,"quote_count":1},"id":"1447856660467175425","text":"The protected land area is 230,000 square kilometers and they cover nearly 30 percent of the key terrestrial #wildlife species found in #China.","created_at":"2021-10-12T09:28:22.000Z"},{"public_metrics":{"retweet_count":33,"reply_count":11,"like_count":179,"quote_count":1},"id":"1447856139484291074","text":"#China has officially designated its first group of #nationalparks that includes the Three-River-Source National Park, the Giant Panda National Park, the Northeast China Tiger and Leopard National Park, the Hainan Tropical Forests National Park, and the Wuyishan National Park.","created_at":"2021-10-12T09:26:18.000Z"},{"public_metrics":{"retweet_count":34,"reply_count":6,"like_count":168,"quote_count":0},"id":"1447855885741539332","text":"Over time, areas with the greatest importance to the natural ecosystem, and with the most unique natural landscapes, the most valuable natural heritage and the greatest #biodiversity reserve will be included in the #nationalparks system.","created_at":"2021-10-12T09:25:17.000Z"},{"public_metrics":{"retweet_count":37,"reply_count":5,"like_count":191,"quote_count":1},"id":"1447855531549282306","text":"To strengthen #biodiversity protection, #China is moving faster to establish a protected areas system with national parks as the mainstay.","created_at":"2021-10-12T09:23:53.000Z"},{"public_metrics":{"retweet_count":31,"reply_count":8,"like_count":161,"quote_count":0},"id":"1447855198043398144","text":"#China will continue to advance ecological progress, stay committed to implementing the new development philosophy emphasizing innovative, coordinated, green and open development for all, and build a #beautifulChina.","created_at":"2021-10-12T09:22:33.000Z"},{"public_metrics":{"retweet_count":35,"reply_count":9,"like_count":180,"quote_count":0},"id":"1447854919331901442","text":"#China has made remarkable progress in building an #ecologicalcivilization. The recent story of the northward travel and return of a group of elephants in #Yunnan Province in southwestern China shows the vivid results of our endeavor to protect wild animals.","created_at":"2021-10-12T09:21:27.000Z"},{"public_metrics":{"retweet_count":33,"reply_count":5,"like_count":171,"quote_count":1},"id":"1447854356439523333","text":"Fourth, we shall take #internationallaw as the basis to uphold a fair and equitable #internationalgovernance system.","created_at":"2021-10-12T09:19:13.000Z"},{"public_metrics":{"retweet_count":28,"reply_count":8,"like_count":170,"quote_count":0},"id":"1447853950699393028","text":"Third, we shall concentrate on bettering people’s well-being to promote social #equity and #justice.","created_at":"2021-10-12T09:17:36.000Z"},{"public_metrics":{"retweet_count":30,"reply_count":6,"like_count":173,"quote_count":0},"id":"1447853690992300034","text":"Second, we shall let green transition drive our efforts to facilitate global #sustainabledevelopment.","created_at":"2021-10-12T09:16:34.000Z"},{"public_metrics":{"retweet_count":41,"reply_count":9,"like_count":211,"quote_count":0},"id":"1447853499732017161","text":"First, we shall take the development of ecological civilization as our guide to coordinate the relationship between man and #Nature.","created_at":"2021-10-12T09:15:48.000Z"},{"public_metrics":{"retweet_count":39,"reply_count":6,"like_count":177,"quote_count":1},"id":"1447852969383264259","text":"We are living in an era both fraught with challenges and full of hopes. As long as we press ahead with perseverance, a bright future will beckon. For the sake of our common future, we need to join hands and start a new journey of high-quality #development for humanity.","created_at":"2021-10-12T09:13:42.000Z"},{"public_metrics":{"retweet_count":38,"reply_count":10,"like_count":177,"quote_count":1},"id":"1447852692391424007","text":"We need to strengthen #solidarity to overcome difficulties and let people across countries benefit more and in a fairer way from development outcomes and a sound #environment, so as to build a homeland of common development of all countries.","created_at":"2021-10-12T09:12:36.000Z"},{"public_metrics":{"retweet_count":28,"reply_count":10,"like_count":143,"quote_count":2},"id":"1447852373024460801","text":"The #COVID19 pandemic has cast a shadow over global development and compounded challenges to the #UN’s 2030 Agenda for #SustainableDevelopment. Faced with the dual tasks of economic recovery and #environmentalprotection, developing countries need help and support all the more.","created_at":"2021-10-12T09:11:20.000Z"},{"public_metrics":{"retweet_count":32,"reply_count":2,"like_count":165,"quote_count":1},"id":"1447851528383918084","text":"We need to speed up efforts to foster a green way of development and secure a #winwin of economic growth and #environmentalprotection, so as to build a homeland of coordinated advancement of economy and the #environment.","created_at":"2021-10-12T09:07:58.000Z"},{"public_metrics":{"retweet_count":28,"reply_count":4,"like_count":174,"quote_count":1},"id":"1447851117354762244","text":"Green mountains are gold mountains and silver mountains. A sound ecology and environment is not just a natural asset, but also an economic asset, and it affects the potential and momentum of economic and social development.","created_at":"2021-10-12T09:06:20.000Z"},{"public_metrics":{"retweet_count":32,"reply_count":6,"like_count":177,"quote_count":2},"id":"1447850863922274308","text":"We need to have deep reverence for #Nature, respect Nature, follow Nature’s laws and protect Nature, so as to build a homeland of #harmoniouscoexistence between man and Nature.","created_at":"2021-10-12T09:05:20.000Z"},{"public_metrics":{"retweet_count":63,"reply_count":13,"like_count":346,"quote_count":4},"id":"1447850584959160321","text":"Man and Nature need to coexist in harmony. When we take care to protect #Nature, Nature rewards us generously; when we exploit Nature ruthlessly, it punishes us without mercy.","created_at":"2021-10-12T09:04:13.000Z"},{"public_metrics":{"retweet_count":42,"reply_count":3,"like_count":195,"quote_count":1},"id":"1447850259745443840","text":"Protecting #biodiversity helps protect #Earth, our common homeland, and contributes to humanity’s #sustainabledevelopment.","created_at":"2021-10-12T09:02:56.000Z"},{"public_metrics":{"retweet_count":40,"reply_count":5,"like_count":210,"quote_count":0},"id":"1447849887152803844","text":"As a Chinese saying goes, “All beings flourish when they live in harmony and receive nourishment from Nature.” #Biodiversity makes Earth full of vigor and vitality, and lays the foundation for human survival and development.","created_at":"2021-10-12T09:01:27.000Z"},{"public_metrics":{"retweet_count":53,"reply_count":9,"like_count":210,"quote_count":3},"id":"1447848553909424128","text":"“Working Together to Build a Community of All Life on Earth”.\nPresident Xi delivered a keynote speech while attending the Leaders’ Summit of the 15th Meeting of the Conference of the Parties to the Convention on Biological Diversity(#COP15) via video link. \nKey points as follows: https://t.co/4AoJVGwdg3","created_at":"2021-10-12T08:56:09.000Z"},{"public_metrics":{"retweet_count":317,"reply_count":179,"like_count":2211,"quote_count":40},"id":"1447767329962561539","text":"Chinese president's passion for wildlife &amp; #biodiversity:\n\uD83D\uDD17https://t.co/FsGcUOpWiA https://t.co/HX5Xs7w1v2","created_at":"2021-10-12T03:33:24.000Z"},{"public_metrics":{"retweet_count":57,"reply_count":32,"like_count":256,"quote_count":1},"id":"1447574498996150275","text":"A question for #COP15, why in #Yunnan?\nThis video gives the answer.\n Actually, #China is one of the countries with the richest biodiversity in the world, and Yunnan has the richest biodiversity in China. \nhttps://t.co/2QaJULNme8","created_at":"2021-10-11T14:47:09.000Z"},{"public_metrics":{"retweet_count":31,"reply_count":4,"like_count":132,"quote_count":2},"id":"1447571000657211396","text":"https://t.co/kgtD7WJm73","created_at":"2021-10-11T14:33:15.000Z"},{"public_metrics":{"retweet_count":61,"reply_count":30,"like_count":391,"quote_count":2},"id":"1447570997851267072","text":"Touched by the story of the family of  3 generations. The torch in the hearts of Qin's daughter &amp; granddaughter has been passed on over the past 100yrs, and  will continue to be passed on.","created_at":"2021-10-11T14:33:15.000Z"},{"public_metrics":{"retweet_count":53,"reply_count":25,"like_count":253,"quote_count":2},"id":"1447567566432452610","text":"#Beijing, the first dual Olympic city.\nhttps://t.co/in81QoHgrK","created_at":"2021-10-11T14:19:36.000Z"},{"public_metrics":{"retweet_count":118,"reply_count":38,"like_count":565,"quote_count":4},"id":"1447565412774776840","text":"Another big event in #Wuhan, the 17th #China Theater Festival got underway. \nAltogether 31 plays of various genres from across the country are to be performed. Quite a gala. https://t.co/TZZvHuxvVC","created_at":"2021-10-11T14:11:03.000Z"},{"public_metrics":{"retweet_count":193,"reply_count":0,"like_count":0,"quote_count":0},"id":"1447360547255582723","text":"RT @AmbQinGang: The US now seeks to “recouple” with China, which has some positivity in it. The two sides can sort out the areas of decoupl…","created_at":"2021-10-11T00:36:59.000Z"},{"public_metrics":{"retweet_count":141,"reply_count":0,"like_count":0,"quote_count":0},"id":"1447360507715883010","text":"RT @AmbQinGang: Taking China as “the most important geopolitical threat in the 21st century” is the most serious miscalculation. President…","created_at":"2021-10-11T00:36:50.000Z"},{"public_metrics":{"retweet_count":101,"reply_count":45,"like_count":854,"quote_count":8},"id":"1447226037645963272","text":"https://t.co/DxeLKX6rk5","created_at":"2021-10-10T15:42:30.000Z"},{"public_metrics":{"retweet_count":409,"reply_count":204,"like_count":2995,"quote_count":57},"id":"1447225808800473088","text":"#Beijing. \nToday. \nUnbelievably beautiful. https://t.co/MNuLYyEdvg","created_at":"2021-10-10T15:41:35.000Z"},{"public_metrics":{"retweet_count":52,"reply_count":21,"like_count":311,"quote_count":0},"id":"1447212867933986821","text":"ChinaChat-- protecting biodiversity is to protect us human beings.\nhttps://t.co/edDToyjQMx","created_at":"2021-10-10T14:50:10.000Z"},{"public_metrics":{"retweet_count":266,"reply_count":77,"like_count":1088,"quote_count":29},"id":"1447191417042857990","text":"https://t.co/djclgdqK6O","created_at":"2021-10-10T13:24:55.000Z"},{"public_metrics":{"retweet_count":93,"reply_count":43,"like_count":419,"quote_count":7},"id":"1447124241279717377","text":"President Xi on #biodiversity. https://t.co/Qq9e6x2wGP","created_at":"2021-10-10T08:58:00.000Z"},{"public_metrics":{"retweet_count":49,"reply_count":29,"like_count":243,"quote_count":4},"id":"1447044188172816388","text":"ChinaChat--stories about ordinary heroes protecting the bio-diversity.\nhttps://t.co/b7Qc1rZAtK","created_at":"2021-10-10T03:39:53.000Z"},{"public_metrics":{"retweet_count":92,"reply_count":54,"like_count":476,"quote_count":8},"id":"1446870919834603522","text":"Andrew Moody, a senior #British journalist,worked for ChinaDaily for 13 years and  wrote 700+ front-page stories. He passed away &amp; left his diaries offering a glimpse of his love for #China and the passion for interpreting  China to the rest of the world. \nhttps://t.co/VDf9O8TZ58","created_at":"2021-10-09T16:11:23.000Z"},{"public_metrics":{"retweet_count":113,"reply_count":37,"like_count":597,"quote_count":6},"id":"1446851355188949000","text":"Graphics on #China’s great efforts to promote #biodiversity conservation and its fruitful results in the past few decades. https://t.co/AKZ0TL5amV","created_at":"2021-10-09T14:53:38.000Z"},{"public_metrics":{"retweet_count":182,"reply_count":75,"like_count":1071,"quote_count":17},"id":"1446670421319839746","text":"First snow in #Urumqi, #Xinjiang. https://t.co/J3opyrzIRE","created_at":"2021-10-09T02:54:40.000Z"},{"public_metrics":{"retweet_count":38,"reply_count":24,"like_count":250,"quote_count":4},"id":"1446507589848612866","text":"The US should shoulder its responsibility. More importantly, it should change its misguided old habits of wantonly resorting to military interference in other countries and imposing its own will on others.","created_at":"2021-10-08T16:07:38.000Z"},{"public_metrics":{"retweet_count":41,"reply_count":25,"like_count":248,"quote_count":3},"id":"1446507585582948359","text":"Now the Afghan people have a window of opportunity to realize peace&amp;start reconstruction. On the basis of respecting Afghanistan’s sovereignty, independence&amp;territorial integrity, the international community should support Afghan people in taking control of their own future.","created_at":"2021-10-08T16:07:37.000Z"},{"public_metrics":{"retweet_count":10,"reply_count":3,"like_count":59,"quote_count":0},"id":"1446507581254475782","text":"According to the Office of the Special Inspector General for Afghanistan Reconstruction, during the war, 100k+ Afghan civilians were killed by US troops, hundreds of thousands were injured &amp; tens of millions became refugees.","created_at":"2021-10-08T16:07:36.000Z"},{"public_metrics":{"retweet_count":9,"reply_count":4,"like_count":58,"quote_count":1},"id":"1446507578666541063","text":"Academic assessment reveals that the Afghan war claimed an average of 250 lives on a daily basis.","created_at":"2021-10-08T16:07:36.000Z"},{"public_metrics":{"retweet_count":93,"reply_count":76,"like_count":470,"quote_count":12},"id":"1446507575957078019","text":"The #Afghan #Taliban said in a statement on the 20th anniversary of the US’ invasion of Afghanistan that the #US invasion over the past two decades has resulted in nothing but casualties and countless financial losses.","created_at":"2021-10-08T16:07:35.000Z"},{"public_metrics":{"retweet_count":41,"reply_count":14,"like_count":245,"quote_count":2},"id":"1446503076093857799","text":"This incident also shows that the #AUKUS nuclear submarine cooperation will create nuclear proliferation risks and undermine efforts to establish a Southeast Asia nuclear-free-zone.","created_at":"2021-10-08T15:49:42.000Z"},{"public_metrics":{"retweet_count":46,"reply_count":14,"like_count":262,"quote_count":2},"id":"1446503073954734086","text":"The US has long been making troubles in the South China Sea in the name of “freedom of navigation”, posing grave threats &amp; risks to regional peace &amp; stability. This is the root cause of this incident.","created_at":"2021-10-08T15:49:42.000Z"},{"public_metrics":{"retweet_count":21,"reply_count":4,"like_count":96,"quote_count":1},"id":"1446503070456684544","text":"The US should clarify in specific details what happened, including the exact location of the incident, the US side’s navigation intention, details of the incident, the object the submarine struck, whether the collision caused a nuclear leak or damaged local marine environment...","created_at":"2021-10-08T15:49:41.000Z"},{"public_metrics":{"retweet_count":74,"reply_count":44,"like_count":451,"quote_count":7},"id":"1446503068355284995","text":"#US Navy nuclear-powered submarine USS Connecticut struck an unknown object in the waters of the South China Sea. \n#China is gravely concerned about the incident.","created_at":"2021-10-08T15:49:40.000Z"},{"public_metrics":{"retweet_count":21,"reply_count":2,"like_count":109,"quote_count":0},"id":"1446492187424747525","text":"https://t.co/IKdKURohIZ","created_at":"2021-10-08T15:06:26.000Z"},{"public_metrics":{"retweet_count":77,"reply_count":21,"like_count":332,"quote_count":3},"id":"1446492184694321154","text":"FM Lavrov’s views reflect the shared concern of many ASEAN countries. Regional countries should be on high alert for attempts to weaken &amp; hollow ASEAN centrality and jointly reject wrong acts violating international fairness &amp; justice, creating division and stoking confrontation. https://t.co/YIzu9XpUwc","created_at":"2021-10-08T15:06:26.000Z"},{"public_metrics":{"retweet_count":258,"reply_count":138,"like_count":1464,"quote_count":39},"id":"1446451895153803264","text":"本日、習近平国家主席は日本首相岸田文雄と電話会談を行いました。中日友好協力関係の維持と発展は両国及び世界の利益に合致するものだと双方とも認識しています。来年の中日国交正常化を機に新時代の要請に合致する中日関係の構築に向かってともに努力していくことで合意しました。","created_at":"2021-10-08T12:26:20.000Z"},{"public_metrics":{"retweet_count":72,"reply_count":29,"like_count":284,"quote_count":1},"id":"1446403243433623555","text":"The story behind the boost in wild panda population in #China. Rangers, researchers and many more have tried their utmost and made their contributions in places like Wolong Nature Reserve as part of the country's new Giant Panda National Park.\nhttps://t.co/Hx00nfDAf3 https://t.co/rnedxHWa3g","created_at":"2021-10-08T09:13:00.000Z"},{"public_metrics":{"retweet_count":93,"reply_count":40,"like_count":419,"quote_count":3},"id":"1446399154909896711","text":"The National Day holiday, one of the busiest travel seasons of the year, saw a total 515mln trips made across #China, a recovery of 70.1 % compared with the pre-pandemic level.\nTruly a Golden Week as it is nicknamed for #tourism. https://t.co/ypfjWNya6N","created_at":"2021-10-08T08:56:45.000Z"},{"public_metrics":{"retweet_count":24,"reply_count":4,"like_count":109,"quote_count":0},"id":"1446350442158432259","text":"https://t.co/SH7g8X7Oel","created_at":"2021-10-08T05:43:11.000Z"},{"public_metrics":{"retweet_count":23,"reply_count":1,"like_count":101,"quote_count":0},"id":"1446350439381831680","text":"https://t.co/t1soCQBirF","created_at":"2021-10-08T05:43:11.000Z"},{"public_metrics":{"retweet_count":35,"reply_count":14,"like_count":188,"quote_count":0},"id":"1446350435292352513","text":"https://t.co/1WQ9kiCATx","created_at":"2021-10-08T05:43:10.000Z"},{"public_metrics":{"retweet_count":54,"reply_count":36,"like_count":328,"quote_count":3},"id":"1446125928279465990","text":"\"I believe, with my hard work and with the joint efforts of the 1.3 billion Chinese people, we will be able to shoulder the weight of this responsibility and run our country well. I have confidence, and so do the Chinese people.\"","created_at":"2021-10-07T14:51:03.000Z"},{"public_metrics":{"retweet_count":40,"reply_count":9,"like_count":260,"quote_count":4},"id":"1446125925255450625","text":"\"A novice weightlifter may only manage 50 kilograms at the start. After training, one could lift up to 250 kilograms of weight.\"","created_at":"2021-10-07T14:51:02.000Z"},{"public_metrics":{"retweet_count":149,"reply_count":89,"like_count":693,"quote_count":14},"id":"1446125920964648974","text":"\"For the good of my people, I will put aside my own well-being. I am willing to be selfless &amp; devote myself to China's development.\" This is President Xi’s solemn commitment. https://t.co/ohkK2XjWLU","created_at":"2021-10-07T14:51:01.000Z"},{"public_metrics":{"retweet_count":138,"reply_count":101,"like_count":932,"quote_count":6},"id":"1446098960263704584","text":"Beijing today. On the last day of the National Day Holiday, people enjoy their happy healthy life under the blue sky. People's aspirations for a better life is being met day by day. https://t.co/klh2G7MWat","created_at":"2021-10-07T13:03:54.000Z"},{"public_metrics":{"retweet_count":64,"reply_count":47,"like_count":406,"quote_count":8},"id":"1446092466893910026","text":"Director Yang Jiechi  had a comprehensive, candid and in-depth talks with U.S. National Security Advisor Jake Sullivan in Zurich.  \nBoth agreed to work together to bring China-US relations back on the right track.\nhttps://t.co/JFqhUNLzRg","created_at":"2021-10-07T12:38:05.000Z"},{"public_metrics":{"retweet_count":122,"reply_count":0,"like_count":0,"quote_count":0},"id":"1446080942938886146","text":"RT @AmbQinGang: My pleasure to attend the Forum on Tourism, Hospitality and Cultural Exchange organized by @usasiainstitute and share with…","created_at":"2021-10-07T11:52:18.000Z"},{"public_metrics":{"retweet_count":303,"reply_count":187,"like_count":2857,"quote_count":40},"id":"1445763749361553410","text":"Splendid view out of the office window. https://t.co/rTz2VxruAV","created_at":"2021-10-06T14:51:53.000Z"},{"public_metrics":{"retweet_count":147,"reply_count":62,"like_count":755,"quote_count":18},"id":"1445743655663259650","text":"Red, yellow, golden, blue, green…, the National Day has been decorated by fall colors and natural beauty. And the most impressive is of course the China Red all around. https://t.co/f3eGURISz2","created_at":"2021-10-06T13:32:02.000Z"},{"public_metrics":{"retweet_count":63,"reply_count":23,"like_count":320,"quote_count":5},"id":"1445737145138761743","text":"Offering help with his own blood--the story of Ruslan's generous donation of his \"pandablood\". It is a vivid example demonstrating the friendship between the two peoples. And will inspire more and more young people from both countries to carry forward China-Kazakhstan friendship. https://t.co/7Xabx6mEhy","created_at":"2021-10-06T13:06:10.000Z"},{"public_metrics":{"retweet_count":61,"reply_count":13,"like_count":287,"quote_count":0},"id":"1445733204749479939","text":"Saving every minute possible for the surgeries, is Chinese doctors' way in the Brightness Action programs, in their 58yrs for 70+ countries, 230k+ medical services on Peace Ark, for the Health Silk Road initiative.\nAnd China's medical assistance is ongoing for more. https://t.co/UHA055wJAI","created_at":"2021-10-06T12:50:31.000Z"},{"public_metrics":{"retweet_count":85,"reply_count":52,"like_count":465,"quote_count":4},"id":"1445664822767415301","text":"Risking his own life to save the little girl in South Sudan is one of many memorable stories of China's Blue Helmets. With commitment and dedication, they have demonstrated how China earnestly fulfills a major country's responsibilities&amp;obligations to world peace and development. https://t.co/72gLGQjfD8","created_at":"2021-10-06T08:18:47.000Z"},{"public_metrics":{"retweet_count":88,"reply_count":46,"like_count":466,"quote_count":3},"id":"1445409431861170179","text":"\"Blue waters and green mountains are indeed gold and silver mountains.\" Wang Mulinin, an Egyptian social media influencer with a Chinese name, came to Anji County, where the \"two mountains\" theory was first put forward, and found it is a fine example of ecological transformation. https://t.co/BCULh9yyZ3","created_at":"2021-10-05T15:23:57.000Z"}],"meta":{"oldest_id":"1445409431861170179","newest_id":"1448683790293868547","result_count":100,"next_token":"7140dibdnow9c7btw3z2gkjg0j3hu0qxasn9fxxw0pum1"}}