{"data":[{"public_metrics":{"retweet_count":91,"reply_count":57,"like_count":645,"quote_count":18},"text":"Nie Haisheng, one of the #Taikonauts,  works out on a treadmill while playing with his drinking water. https://t.co/iElv7qh0xQ","created_at":"2021-11-14T13:54:27.000Z","id":"1459882422565179396"},{"public_metrics":{"retweet_count":156,"reply_count":80,"like_count":1027,"quote_count":28},"text":"Fascinating sunset over the West Lake, #Hangzhou. https://t.co/BnupMfxZqP","created_at":"2021-11-14T13:24:21.000Z","id":"1459874848356777987"},{"public_metrics":{"retweet_count":321,"reply_count":115,"like_count":1498,"quote_count":42},"text":"Cute!\nTumbling, climbing, shaking branches...Little pandas are having so much fun in the snow. https://t.co/rk6mFxa98U","created_at":"2021-11-14T02:54:36.000Z","id":"1459716366173229061"},{"public_metrics":{"retweet_count":189,"reply_count":321,"like_count":1090,"quote_count":113},"text":"https://t.co/RQW7GKPBE4","created_at":"2021-11-13T15:01:31.000Z","id":"1459536914415960074"},{"public_metrics":{"retweet_count":237,"reply_count":137,"like_count":1326,"quote_count":42},"text":"#Huaian, a charming city with over 2500 years' history, the birthplace of the 1st PRC Premier Zhou Enlai, was listed by #UNESCO as world gastronomy city.\nProud! \nMany of the local dishes feature in national banquets. https://t.co/1MSUlfC6Se","created_at":"2021-11-13T14:54:17.000Z","id":"1459535092536152066"},{"public_metrics":{"retweet_count":86,"reply_count":33,"like_count":423,"quote_count":6},"text":"#Waste sorting in space!\nSee what #Taikonauts have done to keep their home in space clean &amp; tidy. https://t.co/xzGffb6j8R","created_at":"2021-11-13T14:35:54.000Z","id":"1459530467779104769"},{"public_metrics":{"retweet_count":49,"reply_count":23,"like_count":306,"quote_count":5},"text":"We are clear about #US intentions and will surely be very clear about our concerns. Hope the US side could work in the same direction with #China and bring China-US relations back onto the right track.","created_at":"2021-11-13T08:41:33.000Z","id":"1459441290383290380"},{"public_metrics":{"retweet_count":120,"reply_count":63,"like_count":668,"quote_count":18},"text":"President Xi Jinping will hold a virtual meeting with President Biden on 16 November. State Councilor Wang Yi just spoke with #US Secretary of State Blinken in preparation for the very important meeting.","created_at":"2021-11-13T08:41:32.000Z","id":"1459441286780317696"},{"public_metrics":{"retweet_count":109,"reply_count":0,"like_count":0,"quote_count":0},"text":"RT @Beijing2022: \uD83E\uDD73\uD83D\uDC953,000 audience seats were lit up at Wukesong Sports Centre to cheer on the ice hockey test activities and to ensure a sp…","created_at":"2021-11-13T06:32:16.000Z","id":"1459408757025247235"},{"public_metrics":{"retweet_count":100,"reply_count":41,"like_count":433,"quote_count":9},"text":"Sweet #persimmons bring prosperity to the villagers. \nIn #Pinglu,#Shanxi Province,persimmon planting &amp; processing have been a tradition for 1,300 yrs. \nEvery year in autumn,farmers are busy taking these snacks to the market and it now generates an annual income of 2 million yuan. https://t.co/DoknM2Xx5n","created_at":"2021-11-13T01:42:26.000Z","id":"1459335817260904452"},{"public_metrics":{"retweet_count":57,"reply_count":0,"like_count":0,"quote_count":0},"text":"RT @XHNews: Chinese President #XiJinping on Friday addressed the 28th Asia-Pacific Economic Cooperation (APEC) Economic Leaders' Meeting vi…","created_at":"2021-11-12T15:13:36.000Z","id":"1459177567529758723"},{"public_metrics":{"retweet_count":56,"reply_count":36,"like_count":264,"quote_count":2},"text":"#China will unswervingly expand opening-up, share its development opportunities with #APEC members and the wider world, and build an #AsiaPacific community with a shared future.","created_at":"2021-11-12T12:38:33.000Z","id":"1459138545403060232"},{"public_metrics":{"retweet_count":83,"reply_count":42,"like_count":472,"quote_count":4},"text":"It is #CPC’s unchanging goal to deliver a better life for the over 1.4 billion #Chinese people and to promote peace and development for humanity.","created_at":"2021-11-12T12:38:26.000Z","id":"1459138517196369920"},{"public_metrics":{"retweet_count":47,"reply_count":9,"like_count":200,"quote_count":0},"text":"#China has put forward the initiative of Enhancing Implementation of #APEC Connectivity Blueprint (2015-2025) in the Digital Era and has applied to join the Digital Economy Partnership Agreement (#DEPA).","created_at":"2021-11-12T12:38:16.000Z","id":"1459138476234850306"},{"public_metrics":{"retweet_count":49,"reply_count":11,"like_count":247,"quote_count":4},"text":"We need to uphold open regionalism, practice true #multilateralism, stick to dialogue rather than confrontation, inclusiveness rather than exclusion, and integration rather than decoupling.","created_at":"2021-11-12T12:38:08.000Z","id":"1459138442449735686"},{"public_metrics":{"retweet_count":48,"reply_count":16,"like_count":275,"quote_count":1},"text":"#China will continue to provide support to the Sub-Fund for #APEC Cooperation on Combating #COVID19 and Economic Recovery.","created_at":"2021-11-12T12:37:58.000Z","id":"1459138399768436738"},{"public_metrics":{"retweet_count":46,"reply_count":7,"like_count":239,"quote_count":2},"text":"Indeed, the #AsiaPacific region has become the most dynamic and promising economic powerhouse globally, staying at the forefront of world economic development.","created_at":"2021-11-12T12:37:48.000Z","id":"1459138356764311552"},{"public_metrics":{"retweet_count":46,"reply_count":9,"like_count":225,"quote_count":1},"text":"This year marks the 30th anniversary of #China’s joining of #APEC. It has been three decades of deepening reform and opening-up for China, and of broadening economic cooperation across the Asia-Pacific.","created_at":"2021-11-12T12:37:30.000Z","id":"1459138281082220548"},{"public_metrics":{"retweet_count":43,"reply_count":7,"like_count":193,"quote_count":1},"text":"President Xi Jinping made his remarks at the 28th #APEC Economic Leaders’ Meeting.\nSome of the key points: https://t.co/udk1pwB4Wi","created_at":"2021-11-12T12:37:17.000Z","id":"1459138226682155012"},{"public_metrics":{"retweet_count":71,"reply_count":23,"like_count":262,"quote_count":2},"text":"All in numbers: a review of #China's contributions on the 30th anniversary marking its participation in #APEC: https://t.co/gmsVo5qthp","created_at":"2021-11-12T09:33:00.000Z","id":"1459091849801396232"},{"public_metrics":{"retweet_count":45,"reply_count":14,"like_count":164,"quote_count":2},"text":"“The #Beijing track is a monument. We were very thankful that we were allowed to train &amp; see the #Olympic facilities. People there were really helpful and try to make that stay as good as possible for us.\"-- Benjamin Maier, #Austria #Bobsleigh competitor\nhttps://t.co/SvUKdPHkMc","created_at":"2021-11-12T09:17:00.000Z","id":"1459087823152332801"},{"public_metrics":{"retweet_count":51,"reply_count":16,"like_count":217,"quote_count":1},"text":"A total of 240 #HongKong enterprises have participated in #CIIE2021 held in #Shanghai. \nQuite a large number. https://t.co/LvOOqtWror","created_at":"2021-11-12T09:03:01.000Z","id":"1459084304563126272"},{"public_metrics":{"retweet_count":140,"reply_count":59,"like_count":639,"quote_count":15},"text":"\"These aspects represent valuable practical experience gained over long term and intellectual treasures created through the joint efforts of the #Party and the people.\"\n--Communique of the 6th plenary session of the 19th Central Committee of the Communist Party of #China https://t.co/ebuvFjQaLX","created_at":"2021-11-12T07:58:17.000Z","id":"1459068012711997446"},{"public_metrics":{"retweet_count":61,"reply_count":25,"like_count":325,"quote_count":4},"text":"https://t.co/cLESpAYTEe","created_at":"2021-11-12T04:43:21.000Z","id":"1459018958464421892"},{"public_metrics":{"retweet_count":203,"reply_count":187,"like_count":1303,"quote_count":35},"text":"https://t.co/AXLpFWh1I5","created_at":"2021-11-12T04:43:12.000Z","id":"1459018919998414849"},{"public_metrics":{"retweet_count":79,"reply_count":48,"like_count":383,"quote_count":9},"text":"The 6th plenary session of the 19th Central Committee of the Communist Party of China released a communique on Nov. 11. \nThe English translation of the full text of the communique passed at the session held in Beijing from Nov. 8 to 11 is as follows: https://t.co/WlSMX3UYXJ","created_at":"2021-11-11T13:59:24.000Z","id":"1458796506048184320"},{"public_metrics":{"retweet_count":64,"reply_count":9,"like_count":315,"quote_count":4},"text":"Figures speak for #CIIE2021 https://t.co/LQTN9MH8f1","created_at":"2021-11-11T11:47:05.000Z","id":"1458763207317680128"},{"public_metrics":{"retweet_count":46,"reply_count":9,"like_count":161,"quote_count":1},"text":"“Tackling the climate crisis requires international cooperation &amp; solidarity”. Yes, indeed. https://t.co/isy5LkosrJ https://t.co/bMCBclZk2u","created_at":"2021-11-11T11:46:31.000Z","id":"1458763061834047489"},{"public_metrics":{"retweet_count":94,"reply_count":0,"like_count":0,"quote_count":0},"text":"RT @AmbQinGang: Wonderful Gala Dinner hosted by @NCUSCR. This year marks the 55th anniversary of the Committee. Some people say the China-U…","created_at":"2021-11-11T11:21:26.000Z","id":"1458756752745250816"},{"public_metrics":{"retweet_count":43,"reply_count":14,"like_count":221,"quote_count":2},"text":"#China has embarked on a new journey toward fully building itself into a modern #socialist country. This will create greater opportunities for the #Asia-#Pacific region. https://t.co/xLNxl6z5v5","created_at":"2021-11-11T11:20:07.000Z","id":"1458756419272916998"},{"public_metrics":{"retweet_count":68,"reply_count":9,"like_count":211,"quote_count":2},"text":"We need to foster an open, fair, equitable and non-discriminatory environment for the development of #science and #technology. \nWe treat all types of market entities on an equal basis, and we are working to develop a unified, open, competitive and orderly #market system. https://t.co/8FD91t5UMv","created_at":"2021-11-11T11:19:21.000Z","id":"1458756227190587399"},{"public_metrics":{"retweet_count":45,"reply_count":6,"like_count":176,"quote_count":0},"text":"#China’s #carbon reduction action is a profound economic and social transformation. \nHowever formidable the task may be, we will work tirelessly to make our contribution to promoting global #green transition. https://t.co/h1OPJQTQgq","created_at":"2021-11-11T11:18:40.000Z","id":"1458756054255214593"},{"public_metrics":{"retweet_count":46,"reply_count":8,"like_count":179,"quote_count":1},"text":"We in the Asia-Pacific should make its post-pandemic recovery a green one and take the lead in making a science-based response to climate change. \nWe need to catalyze green transition in the course of economic development and achieve greater development through green transition. https://t.co/Cx3N4lkYEA","created_at":"2021-11-11T11:18:05.000Z","id":"1458755909635608589"},{"public_metrics":{"retweet_count":57,"reply_count":11,"like_count":271,"quote_count":3},"text":"The Asia-Pacific region cannot and should not relapse into the confrontation and division of the Cold War era. https://t.co/v3TD16Sv6y","created_at":"2021-11-11T11:17:14.000Z","id":"1458755693066932225"},{"public_metrics":{"retweet_count":61,"reply_count":5,"like_count":243,"quote_count":1},"text":"Key points of President Xi Jinping's keynote speech at #APEC CEO Summit: https://t.co/kJqArSGcbY","created_at":"2021-11-11T11:15:44.000Z","id":"1458755317731233800"},{"public_metrics":{"retweet_count":56,"reply_count":24,"like_count":282,"quote_count":4},"text":"Full text of President Xi's address at #APEC CEO Summit\nhttps://t.co/w3gVDDEkb0 https://t.co/YrhTtIs9bZ","created_at":"2021-11-11T01:22:49.000Z","id":"1458606102807867394"},{"public_metrics":{"retweet_count":52,"reply_count":26,"like_count":294,"quote_count":7},"text":"Team USA, gold medalist of the 2010 four-man bobsled event, is now gearing up for men's bobsleigh at #Beijing2022 #WinterOlympics. https://t.co/gqhje6DE1o","created_at":"2021-11-10T14:15:00.000Z","id":"1458438042461507595"},{"public_metrics":{"retweet_count":236,"reply_count":144,"like_count":1042,"quote_count":19},"text":"Why do over 95% of Chinese people have great trust and satisfaction in Chinese government under the leadership of the #CPC?\nHere's the answer: https://t.co/6KfTKyItwr","created_at":"2021-11-10T13:59:53.000Z","id":"1458434238571704329"},{"public_metrics":{"retweet_count":61,"reply_count":21,"like_count":291,"quote_count":3},"text":"Teenagers in #Hebei province have made seals in the shape of sports pictograms to express their love for winter sports and their expectation &amp; best wishes for the #Beijing 2022 #WinterOlympics through the traditional art of carving. https://t.co/St52Ub2Gpo","created_at":"2021-11-10T13:53:19.000Z","id":"1458432586984787978"},{"public_metrics":{"retweet_count":109,"reply_count":83,"like_count":631,"quote_count":13},"text":"Hailing violence and crimes as \"a beautiful sight to behold\", while smearing the protection of people's rights &amp;public order as \"violation\" of human rights and freedoms is truly double standard and hypocrisy.","created_at":"2021-11-09T15:00:41.000Z","id":"1458087151699169290"},{"public_metrics":{"retweet_count":72,"reply_count":32,"like_count":304,"quote_count":5},"text":"To keep the risk of Covid transmission to a minimum, Wukesong Stadium in #Beijing, the venue for #Olympic ice hockey, even has coffee-making robots on site to provide a hot and safe drink. https://t.co/qmS0roFnzr","created_at":"2021-11-09T14:51:00.000Z","id":"1458084713709584393"},{"public_metrics":{"retweet_count":42,"reply_count":14,"like_count":184,"quote_count":2},"text":"Follow Jonathan Dixon to the Beijing #Olympic Park to explore the steps towards the #Beijing2022 #WinterOlympics.\nhttps://t.co/StSqMgPVGv","created_at":"2021-11-09T14:39:00.000Z","id":"1458081693605134337"},{"public_metrics":{"retweet_count":147,"reply_count":39,"like_count":660,"quote_count":19},"text":"The first snow in #Beijing2022 Yanqing competition zone. https://t.co/N2G26nfo0P","created_at":"2021-11-09T14:26:00.000Z","id":"1458078421922111488"},{"public_metrics":{"retweet_count":46,"reply_count":13,"like_count":219,"quote_count":1},"text":"160+ species of birds, around 30 of them rare &amp; endangered, now nest in #Youyu, #Shanxi province. It's hard to imagine this place was once plagued by drought. \nIt has been a miracle thanks to greening efforts by generations of residents.\nhttps://t.co/oPaQxisdYl","created_at":"2021-11-09T14:05:59.000Z","id":"1458073386307899393"},{"public_metrics":{"retweet_count":46,"reply_count":21,"like_count":209,"quote_count":4},"text":"Based on full participation, whole-process people's #democracy reflects people's will, protect rights &amp; interests, and boost creativity.\nPeople is the judge of the outcome of legislative work. \n--#China's democracy in a Westerner's eyes.\nhttps://t.co/N3BjuYouOZ","created_at":"2021-11-09T13:42:48.000Z","id":"1458067550420422663"},{"public_metrics":{"retweet_count":64,"reply_count":43,"like_count":300,"quote_count":2},"text":"When #Africa meets #China:\nCharmed by the Chinese culture, the passion of these African students has been fully reflected in their melody for China. https://t.co/nf4FGLzlv8","created_at":"2021-11-09T13:40:06.000Z","id":"1458066869940674568"},{"public_metrics":{"retweet_count":28,"reply_count":9,"like_count":146,"quote_count":2},"text":"As Eileen said, we support each other while pursuing what we love &amp; keep up progress in spite of difficulties. Go ahead!\nhttps://t.co/npZwZFwRan","created_at":"2021-11-09T11:30:34.000Z","id":"1458034273634582533"},{"public_metrics":{"retweet_count":96,"reply_count":36,"like_count":488,"quote_count":10},"text":"Eileen Gu just landed the world's first double-cork 1440 in women's #freeski!\nIt's whole another level\uD83D\uDC4D!\nLooking forward to her performance in #Beijing2022 Olympics! https://t.co/v8uN0HuZRM","created_at":"2021-11-09T11:30:33.000Z","id":"1458034270572736517"},{"public_metrics":{"retweet_count":78,"reply_count":39,"like_count":328,"quote_count":16},"text":"\"Go on a date with snow and ice. \nRun for a future with light and warmth.”\nTogether with 易烊千玺, a popular singer and movie star, and Eileen Gu, US-born #Chinese freestyle skier champion, we are looking forward to #Beijing2022 #WinterOlympics.\nhttps://t.co/MgoLJAKRKX","created_at":"2021-11-08T13:58:44.000Z","id":"1457709172775002115"},{"public_metrics":{"retweet_count":195,"reply_count":88,"like_count":1171,"quote_count":27},"text":"120,000 cans of pine nuts sold out within minutes! This was what happened to the #Afghan product (valued at 10+ million yuan, or $1.56 million) at a live sale session at the 4th #China International Import Expo (#CIIE2021). https://t.co/jPPOmXmvrd","created_at":"2021-11-08T13:50:42.000Z","id":"1457707151984513028"},{"public_metrics":{"retweet_count":127,"reply_count":36,"like_count":547,"quote_count":12},"text":"Over 300 swans now nest in #Korla, #Xinjiang during the winter season, turning the \"city of pear blossoms\" into a swan lake. https://t.co/7tZCB12Y8R","created_at":"2021-11-08T13:43:14.000Z","id":"1457705274265980930"},{"public_metrics":{"retweet_count":77,"reply_count":21,"like_count":315,"quote_count":6},"text":"66.6 million yuan ($10.4 million) worth of goods from Latin #America, #Europe and #Africa were sold to #Chinese consumers within hours in the recent \"Hi, Go!\" livestreaming event. \nThis is one of #China's ways of sharing development opportunities with the world. https://t.co/aPndHHPOOu","created_at":"2021-11-08T13:18:21.000Z","id":"1457699010047709185"},{"public_metrics":{"retweet_count":194,"reply_count":73,"like_count":887,"quote_count":23},"text":"When the Palace Museum is blanketed by snow, it is transported back in time to the Forbidden City. https://t.co/CDZR7Pn593","created_at":"2021-11-08T00:38:58.000Z","id":"1457507907134636040"},{"public_metrics":{"retweet_count":176,"reply_count":65,"like_count":901,"quote_count":24},"text":"#ForbiddenCity at its best: its timeless beauty brought out by the first snowfall of 2021. https://t.co/kMK4ocAy0p","created_at":"2021-11-07T14:21:03.000Z","id":"1457352403167027201"},{"public_metrics":{"retweet_count":396,"reply_count":125,"like_count":1984,"quote_count":60},"text":"#WangYaping becomes the first #Chinese woman to walk in space. https://t.co/lORhrgQHwh","created_at":"2021-11-07T14:05:43.000Z","id":"1457348543878885376"},{"public_metrics":{"retweet_count":160,"reply_count":73,"like_count":958,"quote_count":15},"text":"Enjoying the beauty of the first snow of this winter. Cold outside and warm inside. https://t.co/v61mdGp34p","created_at":"2021-11-07T12:12:15.000Z","id":"1457319989501853699"},{"public_metrics":{"retweet_count":69,"reply_count":32,"like_count":433,"quote_count":10},"text":"\"If you have a dream,try for it. Right here, right now is the perfect time.\" \nZhang Jiahao did what he said as the former baker became a snowboarding athlete going for the #WinterOlympics. \nHe's been taking part in a series of events to fulfill the FIS points requirements. https://t.co/lRAxh7zVt4","created_at":"2021-11-07T10:48:00.000Z","id":"1457298784866627591"},{"public_metrics":{"retweet_count":74,"reply_count":16,"like_count":427,"quote_count":3},"text":"As global exhibitors from 127 countries &amp; regions gather for the 4th China International Import Expo (#CIIE) , #Shanghai is again under the spotlight. https://t.co/i7zCYXkJ7X","created_at":"2021-11-07T10:32:31.000Z","id":"1457294889272557572"},{"public_metrics":{"retweet_count":171,"reply_count":47,"like_count":943,"quote_count":23},"text":"#Taikonauts turned themselves into hairstylists in the space. https://t.co/e08BkBKy57","created_at":"2021-11-07T09:27:18.000Z","id":"1457278476050857990"},{"public_metrics":{"retweet_count":259,"reply_count":113,"like_count":2119,"quote_count":13},"text":"Beauty of late autumn. https://t.co/1f60mZu1rB","created_at":"2021-11-07T02:04:13.000Z","id":"1457166972228038659"},{"public_metrics":{"retweet_count":93,"reply_count":38,"like_count":499,"quote_count":7},"text":"Born in a mountain-foot village, Hang Tongyuan started skiing to improve his ability to herd sheep and then became a  national #skiing champion.\nNow at age of 82, he still exercises daily on his in-line skates at parks.\nHis passion for skiing is truly inspiring. https://t.co/OPCoG7W9vP","created_at":"2021-11-06T15:20:05.000Z","id":"1457004870813163523"},{"public_metrics":{"retweet_count":99,"reply_count":39,"like_count":483,"quote_count":9},"text":"Scapegoating China over climate change is craven – and inaccurate\nhttps://t.co/GYfjUscTmt https://t.co/lEgqMtIGY7","created_at":"2021-11-06T09:42:28.000Z","id":"1456919903928086530"},{"public_metrics":{"retweet_count":301,"reply_count":107,"like_count":1725,"quote_count":48},"text":"A giant panda is enjoying the autumn in #Sichuan province, Southwest #China. https://t.co/aPiJH5qaiX","created_at":"2021-11-06T09:04:18.000Z","id":"1456910302176444418"},{"public_metrics":{"retweet_count":106,"reply_count":115,"like_count":544,"quote_count":10},"text":"We are here together, hand in hand with the miracle, to build a community with shared future.\n--An open China welcomes you. #CIIE2021\nhttps://t.co/QSmMXRNUHP","created_at":"2021-11-05T09:46:08.000Z","id":"1456558442500419589"},{"public_metrics":{"retweet_count":101,"reply_count":60,"like_count":463,"quote_count":9},"text":"Full Text of President Xi Jinping 's Keynote Speech at the Opening Ceremony of the 4th #China International Import #Expo\nhttps://t.co/lhSIc2SNel https://t.co/DE3SYrtZwQ","created_at":"2021-11-05T00:09:57.000Z","id":"1456413440818384906"},{"public_metrics":{"retweet_count":113,"reply_count":36,"like_count":469,"quote_count":8},"text":"#Aircraft designer Gu Songfen and #nuclear expert Wang Dazhong were granted #China's 2020 top science award for their outstanding contributions to S&amp;T innovation.\nChina's science and tech progress is powered by scientists like them. https://t.co/te7W8qtfhD","created_at":"2021-11-04T15:40:37.000Z","id":"1456285261852135429"},{"public_metrics":{"retweet_count":150,"reply_count":89,"like_count":782,"quote_count":12},"text":"#China stands ready to work with all countries to build an open world economy so that the spring breeze of openness will bring warmth to all parts of the world.","created_at":"2021-11-04T12:55:39.000Z","id":"1456243746022969347"},{"public_metrics":{"retweet_count":39,"reply_count":9,"like_count":208,"quote_count":4},"text":"and we will not change our commitment to an economic globalization that is more open, inclusive, balanced and beneficial for all.","created_at":"2021-11-04T12:54:29.000Z","id":"1456243454262923269"},{"public_metrics":{"retweet_count":71,"reply_count":18,"like_count":388,"quote_count":1},"text":"As for #China, we will not change our resolve to open wider at a high standard; we will not change our determination to share development opportunities with the rest of the world;","created_at":"2021-11-04T12:54:29.000Z","id":"1456243451704475652"},{"public_metrics":{"retweet_count":70,"reply_count":28,"like_count":323,"quote_count":3},"text":"As a #Chinese proverb reads, “The going may be tough when one walks alone, but it gets easier when people walk together.” \nThe global economy faces a bumpy recovery, it is all the more imperative that people around the world pull together to tide over this difficult time.","created_at":"2021-11-04T12:52:51.000Z","id":"1456243041509904390"},{"public_metrics":{"retweet_count":59,"reply_count":23,"like_count":222,"quote_count":3},"text":"#China will firmly safeguard true multilateralism. \nChina will firmly share market opportunities with the rest of the world.\nChina will firmly promote high-standard opening up.\nChina will firmly uphold the common interests of the world. https://t.co/abyzgqCzdO","created_at":"2021-11-04T12:50:06.000Z","id":"1456242350712258564"},{"public_metrics":{"retweet_count":55,"reply_count":20,"like_count":282,"quote_count":0},"text":"Ancient #Chinese observed, “One can tell the inside of a thing by observing its outside and see the future development by reviewing the past.” For any country or nation to thrive, it must follow the logic of history and develop in line with the trend of the times.","created_at":"2021-11-04T12:47:18.000Z","id":"1456241644764688386"},{"public_metrics":{"retweet_count":29,"reply_count":3,"like_count":136,"quote_count":0},"text":"It is also the result of #China’s proactive steps to strengthen international cooperation and pursue win-win cooperation.","created_at":"2021-11-04T12:46:51.000Z","id":"1456241530176294915"},{"public_metrics":{"retweet_count":57,"reply_count":7,"like_count":277,"quote_count":1},"text":"#China’s development and progress since its #WTO accession 20 years ago is the result of much hard work and great tenacity of the Chinese people under the strong leadership of the Communist Party of China (#CPC).","created_at":"2021-11-04T12:46:50.000Z","id":"1456241527005401089"},{"public_metrics":{"retweet_count":52,"reply_count":25,"like_count":258,"quote_count":3},"text":"Since joining the #WTO, #China has kept opening wider to the world, thus generating a new wave of domestic development while injecting fresh impetus into the world economy.","created_at":"2021-11-04T12:44:32.000Z","id":"1456240947230961670"},{"public_metrics":{"retweet_count":42,"reply_count":3,"like_count":213,"quote_count":1},"text":"The past 20 years have witnessed a #China, since its #WTO accession, deepening reform and pursuing all-round opening up, a China seizing opportunities and rising to challenges, and a China stepping up to its responsibilities and benefiting the whole world.","created_at":"2021-11-04T12:43:44.000Z","id":"1456240749167611904"},{"public_metrics":{"retweet_count":45,"reply_count":6,"like_count":223,"quote_count":0},"text":"#China is a firm believer in honoring its words with actions. \nThe measures I announced at the third #CIIE for further opening up have mostly been implemented.","created_at":"2021-11-04T12:41:49.000Z","id":"1456240263920189441"},{"public_metrics":{"retweet_count":58,"reply_count":14,"like_count":295,"quote_count":7},"text":"President Xi Jinping just delivered his keynote speech at the Opening Ceremony of the Fourth #China International Import #Expo via video link.\nNow comes the key points: https://t.co/FTWtfvG1kx","created_at":"2021-11-04T12:41:05.000Z","id":"1456240079261765635"},{"public_metrics":{"retweet_count":309,"reply_count":183,"like_count":1594,"quote_count":48},"text":"After 1 confirmed case of #COVID19 was detected, a mass testing immediately started at the #Shanghai #Disney Resort. 33,863 visitors were tested within hours and were transferred by 220 arranged buses.  \nAnd they were accompanied by glamorous fireworks! What a Shanghai speed! https://t.co/aLBWrQGNsv","created_at":"2021-11-03T12:02:00.000Z","id":"1455867856424509442"},{"public_metrics":{"retweet_count":129,"reply_count":51,"like_count":640,"quote_count":15},"text":"#China's space station #Tiangong flying over a number of landmarks in #Beijing and some other cities. https://t.co/wswfj5Quj6","created_at":"2021-11-03T11:40:59.000Z","id":"1455862567654416387"},{"public_metrics":{"retweet_count":110,"reply_count":32,"like_count":560,"quote_count":5},"text":"Fall foliage trains in #China. https://t.co/vosRlYUr2z","created_at":"2021-11-03T11:30:13.000Z","id":"1455859860273184771"},{"public_metrics":{"retweet_count":59,"reply_count":70,"like_count":339,"quote_count":5},"text":"Building #WinterOlympics dreams for #China -- the stories behind the preparations for the #Beijing2022 #WinterOlympics.\nhttps://t.co/E2YETzqH6r","created_at":"2021-11-02T15:11:56.000Z","id":"1455553265874071561"},{"public_metrics":{"retweet_count":168,"reply_count":64,"like_count":860,"quote_count":12},"text":"#China has begun a series of #wind power &amp; #photovoltaic projects in desert areas with the total installed capacity to reach 100mln kilowatts. It is an effort to restore ecosystems, boost local economy, and contribute to China's #carbon-cutting endeavors. https://t.co/SwEFXC1pWZ","created_at":"2021-11-02T14:58:32.000Z","id":"1455549896468008962"},{"public_metrics":{"retweet_count":58,"reply_count":18,"like_count":253,"quote_count":5},"text":"Global #carbon dioxide emissions : #China v.s. #US: https://t.co/N6DJVxQry4","created_at":"2021-11-02T13:14:48.000Z","id":"1455523789706461185"},{"public_metrics":{"retweet_count":54,"reply_count":31,"like_count":336,"quote_count":3},"text":"China's #climate actions in numbers:\nhttps://t.co/xHBdxhuIFK","created_at":"2021-11-02T13:14:44.000Z","id":"1455523774233600006"},{"public_metrics":{"retweet_count":48,"reply_count":24,"like_count":275,"quote_count":0},"text":"Thank you, President Bach and @iocmedia for your support &amp; cooperation. Look forward to #Beijing Winter #Olympics and #Paralympics 2022, as opportunities for competition for athletes from around the world, which serves as a symbol of humanity's resilience. https://t.co/GeAx6Ct0Ar","created_at":"2021-11-02T13:03:08.000Z","id":"1455520854771593228"},{"public_metrics":{"retweet_count":87,"reply_count":41,"like_count":425,"quote_count":13},"text":"Full text of President Xi Jinping's remarks at #COP26 World Leaders Summit https://t.co/kRgblQpLeU","created_at":"2021-11-02T04:08:16.000Z","id":"1455386250173509637"},{"public_metrics":{"retweet_count":47,"reply_count":18,"like_count":264,"quote_count":3},"text":"#China will continue to prioritize ecological conservation and pursue a green and low-carbon path to development.\nHope all parties will take stronger actions to jointly tackle the climate challenge.","created_at":"2021-11-01T15:11:27.000Z","id":"1455190757971685384"},{"public_metrics":{"retweet_count":51,"reply_count":19,"like_count":282,"quote_count":5},"text":"How to respond to climate change and revive the world economy are challenges of our times that we must meet.\nWe need to uphold multilateral consensus.\nWe need to focus on concrete actions.\nWe need to accelerate the green transition.","created_at":"2021-11-01T15:11:26.000Z","id":"1455190755471872002"},{"public_metrics":{"retweet_count":106,"reply_count":47,"like_count":630,"quote_count":2},"text":"President Xi Jinping delivered a written statement at the World Leaders Summit at #COP26.","created_at":"2021-11-01T15:11:26.000Z","id":"1455190753353682947"},{"public_metrics":{"retweet_count":83,"reply_count":43,"like_count":465,"quote_count":3},"text":"Chinese team won the gold medal in the World #Wheelchair #Curling Championship 2021 at Beijing's \"Ice Cube\".\nThey are preparing for the #Beijing2022 Winter Games with real power. https://t.co/6yHW3wTdxW","created_at":"2021-11-01T12:47:46.000Z","id":"1455154597614419970"},{"public_metrics":{"retweet_count":127,"reply_count":70,"like_count":702,"quote_count":6},"text":"https://t.co/Y8OPhXLJFp","created_at":"2021-11-01T11:35:47.000Z","id":"1455136482692263936"},{"public_metrics":{"retweet_count":112,"reply_count":34,"like_count":510,"quote_count":5},"text":"https://t.co/w78Z6pmtGd","created_at":"2021-11-01T11:35:12.000Z","id":"1455136335115681793"},{"public_metrics":{"retweet_count":369,"reply_count":161,"like_count":2065,"quote_count":40},"text":"https://t.co/o6vwLy2nfX","created_at":"2021-11-01T11:34:01.000Z","id":"1455136039895375874"},{"public_metrics":{"retweet_count":81,"reply_count":28,"like_count":413,"quote_count":6},"text":"State Councilor &amp; Foreign Minister Wang Yi met #US Secretary of State Blinken in Rome. https://t.co/PlTG2ctAzT","created_at":"2021-11-01T11:33:44.000Z","id":"1455135967635927045"}],"meta":{"oldest_id":"1455135967635927045","newest_id":"1459882422565179396","result_count":95}}