{"data":[{"public_metrics":{"retweet_count":11,"reply_count":0,"like_count":0,"quote_count":0},"created_at":"2021-10-28T18:41:13.000Z","text":"RT @Toyota: We saved you a front-row seat to the first-class work of Toyota Motor Manufacturing Kentucky. Welcome to Toyota’s largest vehic…","id":"1453793997730816012"},{"public_metrics":{"retweet_count":0,"reply_count":0,"like_count":0,"quote_count":0},"created_at":"2021-10-07T22:05:42.000Z","text":"FENDER AND LEXUS PARTNER TO RELEASE THE FENDER® LEXUS LC STRATOCASTER® GUITAR https://t.co/7fG3Obto7a","id":"1446235308849303552"},{"public_metrics":{"retweet_count":0,"reply_count":0,"like_count":0,"quote_count":0},"created_at":"2021-10-01T14:39:18.000Z","text":"Toyota Tunes into Manufacturing Month https://t.co/yIAInZFSb4","id":"1443948644563136512"},{"public_metrics":{"retweet_count":0,"reply_count":0,"like_count":0,"quote_count":0},"created_at":"2021-10-01T14:38:10.000Z","text":"Mazda Toyota Manufacturing Begins Production on 2022 Corolla Cross https://t.co/iKAJwGFFcn","id":"1443948358876401666"}],"meta":{"oldest_id":"1443948358876401666","newest_id":"1453793997730816012","result_count":4}}