{"data":[{"created_at":"2021-11-23T20:49:21.000Z","id":"1463248325247856642","public_metrics":{"retweet_count":0,"reply_count":0,"like_count":0,"quote_count":0},"text":"6 Things to Know About the 2022 #LexusLX 600 https://t.co/YD6J7VifsD https://t.co/QvnuGBOgT6"},{"created_at":"2021-11-18T15:19:59.000Z","id":"1461353500441387024","public_metrics":{"retweet_count":0,"reply_count":0,"like_count":0,"quote_count":0},"text":"@Varneyco We’re among the many parents who will be canceling our booked @DisneyCruise plans next summer over the vaccination mandate for kids over 5. Couldn’t be more disappointed in @Disney, who are choosing woke ideology over their longtime customers and brand advocates."},{"created_at":"2021-11-18T15:13:34.000Z","id":"1461351882933166088","public_metrics":{"retweet_count":27064,"reply_count":0,"like_count":0,"quote_count":0},"text":"RT @elonmusk: “We are choked with news and starved of history” – Durant"},{"created_at":"2021-11-17T20:31:03.000Z","id":"1461069394923057153","public_metrics":{"retweet_count":0,"reply_count":0,"like_count":0,"quote_count":0},"text":"Toyota’s Chief Scientist on Why Diversity is the Right Approach to Carbon Reduction #Toyota https://t.co/MpXfxKIEID"},{"created_at":"2021-11-17T18:41:03.000Z","id":"1461041713087234060","public_metrics":{"retweet_count":4589,"reply_count":0,"like_count":0,"quote_count":0},"text":"RT @ThomasSowell: The first lesson of economics is scarcity: There is never enough of anything to fully satisfy all those who want it. The…"},{"created_at":"2021-11-17T18:40:37.000Z","id":"1461041602022068224","public_metrics":{"retweet_count":0,"reply_count":0,"like_count":1,"quote_count":0},"text":"Revealed: The All-New, All-Electric Toyota bZ4X https://t.co/sUtO2fRhiq"},{"created_at":"2021-11-16T16:54:21.000Z","id":"1460652473383895052","public_metrics":{"retweet_count":0,"reply_count":1,"like_count":2,"quote_count":0},"text":"Congress is debating a $4500 tax incentive exclusively for #EVs built by unionized U.S. autoworkers. It is an attack on half of America's autoworkers. Tax incentives should apply equally to all #EVs built by Americans. https://t.co/VAfPnhXFuq"},{"created_at":"2021-11-08T15:55:41.000Z","id":"1457738606311772167","public_metrics":{"retweet_count":14,"reply_count":0,"like_count":0,"quote_count":0},"text":"RT @Toyota: Congratulations to #Supra driver @DanielHemric on winning the 2021 #NASCAR Xfinity Series Championship! #TeamToyota https://t.c…"},{"created_at":"2021-11-08T15:55:39.000Z","id":"1457738595121475589","public_metrics":{"retweet_count":33,"reply_count":0,"like_count":0,"quote_count":0},"text":"RT @Toyota: Congratulations to #Tundra driver @BenRhodes on winning the 2021 #NASCAR Truck Series Championship! #TeamToyota https://t.co/NQ…"}],"meta":{"oldest_id":"1457738595121475589","newest_id":"1463248325247856642","result_count":9}}