{"data":[{"text":"2022 Toyota Tundra Overview Video https://t.co/1y0XfVtIVD via @YouTube","created_at":"2021-09-20T01:56:21.000Z","public_metrics":{"retweet_count":0,"reply_count":0,"like_count":1,"quote_count":0},"id":"1439770373260783620"},{"text":"2022 Toyota Tundra: \"Born From Invincible\" | Toyota https://t.co/CUttPZm8uz via @YouTube","created_at":"2021-09-20T01:50:58.000Z","public_metrics":{"retweet_count":0,"reply_count":0,"like_count":1,"quote_count":0},"id":"1439769019683381248"},{"text":"All-New 2022 Toyota Tundra is Ready for the Spotlight: The all-new 2022 Toyota Tundra will make its formal debut this coming Sunday, September 19, at 9 p.m. at https://t.co/6H5lMl6GY3. #Tundra https://t.co/EftzCAYj2l","created_at":"2021-09-14T12:55:55.000Z","public_metrics":{"retweet_count":0,"reply_count":0,"like_count":0,"quote_count":0},"id":"1437762031424319488"},{"text":"2022 Corolla Cross Overview | Toyota https://t.co/M6DN2z5Cbf via @YouTube","created_at":"2021-09-10T21:49:01.000Z","public_metrics":{"retweet_count":0,"reply_count":0,"like_count":1,"quote_count":0},"id":"1436446641159028740"},{"text":"Toyota Corolla Cross: All-New Body Style Adds Utility, Fun https://t.co/2WzJY9iEVu","created_at":"2021-09-09T13:41:19.000Z","public_metrics":{"retweet_count":0,"reply_count":0,"like_count":1,"quote_count":0},"id":"1435961518550667268"},{"text":"2022 Toyota 4Runner Adds New TRD Sport Model, New Standard Safety Features https://t.co/k83IUMQffD","created_at":"2021-09-08T18:30:37.000Z","public_metrics":{"retweet_count":0,"reply_count":0,"like_count":0,"quote_count":0},"id":"1435671933706768396"},{"text":"Toyota Trucks: Born in Texas and Assembled by Texans https://t.co/HWbIvbJ8l1","created_at":"2021-09-01T19:04:49.000Z","public_metrics":{"retweet_count":1,"reply_count":2,"like_count":2,"quote_count":0},"id":"1433143826751934470"}],"meta":{"oldest_id":"1433143826751934470","newest_id":"1439770373260783620","result_count":7}}