{"data":[{"id":"1437914816975417347","created_at":"2021-09-14T23:03:02.000Z","text":"Is demanding that the wealthiest people in the country and the largest corporations finally pay their fair share of taxes radical? No. What’s radical is the very rich not paying a nickel in federal income tax while the needs of the working class of this country are neglected.","public_metrics":{"retweet_count":1838,"reply_count":551,"like_count":12803,"quote_count":120}},{"id":"1437869697895120906","created_at":"2021-09-14T20:03:44.000Z","text":"Maybe, just maybe, at a time of massive income and wealthy inequality, when two people own more wealth than the bottom 40%, now is the time to address the needs of our people.","public_metrics":{"retweet_count":1749,"reply_count":418,"like_count":15002,"quote_count":81}},{"id":"1437805981195554824","created_at":"2021-09-14T15:50:33.000Z","text":"What the data tells us is clear: when government responds to the needs of the working class, millions of families are lifted out of poverty. \n\nWe must not stop here. We must pass the $3.5T reconciliation bill and invest in working families. https://t.co/qrOBAY6FQe","public_metrics":{"retweet_count":558,"reply_count":165,"like_count":3293,"quote_count":31}},{"id":"1437785240194387982","created_at":"2021-09-14T14:28:08.000Z","text":"The American Rescue Plan showed what good and moral policy can do. For example, it helped reduce childhood poverty in the US by 50%.\n \nBut it would be a shame to stop there. Let’s pass the reconciliation bill. Let’s transform our economy to work for the many, not just the few. https://t.co/7oGhlCyIX1","public_metrics":{"retweet_count":349,"reply_count":128,"like_count":2201,"quote_count":19}},{"id":"1437578477914447879","created_at":"2021-09-14T00:46:32.000Z","text":"RT @NewsHour: \"At the end of the day, do I think the Democratic caucus will turn its back on the needs of working families? Turn its back o…","public_metrics":{"retweet_count":148,"reply_count":0,"like_count":0,"quote_count":0}},{"id":"1437505124277145607","created_at":"2021-09-13T19:55:03.000Z","text":"Whether you're a Republican, a Democrat or an Independent, Americans understand that right now, the richest people in this country and the largest corporations are doing phenomenally well while the middle class of this country struggles.\n\nThat is going to change.","public_metrics":{"retweet_count":1301,"reply_count":493,"like_count":9697,"quote_count":67}},{"id":"1437468483814559745","created_at":"2021-09-13T17:29:28.000Z","text":"Oregon is burning. California is burning. Siberia is burning. People are drowning in New York City. Detroit is flooding. There is drought all over the world. This is a climate crisis. \n\nThe United States must lead the world in transforming our energy system away from fossil fuel.","public_metrics":{"retweet_count":9169,"reply_count":3179,"like_count":72950,"quote_count":558}},{"id":"1437224853552222208","created_at":"2021-09-13T01:21:22.000Z","text":"Physical infrastructure is terribly important. But I also think that the needs of the human beings of our country – working families, the children, the elderly, the poor – are even more important. \n\nWe can and must take care of both.","public_metrics":{"retweet_count":1141,"reply_count":400,"like_count":8774,"quote_count":54}},{"id":"1437043762979614723","created_at":"2021-09-12T13:21:46.000Z","text":"RT @ThisWeekABC: STARTING NOW: @GStephanopoulos goes one-on-one with:\n✅ @Surgeon_General\n✅ @Sen_JoeManchin\n✅ @SenSanders\nAnd @GovChristie,…","public_metrics":{"retweet_count":65,"reply_count":0,"like_count":0,"quote_count":0}},{"id":"1437032220363997184","created_at":"2021-09-12T12:35:54.000Z","text":"RT @CNNSotu: Good Morning! Today on #CNNSOTU w/ @DanaBashCNN at 9am ET:\n\n➡️ @Surgeon_General \n\n➡️ @Sen_JoeManchin \n\n➡️ @SenSanders \n\nTune i…","public_metrics":{"retweet_count":51,"reply_count":0,"like_count":0,"quote_count":0}},{"id":"1436691979178594304","created_at":"2021-09-11T14:03:54.000Z","text":"20 years later, we pause to remember the thousands of lives lost on September 11, 2001, and the bravery of so many first responders who put their lives at risk to save others.","public_metrics":{"retweet_count":837,"reply_count":144,"like_count":9121,"quote_count":28}},{"id":"1436017494200922112","created_at":"2021-09-09T17:23:45.000Z","text":"I have absolute confidence that if we have the courage and the determination to stand together and fight for justice, not only can we address the enormous crises that we face, but I believe we can move this country in a much stronger and better direction. https://t.co/o8gr8P6E6S","public_metrics":{"retweet_count":393,"reply_count":216,"like_count":2524,"quote_count":42}},{"id":"1435674754988580869","created_at":"2021-09-08T18:41:49.000Z","text":"At a time of massive wealth and income inequality, we can no longer tolerate a rigged tax system that allows the top 1% to avoid $163 billion in taxes that they owe. Yes, we will demand that the 1% pays its fair share and we will use that revenue to invest in working families.","public_metrics":{"retweet_count":1020,"reply_count":481,"like_count":7075,"quote_count":72}},{"id":"1435619212924538884","created_at":"2021-09-08T15:01:07.000Z","text":"The science is clear: if we do not address climate change now, we will suffer greater and more frequent climate disasters and the Earth will become increasingly uninhabitable. \n \nIt’s time we listen to scientists, not the fossil fuel industry.","public_metrics":{"retweet_count":2866,"reply_count":660,"like_count":17810,"quote_count":155}},{"id":"1435397638262767621","created_at":"2021-09-08T00:20:40.000Z","text":"Yes, we are going to raise taxes on large, profitable corporations – many that in a given year don’t pay a nickel in federal income tax.","public_metrics":{"retweet_count":1517,"reply_count":822,"like_count":16740,"quote_count":144}},{"id":"1435321693556387846","created_at":"2021-09-07T19:18:53.000Z","text":"For too many years the government has been there for the wealthy and the powerful. Now is the time for the government to be there for the working families of this country.","public_metrics":{"retweet_count":1334,"reply_count":656,"like_count":10441,"quote_count":102}},{"id":"1434894185962819590","created_at":"2021-09-06T15:00:07.000Z","text":"On this Labor Day we thank the trade union movement for their ongoing struggle for justice. Yes. Every American is entitled to the right to join a union, decent wages and benefits, affordable housing, health care and educational opportunity. Let us go forward in solidarity.","public_metrics":{"retweet_count":1893,"reply_count":321,"like_count":12590,"quote_count":67}},{"id":"1434667193388707841","created_at":"2021-09-05T23:58:08.000Z","text":"There will be special guests, good music and great food. Eligible Vermonters can receive a COVID-19 vaccine at the meetings. I look forward to seeing you!\n\nRSVP: https://t.co/GJOVhQgFTp","public_metrics":{"retweet_count":95,"reply_count":48,"like_count":765,"quote_count":10}},{"id":"1434667191681552389","created_at":"2021-09-05T23:58:07.000Z","text":"Thank you to the over 900 Vermonters who joined our town meetings this weekend in Springfield, Newport, and St. Johnsbury. If you haven’t had a chance to come out, please join us tomorrow in Brattleboro and Middlebury! https://t.co/CeLoCS1Omq","public_metrics":{"retweet_count":238,"reply_count":98,"like_count":2554,"quote_count":15}},{"id":"1434185099973742599","created_at":"2021-09-04T16:02:28.000Z","text":"Let's be clear. Climate change is causing devastating harm in the U.S. and around the world. Not to pass the $3.5 trillion reconciliation bill, which has unprecedented spending to cut carbon emissions, would be grossly irresponsible. We must pass this bill and save the planet.","public_metrics":{"retweet_count":4426,"reply_count":1928,"like_count":34301,"quote_count":308}},{"id":"1433898623553740804","created_at":"2021-09-03T21:04:07.000Z","text":"There is an enormous amount of work to be done as we transform our energy system away from fossil fuel and cut carbon emissions, and hundreds of thousands of members of the Civilian Climate Corps are going to be at the forefront of that struggle.","public_metrics":{"retweet_count":586,"reply_count":313,"like_count":4737,"quote_count":28}},{"id":"1433572638014640128","created_at":"2021-09-02T23:28:46.000Z","text":"Rebuilding our crumbling physical infrastructure – roads, bridges, water systems – is important. Rebuilding our crumbling human infrastructure – health care, education, climate change – is more important. No infrastructure bill without the $3.5 trillion reconciliation bill.","public_metrics":{"retweet_count":2710,"reply_count":886,"like_count":19558,"quote_count":232}},{"id":"1433516343014436865","created_at":"2021-09-02T19:45:04.000Z","text":"Vermonters: My Labor Day Weekend Town Meetings are coming up! RSVP now to join me and other special guests for good food, good music, and good discussion. I hope to see you this weekend. \nhttps://t.co/GJOVhQgFTp https://t.co/qc2jGAj20O","public_metrics":{"retweet_count":99,"reply_count":53,"like_count":560,"quote_count":6}},{"id":"1433480183714140171","created_at":"2021-09-02T17:21:23.000Z","text":"Even after the devastation caused by Hurricane Ida, my Republican colleagues will say combatting climate change is too expensive. \n\nI ask again: compared to what? More flooding, power outages, droughts, heat waves, and extreme weather events? We need transformative change NOW.","public_metrics":{"retweet_count":2376,"reply_count":602,"like_count":14274,"quote_count":124}},{"id":"1433221194900254722","created_at":"2021-09-02T00:12:15.000Z","text":"Sadly, the Republican Party has turned its back on democracy and instead focused on massive voter suppression. We must make it easier for people to vote – not harder.","public_metrics":{"retweet_count":1342,"reply_count":636,"like_count":12492,"quote_count":82}},{"id":"1433190725626343425","created_at":"2021-09-01T22:11:11.000Z","text":"Remember some of the same people who tell us we can’t afford to make community college free or provide paid family leave, all support massive tax breaks for the wealthy and big corporations.","public_metrics":{"retweet_count":1255,"reply_count":351,"like_count":8005,"quote_count":51}},{"id":"1433130323995504640","created_at":"2021-09-01T18:11:10.000Z","text":"Nearly half a century ago, the Supreme Court affirmed abortion as a constitutional right. This Supreme Court's refusal to overturn Texas’ law banning abortion is outrageous. Women get to control their bodies, not politicians and not judges.","public_metrics":{"retweet_count":6823,"reply_count":976,"like_count":36970,"quote_count":320}},{"id":"1433091439408320518","created_at":"2021-09-01T15:36:39.000Z","text":"Endless money for tax breaks for the rich? No problem. Endless money for wars? No problem. But when it comes to combatting climate change and addressing the needs of the working class, Republicans say we can’t afford it. Not acceptable.","public_metrics":{"retweet_count":2472,"reply_count":483,"like_count":15474,"quote_count":106}}],"meta":{"oldest_id":"1433091439408320518","newest_id":"1437914816975417347","result_count":28}}