{"data":[{"created_at":"2021-10-29T20:49:34.000Z","id":"1454188684950048773","public_metrics":{"retweet_count":10169,"reply_count":1761,"like_count":56777,"quote_count":548},"text":"There is no rational reason, other than greed, for the pharmaceutical industry to charge the American people $98.70 for a standard unit of insulin that can be purchased in the United Kingdom for just $7.52."},{"created_at":"2021-10-29T19:12:38.000Z","id":"1454164290294980616","public_metrics":{"retweet_count":875,"reply_count":238,"like_count":5072,"quote_count":43},"text":"For far too long, it has not been Congress that  regulates the pharmaceutical industry. It is the pharmaceutical industry that regulates Congress. https://t.co/wUgPkMrWHN"},{"created_at":"2021-10-29T17:57:09.000Z","id":"1454145293759520769","public_metrics":{"retweet_count":4670,"reply_count":1079,"like_count":19054,"quote_count":285},"text":"Want to hear something really radical? The pharmaceutical industry can charge the American people $242 for the asthma inhaler – Flovent Diskus – that can be purchased for just $27 in Canada."},{"created_at":"2021-10-29T16:02:10.000Z","id":"1454116357407117319","public_metrics":{"retweet_count":33,"reply_count":0,"like_count":0,"quote_count":0},"text":"RT @GovPhilScott: I'm looking forward to joining @VTAfterschool and @SenSanders at noon today to discuss our efforts to enhance opportuniti…"},{"created_at":"2021-10-29T16:00:04.000Z","id":"1454115829654638596","public_metrics":{"retweet_count":2554,"reply_count":433,"like_count":19170,"quote_count":116},"text":"A life-saving prescription drug does not mean anything if you cannot afford to buy it."},{"created_at":"2021-10-28T19:21:02.000Z","id":"1453804015108726791","public_metrics":{"retweet_count":671,"reply_count":168,"like_count":4605,"quote_count":43},"text":"Today, with 6 of my colleagues, I sent a letter to Kellogg's CEO in support of the brave workers striking across the country. In a time of record profits and a terrible pandemic, let’s be clear: Kellogg can afford to treat workers with dignity. https://t.co/L13rAaU3mz"},{"created_at":"2021-10-27T17:20:22.000Z","id":"1453411262461845517","public_metrics":{"retweet_count":8519,"reply_count":3022,"like_count":68022,"quote_count":752},"text":"Three words: tax the wealthy."},{"created_at":"2021-10-26T22:27:43.000Z","id":"1453126220623843330","public_metrics":{"retweet_count":800,"reply_count":156,"like_count":6488,"quote_count":26},"text":"I’m standing in solidarity today with the brave McDonald’s workers on strike to demand the company finally address the epidemic of sexual harassment. https://t.co/YuWfqJvxOD"},{"created_at":"2021-10-26T20:03:33.000Z","id":"1453089941001494540","public_metrics":{"retweet_count":1405,"reply_count":414,"like_count":8043,"quote_count":65},"text":"In our country today, we pay more per capita for prescription drugs than any other major country on Earth. \n\nEnough. It’s time to put an end to Big Pharma controlling Congress. It’s time for Congress to regulate Big Pharma."},{"created_at":"2021-10-26T17:50:02.000Z","id":"1453056339228381189","public_metrics":{"retweet_count":1403,"reply_count":558,"like_count":6025,"quote_count":161},"text":"It's time to tell the pharmaceutical industry, loudly and clearly, it doesn’t own Congress. https://t.co/hHHdzGNdql"},{"created_at":"2021-10-26T16:15:03.000Z","id":"1453032438201032710","public_metrics":{"retweet_count":3929,"reply_count":579,"like_count":20971,"quote_count":187},"text":"Here’s who wants Medicare to negotiate lower drug prices:\n\n91% of Democrats\n85% of Independents\n76% of Republicans \n84% of seniors \n \nIt’s time to listen to the American people. Congress must finally have the courage to stand up to the greed of Big Pharma."},{"created_at":"2021-10-25T16:14:31.000Z","id":"1452669913366245381","public_metrics":{"retweet_count":7795,"reply_count":1050,"like_count":35576,"quote_count":430},"text":"I want to congratulate the pharmaceutical industry. While 1 out of 4 Americans can't afford to fill their prescriptions, and over 25% of diabetics ration insulin, the industry made over $50 billion in profits last year and the top 10 CEOs made $500 million. Greed. Greed. Greed."},{"created_at":"2021-10-25T16:00:08.000Z","id":"1452666293484724226","public_metrics":{"retweet_count":1004,"reply_count":360,"like_count":5591,"quote_count":35},"text":"Income and wealth inequality is a profound moral issue this country must address. The richest 2 Americans cannot continue owning more wealth than the bottom 40% of our country, while millions of working Americans cannot afford the basic necessities to live."},{"created_at":"2021-10-24T16:06:53.000Z","id":"1452305606975557644","public_metrics":{"retweet_count":6801,"reply_count":3148,"like_count":54627,"quote_count":746},"text":"Let me be very, very clear – it’s time to tax the rich."},{"created_at":"2021-10-24T00:51:25.000Z","id":"1452075222488829957","public_metrics":{"retweet_count":3768,"reply_count":1043,"like_count":25385,"quote_count":228},"text":"The expansion of Medicare to cover dental, hearing and vision is one of the most popular and important provisions in the entire reconciliation bill. It’s what the American people want. It’s not coming out."},{"created_at":"2021-10-23T17:45:20.000Z","id":"1451967992259129351","public_metrics":{"retweet_count":2262,"reply_count":750,"like_count":14688,"quote_count":162},"text":"Anybody who believes we can create the meaningful change this country needs without standing up to the greed and corruption of the ruling class is sorely mistaken."},{"created_at":"2021-10-22T00:32:15.000Z","id":"1451345621886160899","public_metrics":{"retweet_count":3658,"reply_count":976,"like_count":21318,"quote_count":237},"text":"The ruling class of this country is nervous. They know more and more people are realizing they have the right to live in peace, the right to live with dignity. And that is a very real threat to their greed."},{"created_at":"2021-10-21T22:10:00.000Z","id":"1451309821899128862","public_metrics":{"retweet_count":582,"reply_count":552,"like_count":4160,"quote_count":92},"text":"The days of billionaires running Washington is going to end. We are finally going to make sure government stands up for ordinary Americans, not the wealthy and powerful."},{"created_at":"2021-10-21T20:09:12.000Z","id":"1451279423437684739","public_metrics":{"retweet_count":1013,"reply_count":263,"like_count":5857,"quote_count":51},"text":"I’ve been criticized for being an \"alarmist\" on climate change. That’s right. I am alarmed. Climate change is a global emergency and a major national security threat.\n\nWe must bring the world together and take on the existential threat of climate change NOW. This can't wait. https://t.co/lhlVb8xt5d"},{"created_at":"2021-10-21T18:45:00.000Z","id":"1451258232454975490","public_metrics":{"retweet_count":2145,"reply_count":432,"like_count":16103,"quote_count":109},"text":"In the richest country in the history of the world, no one should die because they can’t afford the medicine they need. NO ONE."},{"created_at":"2021-10-21T16:40:48.000Z","id":"1451226976098955266","public_metrics":{"retweet_count":2825,"reply_count":1283,"like_count":16267,"quote_count":264},"text":"Let me ask you a question. Does it make sense to you that in America today, 2 billionaires own more wealth than the bottom 40% and the top 1% owns more wealth than the bottom 92%?"},{"created_at":"2021-10-20T21:01:53.000Z","id":"1450930291892228106","public_metrics":{"retweet_count":924,"reply_count":425,"like_count":4939,"quote_count":70},"text":"For the THIRD time this year, the GOP blocked common sense voting rights legislation in the Senate. After failing to win the last election, they are doing all they can to steal the next one. What a disgrace. We are going to protect and expand voting rights in this country."},{"created_at":"2021-10-20T20:10:13.000Z","id":"1450917291558940677","public_metrics":{"retweet_count":884,"reply_count":263,"like_count":4881,"quote_count":42},"text":"With unprecedented fires, drought, heat waves, floods and extreme weather disturbances, what's radical is not transforming our energy systems away from fossil fuel and into energy efficiency and sustainable energy. What's radical is doing nothing as our planet gets destroyed."},{"created_at":"2021-10-20T18:09:07.000Z","id":"1450886815129473030","public_metrics":{"retweet_count":4659,"reply_count":1464,"like_count":35267,"quote_count":388},"text":"Look, I’m a bit old-fashioned. I happen to believe we should do what the people are demanding, and what the people are demanding is that we finally take on the ruling class of this country."},{"created_at":"2021-10-19T21:46:24.000Z","id":"1450579108153397249","public_metrics":{"retweet_count":3935,"reply_count":1788,"like_count":36949,"quote_count":315},"text":"You know what? Maybe, just maybe, the rich should pay their fair share of taxes."},{"created_at":"2021-10-19T19:35:55.000Z","id":"1450546269173190659","public_metrics":{"retweet_count":2460,"reply_count":1707,"like_count":20855,"quote_count":227},"text":"I am more than a little tired of the United States being the only major country on Earth to not guarantee paid family and medical leave. We are going to end that international embarrassment."},{"created_at":"2021-10-19T17:20:32.000Z","id":"1450512201337409539","public_metrics":{"retweet_count":1877,"reply_count":555,"like_count":11088,"quote_count":83},"text":"Is anyone really satisfied with a system that allows for nearly 1 out of 4 Americans to not be able to afford their prescription drugs, while six of the largest pharmaceutical companies make nearly $50 billion in profits? I don’t think so."},{"created_at":"2021-10-18T21:46:23.000Z","id":"1450216716311670793","public_metrics":{"retweet_count":841,"reply_count":367,"like_count":4546,"quote_count":54},"text":"At a time of massive income inequality, the billionaire class is opposing our agenda because they want to prevent Congress from making them finally pay their fair share of taxes. We must put an end to their greed."},{"created_at":"2021-10-18T19:46:25.000Z","id":"1450186524373536768","public_metrics":{"retweet_count":5207,"reply_count":1918,"like_count":38931,"quote_count":410},"text":"What if we did something “radical” and built a government that fought for working class people, and not just billionaires?"},{"created_at":"2021-10-16T21:06:13.000Z","id":"1449481833280937987","public_metrics":{"retweet_count":1952,"reply_count":558,"like_count":9145,"quote_count":82},"text":"The corporate media and corporate-funded politicians do not talk about it often, but we now face grotesque income and wealth inequality. No. It is not acceptable for two billionaires to own more wealth than the bottom 40%, or the top 1% to own more than the bottom 92%."},{"created_at":"2021-10-16T20:01:54.000Z","id":"1449465644198547464","public_metrics":{"retweet_count":1029,"reply_count":202,"like_count":7242,"quote_count":46},"text":"I’m proud to stand in solidarity with @UAW workers at John Deere now on strike who are fighting for decent wages, pensions and retirement health care benefits. They are entitled to be treated with respect and dignity, and I applaud their courage and determination."},{"created_at":"2021-10-16T17:31:27.000Z","id":"1449427784204435462","public_metrics":{"retweet_count":817,"reply_count":302,"like_count":3467,"quote_count":55},"text":"As part of our corrupt, big-money dominated political system, Big Pharma is spending hundreds of millions of dollars on lobbying, campaign contributions and television ads because they want Americans to continue paying, by far, the highest prices in the world for medicine."}],"meta":{"oldest_id":"1449427784204435462","newest_id":"1454188684950048773","result_count":32}}