{"data":[{"created_at":"2021-09-29T22:04:49.000Z","id":"1443335987418046468","public_metrics":{"retweet_count":1215,"reply_count":420,"like_count":6521,"quote_count":69},"text":"Wealth inequality is a profound moral and economic issue this country must address. \n\nThe richest two Americans cannot continue owning more wealth than the bottom 40% of our country while millions cannot afford the basics to live."},{"created_at":"2021-09-29T19:26:25.000Z","id":"1443296124740190209","public_metrics":{"retweet_count":580,"reply_count":268,"like_count":3100,"quote_count":44},"text":"One of the great crises facing our democracy is the power of the billionaire class over our political process. Congress must have the courage to take them on and fight for their constituents, not their billionaire campaign contributors."},{"created_at":"2021-09-29T16:21:59.000Z","id":"1443249707850125315","public_metrics":{"retweet_count":906,"reply_count":363,"like_count":4831,"quote_count":57},"text":"Those who want to maintain the status quo in which the rich get richer while ordinary Americans struggle to make ends meet oppose the reconciliation bill.\n\nWell, I disagree. Now is the time, finally, for Congress to stand up for working families.\nhttps://t.co/0l8nC9M8gT"},{"created_at":"2021-09-29T00:20:29.000Z","id":"1443007739920277507","public_metrics":{"retweet_count":2752,"reply_count":711,"like_count":20553,"quote_count":141},"text":"In the richest country in the history of the world, no one should have to suffer or die because they can’t afford the medicine their doctor prescribes to them."},{"created_at":"2021-09-28T22:10:46.000Z","id":"1442975094314307585","public_metrics":{"retweet_count":985,"reply_count":346,"like_count":8009,"quote_count":67},"text":"It’s time we do what other industrialized countries do and understand that the most important investment we can make is in children. It’s time we make pre-K education for 3-and 4-year-olds free. Yes, that is right—free."},{"created_at":"2021-09-28T19:09:19.000Z","id":"1442929430117044224","public_metrics":{"retweet_count":1382,"reply_count":1123,"like_count":8836,"quote_count":577},"text":"I strongly urge my House colleagues to vote against the bipartisan infrastructure bill until Congress passes a strong reconciliation bill."},{"created_at":"2021-09-28T19:09:04.000Z","id":"1442929368116858881","public_metrics":{"retweet_count":470,"reply_count":145,"like_count":4442,"quote_count":25},"text":"It also means that Congress will continue to ignore the existential threat to our country and planet with regard to climate change."},{"created_at":"2021-09-28T19:08:46.000Z","id":"1442929294695567365","public_metrics":{"retweet_count":467,"reply_count":102,"like_count":4026,"quote_count":32},"text":"More importantly, it will end all leverage that we have to pass a major reconciliation bill. That means there will be no serious effort to address the long-neglected crises facing the working families of our country, the children, the elderly, the sick and the poor."},{"created_at":"2021-09-28T19:08:28.000Z","id":"1442929217075744768","public_metrics":{"retweet_count":1219,"reply_count":397,"like_count":7400,"quote_count":181},"text":"Let’s be crystal clear. If the bipartisan infrastructure bill is passed on its own on Thursday, this will be in violation of an agreement that was reached within the Democratic Caucus in Congress."},{"created_at":"2021-09-28T15:22:58.000Z","id":"1442872469954514945","public_metrics":{"retweet_count":1016,"reply_count":303,"like_count":5373,"quote_count":120},"text":"The major corporations want Congress to lift the debt ceiling. Yet, they continue to make massive campaign contributions to the Republican Party which refuses to pay the debt incurred under Trump, and is prepared to plunge the economy into a depression. Bullshit!"},{"created_at":"2021-09-28T14:46:48.000Z","id":"1442863368889516036","public_metrics":{"retweet_count":422,"reply_count":0,"like_count":0,"quote_count":0},"text":"RT @USProgressives: Why fight for the Build Back Better Act? Because it's government funding, finally, for the working class.\n\nWe're talkin…"},{"created_at":"2021-09-28T02:43:41.000Z","id":"1442681389300781057","public_metrics":{"retweet_count":315,"reply_count":0,"like_count":0,"quote_count":0},"text":"RT @RepJayapal: What we want is to deliver on President Biden's agenda, our Democratic agenda, and what we promised people across America w…"},{"created_at":"2021-09-27T22:33:48.000Z","id":"1442618503022977024","public_metrics":{"retweet_count":936,"reply_count":261,"like_count":4417,"quote_count":54},"text":"The pharmaceutical industry doesn’t want us to lower the cost of prescription drugs.\nThe health care industry doesn’t want us to expand Medicare.\nThe fossil fuel industry doesn’t want us to tackle climate change. \n\nThis is an enormous struggle. And we're going to win it. https://t.co/wrsjY7A4cr"},{"created_at":"2021-09-27T20:32:32.000Z","id":"1442587984616849408","public_metrics":{"retweet_count":1045,"reply_count":349,"like_count":6894,"quote_count":70},"text":"This is America. The elderly shouldn't walk around without teeth and be unable to afford a dentist. Grandparents shouldn't be unable to talk with their family because they can't afford hearing aids. Seniors shouldn't be unable to read newspapers because they can’t afford glasses."},{"created_at":"2021-09-27T16:34:12.000Z","id":"1442528008254935042","public_metrics":{"retweet_count":1071,"reply_count":961,"like_count":9267,"quote_count":268},"text":"Far too many young people are unable to obtain the good-paying jobs that are out there because they lack the higher education. It’s long due time that every American have the right to two years of free community college."},{"created_at":"2021-09-27T14:06:01.000Z","id":"1442490715053953025","public_metrics":{"retweet_count":453,"reply_count":243,"like_count":3554,"quote_count":38},"text":"Many of my Republican colleagues don't believe that climate change is real, or they don't believe that we should do anything about it. They are dead wrong. \n\nIf we are to build a future for our children and grandchildren, we must begin by addressing the climate crisis. Period."},{"created_at":"2021-09-26T21:08:41.000Z","id":"1442234695127814144","public_metrics":{"retweet_count":2592,"reply_count":787,"like_count":20881,"quote_count":150},"text":"Nearly two-thirds of our seniors have no dental insurance and no idea how they will afford to go to a dentist. That is a disgrace, and it must end."},{"created_at":"2021-09-24T23:44:18.000Z","id":"1441549080178667523","public_metrics":{"retweet_count":1946,"reply_count":682,"like_count":10904,"quote_count":103},"text":"Today, there are almost 600,000 people sleeping out on the streets of the wealthiest country in the world. There are 18 million households spending 50% of their limited incomes on housing.\n \nIt’s time to build affordable housing and create good-paying jobs in the process."},{"created_at":"2021-09-24T21:07:25.000Z","id":"1441509601128636423","public_metrics":{"retweet_count":1318,"reply_count":297,"like_count":8457,"quote_count":60},"text":"Dental care is health care. We must expand Medicare to include dental, hearing aids &amp; eyeglasses. 71% of Black Medicare recipients, 65% of Hispanic Medicare recipients, 70% of low-income enrollees and 59% living in rural areas did not see a dentist in the past year. Unacceptable."},{"created_at":"2021-09-24T19:33:01.000Z","id":"1441485842862809088","public_metrics":{"retweet_count":515,"reply_count":209,"like_count":4082,"quote_count":27},"text":"It is not a radical idea to say that every family in America should be entitled to high quality and affordable child care. Under the Build Back Better Plan, no working family in this country will be paying more than 7% of their income on child care."},{"created_at":"2021-09-24T17:15:12.000Z","id":"1441451163799330818","public_metrics":{"retweet_count":1961,"reply_count":563,"like_count":18100,"quote_count":101},"text":"It is a bit embarrassing that our great country is the only major country on Earth not to guarantee paid family and medical leave. That MUST change."},{"created_at":"2021-09-24T00:00:01.000Z","id":"1441190649345232897","public_metrics":{"retweet_count":1511,"reply_count":345,"like_count":5577,"quote_count":120},"text":"The pharmaceutical industry employs nearly 1,500 lobbyists in Washington, DC alone - including the former congressional leaders in both major political parties. Got that? That’s almost three prescription drug lobbyists for every Member of Congress."},{"created_at":"2021-09-23T21:50:50.000Z","id":"1441158140947431439","public_metrics":{"retweet_count":1216,"reply_count":447,"like_count":7024,"quote_count":98},"text":"The overriding motivation of the pharmaceutical industry is greed. Their overriding goal is to make as much money as they can by squeezing as much as they possibly can out of the sick, out of the elderly and out of the desperate."},{"created_at":"2021-09-23T19:46:43.000Z","id":"1441126905151901696","public_metrics":{"retweet_count":596,"reply_count":224,"like_count":3236,"quote_count":66},"text":"I will not tell the young people that we can't address the climate crisis.\nI will not tell people that are homeless that we can't build affordable housing. \nI will not tell families that we can't make child care affordable.\n\nWe must address the needs of the working class. https://t.co/7XBEVx2qY7"},{"created_at":"2021-09-23T17:29:59.000Z","id":"1441092495090196492","public_metrics":{"retweet_count":634,"reply_count":177,"like_count":3199,"quote_count":32},"text":"The time is now to finally address the long-neglected needs of the working class. I'm LIVE on the floor of the Senate talking about why we must pass the $3.5 trillion reconciliation bill.  https://t.co/S5QuAigoo2"},{"created_at":"2021-09-23T15:30:21.000Z","id":"1441062388820762634","public_metrics":{"retweet_count":2186,"reply_count":815,"like_count":16135,"quote_count":131},"text":"Poll after poll shows that the American people want fundamental and transformational change. It’s time to listen to them, not the wealthy and the powerful."},{"created_at":"2021-09-23T14:00:12.000Z","id":"1441039702597857286","public_metrics":{"retweet_count":115,"reply_count":0,"like_count":0,"quote_count":0},"text":"RT @CBSMornings: President Biden met with Senate and House Democrats yesterday as he works to get two pieces of legislation through Congres…"},{"created_at":"2021-09-22T22:10:17.000Z","id":"1440800647960399872","public_metrics":{"retweet_count":1704,"reply_count":514,"like_count":9548,"quote_count":106},"text":"68,000 Americans die each and every year because they cannot afford to get the health care that they need when they need it.\n \nIn other words, the greed of the prescription drug industry is killing Americans."},{"created_at":"2021-09-22T20:07:34.000Z","id":"1440769762791813127","public_metrics":{"retweet_count":474,"reply_count":0,"like_count":0,"quote_count":0},"text":"RT @USProgressives: Progressives in both chambers of Congress are clear: We have to meet this moment and build back better. \n\nThank you to…"},{"created_at":"2021-09-22T18:55:18.000Z","id":"1440751576444854279","public_metrics":{"retweet_count":2731,"reply_count":456,"like_count":15496,"quote_count":148},"text":"For far too long, it has not been Congress that has been regulating the pharmaceutical industry. It has been the pharmaceutical industry that has been regulating Congress."},{"created_at":"2021-09-22T16:14:32.000Z","id":"1440711120734412802","public_metrics":{"retweet_count":5060,"reply_count":810,"like_count":39381,"quote_count":219},"text":"Enough is enough. A life-saving prescription drug does not work if you cannot afford to buy it."},{"created_at":"2021-09-22T13:56:43.000Z","id":"1440676435815850006","public_metrics":{"retweet_count":338,"reply_count":108,"like_count":2366,"quote_count":15},"text":"The historic expansion of the child tax credit, passed earlier this year under the American Rescue Plan, helped lower child poverty in this country by more than 50%. Pretty good. But we cannot stop there. We must extend it now. https://t.co/4Qq8ne2H9d"},{"created_at":"2021-09-21T21:46:19.000Z","id":"1440432226789826566","public_metrics":{"retweet_count":1067,"reply_count":239,"like_count":5184,"quote_count":90},"text":"Today, nearly one out of every four Americans cannot afford the medications that their doctors prescribe.\n\nEnough is enough. It is time to end the corporate greed of the pharmaceutical industry and lower the cost of prescription drugs. https://t.co/t1KpvuSxHb"},{"created_at":"2021-09-21T19:28:26.000Z","id":"1440397529019871244","public_metrics":{"retweet_count":420,"reply_count":157,"like_count":2811,"quote_count":17},"text":"All over this country, the American people are asking a simple question: How many people need to die, how many people need to get unnecessarily sicker before Congress is prepared to take on the greed of the prescription drug industry?"},{"created_at":"2021-09-21T17:21:17.000Z","id":"1440365530397888517","public_metrics":{"retweet_count":1781,"reply_count":373,"like_count":9461,"quote_count":84},"text":"Last year, the six largest drug companies in the U.S. made nearly $50 billion dollars in profits. Meanwhile, Americans pay, by far, the highest prices in the world for prescription drugs. That disgrace has got to end."},{"created_at":"2021-09-20T22:07:12.000Z","id":"1440075092822618116","public_metrics":{"retweet_count":1399,"reply_count":354,"like_count":5874,"quote_count":94},"text":"The pharmaceutical industry, over the last 20 years, has spent over $4.5 billion dollars on lobbying and campaign contributions. They have hundreds of lobbyists on Capitol Hill right now to fight any bill that will lower the cost of prescription drugs."},{"created_at":"2021-09-20T20:00:01.000Z","id":"1440043086151835648","public_metrics":{"retweet_count":150,"reply_count":83,"like_count":853,"quote_count":14},"text":"Moral policy is good politics. When you stand up for working families and protect future generations, that not only is the right thing to do, but it is also what the American people want. https://t.co/bpw5yWuzHe"},{"created_at":"2021-09-20T18:09:17.000Z","id":"1440015221733662723","public_metrics":{"retweet_count":1202,"reply_count":708,"like_count":17064,"quote_count":127},"text":"I’m very glad my home state of Vermont will be welcoming 100 Afghan refugees in the coming weeks. This is exactly what we should be doing, and I have no doubt that they will enrich, and contribute immeasurably, to our state."},{"created_at":"2021-09-20T16:32:37.000Z","id":"1439990893474426894","public_metrics":{"retweet_count":516,"reply_count":173,"like_count":2595,"quote_count":39},"text":"The pharmaceutical industry doesn’t want us to lower the cost of prescription drugs. The fossil fuel industry wants to continue making profits off of destroying the planet. \n\nWe must show the American people that government represents them, not powerful interest groups. https://t.co/AYzLsu01Ki"},{"created_at":"2021-09-20T15:11:58.000Z","id":"1439970599615569923","public_metrics":{"retweet_count":1480,"reply_count":822,"like_count":10341,"quote_count":164},"text":"We are taking on the ruling class, we are taking on the oligarchs, we are taking on the pharmaceutical industry, we are taking on the health care industry, we are taking on the fossil fuel industry. But if we stand together, we will win."},{"created_at":"2021-09-18T17:15:27.000Z","id":"1439276898597675008","public_metrics":{"retweet_count":1153,"reply_count":356,"like_count":8721,"quote_count":36},"text":"Yes, we must pass the most consequential piece of legislation for working families since the 1930s and prove that our government can work for them, and not just for the wealthy and powerful."},{"created_at":"2021-09-17T19:30:14.000Z","id":"1438948427463806978","public_metrics":{"retweet_count":968,"reply_count":342,"like_count":7949,"quote_count":57},"text":"79% of the American people believe that the cost of prescription drugs is too high.\n \nIs it radical for Congress to represent the American people and address their long-neglected needs? No. I don’t think so."},{"created_at":"2021-09-17T16:00:14.000Z","id":"1438895579451514888","public_metrics":{"retweet_count":1219,"reply_count":762,"like_count":9370,"quote_count":127},"text":"The American people pay higher prices for prescription drugs than people in almost every other major country on Earth.\n \nDoes that make any sense to you?"},{"created_at":"2021-09-16T23:00:18.000Z","id":"1438638905088258059","public_metrics":{"retweet_count":1413,"reply_count":436,"like_count":9396,"quote_count":101},"text":"The reality of today is that poverty is a death sentence in America. The wealthiest people live, on average, 10-15 years longer than the poorest.\n\nWe must expand Medicare. We must invest in child care. We must pay workers a living wage. We must take care of our people."},{"created_at":"2021-09-16T21:00:04.000Z","id":"1438608650336092163","public_metrics":{"retweet_count":4218,"reply_count":874,"like_count":39762,"quote_count":254},"text":"The richest people on Earth should pay more than $0 in federal income taxes. Period."},{"created_at":"2021-09-16T18:32:22.000Z","id":"1438571480493744128","public_metrics":{"retweet_count":1739,"reply_count":505,"like_count":9652,"quote_count":99},"text":"Question: Why do we pay, by far, the highest prices in the world for prescription drugs? Answer: The pharmaceutical industry has spent $4.5 billion over the last 20 years in lobbying and campaign contributions. Congress must have the courage NOW to lower drug prices."},{"created_at":"2021-09-16T16:30:14.000Z","id":"1438540742289510407","public_metrics":{"retweet_count":1466,"reply_count":317,"like_count":9021,"quote_count":68},"text":"In the fight against climate change, we have a choice: protect the profits of the fossil fuel industry or protect the future of our children."},{"created_at":"2021-09-16T14:30:00.000Z","id":"1438510486744707072","public_metrics":{"retweet_count":4641,"reply_count":410,"like_count":23879,"quote_count":185},"text":"We must end a rigged system that allowed the former CEO of Gilead to become a billionaire by charging $1,000 for a Hepatitis C drug that was developed by the VA, costs $1 to manufacture &amp; can be purchased in India for $4. No more excuses. Congress must lower drug prices NOW."},{"created_at":"2021-09-16T00:40:55.000Z","id":"1438301840236552202","public_metrics":{"retweet_count":1008,"reply_count":361,"like_count":6721,"quote_count":62},"text":"At a time of massive and growing income &amp; wealth inequality and as the top 1% has more wealth than the bottom 92%, now is the time to demand that the wealthy and large corporations pay their fair share so that we can begin to address the long neglected needs of working families."}],"meta":{"oldest_id":"1438301840236552202","newest_id":"1443335987418046468","result_count":49}}