{"data":[{"created_at":"2021-10-14T20:03:20.000Z","id":"1448741232797229059","public_metrics":{"retweet_count":516,"reply_count":229,"like_count":2740,"quote_count":25},"text":"How long will we continue to ignore the destructive forces of climate change? How many more people have to suffer the consequences of our inaction? \n \nEnough is enough. We must combat climate change NOW. https://t.co/TMShitbXTZ"},{"created_at":"2021-10-14T19:15:47.000Z","id":"1448729265109880836","public_metrics":{"retweet_count":40,"reply_count":0,"like_count":0,"quote_count":0},"text":"RT @GovPhilScott: Today at 3:00 I'll be joined by @SenatorLeahy, @SenSanders and Rep. @PeterWelch to discuss the state receiving an unprece…"},{"created_at":"2021-10-14T16:32:06.000Z","id":"1448688072208564228","public_metrics":{"retweet_count":4511,"reply_count":1408,"like_count":25983,"quote_count":292},"text":"How is it that we have trillions of dollars to spend on endless wars, but we don’t have the money to address the needs of the working class?\n\nHow is it that we have money for tax breaks for billionaires, but not enough to invest in American families? \n\nGive me a break."},{"created_at":"2021-10-13T23:42:20.000Z","id":"1448433955309592577","public_metrics":{"retweet_count":967,"reply_count":518,"like_count":5639,"quote_count":77},"text":"Now is the time to restore the faith of the American people in their government, to show them that we in fact can deliver for them, that we can improve their lives. \n \nLet’s take on the lobbyists. Let’s take on the billionaires and powerful interests. Let’s get it done."},{"created_at":"2021-10-13T21:30:34.000Z","id":"1448400795360169989","public_metrics":{"retweet_count":3060,"reply_count":997,"like_count":28948,"quote_count":170},"text":"I think it is a little absurd that the United States is the only major country on Earth not to guarantee paid family and medical leave as a right. Don’t you?"},{"created_at":"2021-10-13T19:30:08.000Z","id":"1448370486954635264","public_metrics":{"retweet_count":831,"reply_count":372,"like_count":4611,"quote_count":53},"text":"The top 1% now has more wealth than the entire middle class. Does that make sense to anyone?\n \nYes. It’s time for Congress to take on the greed of the billionaires and deliver for the working class of this country."},{"created_at":"2021-10-13T17:30:04.000Z","id":"1448340272144846853","public_metrics":{"retweet_count":1504,"reply_count":329,"like_count":8309,"quote_count":79},"text":"A recent poll found that 83% of Americans support allowing Medicare to negotiate lower drug prices.\n \nThe American people are making themselves pretty clear. Congress needs to stand up to the greed of the pharmaceutical industry. Now is the time."},{"created_at":"2021-10-13T15:22:08.000Z","id":"1448308078877847553","public_metrics":{"retweet_count":795,"reply_count":332,"like_count":4419,"quote_count":52},"text":"Question: Given the overwhelming support of the reconciliation bill from the American people, why is it taking so long for Congress to pass this bill?\n \nAnswer: Follow the money. \nhttps://t.co/x9L6NJOntR"},{"created_at":"2021-10-13T00:31:47.000Z","id":"1448084012266889221","public_metrics":{"retweet_count":282,"reply_count":123,"like_count":1068,"quote_count":18},"text":"Now is the #TimeToDeliver for the working class of this country. \nhttps://t.co/EbDoKEPm0M"},{"created_at":"2021-10-13T00:13:03.000Z","id":"1448079300016680967","public_metrics":{"retweet_count":113,"reply_count":0,"like_count":0,"quote_count":0},"text":"RT @USProgressives: It's kicking off! Join Progressives across the House, Senate, and Movement to talk about our #TimeToDeliver this Build…"},{"created_at":"2021-10-13T00:06:46.000Z","id":"1448077716285186053","public_metrics":{"retweet_count":284,"reply_count":110,"like_count":1496,"quote_count":11},"text":"Now is the time, finally, for Congress to stand up for working families and take on the big money interests and wealthy campaign contributors who have so much power over the economic and political life of our country. https://t.co/jpHM1lk60W"},{"created_at":"2021-10-12T23:04:11.000Z","id":"1448061968313630721","public_metrics":{"retweet_count":88,"reply_count":0,"like_count":0,"quote_count":0},"text":"RT @IndivisibleTeam: Tonight's #TimeToDeliver livestream has too many guests to mention in one tweet, but trust us -- you won't want to mis…"},{"created_at":"2021-10-12T19:37:19.000Z","id":"1448009906410360835","public_metrics":{"retweet_count":1609,"reply_count":315,"like_count":8853,"quote_count":66},"text":"As part of the Reconciliation Bill, Americans want to lower prescription drug costs (88%) and expand Medicare to cover dental, vision and hearing (84%). Both proposals are strongly opposed by drug companies and private insurance. The Dems must stand with the people, not fold."},{"created_at":"2021-10-12T17:56:09.000Z","id":"1447984446796357640","public_metrics":{"retweet_count":992,"reply_count":191,"like_count":4922,"quote_count":49},"text":"Who wants Medicare to negotiate lower drug prices? Oh just...\n \n91% of Democrats\n85% of Independents\n76% of Republicans \n84% of seniors \n \nNow is the time for Congress to finally have the courage to stand up to the greed of Big Pharma. https://t.co/PsWqQZ78PN"},{"created_at":"2021-10-12T16:49:19.000Z","id":"1447967630627852292","public_metrics":{"retweet_count":138,"reply_count":0,"like_count":0,"quote_count":0},"text":"RT @SenSchumer: We're working to pass the funding we need for a bold Civilian Climate Corps and create paths to green, family-sustaining un…"},{"created_at":"2021-10-11T21:50:38.000Z","id":"1447681069143281664","public_metrics":{"retweet_count":2474,"reply_count":805,"like_count":13958,"quote_count":132},"text":"We must stand up to a corrupt oligarchy. It is not acceptable that the top 1% now owns more wealth than our entire middle class. We must pass the $3.5 trillion Build Back Better Act, invest in the working class &amp; take on the greed of the billionaires by taxing the rich."},{"created_at":"2021-10-11T19:07:25.000Z","id":"1447639994760417303","public_metrics":{"retweet_count":1089,"reply_count":258,"like_count":5726,"quote_count":44},"text":"From the first days of this country, Native Americans were lied to, their treaties violated and their rights ignored. Today on #IndigenousPeoplesDay, we recommit to stand with them in the fight for justice and dignity."},{"created_at":"2021-10-10T17:27:09.000Z","id":"1447252375803252740","public_metrics":{"retweet_count":1971,"reply_count":477,"like_count":8977,"quote_count":115},"text":"Maybe, just maybe, Congress might want to serve the needs of the American people, and not wealthy campaign contributors. A new CBS poll finds overwhelming support for these provisions in the $3.5T Reconciliation Bill. https://t.co/SUsaLMflMu"},{"created_at":"2021-10-10T16:13:31.000Z","id":"1447233842868273155","public_metrics":{"retweet_count":1710,"reply_count":352,"like_count":7788,"quote_count":79},"text":"Americans don't know what's in the Build Back Better plan because the corporate media doesn't discuss it. Let's stop the beltway gossip and start talking about lowering prescription drug costs, expanding Medicare, childcare and housing – and combatting climate change. https://t.co/6d1VMcpbh0"},{"created_at":"2021-10-09T16:59:57.000Z","id":"1446883140652478464","public_metrics":{"retweet_count":2350,"reply_count":533,"like_count":11459,"quote_count":111},"text":"Pharma has spent hundreds of millions opposing our efforts to lower prescription drug costs. Meanwhile, the six major drug companies made $50 billion in profits last year and pay their CEOs outrageous salaries. We must stop Pharma greed and pass the Reconciliation Bill."},{"created_at":"2021-10-07T19:55:32.000Z","id":"1446202552710803456","public_metrics":{"retweet_count":138,"reply_count":55,"like_count":698,"quote_count":6},"text":"Full results here: https://t.co/qkzbxlHm7b"},{"created_at":"2021-10-07T19:55:31.000Z","id":"1446202550848565254","public_metrics":{"retweet_count":1469,"reply_count":432,"like_count":8803,"quote_count":61},"text":"The $3.5 trillion reconciliation bill is enormously popular. A recent Quinnipiac University Poll shows 57 percent of the American people support it, including 92 percent of Democrats. Obviously it is exactly the bill that a Democratic Congress should pass."},{"created_at":"2021-10-07T16:00:55.000Z","id":"1446143508876861450","public_metrics":{"retweet_count":4829,"reply_count":1973,"like_count":25933,"quote_count":418},"text":"The majority of the American people support the $3.5T reconciliation bill. 48 out of 50 Democrats in the Senate support the bill. 96% of Democrats in the House support the bill. \n\nNo. Two people cannot sabotage what the overwhelming majority of this country want."},{"created_at":"2021-10-07T13:40:05.000Z","id":"1446108066483630082","public_metrics":{"retweet_count":1308,"reply_count":410,"like_count":7387,"quote_count":93},"text":"The time is long overdue for Sen. Manchin to say with specificity - we're beyond generalities - what he wants, and what he does not want, and to explain that to the people of West Virginia and America. https://t.co/iznJu0a0cc"},{"created_at":"2021-10-06T23:32:55.000Z","id":"1445894873404481539","public_metrics":{"retweet_count":1498,"reply_count":622,"like_count":9002,"quote_count":93},"text":"The question before Congress right now is pretty simple: Do we fulfil what democracy is supposed to be about and stand up for working families or do we bow down to powerful special interests?"},{"created_at":"2021-10-06T23:19:19.000Z","id":"1445891448029732870","public_metrics":{"retweet_count":451,"reply_count":0,"like_count":0,"quote_count":0},"text":"RT @maddow: Senator Bernie Sanders joins me live tonight at 9pm ET on MSNBC...\nhttps://t.co/KHTLPWhqrn"},{"created_at":"2021-10-06T20:38:28.000Z","id":"1445850970643177473","public_metrics":{"retweet_count":1837,"reply_count":359,"like_count":13353,"quote_count":111},"text":"Senator Manchin has been critical of the $3.5 trillion proposal that many of us support. But the time is long overdue for him to tell us with specificity what he wants and does not want and explain that to the American people."},{"created_at":"2021-10-06T20:37:54.000Z","id":"1445850827088793600","public_metrics":{"retweet_count":1325,"reply_count":205,"like_count":11532,"quote_count":66},"text":"Does Senator Manchin believe that we should be the only major country on earth not to guarantee paid family and medical leave? And that working mothers should not be able to stay at home with a sick kid? Are workers not entitled to that?"},{"created_at":"2021-10-06T20:37:30.000Z","id":"1445850727125962756","public_metrics":{"retweet_count":757,"reply_count":52,"like_count":7892,"quote_count":17},"text":"Are our children and grandchildren not entitled to live in a healthy and habitable environment?"},{"created_at":"2021-10-06T20:37:17.000Z","id":"1445850670943203332","public_metrics":{"retweet_count":715,"reply_count":92,"like_count":7785,"quote_count":20},"text":"Does Senator Manchin not believe that at a time when we have a major labor shortage because our young people lack the skills they need that they are not entitled to at least two years of free community college?"},{"created_at":"2021-10-06T20:37:00.000Z","id":"1445850599942066180","public_metrics":{"retweet_count":974,"reply_count":91,"like_count":9289,"quote_count":40},"text":"Is protecting working families and cutting childhood poverty an ‘entitlement’? Are the children of this country not entitled to high quality childcare and pre-K education? Are working families in this country are entitled to affordable housing?"},{"created_at":"2021-10-06T20:36:38.000Z","id":"1445850510007971841","public_metrics":{"retweet_count":4245,"reply_count":2340,"like_count":34271,"quote_count":621},"text":"I’ve heard Senator Manchin talk about not wanting to see our country become ‘an entitlement society.’ Well, I’m not exactly sure what that means."},{"created_at":"2021-10-06T19:15:18.000Z","id":"1445830038377549829","public_metrics":{"retweet_count":508,"reply_count":172,"like_count":2056,"quote_count":61},"text":"I'm LIVE to talk about the reconciliation bill that a number of us are fighting for and to make some brief comments about what Sen. Joe Manchin said today about the legislation. https://t.co/VcXeMdQwO2"},{"created_at":"2021-10-06T18:00:15.000Z","id":"1445811153406291980","public_metrics":{"retweet_count":821,"reply_count":264,"like_count":3982,"quote_count":53},"text":"Big money special interests are spending hundreds of millions of dollars trying to prevent Congress from doing what the American people want. Unacceptable.\n\nMaybe, just maybe, now is the time for Congress to stand up for American families, not for the wealthy and powerful."},{"created_at":"2021-10-06T15:57:02.000Z","id":"1445780143918645256","public_metrics":{"retweet_count":650,"reply_count":186,"like_count":3155,"quote_count":24},"text":"Wall Street and corporate CEOs are \"deeply concerned\" about the U.S. defaulting on our national debt. Yet, they keep providing campaign funds for Republicans, the party which refuses to pay the bill on the spending incurred during the Trump years. Total hypocrisy."},{"created_at":"2021-10-06T13:46:25.000Z","id":"1445747274299023362","public_metrics":{"retweet_count":755,"reply_count":374,"like_count":5202,"quote_count":56},"text":"Let us be clear. The Republican Party is refusing to take on the greed of the pharmaceutical industry which charges Americans by far the highest prices in the world for prescription drugs. What a disgrace."},{"created_at":"2021-10-05T19:18:37.000Z","id":"1445468487686623238","public_metrics":{"retweet_count":6341,"reply_count":1265,"like_count":37603,"quote_count":339},"text":"Wealth of Mark Zuckerberg in 2009: $2 billion\n\nWealth of Mark Zuckerberg today: $122 billion\n \nYes. It's time to break up Facebook, break up Big Tech &amp; demand that the wealthy &amp; powerful pay their fair share of taxes. We cannot continue to let Facebook put profits over safety."},{"created_at":"2021-10-05T18:18:47.000Z","id":"1445453427815837705","public_metrics":{"retweet_count":921,"reply_count":311,"like_count":4393,"quote_count":51},"text":"The Republican Party's lust for power and political gain is so great that they are prepared to default on the debt they voted for under Trump, and plunge the world's economy into chaos and depression. To call that \"irresponsible\" would be a major understatement."},{"created_at":"2021-10-05T17:30:00.000Z","id":"1445441152799293446","public_metrics":{"retweet_count":512,"reply_count":239,"like_count":2583,"quote_count":42},"text":"We’re taking on corporate lobbyists.\n \nWe’re taking on powerful special interests.\n \nWe’re taking on the entire ruling class of this country.\n \nAnd poll after poll shows that is exactly what the American people want us to do. https://t.co/EkxwBD84vU"},{"created_at":"2021-10-05T15:31:22.000Z","id":"1445411298896977932","public_metrics":{"retweet_count":1186,"reply_count":345,"like_count":8273,"quote_count":71},"text":"Senior citizens in America should not have to be toothless or lack hearing aids or eyeglasses. Dental care, hearing and vision are essential parts of healthcare. The American people want us to expand Medicare to cover these basic services. That's what we must do."},{"created_at":"2021-10-05T14:00:21.000Z","id":"1445388391739179024","public_metrics":{"retweet_count":793,"reply_count":278,"like_count":4391,"quote_count":43},"text":"As the planet becomes warmer, as unprecedented fires, drought, floods, and extreme weather disturbances cause mass destruction, and when scientists tell us that we only have a few years to avoid irreparable damage to our planet, are we really going to ignore this global crisis?"},{"created_at":"2021-10-04T22:15:07.000Z","id":"1445150517320200202","public_metrics":{"retweet_count":1552,"reply_count":537,"like_count":9758,"quote_count":84},"text":"We are trying to pass the most consequential legislation for working people since the Great Depression.\n\nThe American people overwhelmingly support it.\n\nThe special interests and the billionaires oppose it.\n\nThis is a democracy. Maybe, just maybe, we should listen to the people."},{"created_at":"2021-10-04T16:06:54.000Z","id":"1445057850905186304","public_metrics":{"retweet_count":694,"reply_count":256,"like_count":3257,"quote_count":51},"text":"The time is now. Do we do what the American people want? Do we fulfill what democracy is supposed to be about? Or does Congress, yet again, bow down to powerful special interests?\n \nThat's what this struggle is about. https://t.co/Ajb0r1uIMH"},{"created_at":"2021-10-02T16:59:24.000Z","id":"1444346288422653964","public_metrics":{"retweet_count":1771,"reply_count":553,"like_count":10627,"quote_count":88},"text":"The Reconciliation Bill is transformational. It's about taking on Pharma to lower prescription drug costs, the fossil fuel industry to combat climate change, the insurance companies to expand Medicare and demanding the rich pay their fair share. If we stand together, we win."},{"created_at":"2021-10-02T15:13:13.000Z","id":"1444319564620341250","public_metrics":{"retweet_count":971,"reply_count":319,"like_count":7279,"quote_count":57},"text":"Congrats to the House Progressive Caucus and other Dems who insisted that Congress pass BOTH the Infrastructure Bill and the Reconciliation Bill. Now is the time to stand with working families and take on the greed of Pharma, the fossil fuel industry and the billionaire class."},{"created_at":"2021-10-01T19:04:47.000Z","id":"1444015455346249729","public_metrics":{"retweet_count":2226,"reply_count":714,"like_count":14958,"quote_count":131},"text":"The mainstream media has it wrong. Delaying the infrastructure vote won't be a \"setback\" for Biden. It will be a major step towards passing the most transformative piece of legislation since the New Deal. There can be no infrastructure bill without a strong reconciliation bill."},{"created_at":"2021-10-01T18:53:52.000Z","id":"1444012708685250561","public_metrics":{"retweet_count":2365,"reply_count":999,"like_count":10804,"quote_count":212},"text":"Poll after poll shows that the $3.5T reconciliation bill is immensely popular, despite what some television pundits might say.\n\nLet’s deliver for the American people. Let’s get it done. https://t.co/1jHyjCPm99"},{"created_at":"2021-10-01T16:11:11.000Z","id":"1443971767505129473","public_metrics":{"retweet_count":1507,"reply_count":561,"like_count":8080,"quote_count":123},"text":"The fate of the planet is at stake. Without a strong reconciliation bill there will be no serious effort to cut carbon emissions &amp; transform our energy system away from fossil fuel. There must be no infrastructure bill without a major reconciliation bill to combat climate change."},{"created_at":"2021-10-01T13:11:57.000Z","id":"1443926661792210945","public_metrics":{"retweet_count":8397,"reply_count":13494,"like_count":56032,"quote_count":3807},"text":"2 senators cannot be allowed to defeat what 48 senators and 210 House members want.  We must stand with the working families of our country. We must combat climate change. We must delay passing the Infrastructure Bill until we pass a strong Reconciliation Bill."}],"meta":{"oldest_id":"1443926661792210945","newest_id":"1448741232797229059","result_count":49}}