{"data":[{"public_metrics":{"retweet_count":6951,"reply_count":16598,"like_count":154110,"quote_count":1488},"id":"1465468742570229767","text":"Just dropping some friends off at the pool","created_at":"2021-11-29T23:52:29.000Z"},{"public_metrics":{"retweet_count":407,"reply_count":513,"like_count":5734,"quote_count":33},"id":"1465423628900704270","text":"@eightbitstories Humanity shall return!!","created_at":"2021-11-29T20:53:14.000Z"},{"public_metrics":{"retweet_count":577,"reply_count":478,"like_count":8109,"quote_count":183},"id":"1465423422238994436","text":"@smartass505 @ZainS180 @VikingRocket @WholeMarsBlog Oh man, this year has been such a supply chain nightmare &amp; it’s not over!\n\nI will provide an updated product roadmap on next earnings call.","created_at":"2021-11-29T20:52:24.000Z"},{"public_metrics":{"retweet_count":598,"reply_count":701,"like_count":6283,"quote_count":154},"id":"1465414969286090753","text":"@ZainS180 @VikingRocket @WholeMarsBlog Cybertruck will reach far into a post-apocalyptic future &amp; bring that technology to now","created_at":"2021-11-29T20:18:49.000Z"},{"public_metrics":{"retweet_count":313,"reply_count":288,"like_count":4534,"quote_count":41},"id":"1465414115845890051","text":"@ZainS180 @VikingRocket @WholeMarsBlog Cybertruck is intentionally an insane technology bandwagon","created_at":"2021-11-29T20:15:25.000Z"},{"public_metrics":{"retweet_count":91,"reply_count":144,"like_count":2026,"quote_count":11},"id":"1465413718976643079","text":"@VikingRocket @WholeMarsBlog Variable gain (steer by wire) yoke would be ideal …","created_at":"2021-11-29T20:13:51.000Z"},{"public_metrics":{"retweet_count":164,"reply_count":284,"like_count":3513,"quote_count":14},"id":"1465413034223013900","text":"@WholeMarsBlog Acid test for new interface is use it for 2 weeks &amp; see if you still want old version. After using yoke for few weeks, I didn’t want wheel.","created_at":"2021-11-29T20:11:08.000Z"},{"public_metrics":{"retweet_count":325,"reply_count":760,"like_count":10850,"quote_count":31},"id":"1465411822681575441","text":"@WholeMarsBlog Yoke allows unobstructed view of the screen","created_at":"2021-11-29T20:06:19.000Z"},{"public_metrics":{"retweet_count":373,"reply_count":643,"like_count":7807,"quote_count":138},"id":"1465389196613455877","text":"@TrungTPhan A lot has happened in 8 years","created_at":"2021-11-29T18:36:24.000Z"},{"public_metrics":{"retweet_count":23502,"reply_count":3919,"like_count":120952,"quote_count":2409},"id":"1465386361012297731","text":"@patrickc @ashleevance @paraga USA benefits greatly from Indian talent!","created_at":"2021-11-29T18:25:08.000Z"},{"public_metrics":{"retweet_count":405,"reply_count":664,"like_count":9417,"quote_count":43},"id":"1465383640578379777","text":"@Teslarati @ResidentSponge It will still be very intense, just slightly less than in the past","created_at":"2021-11-29T18:14:20.000Z"},{"public_metrics":{"retweet_count":2458,"reply_count":2071,"like_count":43028,"quote_count":169},"id":"1465143900574785540","text":"@SawyerMerritt This is true. Also, Tesla employees get health insurance, stock &amp; other benefits.","created_at":"2021-11-29T02:21:41.000Z"},{"public_metrics":{"retweet_count":137,"reply_count":364,"like_count":4213,"quote_count":19},"id":"1465043882618540045","text":"@dciuzio @JonErlichman @SpacGuru \uD83E\uDD23","created_at":"2021-11-28T19:44:15.000Z"},{"public_metrics":{"retweet_count":1074,"reply_count":1734,"like_count":48100,"quote_count":100},"id":"1464706955130269702","text":"@lexfridman Nice","created_at":"2021-11-27T21:25:25.000Z"},{"public_metrics":{"retweet_count":1369,"reply_count":1382,"like_count":25182,"quote_count":96},"id":"1464507751262875651","text":"@WholeMarsBlog The most ironic outcome is the most likely","created_at":"2021-11-27T08:13:51.000Z"},{"public_metrics":{"retweet_count":116,"reply_count":270,"like_count":2811,"quote_count":16},"id":"1464507322114342912","text":"@EvaFoxU @teslaownersSV Yeah","created_at":"2021-11-27T08:12:09.000Z"},{"public_metrics":{"retweet_count":301,"reply_count":401,"like_count":4841,"quote_count":42},"id":"1464506658520899592","text":"@teslaownersSV Hypothetically, if they did make lots of electric cars, then they would be the leader","created_at":"2021-11-27T08:09:31.000Z"},{"public_metrics":{"retweet_count":134,"reply_count":283,"like_count":2836,"quote_count":13},"id":"1464423352295165954","text":"@mdad8200 @existentialcoms Exactly","created_at":"2021-11-27T02:38:29.000Z"},{"public_metrics":{"retweet_count":311,"reply_count":358,"like_count":3222,"quote_count":19},"id":"1464419275398123526","text":"@mishaboar Good thread","created_at":"2021-11-27T02:22:17.000Z"},{"public_metrics":{"retweet_count":573,"reply_count":651,"like_count":17507,"quote_count":45},"id":"1464398343103258628","text":"@WholeMarsBlog Figuratively &amp; literally","created_at":"2021-11-27T00:59:06.000Z"},{"public_metrics":{"retweet_count":204,"reply_count":315,"like_count":5667,"quote_count":16},"id":"1464395375469600777","text":"@todd_gleason @kimpaquette Yup","created_at":"2021-11-27T00:47:19.000Z"},{"public_metrics":{"retweet_count":653,"reply_count":529,"like_count":10923,"quote_count":72},"id":"1464394944395857920","text":"@ajtourville We learned our lesson with $465M DoE loan received in 2010/2011 – onerous terms exceed value of money received. That’s why we paid it back so early, despite an early repayment penalty.","created_at":"2021-11-27T00:45:36.000Z"},{"public_metrics":{"retweet_count":1842,"reply_count":1544,"like_count":40848,"quote_count":154},"id":"1464393595146878976","text":"@kimpaquette Must be nice living in Cloud Cuckoo Land","created_at":"2021-11-27T00:40:14.000Z"},{"public_metrics":{"retweet_count":850,"reply_count":1105,"like_count":14134,"quote_count":117},"id":"1464315008322576385","text":"@timetravelart Maybe drive an upright Falcon 9 past the White House flying a giant Stars &amp; Stripes with a marching band playing “I can see clearly now”?","created_at":"2021-11-26T19:27:58.000Z"},{"public_metrics":{"retweet_count":581,"reply_count":743,"like_count":24814,"quote_count":26},"id":"1464313451526959110","text":"@PPathole @SpaceX That’s our initial interstage design that we scrapped","created_at":"2021-11-26T19:21:47.000Z"},{"public_metrics":{"retweet_count":397,"reply_count":448,"like_count":5275,"quote_count":81},"id":"1464221594881081350","text":"@existentialcoms Combined Tesla+SpaceX market cap is now over $1.2T, which means “$4.9B” is less than 0.4% of combined company value","created_at":"2021-11-26T13:16:46.000Z"},{"public_metrics":{"retweet_count":1871,"reply_count":1177,"like_count":23565,"quote_count":208},"id":"1464215665380892678","text":"@marenkahnert @Kristennetten @RationalEtienne @FalkenSchwer @NuovaRealta @PPathole @WholeMarsBlog @EvaFoxU @Tesla It has always been Tesla’s view that all subsidies should be eliminated, but that must include the massive subsidies for oil &amp; gas. \n\nFor some reason, governments don’t want to do that …","created_at":"2021-11-26T12:53:13.000Z"},{"public_metrics":{"retweet_count":140,"reply_count":351,"like_count":2889,"quote_count":13},"id":"1464016169040584707","text":"@ID_AA_Carmack Great speech, couldn’t agree more!","created_at":"2021-11-25T23:40:29.000Z"},{"public_metrics":{"retweet_count":160,"reply_count":278,"like_count":3752,"quote_count":11},"id":"1464012616792219648","text":"@teslaownersSV Great, hope yours is too!","created_at":"2021-11-25T23:26:22.000Z"},{"public_metrics":{"retweet_count":235,"reply_count":398,"like_count":8023,"quote_count":18},"id":"1464012344120512517","text":"@teslaownersSV Haha true","created_at":"2021-11-25T23:25:17.000Z"},{"public_metrics":{"retweet_count":476,"reply_count":787,"like_count":15414,"quote_count":32},"id":"1464000520616558592","text":"@GailAlfarATX @SpaceX @RGVaerialphotos @cnunezimages @kanyewest @SciGuySpace @Erdayastronaut @dogecoin @BillyM2k @austinbarnard45 @NASA Absolutely!","created_at":"2021-11-25T22:38:18.000Z"},{"public_metrics":{"retweet_count":18339,"reply_count":35830,"like_count":331932,"quote_count":1219},"id":"1463959830142586890","text":"Happy Thanksgiving to all! Hope you have a great day. \n\nYour support over the years is super appreciated \uD83D\uDE00","created_at":"2021-11-25T19:56:37.000Z"},{"public_metrics":{"retweet_count":418,"reply_count":1173,"like_count":12807,"quote_count":35},"id":"1463959410624151558","text":"@Teslarati @ResidentSponge Seriously!!??","created_at":"2021-11-25T19:54:57.000Z"},{"public_metrics":{"retweet_count":22255,"reply_count":13381,"like_count":212258,"quote_count":1588},"id":"1463828765151272962","text":"Avenge the dinosaurs!! https://t.co/knL2pFLGzF","created_at":"2021-11-25T11:15:48.000Z"},{"public_metrics":{"retweet_count":764,"reply_count":1171,"like_count":17112,"quote_count":106},"id":"1463798473376079874","text":"@rice_fry Why watch it happen instead of helping making it happen?","created_at":"2021-11-25T09:15:26.000Z"},{"public_metrics":{"retweet_count":252,"reply_count":623,"like_count":10065,"quote_count":20},"id":"1463798210766557188","text":"@BLKMDL3 @Tesla Sorry it took so long","created_at":"2021-11-25T09:14:24.000Z"},{"public_metrics":{"retweet_count":429,"reply_count":831,"like_count":12321,"quote_count":39},"id":"1463736587813064704","text":"@TeslaNY Jay rocks!","created_at":"2021-11-25T05:09:32.000Z"},{"public_metrics":{"retweet_count":72,"reply_count":263,"like_count":1842,"quote_count":14},"id":"1463712196152729604","text":"@jchybow @28delayslater \uD83E\uDD23","created_at":"2021-11-25T03:32:36.000Z"},{"public_metrics":{"retweet_count":163,"reply_count":453,"like_count":5865,"quote_count":21},"id":"1463703673045925890","text":"@teslainventory Yes","created_at":"2021-11-25T02:58:44.000Z"},{"public_metrics":{"retweet_count":467,"reply_count":719,"like_count":9886,"quote_count":37},"id":"1463685709512982528","text":"@BillyM2k @lexfridman Same","created_at":"2021-11-25T01:47:21.000Z"},{"public_metrics":{"retweet_count":639,"reply_count":644,"like_count":6214,"quote_count":52},"id":"1463682669372481543","text":"@BillyM2k @WSBChairman @joannabanananaa @dogeofficialceo @GailAlfarATX @Kristennetten @greg16676935420 @StonksReddit @mishaboar @DogecoinNorway @suchHODL \uD83D\uDD25\uD83D\uDD25","created_at":"2021-11-25T01:35:16.000Z"},{"public_metrics":{"retweet_count":696,"reply_count":962,"like_count":20636,"quote_count":44},"id":"1463619414411067392","text":"@SawyerMerritt Such miracles are beyond us","created_at":"2021-11-24T21:23:55.000Z"},{"public_metrics":{"retweet_count":683,"reply_count":626,"like_count":5498,"quote_count":77},"id":"1463562289643151360","text":"@PPathole @Teslarati @13ericralph31 If we are able to make life self-sustaining on Mars, we will have passed one of the greatest filters. That then sets us up to become interstellar.\n\nEarth is ~4.5B years old, but life is still not multiplanetary and it is extremely uncertain how much time is left to become so.","created_at":"2021-11-24T17:36:56.000Z"},{"public_metrics":{"retweet_count":288,"reply_count":624,"like_count":5697,"quote_count":58},"id":"1463560260397027333","text":"@gurgavin https://t.co/MRxBaMhspM","created_at":"2021-11-24T17:28:52.000Z"},{"public_metrics":{"retweet_count":415,"reply_count":672,"like_count":16701,"quote_count":30},"id":"1463549535804968962","text":"@engineers_feed \uD83E\uDD23","created_at":"2021-11-24T16:46:15.000Z"},{"public_metrics":{"retweet_count":444,"reply_count":536,"like_count":5589,"quote_count":62},"id":"1463548549271015434","text":"@Teslarati @13ericralph31 Earth has been and will be smashed super hard by meteors over time. Not a question of if, just when.","created_at":"2021-11-24T16:42:20.000Z"},{"public_metrics":{"retweet_count":255,"reply_count":159,"like_count":3526,"quote_count":20},"id":"1463547958343913476","text":"@Teslarati @13ericralph31 In 1992, comet Shoemaker-Levy smashed a hole in Jupiter the size of Earth https://t.co/nruaHoSIAQ","created_at":"2021-11-24T16:39:59.000Z"},{"public_metrics":{"retweet_count":692,"reply_count":541,"like_count":9829,"quote_count":57},"id":"1463547108510867466","text":"@Teslarati @13ericralph31 This will be really important one day. \n\nMuch is made of meteor impacts that destroyed most life on Earth, but there were far more that “merely” destroyed a continent. \n\nComets (not asteroids) are the real wild card, as we’re only able to track ~4600 out of  ~1 trillion.","created_at":"2021-11-24T16:36:36.000Z"},{"public_metrics":{"retweet_count":6469,"reply_count":0,"like_count":0,"quote_count":0},"id":"1463536507537526787","text":"RT @SpaceX: More photos from last night's Falcon 9 launch of @NASA's double asteroid redirection test → https://t.co/2ebfOrwNZZ https://t.c…","created_at":"2021-11-24T15:54:29.000Z"},{"public_metrics":{"retweet_count":5666,"reply_count":0,"like_count":0,"quote_count":0},"id":"1463407114605449217","text":"RT @SpaceX: Deployment confirmed, @NASA’s DART is on its way to redirect an asteroid https://t.co/UTxkcJFcq0","created_at":"2021-11-24T07:20:19.000Z"},{"public_metrics":{"retweet_count":5022,"reply_count":0,"like_count":0,"quote_count":0},"id":"1463396090338856960","text":"RT @SpaceX: Watch Falcon 9 launch @NASA’s DART mission – humanity’s first planetary defense test to redirect an asteroid https://t.co/bJFjL…","created_at":"2021-11-24T06:36:31.000Z"},{"public_metrics":{"retweet_count":8071,"reply_count":6971,"like_count":89745,"quote_count":855},"id":"1463389553155260423","text":"About to launch asteroid defense test! https://t.co/Wl4FGlHnVg","created_at":"2021-11-24T06:10:32.000Z"},{"public_metrics":{"retweet_count":167,"reply_count":426,"like_count":3056,"quote_count":15},"id":"1463384032192999431","text":"@Manic_Marge That is the great question","created_at":"2021-11-24T05:48:36.000Z"},{"public_metrics":{"retweet_count":607,"reply_count":860,"like_count":10034,"quote_count":45},"id":"1463369075745341443","text":"@westcoastbill Exactly","created_at":"2021-11-24T04:49:10.000Z"},{"public_metrics":{"retweet_count":337,"reply_count":587,"like_count":11636,"quote_count":23},"id":"1463291252527489029","text":"@thesheetztweetz \uD83D\uDCAF","created_at":"2021-11-23T23:39:55.000Z"},{"public_metrics":{"retweet_count":3665,"reply_count":0,"like_count":0,"quote_count":0},"id":"1463222900622721024","text":"RT @SpaceX: All systems and weather are looking good for tonight’s Falcon 9 launch of @NASA’s DART into an asteroid-intercepting interplane…","created_at":"2021-11-23T19:08:19.000Z"},{"public_metrics":{"retweet_count":323,"reply_count":738,"like_count":12535,"quote_count":23},"id":"1463220220504518665","text":"@WholeMarsBlog Exactly (sigh)","created_at":"2021-11-23T18:57:40.000Z"},{"public_metrics":{"retweet_count":1129,"reply_count":2156,"like_count":14036,"quote_count":109},"id":"1463200622673551366","text":"@cz_binance @CoinDesk @binance @egreechee Sounds good","created_at":"2021-11-23T17:39:48.000Z"},{"public_metrics":{"retweet_count":180,"reply_count":233,"like_count":3305,"quote_count":21},"id":"1463199222895988742","text":"@flcnhvy @WholeMarsBlog It can simulate anywhere, but we need to focus on one region until FSD is out of beta, then expand geographically to have betas in other countries. Canada is not a lot different from US, but different enough.","created_at":"2021-11-23T17:34:14.000Z"},{"public_metrics":{"retweet_count":266,"reply_count":230,"like_count":3248,"quote_count":28},"id":"1463195773810708485","text":"@WholeMarsBlog High-performance code is in C using our own compiler to maximize frame rate. We use Python with custom libraries for fast prototyping, then convert to C for fast execution.\n\nNew software is run against real-world video &amp; our world simulator to evaluate performance, then QA.","created_at":"2021-11-23T17:20:31.000Z"},{"public_metrics":{"retweet_count":2489,"reply_count":3633,"like_count":19892,"quote_count":459},"id":"1463193267336581122","text":"@cz_binance @CoinDesk @binance @egreechee I don’t use Binance (tried at one point, but signup was too many hoops to jump through), so no inconvenience to me personally. Just raising this issue on behalf of other Doge holders.","created_at":"2021-11-23T17:10:34.000Z"},{"public_metrics":{"retweet_count":366,"reply_count":404,"like_count":8075,"quote_count":24},"id":"1463191902140915720","text":"@WholeMarsBlog Our NNs didn’t have any temporal &amp; spatial memory or surround video auto-labeling back then – everything was knitted together in C++ from single frames with manual labeling.\n\nStill much to improve.","created_at":"2021-11-23T17:05:08.000Z"},{"public_metrics":{"retweet_count":1347,"reply_count":1173,"like_count":9198,"quote_count":66},"id":"1463098791414882304","text":"@binance @CoinDesk @egreechee @cz_binance \uD83D\uDC47 https://t.co/h1B8edYHAW","created_at":"2021-11-23T10:55:09.000Z"},{"public_metrics":{"retweet_count":3491,"reply_count":3347,"like_count":22449,"quote_count":358},"id":"1463096278171148290","text":"@binance @CoinDesk @egreechee @cz_binance Doge holders using Binance should be protected from errors that are not their fault","created_at":"2021-11-23T10:45:10.000Z"},{"public_metrics":{"retweet_count":909,"reply_count":945,"like_count":11021,"quote_count":54},"id":"1463090628896694279","text":"@mishaboar Wisdom","created_at":"2021-11-23T10:22:43.000Z"},{"public_metrics":{"retweet_count":4141,"reply_count":4802,"like_count":25706,"quote_count":685},"id":"1463085111600205825","text":"@CoinDesk @binance @egreechee Hey @cz_binance, what’s going on with your Doge customers? Sounds shady.","created_at":"2021-11-23T10:00:48.000Z"},{"public_metrics":{"retweet_count":517,"reply_count":649,"like_count":9461,"quote_count":62},"id":"1463084004794638339","text":"@WholeMarsBlog I was able to do several zero takeover drives around Austin last night using random map pin drops (no Tesla has ever done these routes)","created_at":"2021-11-23T09:56:24.000Z"},{"public_metrics":{"retweet_count":127,"reply_count":220,"like_count":2891,"quote_count":19},"id":"1463082255757287426","text":"@SirineAti @engineers_feed Yes","created_at":"2021-11-23T09:49:27.000Z"},{"public_metrics":{"retweet_count":325,"reply_count":462,"like_count":8622,"quote_count":22},"id":"1463080916432134145","text":"@engineers_feed Hell of a rocket! Probably would have succeeded if Korolev had not died. Hopefully, Starship is more fortunate.","created_at":"2021-11-23T09:44:07.000Z"},{"public_metrics":{"retweet_count":1180,"reply_count":877,"like_count":42672,"quote_count":60},"id":"1463077842992959492","text":"@TrungTPhan \uD83D\uDD25\uD83E\uDD23","created_at":"2021-11-23T09:31:55.000Z"},{"public_metrics":{"retweet_count":490,"reply_count":422,"like_count":10205,"quote_count":21},"id":"1463076736363634689","text":"@scottwww @VP @JoeBiden @POTUS @KamalaHarris @PeteButtigieg And all Model S &amp; X production for the world is still done in America, but who’s counting","created_at":"2021-11-23T09:27:31.000Z"},{"public_metrics":{"retweet_count":342,"reply_count":484,"like_count":8302,"quote_count":24},"id":"1463071989707456513","text":"@Gfilche Giga Texas is epic","created_at":"2021-11-23T09:08:39.000Z"},{"public_metrics":{"retweet_count":725,"reply_count":1071,"like_count":29355,"quote_count":46},"id":"1463048892082180096","text":"@PPathole Ancient times …","created_at":"2021-11-23T07:36:52.000Z"},{"public_metrics":{"retweet_count":435,"reply_count":2085,"like_count":16750,"quote_count":24},"id":"1462905842391568388","text":"@WholeMarsBlog True","created_at":"2021-11-22T22:08:26.000Z"},{"public_metrics":{"retweet_count":1111,"reply_count":1064,"like_count":36699,"quote_count":94},"id":"1462898800603893766","text":"@AshleyDCan And I will talk to their manager!","created_at":"2021-11-22T21:40:28.000Z"},{"public_metrics":{"retweet_count":348,"reply_count":525,"like_count":7278,"quote_count":40},"id":"1462890831392690178","text":"@Rainmaker1973 The sheer physicality of changes in the brain during sleep or with serious neurodegenerative diseases is much higher than people realize","created_at":"2021-11-22T21:08:48.000Z"},{"public_metrics":{"retweet_count":165,"reply_count":235,"like_count":2689,"quote_count":17},"id":"1462885540165005314","text":"@billhuang688 @teslaownersSV @boringcompany We do need to have the Fallout-themed party! Aiming to do that once international travel restrictions are lifted.","created_at":"2021-11-22T20:47:46.000Z"},{"public_metrics":{"retweet_count":70,"reply_count":172,"like_count":1857,"quote_count":7},"id":"1462885006465028108","text":"@mickakers @teslaownersSV @boringcompany Meant to say county (sigh). Airport will be part of it, but required additional federal approvals.","created_at":"2021-11-22T20:45:39.000Z"},{"public_metrics":{"retweet_count":1269,"reply_count":1570,"like_count":25950,"quote_count":137},"id":"1462884250320048133","text":"@cleantechnica Transforming America!","created_at":"2021-11-22T20:42:39.000Z"},{"public_metrics":{"retweet_count":1127,"reply_count":2880,"like_count":17966,"quote_count":1993},"id":"1462877141981405188","text":"@teslaownersSV @boringcompany It’s either traffic forever or tunnels. Try our first operational tunnel in Vegas at the convention center! The city just approved a full tunnel network, connecting major hotels, convention center &amp; airport.","created_at":"2021-11-22T20:14:24.000Z"},{"public_metrics":{"retweet_count":233,"reply_count":756,"like_count":7157,"quote_count":23},"id":"1462853402375954434","text":"@Rainmaker1973 Interesting eyes too","created_at":"2021-11-22T18:40:04.000Z"},{"public_metrics":{"retweet_count":246,"reply_count":224,"like_count":5571,"quote_count":18},"id":"1462848820275032086","text":"@ErcXspace @NASASpaceflight @SpaceX Long-term, ship would land on tower arms, like booster","created_at":"2021-11-22T18:21:51.000Z"},{"public_metrics":{"retweet_count":474,"reply_count":384,"like_count":13616,"quote_count":33},"id":"1462848657766731783","text":"@ErcXspace @NASASpaceflight @SpaceX Unlikely for early ships to splashdown intact. Getting to orbit at all on first try would be a major win.","created_at":"2021-11-22T18:21:13.000Z"},{"public_metrics":{"retweet_count":272,"reply_count":515,"like_count":6004,"quote_count":16},"id":"1462843164591628294","text":"@BillyM2k @WholeMarsBlog \uD83E\uDD23","created_at":"2021-11-22T17:59:23.000Z"},{"public_metrics":{"retweet_count":1709,"reply_count":1221,"like_count":46560,"quote_count":121},"id":"1462839824105234432","text":"@WholeMarsBlog Serious allegations deserve serious responses \uD83E\uDDD0","created_at":"2021-11-22T17:46:06.000Z"},{"public_metrics":{"retweet_count":187,"reply_count":577,"like_count":4961,"quote_count":38},"id":"1462679109952282627","text":"@JayinShanghai Probably around March","created_at":"2021-11-22T07:07:29.000Z"},{"public_metrics":{"retweet_count":239,"reply_count":529,"like_count":12269,"quote_count":20},"id":"1462659198609674243","text":"@lexfridman \uD83E\uDD23","created_at":"2021-11-22T05:48:22.000Z"},{"public_metrics":{"retweet_count":1804,"reply_count":5144,"like_count":64686,"quote_count":154},"id":"1462653836800180231","text":"It gives me solace","created_at":"2021-11-22T05:27:04.000Z"},{"public_metrics":{"retweet_count":16346,"reply_count":24098,"like_count":263901,"quote_count":3449},"id":"1462652210739884035","text":"At least 50% of my tweets were made on a porcelain throne","created_at":"2021-11-22T05:20:36.000Z"},{"public_metrics":{"retweet_count":5458,"reply_count":12277,"like_count":135970,"quote_count":609},"id":"1462650961105670148","text":"Model S Plaid is sickkkk!!!!","created_at":"2021-11-22T05:15:38.000Z"},{"public_metrics":{"retweet_count":261,"reply_count":310,"like_count":5965,"quote_count":13},"id":"1462650378294599683","text":"@BillyM2k @DavidSacks \uD83E\uDD23","created_at":"2021-11-22T05:13:19.000Z"},{"public_metrics":{"retweet_count":9666,"reply_count":17114,"like_count":171106,"quote_count":2227},"id":"1462642282746765321","text":"I aspire to comedy","created_at":"2021-11-22T04:41:09.000Z"},{"public_metrics":{"retweet_count":1095,"reply_count":1032,"like_count":14265,"quote_count":139},"id":"1462639558059769866","text":"@DavidSacks Let’s see if we can get them to say the word “Tesla”!","created_at":"2021-11-22T04:30:19.000Z"},{"public_metrics":{"retweet_count":129,"reply_count":260,"like_count":2012,"quote_count":20},"id":"1462639200201752577","text":"@PPathole @theroland King of the who!? https://t.co/UJq94IWT88","created_at":"2021-11-22T04:28:54.000Z"},{"public_metrics":{"retweet_count":1492,"reply_count":853,"like_count":27611,"quote_count":120},"id":"1462637670530797576","text":"@DavidSacks Maybe they are NPCs and Tesla just isn’t in their dialogue tree?","created_at":"2021-11-22T04:22:49.000Z"},{"public_metrics":{"retweet_count":85,"reply_count":143,"like_count":1837,"quote_count":11},"id":"1462635761052925957","text":"@theroland Or perhaps some cheese \uD83E\uDDC0 https://t.co/ybRiBp1kkP","created_at":"2021-11-22T04:15:14.000Z"},{"public_metrics":{"retweet_count":214,"reply_count":407,"like_count":5469,"quote_count":27},"id":"1462633625866977285","text":"@theroland It’s like if you want to buy a parrot \uD83E\uDD9C https://t.co/ocOdzsgnWn","created_at":"2021-11-22T04:06:45.000Z"},{"public_metrics":{"retweet_count":7085,"reply_count":1684,"like_count":29218,"quote_count":501},"id":"1462602564457873410","text":"@laurenboebert @Apple The IRS already has dedicated audit teams for high net worth individuals. \n\nThe doubling of staff is for everyone else.","created_at":"2021-11-22T02:03:19.000Z"},{"public_metrics":{"retweet_count":411,"reply_count":491,"like_count":5991,"quote_count":43},"id":"1462546740331040781","text":"@teslaownersSV @jasontallman @YouTube I bounce around WSJ, NYT, BBC, Bloomberg, WaPo &amp; twitter generally. \n\nBetter to follow individual journalists than publications, as there is a wide range of quality.","created_at":"2021-11-21T22:21:30.000Z"},{"public_metrics":{"retweet_count":402,"reply_count":230,"like_count":3632,"quote_count":49},"id":"1462544927716303047","text":"@jasontallman @YouTube I like the new direction CNN is going tho https://t.co/IxbsXn2Car","created_at":"2021-11-21T22:14:18.000Z"}],"meta":{"oldest_id":"1462544927716303047","newest_id":"1465468742570229767","result_count":100,"next_token":"7140dibdnow9c7btw3z3apdgd40jxx99rha5nx0w7wdo7"}}