{"data":[{"id":"1454320303190863872","text":"@PPathole \uD83E\uDD23","created_at":"2021-10-30T05:32:34.000Z","public_metrics":{"retweet_count":504,"reply_count":1338,"like_count":16775,"quote_count":31}},{"id":"1454315225197400067","text":"RT @SpaceX: Crew-3 astronauts, SpaceX, and @NASA completed a full rehearsal of launch day activities https://t.co/6SxIhIkT8M","created_at":"2021-10-30T05:12:24.000Z","public_metrics":{"retweet_count":3926,"reply_count":0,"like_count":0,"quote_count":0}},{"id":"1454268228490850309","text":"@nichegamer https://t.co/OtHRWEbDeq","created_at":"2021-10-30T02:05:39.000Z","public_metrics":{"retweet_count":2183,"reply_count":1231,"like_count":17794,"quote_count":303}},{"id":"1454263742061957121","text":"@Helloimmorgan What gave it away!?","created_at":"2021-10-30T01:47:49.000Z","public_metrics":{"retweet_count":895,"reply_count":1676,"like_count":28429,"quote_count":91}},{"id":"1454253531968507904","text":"@InsideEVs Thanks on behalf of Tesla","created_at":"2021-10-30T01:07:15.000Z","public_metrics":{"retweet_count":445,"reply_count":639,"like_count":11525,"quote_count":25}},{"id":"1454131673172480005","text":"@kimpaquette Unfortunately, yes","created_at":"2021-10-29T17:03:02.000Z","public_metrics":{"retweet_count":370,"reply_count":938,"like_count":11618,"quote_count":25}},{"id":"1454130330265341952","text":"@EvaFoxU “A culture of corruption” – his words","created_at":"2021-10-29T16:57:41.000Z","public_metrics":{"retweet_count":350,"reply_count":396,"like_count":4995,"quote_count":23}},{"id":"1454130033132507139","text":"@EvaFoxU https://t.co/xtiaBEY9Rw","created_at":"2021-10-29T16:56:30.000Z","public_metrics":{"retweet_count":379,"reply_count":262,"like_count":3547,"quote_count":24}},{"id":"1454117500803747843","text":"@KingManninen Nope, T is def first","created_at":"2021-10-29T16:06:43.000Z","public_metrics":{"retweet_count":535,"reply_count":1292,"like_count":27729,"quote_count":119}},{"id":"1454115829193261062","text":"@ray4tesla “Tesla Hertz Shorts”","created_at":"2021-10-29T16:00:04.000Z","public_metrics":{"retweet_count":1242,"reply_count":1240,"like_count":24306,"quote_count":190}},{"id":"1454102794378567688","text":"RT @SpaceX: Falcon 9 and Dragon are looking good for Sunday morning’s launch. Weather forecast is 80% favorable for liftoff, while teams ar…","created_at":"2021-10-29T15:08:16.000Z","public_metrics":{"retweet_count":4102,"reply_count":0,"like_count":0,"quote_count":0}},{"id":"1453973981195685890","text":"Universally admired","created_at":"2021-10-29T06:36:25.000Z","public_metrics":{"retweet_count":3703,"reply_count":5394,"like_count":136640,"quote_count":217}},{"id":"1453973728300134416","text":"@stevenmarkryan Obv","created_at":"2021-10-29T06:35:25.000Z","public_metrics":{"retweet_count":477,"reply_count":802,"like_count":24602,"quote_count":131}},{"id":"1453973348950568978","text":"@nichegamer That would rock","created_at":"2021-10-29T06:33:54.000Z","public_metrics":{"retweet_count":152,"reply_count":321,"like_count":3660,"quote_count":22}},{"id":"1453955363263291394","text":"It will have epic merch","created_at":"2021-10-29T05:22:26.000Z","public_metrics":{"retweet_count":5926,"reply_count":6577,"like_count":195502,"quote_count":616}},{"id":"1453954994546229253","text":"Am thinking of starting new university:\nTexas Institute of Technology &amp; Science","created_at":"2021-10-29T05:20:58.000Z","public_metrics":{"retweet_count":56065,"reply_count":56616,"like_count":634787,"quote_count":18463}},{"id":"1453952826846035974","text":"@Rainmaker1973 We are so fluffy compared to a neutron star","created_at":"2021-10-29T05:12:21.000Z","public_metrics":{"retweet_count":367,"reply_count":658,"like_count":8776,"quote_count":34}},{"id":"1453925846662660097","text":"@billhuang688 @daelmor \uD83E\uDD23","created_at":"2021-10-29T03:25:09.000Z","public_metrics":{"retweet_count":390,"reply_count":726,"like_count":14082,"quote_count":21}},{"id":"1453918742723928066","text":"@SawyerMerritt We basically stole our product roadmap from Spaceballs","created_at":"2021-10-29T02:56:55.000Z","public_metrics":{"retweet_count":1150,"reply_count":1390,"like_count":24479,"quote_count":107}},{"id":"1453852886933377028","text":"@cnunezimages @SpaceX @SpaceIntellige3 Gateway to Mars","created_at":"2021-10-28T22:35:14.000Z","public_metrics":{"retweet_count":743,"reply_count":1393,"like_count":12245,"quote_count":56}},{"id":"1453839051379724289","text":"@BillyM2k \uD83D\uDCAF","created_at":"2021-10-28T21:40:15.000Z","public_metrics":{"retweet_count":2192,"reply_count":2930,"like_count":47383,"quote_count":123}},{"id":"1453777574627352580","text":"@teslaownersSV @Teslarati @ResidentSponge Tesla always pays its debts","created_at":"2021-10-28T17:35:58.000Z","public_metrics":{"retweet_count":661,"reply_count":931,"like_count":7733,"quote_count":61}},{"id":"1453777128240160772","text":"@Rainmaker1973 Cover story for Godzilla obv","created_at":"2021-10-28T17:34:11.000Z","public_metrics":{"retweet_count":1180,"reply_count":2211,"like_count":12637,"quote_count":126}},{"id":"1453767462886023172","text":"@TheBabylonBee “Tax experts said they're not sure if claiming unrealized donations is legal, but admitted it's all very confusing, as the government is printing fake money and taxing nonexistent profits and nothing is real anymore.” \uD83E\uDD23\uD83E\uDD23","created_at":"2021-10-28T16:55:47.000Z","public_metrics":{"retweet_count":2429,"reply_count":917,"like_count":17434,"quote_count":163}},{"id":"1453751944393240587","text":"@atNickVega @CNBCMakeIt Thanks for your support over the year @jayleno!","created_at":"2021-10-28T15:54:07.000Z","public_metrics":{"retweet_count":357,"reply_count":477,"like_count":8779,"quote_count":18}},{"id":"1453751634882879489","text":"@ecommerceshares The cemetery of automotive startups over the past century is very large &amp; will get larger. Tesla &amp; Ford are the only American car companies that haven’t gone bankrupt.","created_at":"2021-10-28T15:52:53.000Z","public_metrics":{"retweet_count":1009,"reply_count":1005,"like_count":18720,"quote_count":91}},{"id":"1453749702118232064","text":"RT @SpaceX: Timelapse of Falcon 9 and Dragon going vertical https://t.co/WEp20JfU9t","created_at":"2021-10-28T15:45:13.000Z","public_metrics":{"retweet_count":6310,"reply_count":0,"like_count":0,"quote_count":0}},{"id":"1453746735285739527","text":"@TeslaHype @Teslarati @ResidentSponge Indeed, US taxpayers actually profited from the Tesla loan","created_at":"2021-10-28T15:33:25.000Z","public_metrics":{"retweet_count":353,"reply_count":248,"like_count":4217,"quote_count":30}},{"id":"1453745946395824136","text":"@Teslarati @ResidentSponge GM &amp; Chrysler were bailed out (money never repaid), but Tesla was not.\n\nCrucial Tesla investment actually came from Daimler in 2009, from which they did very well.\n\nTesla received govt energy efficiency loan in 2010, by which time capital markets reopened. Loan was repaid early.","created_at":"2021-10-28T15:30:17.000Z","public_metrics":{"retweet_count":1282,"reply_count":607,"like_count":12294,"quote_count":107}},{"id":"1453590715267788803","text":"@wapodavenport My plan is to use the money to get humanity to Mars and preserve the light of consciousness","created_at":"2021-10-28T05:13:27.000Z","public_metrics":{"retweet_count":2562,"reply_count":6721,"like_count":21137,"quote_count":3441}},{"id":"1453506009750704128","text":"RT @SpaceX: Falcon 9 and Dragon vertical on Launch Complex 39A https://t.co/niQOr2lpZQ","created_at":"2021-10-27T23:36:52.000Z","public_metrics":{"retweet_count":5016,"reply_count":0,"like_count":0,"quote_count":0}},{"id":"1453505001196826630","text":"@wapodavenport US Federal Debt/GDP was 56% in 2000, now it is 126% &amp; climbing fast","created_at":"2021-10-27T23:32:51.000Z","public_metrics":{"retweet_count":2383,"reply_count":1217,"like_count":15893,"quote_count":247}},{"id":"1453500909120544774","text":"@dogeofficialceo @wapodavenport \uD83E\uDD23","created_at":"2021-10-27T23:16:36.000Z","public_metrics":{"retweet_count":201,"reply_count":573,"like_count":4187,"quote_count":19}},{"id":"1453479688832180228","text":"@wapodavenport US national debt is ~$28,900 billion or ~$229k per taxpayer.\n\nEven taxing all “billionaires” at 100% would only make a small dent in that number, so obviously the rest must come from the general public. This is basic math.\n\nSpending is the real problem.\n\nhttps://t.co/1EwWyqdVsT","created_at":"2021-10-27T21:52:16.000Z","public_metrics":{"retweet_count":7323,"reply_count":3772,"like_count":35185,"quote_count":1957}},{"id":"1453476798029869056","text":"@tesla_raj \uD83D\uDC7B","created_at":"2021-10-27T21:40:47.000Z","public_metrics":{"retweet_count":240,"reply_count":572,"like_count":5245,"quote_count":90}},{"id":"1453476666379014154","text":"@tesla_raj You can also talk through the car speaker. Great for practical jokes :)","created_at":"2021-10-27T21:40:16.000Z","public_metrics":{"retweet_count":1046,"reply_count":1418,"like_count":33382,"quote_count":116}},{"id":"1453475032253014019","text":"@jgrano305 @WholeMarsBlog Tentative plan is 98 &amp; above starts uploading Friday afternoon next week.\n\nIf we see any concerns, uploads will pause while we investigate, so might take a few days before everyone with 98 safety gets beta 10.4.\n\n10.4 improves left turns across fast traffic &amp; stopping for gates.","created_at":"2021-10-27T21:33:46.000Z","public_metrics":{"retweet_count":216,"reply_count":467,"like_count":3218,"quote_count":58}},{"id":"1453473174453198849","text":"@WholeMarsBlog FSD/AI team is doing great work. Will get superhuman good in upcoming releases. \n\nNote, we will slow down upload rate of releases going forward. First from QA fleet to employee cars for a day, then slowly releasing at ~1000 cars/hr to external beta on Friday aft.","created_at":"2021-10-27T21:26:23.000Z","public_metrics":{"retweet_count":386,"reply_count":413,"like_count":5397,"quote_count":53}},{"id":"1453469350367801346","text":"@pinkocat1 @WR4NYGov @RBReich @POTUS \uD83D\uDCAF","created_at":"2021-10-27T21:11:11.000Z","public_metrics":{"retweet_count":76,"reply_count":254,"like_count":1839,"quote_count":9}},{"id":"1453460336116477964","text":"@JayinShanghai That math is incorrect, but still a lot of devices per second! \n\nI guess if Tesla can reach 20M cars/year, that would be one every ~1.5 seconds!","created_at":"2021-10-27T20:35:22.000Z","public_metrics":{"retweet_count":537,"reply_count":766,"like_count":10199,"quote_count":51}},{"id":"1453458800241958916","text":"@wapodavenport According to their own estimates, this tax only covers ~10% of the $3.5 trillion spending bill. \n\nWhere will the other 90% come from? \n\nThe answer is you.","created_at":"2021-10-27T20:29:16.000Z","public_metrics":{"retweet_count":3411,"reply_count":1382,"like_count":18927,"quote_count":664}},{"id":"1453418189862342660","text":"@BillyM2k If I send you 2 Doge, will you promise to send me 1 Doge?","created_at":"2021-10-27T17:47:54.000Z","public_metrics":{"retweet_count":6380,"reply_count":11086,"like_count":47792,"quote_count":747}},{"id":"1453179168427057152","text":"RT @AstroMarshburn: Endurance has arrived at the Hangar! We can’t wait to ride this @SpaceX Dragon to the @Space_Station in a few days… htt…","created_at":"2021-10-27T01:58:07.000Z","public_metrics":{"retweet_count":3401,"reply_count":0,"like_count":0,"quote_count":0}},{"id":"1453166769120612360","text":"@teslaownersSV Wow, 13 years ago","created_at":"2021-10-27T01:08:50.000Z","public_metrics":{"retweet_count":595,"reply_count":1216,"like_count":11977,"quote_count":53}},{"id":"1453103146469707776","text":"@TheBabylonBee I feel like this has happened at Tesla a few times","created_at":"2021-10-26T20:56:02.000Z","public_metrics":{"retweet_count":537,"reply_count":1268,"like_count":14121,"quote_count":65}},{"id":"1453051073019658245","text":"@MorningBrew I kinda like avocado toast &amp; pro level coffee tbh :) Starbase cuisine does an amazing job with those.","created_at":"2021-10-26T17:29:06.000Z","public_metrics":{"retweet_count":783,"reply_count":1276,"like_count":19675,"quote_count":135}},{"id":"1452982405090926600","text":"@QuantaMagazine Another way of saying we’re in a simulation","created_at":"2021-10-26T12:56:15.000Z","public_metrics":{"retweet_count":1177,"reply_count":1898,"like_count":17356,"quote_count":118}},{"id":"1452976991196655619","text":"@PPathole @Tesla Reducing traffic fatalities by 90% seems likely, perhaps ultimately by over 99%","created_at":"2021-10-26T12:34:44.000Z","public_metrics":{"retweet_count":454,"reply_count":536,"like_count":5871,"quote_count":79}},{"id":"1452973100258234371","text":"@Tesla This is more important than it may seem at first","created_at":"2021-10-26T12:19:16.000Z","public_metrics":{"retweet_count":1364,"reply_count":1845,"like_count":25701,"quote_count":93}},{"id":"1452971377225576450","text":"@LudaLisl @sat1 @Hertz Also, Tesla will soon be a German car manufacturer.","created_at":"2021-10-26T12:12:25.000Z","public_metrics":{"retweet_count":422,"reply_count":514,"like_count":6699,"quote_count":76}},{"id":"1452970893785894921","text":"@LudaLisl @sat1 @Hertz German car manufacturers will rebound strongly. They possess great talent, which will not sit idle.","created_at":"2021-10-26T12:10:30.000Z","public_metrics":{"retweet_count":258,"reply_count":363,"like_count":4784,"quote_count":44}},{"id":"1452825101972525060","text":"@CathieDWood But the Bee nails it again \uD83E\uDD23\uD83E\uDD23 https://t.co/eTDmxVrYxZ","created_at":"2021-10-26T02:31:11.000Z","public_metrics":{"retweet_count":1262,"reply_count":869,"like_count":10615,"quote_count":120}},{"id":"1452823303186526210","text":"@podcastnotes Who is best at capital allocation – government or entrepreneurs – is indeed what it comes down to. \n\nThe tricksters will conflate capital allocation with consumption.","created_at":"2021-10-26T02:24:02.000Z","public_metrics":{"retweet_count":1776,"reply_count":1941,"like_count":19398,"quote_count":390}},{"id":"1452810533753790472","text":"@JackBox Thanks \uD83D\uDE0E","created_at":"2021-10-26T01:33:17.000Z","public_metrics":{"retweet_count":283,"reply_count":609,"like_count":9419,"quote_count":25}},{"id":"1452809998375993346","text":"@cnunezimages @SpaceX @SpaceIntellige3 Truth is stranger than fiction","created_at":"2021-10-26T01:31:10.000Z","public_metrics":{"retweet_count":325,"reply_count":288,"like_count":4621,"quote_count":27}},{"id":"1452794619410927625","text":"@GerberKawasaki To be clear, cars sold to Hertz have no discount. Same price as to consumers.","created_at":"2021-10-26T00:30:03.000Z","public_metrics":{"retweet_count":1142,"reply_count":715,"like_count":13272,"quote_count":291}},{"id":"1452794178811965450","text":"@CathieDWood I don’t know about long-term, but short-term we are seeing strong inflationary pressure","created_at":"2021-10-26T00:28:18.000Z","public_metrics":{"retweet_count":2369,"reply_count":1772,"like_count":28619,"quote_count":294}},{"id":"1452792781726961668","text":"@RichardMcCrackn @RonWyden @JeffBezos Exactly. Eventually, they run out of other people’s money and then they come for you.","created_at":"2021-10-26T00:22:45.000Z","public_metrics":{"retweet_count":2114,"reply_count":3559,"like_count":14730,"quote_count":1066}},{"id":"1452729527537442821","text":"@Teslarati @KlenderJoey I’d like to express appreciation to Tesla Autopilot engineering &amp; QA for working round the clock all weekend to resolve the problem","created_at":"2021-10-25T20:11:24.000Z","public_metrics":{"retweet_count":566,"reply_count":462,"like_count":9681,"quote_count":58}},{"id":"1452729138758963203","text":"@Teslarati @KlenderJoey Sorry to Tesla beta users for the trouble! Issue turned out to be power saving mode interacting with FSD. \n\nOur internal QA fleet didn’t see this, because cars are constantly in use, so very rarely enter power saving mode. Internal QA will obv test this case going forward.","created_at":"2021-10-25T20:09:51.000Z","public_metrics":{"retweet_count":459,"reply_count":453,"like_count":9205,"quote_count":64}},{"id":"1452727731452588041","text":"@GerberKawasaki Strange that moved valuation, as Tesla is very much a production ramp problem, not a demand problem","created_at":"2021-10-25T20:04:16.000Z","public_metrics":{"retweet_count":1017,"reply_count":1210,"like_count":21548,"quote_count":235}},{"id":"1452726479649914889","text":"Wild $T1mes!","created_at":"2021-10-25T19:59:17.000Z","public_metrics":{"retweet_count":23088,"reply_count":30743,"like_count":260448,"quote_count":2640}},{"id":"1452725026227167236","text":"@coach23life @SawyerMerritt Indeed, this is intended to be useful advice, based on my extremely painful experience, not an attack in any way","created_at":"2021-10-25T19:53:31.000Z","public_metrics":{"retweet_count":160,"reply_count":144,"like_count":3101,"quote_count":11}},{"id":"1452715560513515523","text":"@SawyerMerritt Prototypes are trivial compared to scaling production &amp; supply chain. If those are solved, achieving positive gross margin is the next nightmare. \n\nStarting a second new vehicle line before first is working will divide resources &amp; amplify probability of failure.","created_at":"2021-10-25T19:15:54.000Z","public_metrics":{"retweet_count":660,"reply_count":1287,"like_count":9270,"quote_count":60}},{"id":"1452683841903202304","text":"@kimpaquette @Hertz @TomBrady That feature is coming","created_at":"2021-10-25T17:09:52.000Z","public_metrics":{"retweet_count":504,"reply_count":714,"like_count":7767,"quote_count":80}},{"id":"1452576223620747266","text":"10.3.1 rolling out now","created_at":"2021-10-25T10:02:13.000Z","public_metrics":{"retweet_count":1021,"reply_count":5033,"like_count":19788,"quote_count":208}},{"id":"1452547774386515969","text":"What if ur name is Johnson &amp; u just happen to work at Johnson &amp; Johnson?","created_at":"2021-10-25T08:09:11.000Z","public_metrics":{"retweet_count":2033,"reply_count":4864,"like_count":39250,"quote_count":418}},{"id":"1452546064591040513","text":"Naughtius Maximus https://t.co/sad4sLZT5D","created_at":"2021-10-25T08:02:23.000Z","public_metrics":{"retweet_count":1043,"reply_count":2326,"like_count":20196,"quote_count":140}},{"id":"1452538592845258753","text":"@CryptoWhale Sclerotic democracy","created_at":"2021-10-25T07:32:42.000Z","public_metrics":{"retweet_count":650,"reply_count":691,"like_count":8425,"quote_count":61}},{"id":"1452457749275623425","text":"Although Teams is pretty good","created_at":"2021-10-25T02:11:27.000Z","public_metrics":{"retweet_count":1356,"reply_count":2812,"like_count":47791,"quote_count":285}},{"id":"1452456674070044678","text":"Macrohard &gt;&gt; Microsoft","created_at":"2021-10-25T02:07:11.000Z","public_metrics":{"retweet_count":10610,"reply_count":9817,"like_count":140001,"quote_count":1946}},{"id":"1452452536577925126","text":"@PPathole @Erdayastronaut Raptor 2 has a larger throat diameter, so thrust is ~245 tons at 321 bar","created_at":"2021-10-25T01:50:44.000Z","public_metrics":{"retweet_count":136,"reply_count":162,"like_count":2565,"quote_count":23}},{"id":"1452448005194399748","text":"@PhantomX91 Maybe Optimus will have a cat girl version …","created_at":"2021-10-25T01:32:44.000Z","public_metrics":{"retweet_count":779,"reply_count":810,"like_count":6053,"quote_count":171}},{"id":"1452442007784263682","text":"erotic democracy &gt;&gt; sclerotic democracy","created_at":"2021-10-25T01:08:54.000Z","public_metrics":{"retweet_count":4472,"reply_count":5842,"like_count":65478,"quote_count":493}},{"id":"1452437113673330690","text":"@dear_mmoon @engineers_feed \uD83E\uDD23","created_at":"2021-10-25T00:49:27.000Z","public_metrics":{"retweet_count":141,"reply_count":394,"like_count":3303,"quote_count":17}},{"id":"1452373897366618112","text":"Pop music has both literal &amp; figurative Stockholm Syndrome","created_at":"2021-10-24T20:38:15.000Z","public_metrics":{"retweet_count":6030,"reply_count":9652,"like_count":98058,"quote_count":723}},{"id":"1452353413472215042","text":"@engineers_feed Wasn’t easy","created_at":"2021-10-24T19:16:51.000Z","public_metrics":{"retweet_count":561,"reply_count":971,"like_count":15559,"quote_count":55}},{"id":"1452348126753349640","text":"@ProTheDoge Lots of people I talked to on the production lines at Tesla or building rockets at SpaceX own Doge. They aren’t financial experts or Silicon Valley technologists. That’s why I decided to support Doge – it felt like the people’s crypto.","created_at":"2021-10-24T18:55:51.000Z","public_metrics":{"retweet_count":7338,"reply_count":4195,"like_count":33769,"quote_count":945}},{"id":"1452345284483235841","text":"Seeing some issues with 10.3, so rolling back to 10.2 temporarily. \n\nPlease note, this is to be expected with beta software. It is impossible to test all hardware configs in all conditions with internal QA, hence public beta.","created_at":"2021-10-24T18:44:33.000Z","public_metrics":{"retweet_count":1128,"reply_count":3231,"like_count":23947,"quote_count":413}},{"id":"1452334458066149377","text":"@Filasophical @ShibaInuHodler Out of curiosity, I acquired some ascii hash strings called “Bitcoin, Ethereum &amp; Doge”. That’s it. \n\nAs I’ve said before, don’t bet the farm on crypto! True value is building products &amp; providing services to your fellow human beings, not money in any form.","created_at":"2021-10-24T18:01:32.000Z","public_metrics":{"retweet_count":6372,"reply_count":5563,"like_count":36863,"quote_count":1320}},{"id":"1452332676929761282","text":"@BillyM2k @TeslaGong @mishaboar @DogecoinFdn \uD83D\uDCAF","created_at":"2021-10-24T17:54:27.000Z","public_metrics":{"retweet_count":1215,"reply_count":796,"like_count":8887,"quote_count":50}},{"id":"1452332435266576395","text":"@ShibaInuHodler None","created_at":"2021-10-24T17:53:30.000Z","public_metrics":{"retweet_count":6658,"reply_count":8736,"like_count":49487,"quote_count":2317}},{"id":"1452332044743323654","text":"@itsALLrisky @TeslaGong @mishaboar @DogecoinFdn Possibly. Bitcoin was conceived at a time of relatively low bandwidth &amp; high latency. If both continue to improve substantially, we will reach a point when no second layer is needed.","created_at":"2021-10-24T17:51:57.000Z","public_metrics":{"retweet_count":787,"reply_count":760,"like_count":5488,"quote_count":120}},{"id":"1452330803015335939","text":"@jchybow @WholeMarsBlog We’re working on this issue right now","created_at":"2021-10-24T17:47:01.000Z","public_metrics":{"retweet_count":165,"reply_count":307,"like_count":3609,"quote_count":35}},{"id":"1452328592810160134","text":"@TeslaGong @mishaboar @DogecoinFdn Not recently. What matters imo is lowering fees, decreasing block time &amp; increasing block size. A single layer network with exchanges as de facto layer 2 seems like the simplest solution for a medium of exchange.","created_at":"2021-10-24T17:38:14.000Z","public_metrics":{"retweet_count":589,"reply_count":850,"like_count":3573,"quote_count":212}},{"id":"1452227175634116609","text":"@Kristennetten As requested","created_at":"2021-10-24T10:55:14.000Z","public_metrics":{"retweet_count":248,"reply_count":612,"like_count":5378,"quote_count":26}},{"id":"1452225552031657985","text":"@Erdayastronaut Got to 321 bar before RUD, but cause may be due to oxygen inlet pressure too low, rather than engine issues","created_at":"2021-10-24T10:48:47.000Z","public_metrics":{"retweet_count":265,"reply_count":261,"like_count":6150,"quote_count":27}},{"id":"1452192414840524807","text":"@cleantechnica We live in a gerontocracy","created_at":"2021-10-24T08:37:06.000Z","public_metrics":{"retweet_count":808,"reply_count":1133,"like_count":8622,"quote_count":120}},{"id":"1452185979431833601","text":"@BillyM2k Plus crypto scams haha","created_at":"2021-10-24T08:11:32.000Z","public_metrics":{"retweet_count":1391,"reply_count":2179,"like_count":17582,"quote_count":215}},{"id":"1452074589257883654","text":"@mishaboar @DogecoinFdn Neither Jared, nor me, nor anyone I know has anything to do with this foundation","created_at":"2021-10-24T00:48:54.000Z","public_metrics":{"retweet_count":499,"reply_count":783,"like_count":5138,"quote_count":126}},{"id":"1452069085148295176","text":"RT @SpaceX: Gateway to Mars https://t.co/cej13QdyJP","created_at":"2021-10-24T00:27:02.000Z","public_metrics":{"retweet_count":22504,"reply_count":0,"like_count":0,"quote_count":0}},{"id":"1451923868050939907","text":"Your support makes a big difference! Please let the FAA know your opinion. https://t.co/4T3NaemoCr","created_at":"2021-10-23T14:50:00.000Z","public_metrics":{"retweet_count":6368,"reply_count":8145,"like_count":60375,"quote_count":413}},{"id":"1451908522220863498","text":"@martinbowling Yes","created_at":"2021-10-23T13:49:01.000Z","public_metrics":{"retweet_count":69,"reply_count":265,"like_count":2003,"quote_count":14}},{"id":"1451907229796417542","text":"Regression in some left turns at traffic lights found by internal QA in 10.3. Fix in work, probably releasing tomorrow.","created_at":"2021-10-23T13:43:53.000Z","public_metrics":{"retweet_count":919,"reply_count":2048,"like_count":20100,"quote_count":167}},{"id":"1451639434378678272","text":"@tim_cook Come see the Apple Cloth ™️","created_at":"2021-10-22T19:59:45.000Z","public_metrics":{"retweet_count":3186,"reply_count":2749,"like_count":59790,"quote_count":737}},{"id":"1451623475978833927","text":"@UberFacts *In Dogecoin","created_at":"2021-10-22T18:56:21.000Z","public_metrics":{"retweet_count":10915,"reply_count":6675,"like_count":58846,"quote_count":1400}},{"id":"1451623162249154561","text":"@slashdot Squid Game is Squid Game for ISPs","created_at":"2021-10-22T18:55:06.000Z","public_metrics":{"retweet_count":1051,"reply_count":1687,"like_count":8624,"quote_count":105}},{"id":"1451616888358899736","text":"@nichegamer \uD83E\uDD23","created_at":"2021-10-22T18:30:10.000Z","public_metrics":{"retweet_count":96,"reply_count":214,"like_count":3776,"quote_count":8}},{"id":"1451613752575594506","text":"@engineers_feed Hey QT314 \uD83D\uDE09","created_at":"2021-10-22T18:17:42.000Z","public_metrics":{"retweet_count":943,"reply_count":1172,"like_count":15715,"quote_count":143}},{"id":"1451612930047369219","text":"Starbase under construction https://t.co/cFXJKvYJjY","created_at":"2021-10-22T18:14:26.000Z","public_metrics":{"retweet_count":16295,"reply_count":11469,"like_count":237463,"quote_count":1119}}],"meta":{"oldest_id":"1451612930047369219","newest_id":"1454320303190863872","result_count":100,"next_token":"7140dibdnow9c7btw3z2vhn2yl4vnqjksq3sn65siquyh"}}