{"data":[{"text":"@AstroDebora @archillect Pretty much :)","id":"1448742977229127680","public_metrics":{"retweet_count":144,"reply_count":724,"like_count":4165,"quote_count":20},"created_at":"2021-10-14T20:10:16.000Z"},{"text":"@archillect Fan art is the best","id":"1448742065358073864","public_metrics":{"retweet_count":541,"reply_count":935,"like_count":16960,"quote_count":51},"created_at":"2021-10-14T20:06:39.000Z"},{"text":"@PPathole LASIK has improved so many people’s lives!","id":"1448741766312587264","public_metrics":{"retweet_count":343,"reply_count":934,"like_count":8879,"quote_count":60},"created_at":"2021-10-14T20:05:28.000Z"},{"text":"@nichegamer Great game","id":"1448690735348260864","public_metrics":{"retweet_count":282,"reply_count":1136,"like_count":7315,"quote_count":38},"created_at":"2021-10-14T16:42:41.000Z"},{"text":"@Teslarati @ResidentSponge Haha","id":"1448681402917138442","public_metrics":{"retweet_count":289,"reply_count":555,"like_count":7954,"quote_count":27},"created_at":"2021-10-14T16:05:36.000Z"},{"text":"@blueorigin Congrats, was cool to send @WilliamShatner to space","id":"1448675631852568583","public_metrics":{"retweet_count":486,"reply_count":604,"like_count":10682,"quote_count":53},"created_at":"2021-10-14T15:42:40.000Z"},{"text":"@WR4NYGov @Tesla @LucidMotors @Rivian If it possible to start an EV company without shipping any cars &amp; get a valuation less than a billion dollars!?","id":"1448670626110185476","public_metrics":{"retweet_count":153,"reply_count":279,"like_count":2973,"quote_count":28},"created_at":"2021-10-14T15:22:46.000Z"},{"text":"@Gfilche @WR4NYGov @Tesla @LucidMotors @Rivian I hope they have a high pain tolerance. Scaling production, supply chain, logistics &amp; service is a world of hurt.","id":"1448668939148402698","public_metrics":{"retweet_count":279,"reply_count":323,"like_count":5369,"quote_count":48},"created_at":"2021-10-14T15:16:04.000Z"},{"text":"@andrewkaylor @Gfilche @WR4NYGov @Tesla @LucidMotors @Rivian \uD83E\uDD23","id":"1448668580325756929","public_metrics":{"retweet_count":54,"reply_count":109,"like_count":1857,"quote_count":8},"created_at":"2021-10-14T15:14:39.000Z"},{"text":"@harrison_astro Yes, we are talking to airlines about installing Starlink. Please let them know if you want it on your airliner. \n\nLow latency ~half gigabit connectivity in the air!","id":"1448668361945231362","public_metrics":{"retweet_count":565,"reply_count":609,"like_count":9703,"quote_count":142},"created_at":"2021-10-14T15:13:47.000Z"},{"text":"@WR4NYGov @Tesla @LucidMotors @Rivian These are strange days","id":"1448666292366426115","public_metrics":{"retweet_count":627,"reply_count":701,"like_count":16988,"quote_count":49},"created_at":"2021-10-14T15:05:33.000Z"},{"text":"RT @SpaceX: Crew-3 astronauts test out their flight hardware ahead of launch later this month https://t.co/nRW2mM6MpM","id":"1448573970618327044","public_metrics":{"retweet_count":3993,"reply_count":0,"like_count":0,"quote_count":0},"created_at":"2021-10-14T08:58:42.000Z"},{"text":"@JayinShanghai @brc06 @Tesla @TeslaCharging @teslacn They will","id":"1448569328060624897","public_metrics":{"retweet_count":129,"reply_count":260,"like_count":3052,"quote_count":28},"created_at":"2021-10-14T08:40:15.000Z"},{"text":"@PPathole Many great suggestions in this thread!","id":"1448569229289005056","public_metrics":{"retweet_count":184,"reply_count":298,"like_count":5592,"quote_count":26},"created_at":"2021-10-14T08:39:52.000Z"},{"text":"@1001000_1100100 @PPathole https://t.co/49ec0mw24P","id":"1448567830560002050","public_metrics":{"retweet_count":2291,"reply_count":698,"like_count":30721,"quote_count":2434},"created_at":"2021-10-14T08:34:18.000Z"},{"text":"@PPathole Death Note, Evangelion, Ghost in the Shell, Spirited Away, Princess Mononoke, Full Metal Alchemist, Your Name","id":"1448566282538913798","public_metrics":{"retweet_count":12555,"reply_count":4422,"like_count":98762,"quote_count":12896},"created_at":"2021-10-14T08:28:09.000Z"},{"text":"Can’t wait to be in Genshin Impact \uD83E\uDD23","id":"1448558569922703363","public_metrics":{"retweet_count":34350,"reply_count":16268,"like_count":307890,"quote_count":18476},"created_at":"2021-10-14T07:57:30.000Z"},{"text":"@TeslaClubLA @PhilBrock4SM @SaMoMayor @SaMoManager Hoping to get this done soon","id":"1448530615763099649","public_metrics":{"retweet_count":186,"reply_count":368,"like_count":5203,"quote_count":14},"created_at":"2021-10-14T06:06:25.000Z"},{"text":"@BillyM2k \uD83D\uDCAF","id":"1448480581847633920","public_metrics":{"retweet_count":1403,"reply_count":1070,"like_count":10299,"quote_count":94},"created_at":"2021-10-14T02:47:36.000Z"},{"text":"@BillyM2k \uD83E\uDD23","id":"1448445493936148480","public_metrics":{"retweet_count":977,"reply_count":810,"like_count":14511,"quote_count":49},"created_at":"2021-10-14T00:28:11.000Z"},{"text":"@timetravelart Aspirationally for everyone","id":"1448444132259627012","public_metrics":{"retweet_count":1123,"reply_count":1002,"like_count":38121,"quote_count":63},"created_at":"2021-10-14T00:22:46.000Z"},{"text":"@BillyM2k \uD83D\uDC4D","id":"1448442576827080704","public_metrics":{"retweet_count":1270,"reply_count":784,"like_count":10684,"quote_count":92},"created_at":"2021-10-14T00:16:35.000Z"},{"text":"@NASA @WilliamShatner Godspeed Captain","id":"1448277228194836484","public_metrics":{"retweet_count":2121,"reply_count":1381,"like_count":41248,"quote_count":115},"created_at":"2021-10-13T13:19:33.000Z"},{"text":"@UniverCurious @TechInsider “Lasers”","id":"1448061617715961865","public_metrics":{"retweet_count":191,"reply_count":581,"like_count":4059,"quote_count":26},"created_at":"2021-10-12T23:02:48.000Z"},{"text":"@JeffTutorials @Manic_Marge @Tesla Maybe next week. We’d like to get to 10.3 before expanding the beta.","id":"1448041983973396483","public_metrics":{"retweet_count":181,"reply_count":404,"like_count":2696,"quote_count":64},"created_at":"2021-10-12T21:44:46.000Z"},{"text":"@Manic_Marge @Tesla Always","id":"1448041526551060485","public_metrics":{"retweet_count":175,"reply_count":338,"like_count":5388,"quote_count":17},"created_at":"2021-10-12T21:42:57.000Z"},{"text":"@teslaownersSV @JonErlichman \uD83D\uDE1C","id":"1448041009590542336","public_metrics":{"retweet_count":1744,"reply_count":1665,"like_count":47658,"quote_count":105},"created_at":"2021-10-12T21:40:54.000Z"},{"text":"@coffeetabletsla @alex_avoigt Agreed. Trying to get all the approvals needed to offer insurance is extremely difficult, but it’s coming.","id":"1448038154993213441","public_metrics":{"retweet_count":172,"reply_count":222,"like_count":3126,"quote_count":27},"created_at":"2021-10-12T21:29:34.000Z"},{"text":"@teslaownersSV Production, supply chain &amp; logistics are so hard!","id":"1448021992251301888","public_metrics":{"retweet_count":603,"reply_count":926,"like_count":12646,"quote_count":78},"created_at":"2021-10-12T20:25:20.000Z"},{"text":"@SciGuySpace Yeah","id":"1447812781609209858","public_metrics":{"retweet_count":329,"reply_count":746,"like_count":11583,"quote_count":29},"created_at":"2021-10-12T06:34:00.000Z"},{"text":"@cleantechnica But they should go electric now. Less range, but so easy, quiet &amp; clean.","id":"1447766824121245699","public_metrics":{"retweet_count":225,"reply_count":360,"like_count":3854,"quote_count":22},"created_at":"2021-10-12T03:31:23.000Z"},{"text":"@cleantechnica There is something great about the Cessna 172/182 design","id":"1447766077497389061","public_metrics":{"retweet_count":252,"reply_count":391,"like_count":6173,"quote_count":19},"created_at":"2021-10-12T03:28:25.000Z"},{"text":"@RGVaerialphotos Yeah, on its way (sigh)","id":"1447733819780386819","public_metrics":{"retweet_count":154,"reply_count":297,"like_count":4603,"quote_count":10},"created_at":"2021-10-12T01:20:14.000Z"},{"text":"Starship Launch Site https://t.co/1pNMpc57Q2","id":"1447733010074271748","public_metrics":{"retweet_count":9257,"reply_count":10248,"like_count":112714,"quote_count":876},"created_at":"2021-10-12T01:17:01.000Z"},{"text":"@NakamotoQuotes Beenz, Beenz\nthe musical fruit\nthe more you eat\nthe more you toot","id":"1447716952445575173","public_metrics":{"retweet_count":246,"reply_count":434,"like_count":2961,"quote_count":56},"created_at":"2021-10-12T00:13:13.000Z"},{"text":"@Teslarati @Writer_01001101 All the stairwells currently shown as wood-clad will actually have graffiti","id":"1447615530555170817","public_metrics":{"retweet_count":241,"reply_count":424,"like_count":5100,"quote_count":17},"created_at":"2021-10-11T17:30:12.000Z"},{"text":"@NASASpaceflight Starship is a hard problem","id":"1447610626499497985","public_metrics":{"retweet_count":255,"reply_count":436,"like_count":5335,"quote_count":36},"created_at":"2021-10-11T17:10:43.000Z"},{"text":"@lexfridman Not to mention warm-up latency","id":"1447602353935323136","public_metrics":{"retweet_count":386,"reply_count":767,"like_count":17839,"quote_count":31},"created_at":"2021-10-11T16:37:50.000Z"},{"text":"@WholeMarsBlog Vision became so good that radar actually reduced SNR, so radar was turned off. \n\nHumans drive with eyes &amp; biological neural nets, so makes sense that cameras &amp; silicon neural nets are only way to achieve generalized solution to self-driving.","id":"1447588987317547014","public_metrics":{"retweet_count":517,"reply_count":686,"like_count":6246,"quote_count":112},"created_at":"2021-10-11T15:44:44.000Z"},{"text":"@28delayslater \uD83E\uDD23","id":"1447587130251911169","public_metrics":{"retweet_count":245,"reply_count":508,"like_count":5639,"quote_count":15},"created_at":"2021-10-11T15:37:21.000Z"},{"text":"@matty_mogul @Tesla @karpathy Just want to emphasize this is the work of hundreds of awesome engineers in both software &amp; hardware, over 1000 data analysts &amp; billions of owner miles","id":"1447586873522761732","public_metrics":{"retweet_count":595,"reply_count":317,"like_count":10834,"quote_count":54},"created_at":"2021-10-11T15:36:20.000Z"},{"text":"@CoffeexAnarchy Low occlusion gates are challenging, but should be fixed soon","id":"1447581205407232000","public_metrics":{"retweet_count":70,"reply_count":245,"like_count":1983,"quote_count":12},"created_at":"2021-10-11T15:13:48.000Z"},{"text":"Beta 10.2 now rolling out to cars with 100/100 safety score over 100 miles","id":"1447472059152408578","public_metrics":{"retweet_count":1332,"reply_count":2655,"like_count":27190,"quote_count":150},"created_at":"2021-10-11T08:00:06.000Z"},{"text":"@WholeMarsBlog It will be available in perforated rolls","id":"1447459661821583361","public_metrics":{"retweet_count":170,"reply_count":343,"like_count":4410,"quote_count":27},"created_at":"2021-10-11T07:10:50.000Z"},{"text":"@Papapishu [puff, puff] what if the cure for cancer\n\n[puff, puff] was in the leaf \uD83C\uDF43?? \n\n\uD83E\uDD2F\uD83E\uDD2F","id":"1447458704970764290","public_metrics":{"retweet_count":382,"reply_count":613,"like_count":5230,"quote_count":74},"created_at":"2021-10-11T07:07:02.000Z"},{"text":"@Papapishu \uD83E\uDD23\uD83E\uDD23","id":"1447445534504099842","public_metrics":{"retweet_count":113,"reply_count":248,"like_count":4850,"quote_count":15},"created_at":"2021-10-11T06:14:42.000Z"},{"text":"@WholeMarsBlog It’s coming","id":"1447441366305284098","public_metrics":{"retweet_count":212,"reply_count":400,"like_count":3196,"quote_count":49},"created_at":"2021-10-11T05:58:08.000Z"},{"text":"@BB_BORISBREJCHA @FelixHohagen Thanks for playing Giga Berlin!","id":"1447429063421820931","public_metrics":{"retweet_count":199,"reply_count":291,"like_count":8000,"quote_count":16},"created_at":"2021-10-11T05:09:15.000Z"},{"text":"@JeffBezos \uD83E\uDD48","id":"1447426189660880898","public_metrics":{"retweet_count":10789,"reply_count":5702,"like_count":117989,"quote_count":3201},"created_at":"2021-10-11T04:57:50.000Z"},{"text":"@eggshellfriend I love ALW! Couldn’t agree more. My dog Marvin is Havanese too, although I’m *his* emotional support human.","id":"1447198837873922049","public_metrics":{"retweet_count":289,"reply_count":623,"like_count":3027,"quote_count":47},"created_at":"2021-10-10T13:54:25.000Z"},{"text":"@Sofiaan @Tesla Team is in fact working hard! They just confirmed 10.2 is good to go tomorrow night.","id":"1447082931785240577","public_metrics":{"retweet_count":458,"reply_count":770,"like_count":8219,"quote_count":70},"created_at":"2021-10-10T06:13:51.000Z"},{"text":"@cleantechnica It’s true","id":"1447078500289196033","public_metrics":{"retweet_count":448,"reply_count":643,"like_count":11451,"quote_count":25},"created_at":"2021-10-10T05:56:14.000Z"},{"text":"@SawyerMerritt @AustinTeslaClub Hell yeah","id":"1446981625187864576","public_metrics":{"retweet_count":696,"reply_count":1033,"like_count":19681,"quote_count":67},"created_at":"2021-10-09T23:31:17.000Z"},{"text":"@PPathole @SpaceX @4thFromOurStar Sure hope so!","id":"1446942453697814533","public_metrics":{"retweet_count":284,"reply_count":482,"like_count":8789,"quote_count":31},"created_at":"2021-10-09T20:55:38.000Z"},{"text":"@Gfilche Physics ftw","id":"1446937094363000833","public_metrics":{"retweet_count":298,"reply_count":381,"like_count":7593,"quote_count":18},"created_at":"2021-10-09T20:34:20.000Z"},{"text":"RT @tobilindh: Party at #GigaBerlin https://t.co/ZvqARpueOp","id":"1446935612439863297","public_metrics":{"retweet_count":2137,"reply_count":0,"like_count":0,"quote_count":0},"created_at":"2021-10-09T20:28:27.000Z"},{"text":"@flcnhvy These are nice, but high time we built a really big Tesla coil!","id":"1446934834392272896","public_metrics":{"retweet_count":571,"reply_count":733,"like_count":12663,"quote_count":59},"created_at":"2021-10-09T20:25:21.000Z"},{"text":"@WholeMarsBlog Cells &amp; FSD are massive, the rest is just beauty &amp; romance … but life is empty without those last two","id":"1446934123839467525","public_metrics":{"retweet_count":570,"reply_count":412,"like_count":8785,"quote_count":72},"created_at":"2021-10-09T20:22:32.000Z"},{"text":"@shortword Yeah, headlights are precision LED, so they can be bright without blinding oncoming traffic, pedestrians &amp; cyclists","id":"1446932789266423815","public_metrics":{"retweet_count":337,"reply_count":342,"like_count":8938,"quote_count":39},"created_at":"2021-10-09T20:17:14.000Z"},{"text":"RT @teslaownersSV: Giga Berlin right now \uD83D\uDE33\uD83E\uDD2F @elonmusk https://t.co/ExC4bKKRa9","id":"1446917199227146241","public_metrics":{"retweet_count":2603,"reply_count":0,"like_count":0,"quote_count":0},"created_at":"2021-10-09T19:15:17.000Z"},{"text":"@truth_tesla It will hopefully achieve sustained cycle time of 45 seconds. At 75% uptime over an average week, that’s ~10k/week if run 24/7.","id":"1446835576729182214","public_metrics":{"retweet_count":405,"reply_count":611,"like_count":7082,"quote_count":57},"created_at":"2021-10-09T13:50:57.000Z"},{"text":"@teslaownersSV Sunday/Monday","id":"1446759772620005379","public_metrics":{"retweet_count":319,"reply_count":594,"like_count":7853,"quote_count":32},"created_at":"2021-10-09T08:49:43.000Z"},{"text":"@ErwinLindeman20 Das klingt nach “Space Party”","id":"1446753323147743233","public_metrics":{"retweet_count":209,"reply_count":485,"like_count":8806,"quote_count":32},"created_at":"2021-10-09T08:24:06.000Z"},{"text":"A few last minute concerns about this build. Release likely on Sunday or Monday. Sorry for the delay.","id":"1446752265012908032","public_metrics":{"retweet_count":1203,"reply_count":4068,"like_count":25064,"quote_count":221},"created_at":"2021-10-09T08:19:53.000Z"},{"text":"Giga Berlin-Brandenburg Spaß-Party heute!","id":"1446751520909930496","public_metrics":{"retweet_count":4301,"reply_count":5725,"like_count":88235,"quote_count":488},"created_at":"2021-10-09T08:16:56.000Z"},{"text":"@LifeofMikej @TeslaOwnersBC @DriveTeslaca @Tesla @Teslarati There are many small joys as you explore the car &amp; more to come via software updates","id":"1446535128545693699","public_metrics":{"retweet_count":268,"reply_count":452,"like_count":7964,"quote_count":27},"created_at":"2021-10-08T17:57:04.000Z"},{"text":"@Model3Owners So crazy to have come this far!","id":"1446534692891725827","public_metrics":{"retweet_count":438,"reply_count":575,"like_count":10053,"quote_count":25},"created_at":"2021-10-08T17:55:20.000Z"},{"text":"@Tesmanian_com Exactly","id":"1446520043102162949","public_metrics":{"retweet_count":816,"reply_count":1260,"like_count":20020,"quote_count":116},"created_at":"2021-10-08T16:57:07.000Z"},{"text":"If you’d like to join Tesla AI, but can’t easily move to Palo Alto or Austin, that is acceptable for extremely excellent candidates where inefficiency of distance is overcome by talent","id":"1446402790205579264","public_metrics":{"retweet_count":1960,"reply_count":2759,"like_count":41844,"quote_count":256},"created_at":"2021-10-08T09:11:12.000Z"},{"text":"Sorry if we’ve been too dumb to respond to you. Please cite evidence of exceptional ability in a few bullet points. Nothing else matters.","id":"1446402077014515718","public_metrics":{"retweet_count":1603,"reply_count":2921,"like_count":35463,"quote_count":229},"created_at":"2021-10-08T09:08:22.000Z"},{"text":"Please consider joining Tesla AI software or hardware teams! https://t.co/HgigdtenKN","id":"1446401165965529088","public_metrics":{"retweet_count":5583,"reply_count":8176,"like_count":76333,"quote_count":542},"created_at":"2021-10-08T09:04:45.000Z"},{"text":"RT @Tesla: Tesla Shareholder Meeting https://t.co/uEv7dE43dC","id":"1446230398003027972","public_metrics":{"retweet_count":2153,"reply_count":0,"like_count":0,"quote_count":0},"created_at":"2021-10-07T21:46:11.000Z"},{"text":"@PeterDiamandis I’m so dying to do a supersonic, electric VOTL jet, but adding more work will make my \uD83E\uDDE0 \uD83E\uDDE8","id":"1446228825889820677","public_metrics":{"retweet_count":1577,"reply_count":2441,"like_count":30659,"quote_count":258},"created_at":"2021-10-07T21:39:56.000Z"},{"text":"Starlink is designed for low to medium population density, which means we can hit max users in some areas fast. \n\nPlease sign up early to ensure a spot. As more satellites roll out, SpaceX will be able to serve more. \n\nhttps://t.co/Q1VvqVmJ2i","id":"1446125877494833162","public_metrics":{"retweet_count":4369,"reply_count":6744,"like_count":42303,"quote_count":447},"created_at":"2021-10-07T14:50:51.000Z"},{"text":"@jc_comrade Should be nationwide rollout by end of month. Note, still limited by peak number of users in same area. \n\nThis will improve as more satellites are launched.","id":"1446125039447777282","public_metrics":{"retweet_count":152,"reply_count":316,"like_count":2531,"quote_count":26},"created_at":"2021-10-07T14:47:31.000Z"},{"text":"@GerberKawasaki Haha true","id":"1446124579525591056","public_metrics":{"retweet_count":88,"reply_count":217,"like_count":2965,"quote_count":6},"created_at":"2021-10-07T14:45:42.000Z"},{"text":"@johnkrausphotos Definitely further refinements coming to (early beta) safety test score. It will be refined continuously until it is an extremely good predictor of crash probability. Exciting actuarial problem!","id":"1446124536978546692","public_metrics":{"retweet_count":178,"reply_count":218,"like_count":3590,"quote_count":26},"created_at":"2021-10-07T14:45:31.000Z"},{"text":"@lexfridman Sure","id":"1446110654767800322","public_metrics":{"retweet_count":262,"reply_count":502,"like_count":9744,"quote_count":30},"created_at":"2021-10-07T13:50:22.000Z"},{"text":"@Teslarati @13ericralph31 It’s a big deal that Dragon is reusable, with improved refurbishment efficiency with each passing flight! This is not the case for other orbital spacecraft.\n\nIt means the spacefleet grows every time a new Dragon is made.","id":"1446110463893426177","public_metrics":{"retweet_count":470,"reply_count":322,"like_count":7737,"quote_count":24},"created_at":"2021-10-07T13:49:36.000Z"},{"text":"@probablyup Long list of mostly little items, but driving experience is significantly better. We will put notable changes in the release notes.","id":"1446108839737061378","public_metrics":{"retweet_count":86,"reply_count":129,"like_count":2164,"quote_count":11},"created_at":"2021-10-07T13:43:09.000Z"},{"text":"@jgrano305 Everyone with a perfect score with get it. There are ~1000 owners with perfect scores. Maybe 1100 to 1200 by Friday night.","id":"1446107701839343620","public_metrics":{"retweet_count":171,"reply_count":352,"like_count":3145,"quote_count":72},"created_at":"2021-10-07T13:38:38.000Z"},{"text":"@TeslaClubWI Note, quality of experience can vary dramatically, as our neural nets have far more training data in some parts of the country than others, but this should improve rapidly with more driving in those regions.","id":"1446107136975572999","public_metrics":{"retweet_count":116,"reply_count":124,"like_count":1950,"quote_count":30},"created_at":"2021-10-07T13:36:23.000Z"},{"text":"@TeslaClubWI Yes","id":"1446105979796471813","public_metrics":{"retweet_count":80,"reply_count":159,"like_count":2064,"quote_count":14},"created_at":"2021-10-07T13:31:47.000Z"},{"text":"@SahilBloom Try explaining it to a 17-month-old – that’s hard!","id":"1446105642842869761","public_metrics":{"retweet_count":347,"reply_count":511,"like_count":10838,"quote_count":37},"created_at":"2021-10-07T13:30:27.000Z"},{"text":"FSD Beta 10.2 rolls out Friday midnight to ~1000 owners with perfect 100/100 safety scores. \n\nRollouts will hold for several days after that to see how it goes. \n\nIf that looks good, beta will gradually begin rolling out to 99 scores &amp; below.","id":"1446104772092772352","public_metrics":{"retweet_count":6199,"reply_count":21515,"like_count":82396,"quote_count":730},"created_at":"2021-10-07T13:26:59.000Z"},{"text":"@F_Nela1 @Teslarati \uD83E\uDD23\uD83E\uDD23","id":"1445479315345342466","public_metrics":{"retweet_count":169,"reply_count":962,"like_count":3564,"quote_count":20},"created_at":"2021-10-05T20:01:39.000Z"},{"text":"@cleantechnica Tesla always pays its debts","id":"1445450077225426948","public_metrics":{"retweet_count":2400,"reply_count":3561,"like_count":58217,"quote_count":289},"created_at":"2021-10-05T18:05:28.000Z"},{"text":"RT @Tesla: NYC as seen through Model Y glass roof\n\n\uD83D\uDCF8: @Virus_City_ https://t.co/qY8TODtIQC","id":"1445331116009967618","public_metrics":{"retweet_count":4970,"reply_count":0,"like_count":0,"quote_count":0},"created_at":"2021-10-05T10:12:45.000Z"},{"text":"@Teslarati @KlenderJoey This was *extremely* difficult. Huge props to Tesla engineering, supply chain, production &amp; key suppliers.","id":"1445087513585102853","public_metrics":{"retweet_count":908,"reply_count":1615,"like_count":18446,"quote_count":72},"created_at":"2021-10-04T18:04:46.000Z"},{"text":"Floki Frunkpuppy https://t.co/xAr8T0Jfdf","id":"1444840184500129797","public_metrics":{"retweet_count":36950,"reply_count":36960,"like_count":409955,"quote_count":4922},"created_at":"2021-10-04T01:41:58.000Z"},{"text":"@StianWalgermo @Tesla @WholeMarsBlog Wow!","id":"1444793562424614915","public_metrics":{"retweet_count":330,"reply_count":631,"like_count":8767,"quote_count":25},"created_at":"2021-10-03T22:36:42.000Z"},{"text":"@TheStonkJunky Awesome, effortless ordering is our goal :)","id":"1444778635425206273","public_metrics":{"retweet_count":219,"reply_count":355,"like_count":5058,"quote_count":23},"created_at":"2021-10-03T21:37:24.000Z"},{"text":"@PPathole Tough choice – so many great movies –but Spaceballs for me","id":"1444647286424936452","public_metrics":{"retweet_count":187,"reply_count":533,"like_count":3773,"quote_count":26},"created_at":"2021-10-03T12:55:27.000Z"},{"text":"@vm_one1 Lookin good …","id":"1444645326053326848","public_metrics":{"retweet_count":147,"reply_count":308,"like_count":2835,"quote_count":28},"created_at":"2021-10-03T12:47:40.000Z"},{"text":"Walk this way … no, *this* way …\nhttps://t.co/5DHEOh9Rke","id":"1444644149395959808","public_metrics":{"retweet_count":1188,"reply_count":3524,"like_count":20032,"quote_count":109},"created_at":"2021-10-03T12:43:00.000Z"},{"text":"@waitbutwhy \uD83E\uDD23","id":"1444642184209309699","public_metrics":{"retweet_count":168,"reply_count":417,"like_count":5934,"quote_count":14},"created_at":"2021-10-03T12:35:11.000Z"},{"text":"@SawyerMerritt I wish I had had the opportunity to talk to him","id":"1444575088053997568","public_metrics":{"retweet_count":464,"reply_count":702,"like_count":9695,"quote_count":52},"created_at":"2021-10-03T08:08:34.000Z"},{"text":"@YoshikiOfficial @Benioff @netflix @TIME @hiromichimizuno @inspiration4x Same","id":"1444470292261310466","public_metrics":{"retweet_count":99,"reply_count":199,"like_count":2433,"quote_count":12},"created_at":"2021-10-03T01:12:09.000Z"},{"text":"@28delayslater Good point, will discuss with team. Floki pic tomorrow.","id":"1444443742790995972","public_metrics":{"retweet_count":3259,"reply_count":2305,"like_count":12000,"quote_count":380},"created_at":"2021-10-02T23:26:39.000Z"},{"text":"@Real_Futurist @flcnhvy @inspiration4x New Dune is good","id":"1444432530485268484","public_metrics":{"retweet_count":129,"reply_count":193,"like_count":2852,"quote_count":17},"created_at":"2021-10-02T22:42:06.000Z"}],"meta":{"oldest_id":"1444432530485268484","newest_id":"1448742977229127680","result_count":100,"next_token":"7140dibdnow9c7btw3z2giepzpieczsvgc7av6o2vkab8"}}