{"data":[{"id":"1459822370898657284","created_at":"2021-11-14T09:55:50.000Z","text":"A Sunday off from work exploring the farthest corner of Shanghai: huge new planetarium here, ubiquitous construction. https://t.co/xWplzXdO65","public_metrics":{"retweet_count":0,"reply_count":0,"like_count":5,"quote_count":0}},{"id":"1459784692597936128","created_at":"2021-11-14T07:26:06.000Z","text":"The China Maritime Museum in southeastern Shanghai is enormous: nautical history going back to the invention of the rudder. https://t.co/keG8NfGeaR","public_metrics":{"retweet_count":1,"reply_count":2,"like_count":23,"quote_count":1}},{"id":"1458292718946635777","created_at":"2021-11-10T04:37:32.000Z","text":"Rare sighting while walking the Shanghai Bund last weekend: one of the vessels that lays power lines from offshore wind turbines to the shore. https://t.co/QKBhW5SYRz","public_metrics":{"retweet_count":1,"reply_count":4,"like_count":25,"quote_count":0}},{"id":"1458063965485867011","created_at":"2021-11-09T13:28:33.000Z","text":"Almost all of China’s population has been protected from the coronavirus, although there has been inconvenience for residents of some border areas and for travelers. A Q&amp;A. https://t.co/AJKgpVM5Eh","public_metrics":{"retweet_count":0,"reply_count":0,"like_count":0,"quote_count":0}},{"id":"1456400825052323841","created_at":"2021-11-04T23:19:49.000Z","text":"RT @DavidZipper: @rightlegpegged Fun fact: The Sierra Club avoided criticizing SUVs for years because so many members liked driving them.…","public_metrics":{"retweet_count":9,"reply_count":0,"like_count":0,"quote_count":0}},{"id":"1455131840046530564","created_at":"2021-11-01T11:17:20.000Z","text":"China is almost single handedly addressing the global energy crisis and producer price inflation, mainly by mining a lot more coal but also by releasing extra diesel from national reserves. Yet there are climate implications. https://t.co/USLcfcACvG","public_metrics":{"retweet_count":21,"reply_count":11,"like_count":50,"quote_count":4}}],"meta":{"oldest_id":"1455131840046530564","newest_id":"1459822370898657284","result_count":6}}