{"data":[{"id":"1448512454711865346","created_at":"2021-10-14T04:54:15.000Z","text":"RT @stevenleemyers: China is revving up coal consumption less than a month before world leaders gather in Glasgow to discuss confronting cl…","public_metrics":{"retweet_count":6,"reply_count":0,"like_count":0,"quote_count":0}},{"id":"1448298978357833735","created_at":"2021-10-13T14:45:59.000Z","text":"China has just announced its solution for chronic electricity shortages this autumn: to mine and burn a lot more coal. https://t.co/61c3Rm8yPP","public_metrics":{"retweet_count":0,"reply_count":0,"like_count":4,"quote_count":1}},{"id":"1448289086943350786","created_at":"2021-10-13T14:06:40.000Z","text":"RT @LFFriedman: Meanwhile in China… “We will make every effort to increase coal production and supply,” said Zhao Chenxin, the secretary ge…","public_metrics":{"retweet_count":3,"reply_count":0,"like_count":0,"quote_count":0}},{"id":"1448220698510442499","created_at":"2021-10-13T09:34:55.000Z","text":"China lags in energy efficiency and depends heavily on energy-intensive industries. And with world prices surging for coal, oil and natural gas, and with electricity shortages becoming more common, Beijing faces a dilemma. https://t.co/qjPjmYp8IX","public_metrics":{"retweet_count":35,"reply_count":8,"like_count":81,"quote_count":2}},{"id":"1446417753905119238","created_at":"2021-10-08T10:10:40.000Z","text":"RT @rickgladstone: Climate conundrum intensifies in China, the leading user of coal, the world's dirtiest fuel. It must stop burning coal i…","public_metrics":{"retweet_count":3,"reply_count":0,"like_count":0,"quote_count":0}},{"id":"1446132246386073611","created_at":"2021-10-07T15:16:10.000Z","text":"China faces continued electricity shortages ahead of  key U.N. climate summit, as energy demand surges. https://t.co/DX6qxH9Cwt","public_metrics":{"retweet_count":1,"reply_count":1,"like_count":6,"quote_count":1}},{"id":"1444983671979610119","created_at":"2021-10-04T11:12:08.000Z","text":"Biden administration will not immediately lift broad tariffs on goods from China. @AnaSwanson  https://t.co/oEDtxd74fm","public_metrics":{"retweet_count":3,"reply_count":0,"like_count":2,"quote_count":0}},{"id":"1444982970985553920","created_at":"2021-10-04T11:09:21.000Z","text":"Biden administration to restart Trump administration process for issuing tariff exemptions for some products from China, but is keeping Phase 1 trade agreement and wants to broaden it. w/@AnaSwanson   https://t.co/oEDtxd74fm","public_metrics":{"retweet_count":11,"reply_count":0,"like_count":12,"quote_count":3}},{"id":"1444978863151353856","created_at":"2021-10-04T10:53:02.000Z","text":"China Evergrande’s shares halted. by @jotted https://t.co/x3U8dbTKJ3","public_metrics":{"retweet_count":1,"reply_count":0,"like_count":5,"quote_count":0}},{"id":"1444525438148120577","created_at":"2021-10-03T04:51:17.000Z","text":"RT @javihagen: Con ese bendito afán de conocer, nuestra hija, mi mujer y yo nos quedaremos aún en China, donde continuaré vinculado al peri…","public_metrics":{"retweet_count":43,"reply_count":0,"like_count":0,"quote_count":0}}],"meta":{"oldest_id":"1444525438148120577","newest_id":"1448512454711865346","result_count":10}}