{"data":[{"id":"1428710369669746691","text":"RT @DrEricDing: \uD83D\uDCCD3-year-old girl Aurora has difficulty breathing—hospitalized in Oklahoma with #COVID19. Her mom posted the video on FB to…","created_at":"2021-08-20T13:27:50.000Z","public_metrics":{"retweet_count":8985,"reply_count":0,"like_count":0,"quote_count":0}},{"id":"1427834032784429067","text":"RT @AllMattNYT: The @nytimes is running live updates of scenes &amp; images from Kabul, a city suddenly subdued as Afghans began to find out wh…","created_at":"2021-08-18T03:25:35.000Z","public_metrics":{"retweet_count":12,"reply_count":0,"like_count":0,"quote_count":0}}],"meta":{"oldest_id":"1427834032784429067","newest_id":"1428710369669746691","result_count":2}}