{"data":[{"created_at":"2021-11-29T13:25:23.000Z","text":"RT @ReutersChina: EXCLUSIVE - Chinese province targets journalists, foreign students with planned new surveillance system, documents review…","id":"1465310925980798977","public_metrics":{"retweet_count":130,"reply_count":0,"like_count":0,"quote_count":0}},{"created_at":"2021-11-22T00:40:24.000Z","text":"RT @BeijingPalmer: Bai Ling discussed serial sexual abuse as a teenager in a PLA performance troupe a decade ago but hardly anybody took no…","id":"1462581696717459458","public_metrics":{"retweet_count":13,"reply_count":0,"like_count":0,"quote_count":0}},{"created_at":"2021-11-21T08:57:31.000Z","text":"RT @dionnesearcey: GM, Ford and others have all pledged to move away from fume-spewing, gasoline-fired engines with new fleets of EVs. Coba…","id":"1462344409916354567","public_metrics":{"retweet_count":19,"reply_count":0,"like_count":0,"quote_count":0}},{"created_at":"2021-11-21T08:56:50.000Z","text":"RT @dionnesearcey: Please read the first in our series on what President Biden has called The Race to The Future. From me, @ericlipton @Pek…","id":"1462344241980579842","public_metrics":{"retweet_count":4,"reply_count":0,"like_count":0,"quote_count":0}},{"created_at":"2021-11-20T09:26:15.000Z","text":"RT @TonyEstanguet: Nous avons fait les Jeux de Pékin et de Londres ensemble. \nAujourd’hui, comme toute la communauté sportive, je suis inqu…","id":"1461989256180555791","public_metrics":{"retweet_count":1352,"reply_count":0,"like_count":0,"quote_count":0}},{"created_at":"2021-11-20T09:08:36.000Z","text":"RT @altayo: @laurelchor @suilee @lequipe The most read sports newspaper in Spain (@marca) did it as well! https://t.co/WF2oECRStd","id":"1461984815041839104","public_metrics":{"retweet_count":28,"reply_count":0,"like_count":0,"quote_count":0}},{"created_at":"2021-11-20T07:54:41.000Z","text":"Gadgets: At Shanghai Hongqiao Airport today, a robot that moves back and forth on rails to disinfect carts at the baggage carousel. https://t.co/NInSYnJ4dU","id":"1461966211458035712","public_metrics":{"retweet_count":0,"reply_count":2,"like_count":10,"quote_count":0}},{"created_at":"2021-11-19T11:08:21.000Z","text":"A two-year suspended jail sentence and $31,000 fine for a man who concealed his Covid  infection while entering China. https://t.co/OxOSOp0h8A","id":"1461652562835296256","public_metrics":{"retweet_count":24,"reply_count":6,"like_count":56,"quote_count":0}},{"created_at":"2021-11-19T00:39:18.000Z","text":"@WorldofChinese Fascinating account of the Chinese army’s series of invasions deep into Burma/Myanmar in the 1760s. Tropical diseases and guerrilla resistance prevented China from conquering Myanmar.","id":"1461494254904045568","public_metrics":{"retweet_count":0,"reply_count":0,"like_count":1,"quote_count":0}},{"created_at":"2021-11-17T12:48:30.000Z","text":"RT @RonSteenblik: Nice, short video on the problem of SUVs for climate change. But if you want to really understand the back story to SUVs,…","id":"1460952990190215175","public_metrics":{"retweet_count":4,"reply_count":0,"like_count":0,"quote_count":0}}],"meta":{"oldest_id":"1460952990190215175","newest_id":"1465310925980798977","result_count":10}}