{"data":[{"id":"1431636712078336002","public_metrics":{"retweet_count":255,"reply_count":249,"like_count":3985,"quote_count":67},"text":"@alee Nah","created_at":"2021-08-28T15:16:05.000Z"},{"id":"1431460418086752257","public_metrics":{"retweet_count":144,"reply_count":233,"like_count":1318,"quote_count":17},"text":"https://t.co/khIRWPZ9SC","created_at":"2021-08-28T03:35:33.000Z"},{"id":"1431378268167577608","public_metrics":{"retweet_count":35,"reply_count":68,"like_count":871,"quote_count":16},"text":"@bisq_network Def! Cc:@brockm","created_at":"2021-08-27T22:09:07.000Z"},{"id":"1431377752549171209","public_metrics":{"retweet_count":56,"reply_count":45,"like_count":672,"quote_count":9},"text":"@evankaloudis I love bisq! Many lessons to learn from it.","created_at":"2021-08-27T22:07:04.000Z"},{"id":"1431377414362386437","public_metrics":{"retweet_count":24,"reply_count":59,"like_count":702,"quote_count":5},"text":"@mdudas Thanks, Mike","created_at":"2021-08-27T22:05:43.000Z"},{"id":"1431337475344109571","public_metrics":{"retweet_count":3,"reply_count":10,"like_count":68,"quote_count":1},"text":"@edgett \uD83D\uDE4F\uD83C\uDFFC\uD83D\uDE4F\uD83C\uDFFC\uD83C\uDF05","created_at":"2021-08-27T19:27:01.000Z"},{"id":"1431323561982054401","public_metrics":{"retweet_count":11,"reply_count":24,"like_count":408,"quote_count":2},"text":"@deppilf This makes Square better","created_at":"2021-08-27T18:31:44.000Z"},{"id":"1431321683856605192","public_metrics":{"retweet_count":61,"reply_count":137,"like_count":906,"quote_count":19},"text":"* @TBD54566975","created_at":"2021-08-27T18:24:16.000Z"},{"id":"1431320761474617344","public_metrics":{"retweet_count":1370,"reply_count":662,"like_count":7342,"quote_count":325},"text":"We’ve determined @TDB54566975’s direction: help us build an open platform to create a decentralized exchange for #Bitcoin https://t.co/jHYWHy1qmu","created_at":"2021-08-27T18:20:36.000Z"},{"id":"1431089692070588419","public_metrics":{"retweet_count":445,"reply_count":837,"like_count":5708,"quote_count":120},"text":"◽️◼️◽️","created_at":"2021-08-27T03:02:25.000Z"},{"id":"1431086396849197058","public_metrics":{"retweet_count":1832,"reply_count":0,"like_count":0,"quote_count":0},"text":"RT @babykeem: \uD83C\uDF7F https://t.co/uPbzhPhooJ","created_at":"2021-08-27T02:49:19.000Z"},{"id":"1431038438854348806","public_metrics":{"retweet_count":240,"reply_count":0,"like_count":0,"quote_count":0},"text":"RT @TwitterSpaces: we want to help people creating cool Spaces make $$$. today, some Hosts will be able create Ticketed Spaces! \n\nwe’re exp…","created_at":"2021-08-26T23:38:45.000Z"},{"id":"1431036949251436545","public_metrics":{"retweet_count":11,"reply_count":32,"like_count":227,"quote_count":2},"text":"@jsngr \uD83D\uDCAF","created_at":"2021-08-26T23:32:50.000Z"},{"id":"1430643584835936256","public_metrics":{"retweet_count":18125,"reply_count":0,"like_count":0,"quote_count":0},"text":"RT @babykeem: https://t.co/kFQlmtsFbx","created_at":"2021-08-25T21:29:45.000Z"},{"id":"1430604132793163785","public_metrics":{"retweet_count":1753,"reply_count":0,"like_count":0,"quote_count":0},"text":"RT @theestallion: Dropping \uD83D\uDD25hot\uD83D\uDD25 finance tips with @CashApp https://t.co/VMcaSdbvy1","created_at":"2021-08-25T18:52:59.000Z"},{"id":"1430510044702023682","public_metrics":{"retweet_count":10,"reply_count":18,"like_count":132,"quote_count":2},"text":"@nedsegal @Twitter \uD83D\uDE4F\uD83C\uDFFC","created_at":"2021-08-25T12:39:06.000Z"},{"id":"1430362750438547460","public_metrics":{"retweet_count":161,"reply_count":277,"like_count":1330,"quote_count":25},"text":"Wow https://t.co/23yOVXNV1h","created_at":"2021-08-25T02:53:49.000Z"},{"id":"1429801502302932999","public_metrics":{"retweet_count":681,"reply_count":0,"like_count":0,"quote_count":0},"text":"RT @gersonmartinez: #ElSalvador's Bitcoin Law goes into effect on September 7th and president @nayibbukele just made some important announc…","created_at":"2021-08-23T13:43:37.000Z"},{"id":"1428892316685774852","public_metrics":{"retweet_count":982,"reply_count":2147,"like_count":10405,"quote_count":459},"text":"696767","created_at":"2021-08-21T01:30:50.000Z"},{"id":"1428799228793561093","public_metrics":{"retweet_count":10,"reply_count":38,"like_count":380,"quote_count":6},"text":"@GarrettMcManus You missed a spot","created_at":"2021-08-20T19:20:56.000Z"},{"id":"1428798671039123458","public_metrics":{"retweet_count":58,"reply_count":0,"like_count":0,"quote_count":0},"text":"RT @ElliottWilson: Label Focus: TDE https://t.co/TzdGMEglEq #TIDAL \uD83C\uDFC6 https://t.co/9Cd4fDiHFa","created_at":"2021-08-20T19:18:43.000Z"},{"id":"1428768382107668486","public_metrics":{"retweet_count":224,"reply_count":214,"like_count":2595,"quote_count":29},"text":"❤️❤️❤️ https://t.co/jBKElYj1Zc","created_at":"2021-08-20T17:18:22.000Z"},{"id":"1428677369439657999","public_metrics":{"retweet_count":1096,"reply_count":0,"like_count":0,"quote_count":0},"text":"RT @TIDAL: Aaliyah's album 'One in a Million' has arrived on TIDAL.\n\nhttps://t.co/WFzbmSNqce https://t.co/B2ka0L2Ic8","created_at":"2021-08-20T11:16:43.000Z"},{"id":"1428542163051327488","public_metrics":{"retweet_count":4,"reply_count":24,"like_count":59,"quote_count":6},"text":"@jonst0kes No.","created_at":"2021-08-20T02:19:27.000Z"},{"id":"1428535494472781824","public_metrics":{"retweet_count":186,"reply_count":424,"like_count":5738,"quote_count":57},"text":"@AndrewDARMACAP @VitalikButerin Take him where?","created_at":"2021-08-20T01:52:57.000Z"},{"id":"1428374449263308803","public_metrics":{"retweet_count":250,"reply_count":0,"like_count":0,"quote_count":0},"text":"RT @revue: It’s here \uD83E\uDDE1\n\nToday, we’re starting to test a feature that allows people to subscribe to your Revue newsletter directly from your…","created_at":"2021-08-19T15:13:01.000Z"},{"id":"1428165182442848266","public_metrics":{"retweet_count":105,"reply_count":184,"like_count":945,"quote_count":6},"text":"\uD83D\uDCAF https://t.co/iiKTKRsy16","created_at":"2021-08-19T01:21:28.000Z"},{"id":"1428070384574681092","public_metrics":{"retweet_count":176,"reply_count":0,"like_count":0,"quote_count":0},"text":"RT @TwitterDev: All systems go! Help shape the future of Twitter Spaces with the new Spaces endpoints. ✨\n\nhttps://t.co/IloBIxYGbX https://t…","created_at":"2021-08-18T19:04:46.000Z"},{"id":"1427758005685211139","public_metrics":{"retweet_count":14,"reply_count":33,"like_count":264,"quote_count":6},"text":"@austin_rief Rough day? Cheers, jack \uD83E\uDDB6","created_at":"2021-08-17T22:23:29.000Z"},{"id":"1427677133221113862","public_metrics":{"retweet_count":5,"reply_count":17,"like_count":171,"quote_count":0},"text":"@ODELL \uD83D\uDCAF","created_at":"2021-08-17T17:02:08.000Z"},{"id":"1427665251848306697","public_metrics":{"retweet_count":6,"reply_count":20,"like_count":125,"quote_count":2},"text":"@neha @orionwl @fanquake Great milestone","created_at":"2021-08-17T16:14:55.000Z"},{"id":"1427664937862717441","public_metrics":{"retweet_count":180,"reply_count":123,"like_count":1851,"quote_count":48},"text":"@kitt_andrew @compass_mining I’m trying mining with @compass_mining too…","created_at":"2021-08-17T16:13:40.000Z"},{"id":"1427381191741788166","public_metrics":{"retweet_count":21,"reply_count":23,"like_count":259,"quote_count":2},"text":"@BdGBertdeGroot @nvk @theBLOCKCLOCK @Coinkite Magic hour \uD83C\uDF05","created_at":"2021-08-16T21:26:10.000Z"},{"id":"1427342601208975362","public_metrics":{"retweet_count":22,"reply_count":70,"like_count":559,"quote_count":16},"text":"@Mood4Eva98 \uD83D\uDC4B","created_at":"2021-08-16T18:52:49.000Z"},{"id":"1427333226348040197","public_metrics":{"retweet_count":11327,"reply_count":0,"like_count":0,"quote_count":0},"text":"RT @Snowden: There has been one constant across twenty years of occupation: the government lying to the people.","created_at":"2021-08-16T18:15:34.000Z"},{"id":"1427331429671833606","public_metrics":{"retweet_count":44,"reply_count":79,"like_count":1019,"quote_count":12},"text":"@lsanger New project? This is our first and only lead. \n\nIt maybe “contrary” today, but won’t be in future. \n\nAnd don’t trust us. That’s the entire point.","created_at":"2021-08-16T18:08:26.000Z"},{"id":"1427330357976776711","public_metrics":{"retweet_count":894,"reply_count":0,"like_count":0,"quote_count":0},"text":"RT @TIDAL: Beyoncé's full discography has arrived on TIDAL in Master Quality.\n\nhttps://t.co/J5wPRbss75 https://t.co/XcueqY4oxP","created_at":"2021-08-16T18:04:10.000Z"},{"id":"1427321206575964160","public_metrics":{"retweet_count":57,"reply_count":0,"like_count":0,"quote_count":0},"text":"RT @mmasnick: I know a lot of people have thought that nothing has been happening with Twitter @bluesky initiative, but there has been a lo…","created_at":"2021-08-16T17:27:48.000Z"},{"id":"1427316025008271367","public_metrics":{"retweet_count":79,"reply_count":0,"like_count":0,"quote_count":0},"text":"RT @bluesky: Welcome Jay! \n\nInterested in building the future of social media with us? Keep an eye out for opportunities to join the bluesk…","created_at":"2021-08-16T17:07:13.000Z"},{"id":"1427315839666118662","public_metrics":{"retweet_count":573,"reply_count":405,"like_count":4288,"quote_count":138},"text":"Jay will be leading @bluesky!\n\nAnother step towards decentralizing Twitter and social media. \n\nNow we can move much faster, and through code. https://t.co/9RLR4Je8GE","created_at":"2021-08-16T17:06:29.000Z"},{"id":"1427311516370472960","public_metrics":{"retweet_count":377,"reply_count":0,"like_count":0,"quote_count":0},"text":"RT @mtaibbi: The look of genuine shock on the faces of people like Tony Blinken this weekend should tell people around the world something…","created_at":"2021-08-16T16:49:18.000Z"}],"meta":{"oldest_id":"1427311516370472960","newest_id":"1431636712078336002","result_count":41}}