{"data":[{"created_at":"2021-10-29T18:12:17.000Z","id":"1454149102091001858","text":"Glad to have met PM Mario Draghi in Rome. We talked about ways to strengthen the friendship between India and Italy. There is great potential to further scale up economic linkages, cultural cooperation and for us to work together towards a more environment friendly planet. https://t.co/9sMuDPHSqp","public_metrics":{"retweet_count":5439,"reply_count":718,"like_count":37855,"quote_count":85}},{"created_at":"2021-10-29T18:10:53.000Z","id":"1454148748637085708","text":"C'è un potenziale immenso per incrementare le relazioni economiche, la cooperazione culturale e per lavorare insieme per un pianeta più attento all'ambiente. https://t.co/zzIxpSl6Nz","public_metrics":{"retweet_count":1689,"reply_count":136,"like_count":6688,"quote_count":13}},{"created_at":"2021-10-29T18:10:50.000Z","id":"1454148735697625088","text":"Felice di aver incontrato il Primo Ministro Mario Draghi a Roma. Abbiamo discusso a lungo su come rafforzare l'amicizia tra l'India e l'Italia. @Palazzo_Chigi https://t.co/060jQMf05x","public_metrics":{"retweet_count":3062,"reply_count":375,"like_count":19784,"quote_count":40}},{"created_at":"2021-10-29T12:08:13.000Z","id":"1454057482100293640","text":"ವಿಧಿಯ ಕ್ರೂರ ಆಟ ಮೇರು ಮತ್ತು ಪ್ರತಿಭಾವಂತ ನಟ ಪುನೀತ್ ರಾಜ್‌ ಕುಮಾರ್ ಅವರನ್ನು ನಮ್ಮಿಂದ ಕಸಿದುಕೊಂಡಿದೆ. ಇದು ಸಾಯುವ ವಯಸ್ಸಲ್ಲ. ಮುಂಬರುವ ಪೀಳಿಗೆಯೂ ಅವರ ಅದ್ಭುತ ವ್ಯಕ್ತಿತ್ವ ಮತ್ತು ಕಾರ್ಯಕ್ಕಾಗಿ ಅವರನ್ನು ಪ್ರೀತಿಯಿಂದ ಸ್ಮರಿಸುತ್ತಾರೆ. ಅವರ ಕುಟುಂಬ ಮತ್ತು ಅಭಿಮಾನಿಗಳಿಗೆ ಸಂತಾಪಗಳು. ಓಂ ಶಾಂತಿ. https://t.co/Saz0gNPp63","public_metrics":{"retweet_count":11508,"reply_count":1077,"like_count":87317,"quote_count":181}},{"created_at":"2021-10-29T11:06:45.000Z","id":"1454042013813313540","text":"A cruel twist of fate has snatched away from us a prolific and talented actor, Puneeth Rajkumar. This was no age to go. The coming generations will remember him fondly for his works and wonderful personality. Condolences to his family and admirers. Om Shanti. https://t.co/ofcNpnMmW3","public_metrics":{"retweet_count":22316,"reply_count":2760,"like_count":153671,"quote_count":547}},{"created_at":"2021-10-29T10:53:14.000Z","id":"1454038611750445056","text":"In Rome, I had the opportunity to pay homage to Mahatma Gandhi, whose ideals give courage and inspiration to millions globally. https://t.co/fbaSOYjIr4","public_metrics":{"retweet_count":4465,"reply_count":820,"like_count":35453,"quote_count":245}},{"created_at":"2021-10-29T10:52:40.000Z","id":"1454038471308361728","text":"A Roma ho avuto l'opportunità di rendere omaggio al Mahatma Gandhi i cui ideali sono fonte di coraggio e ispirazione per milioni di persone in tutto il mondo. https://t.co/NZa5o3tiKp","public_metrics":{"retweet_count":2686,"reply_count":229,"like_count":17485,"quote_count":57}},{"created_at":"2021-10-29T10:48:28.000Z","id":"1454037413030993920","text":"Wonderful meeting with @EU_Commission President @vonderleyen and @eucopresident Charles Michel. We had wide-ranging talks on deepening the India-EU friendship, particularly in areas such as trade, commerce, culture and the environment. https://t.co/q1c0P6Uf7Y","public_metrics":{"retweet_count":3116,"reply_count":336,"like_count":16303,"quote_count":48}},{"created_at":"2021-10-29T04:14:31.000Z","id":"1453938272867020803","text":"Landed in Rome to take part in the @g20org Summit, an important forum to deliberate on key global issues. I also look forward to other programmes through this visit to Rome. https://t.co/e4UuIIfl7f","public_metrics":{"retweet_count":6442,"reply_count":1155,"like_count":47953,"quote_count":175}},{"created_at":"2021-10-29T04:13:38.000Z","id":"1453938047834152977","text":"Atterrato a Roma per partecipare al Summit @g20org, un forum importante per deliberare su significative questioni globali. Sono impaziente di partecipare anche agli altri programmi previsti nel corso della mia visita a Roma. https://t.co/cuyjn9sqT4","public_metrics":{"retweet_count":3712,"reply_count":637,"like_count":22333,"quote_count":129}},{"created_at":"2021-10-28T14:08:05.000Z","id":"1453725260281364481","text":"Over the next few days, I would be in Rome, the Vatican City and Glasgow to attend important multilateral gatherings like the @g20org and @COP26. There would also be various bilateral and community related programmes during this visit.\n\nhttps://t.co/0OXpm1Nhcy","public_metrics":{"retweet_count":3940,"reply_count":1045,"like_count":21935,"quote_count":145}},{"created_at":"2021-10-28T13:26:08.000Z","id":"1453714702408638470","text":"Attended the 18th ASEAN-India Summit today. Exchanged views with ASEAN partners on regional and global issues. India values its Strategic Partnership with ASEAN. To commemorate 30 years of ASEAN-India Partnership, we decided to celebrate 2022 as 'India-ASEAN Friendship Year'.","public_metrics":{"retweet_count":4105,"reply_count":512,"like_count":24766,"quote_count":44}},{"created_at":"2021-10-28T06:49:17.000Z","id":"1453614830187794436","text":"Addressing the India-ASEAN Summit. https://t.co/OaQazNtC2A","public_metrics":{"retweet_count":4202,"reply_count":679,"like_count":18048,"quote_count":101}},{"created_at":"2021-10-27T14:15:26.000Z","id":"1453364720484954127","text":"India remains committed to strengthening respect for  shared values of multilateralism, rules-based international order, international law and sovereignty and territorial integrity of all nations.  \n\nI look forward to participating in the 18th ASEAN-India Summit tomorrow.","public_metrics":{"retweet_count":2427,"reply_count":295,"like_count":11281,"quote_count":29}},{"created_at":"2021-10-27T14:15:25.000Z","id":"1453364716986847234","text":"Participated in the 16th East Asia Summit hosted by Brunei through video conference. Re-affirmed India’s focus on a free, open and inclusive Indo-Pacific and the principle of ASEAN Centrality in the region. @ASEAN @Asean2021_BN","public_metrics":{"retweet_count":3613,"reply_count":556,"like_count":20812,"quote_count":39}},{"created_at":"2021-10-27T09:00:45.000Z","id":"1453285527466254336","text":"हिमाचल प्रदेश के कुल्लू में हुआ अग्निकांड अत्यंत दुखद है। ऐतिहासिक मलाणा गांव में हुई इस त्रासदी के सभी पीड़ित परिवारों के प्रति मैं अपनी संवेदना व्यक्त करता हूं। राज्य सरकार और स्थानीय प्रशासन राहत और बचाव के काम में पूरी तत्परता से जुटे हैं।","public_metrics":{"retweet_count":4402,"reply_count":727,"like_count":29961,"quote_count":87}},{"created_at":"2021-10-26T07:03:18.000Z","id":"1452893584269611009","text":"पीएम आयुष्मान भारत हेल्थ इंफ्रास्ट्रक्चर मिशन देश के स्वास्थ्य के बुनियादी ढांचे को एक ऐतिहासिक ऊंचाई पर ले जाने वाला है... https://t.co/MiVMwUVmOt","public_metrics":{"retweet_count":4742,"reply_count":1100,"like_count":21310,"quote_count":103}},{"created_at":"2021-10-26T03:57:13.000Z","id":"1452846756371177478","text":"Mallikarjunaiah ji toiled all his life through selfless hard work, to popularise BJP in Karnataka. Read to know more about this inspiring BJP worker on Kamal Pushp module of NaMo App.#KamalPushp\nhttps://t.co/yezkaO8Z2m","public_metrics":{"retweet_count":3312,"reply_count":442,"like_count":13093,"quote_count":44}},{"created_at":"2021-10-26T03:55:23.000Z","id":"1452846291667410949","text":"A freedom fighter from Uttarakhand, Pandit Devendra Shastri ji was a beacon of principled politics all his life. \n\nKnow more about this selfless soul on Kamal Pushp module of NaMo App.#KamalPushp\n\nhttps://t.co/DCcPfNNAYe","public_metrics":{"retweet_count":2957,"reply_count":282,"like_count":11127,"quote_count":34}},{"created_at":"2021-10-26T03:53:34.000Z","id":"1452845837948653573","text":"The NaMo App has a very interesting section known as ‘Kamal Pushp’ that gives you the opportunity to share and know about inspiring Party Karyakartas from the Jana Sangh days to the present, who toiled to popularise our ideology. Do contribute and enrich this section.","public_metrics":{"retweet_count":5161,"reply_count":541,"like_count":25179,"quote_count":83}},{"created_at":"2021-10-26T03:52:24.000Z","id":"1452845541629460480","text":"With the blessings of the people, @BJP4India has got the opportunity to serve across several states and at the Centre. A key reason behind this trust of people is the stellar role played by generations of Karyakartas who have devoted their lives to the Party and nation building.","public_metrics":{"retweet_count":5788,"reply_count":960,"like_count":32341,"quote_count":141}},{"created_at":"2021-10-25T14:18:43.000Z","id":"1452640770486321154","text":"Heartiest congratulations to President Shavkat Mirziyoyev on his victory in the election. I am confident that India-Uzbekistan strategic partnership will continue to strengthen in your second term. My best wishes to you and the friendly people of Uzbekistan.\n\n@president_uz","public_metrics":{"retweet_count":2783,"reply_count":501,"like_count":18522,"quote_count":32}},{"created_at":"2021-10-25T11:01:59.000Z","id":"1452591264348708868","text":"Three pillars of the Ayushman Bharat Health Infrastructure Mission… https://t.co/yA27F7OtOQ","public_metrics":{"retweet_count":3520,"reply_count":602,"like_count":15071,"quote_count":67}},{"created_at":"2021-10-25T11:00:35.000Z","id":"1452590910634696712","text":"आज देश में नए मेडिकल कॉलेज खोलने का जो अभियान चल रहा है, वो युवाओं के लिए नए अवसर भी बना रहा है। आजादी के बाद 70 साल में देश में जितने डॉक्टर, मेडिकल कॉलेजों से पढ़कर निकले हैं, उससे ज्यादा डॉक्टर अगले 10-12 वर्षों में देश को मिलने जा रहे हैं। https://t.co/bNjyWjjRng","public_metrics":{"retweet_count":3307,"reply_count":704,"like_count":13751,"quote_count":92}},{"created_at":"2021-10-25T11:00:16.000Z","id":"1452590829940391939","text":"The Ayushman Bharat Health Infrastructure Mission addresses one of the major shortcomings of our health sector- the inability to fully cater to rural areas and the poor as well as middle class. https://t.co/szIuR2M8p9","public_metrics":{"retweet_count":2353,"reply_count":218,"like_count":8093,"quote_count":21}},{"created_at":"2021-10-25T10:59:16.000Z","id":"1452590577913061376","text":"भारत ने आज अपनी स्वास्थ्य सेवाओं को आधुनिक बनाने के लिए एक और बड़ा कदम उठाया है। आज से आयुष्मान भारत हेल्थ इंफ्रास्ट्रक्चर मिशन की शुरुआत हुई है। इस मिशन के तहत 64 हज़ार करोड़ रुपए खर्च करके देश में हजारों नए बेड्स, सैकड़ों नई आधुनिक टेस्टिंग लैब्स और रीसर्च संस्थान बनाए जाएंगे। https://t.co/niJFVRT2PC","public_metrics":{"retweet_count":2491,"reply_count":301,"like_count":9003,"quote_count":39}},{"created_at":"2021-10-25T09:13:14.000Z","id":"1452563895701417988","text":"The establishment of a medical college ramps up the entire healthcare eco-system of an area. The benefits are innumerable. https://t.co/9q2yOYWk83","public_metrics":{"retweet_count":2518,"reply_count":316,"like_count":9458,"quote_count":36}},{"created_at":"2021-10-25T09:12:49.000Z","id":"1452563790957060106","text":"For diagnosis of a disease, one had to go to a big city. \n\nFor consulting a doctor, one had to go to a big city. \n\nFor treatment and cure of major ailments, one had to go to a big city. \n\nSuch a system was not acceptable to us. Hence, we worked to improve rural health infra. https://t.co/hiM6ljoQja","public_metrics":{"retweet_count":2416,"reply_count":281,"like_count":8123,"quote_count":32}},{"created_at":"2021-10-25T09:10:34.000Z","id":"1452563225606774785","text":"पहले की सरकार में गरीबों के हजारों करोड़ रुपये लूटने वाली भ्रष्टाचार की साइकिल चौबीसों घंटे चलती रहती थी। \n\nआज केंद्र और यूपी सरकार की प्राथमिकता है- गरीब का पैसा बचाना, गरीब के परिवार को मूलभूत सुविधाएं देना। https://t.co/iUGKAh5ICY","public_metrics":{"retweet_count":3243,"reply_count":973,"like_count":13074,"quote_count":99}},{"created_at":"2021-10-25T09:10:16.000Z","id":"1452563147601195012","text":"जिस पूर्वांचल को पहले की सरकारों ने बीमारियों से जूझने के लिए छोड़ दिया था, वही पूर्वांचल अब पूर्वी भारत का मेडिकल हब बनेगा, बीमारियों से बचाने वाले अनेक डॉक्टर देश को देगा। https://t.co/OqtiBjlJtB","public_metrics":{"retweet_count":2759,"reply_count":250,"like_count":10234,"quote_count":37}},{"created_at":"2021-10-25T08:27:36.000Z","id":"1452552411961200641","text":"A landmark day for India’s healthcare sector. Watch from Kashi. https://t.co/FTZozoy34p","public_metrics":{"retweet_count":3694,"reply_count":495,"like_count":14961,"quote_count":102}},{"created_at":"2021-10-25T05:47:18.000Z","id":"1452512069819920386","text":"Addressing a public meeting in Siddharthnagar. https://t.co/LDnCxX9Flb","public_metrics":{"retweet_count":4119,"reply_count":630,"like_count":17293,"quote_count":133}},{"created_at":"2021-10-25T02:45:28.000Z","id":"1452466310617698304","text":"Leaving for Siddharthnagar and Varanasi. Today, India’s largest scheme to scale-up health infrastructure will be launched. Various medical colleges along with key development works will be inaugurated. https://t.co/mY0RiZH7vU","public_metrics":{"retweet_count":4159,"reply_count":777,"like_count":19262,"quote_count":127}},{"created_at":"2021-10-24T11:15:43.000Z","id":"1452232329871691789","text":"Festive season is here…don’t forget to go ‘Vocal for Local’ and support Indian artisans, craftspeople and entrepreneurs. #MannKiBaat https://t.co/wKCPRUVDNW","public_metrics":{"retweet_count":3361,"reply_count":905,"like_count":13930,"quote_count":79}},{"created_at":"2021-10-24T11:15:10.000Z","id":"1452232194273972237","text":"Bhagwan Birsa Munda lives in the hearts and minds of crores of Indians. \n\nPaid tributes to him during #MannKiBaat today. \n\nI’d urge you all to read about him and about the rich contributions of our tribal communities in the freedom struggle. https://t.co/x033k5i0jQ","public_metrics":{"retweet_count":2115,"reply_count":263,"like_count":7501,"quote_count":20}},{"created_at":"2021-10-24T11:14:33.000Z","id":"1452232036253581320","text":"All around India, there are many cleanliness initiatives that deserve praise. Highlighted a few such efforts today during #MannKiBaat https://t.co/fkMazYvqB5","public_metrics":{"retweet_count":1993,"reply_count":193,"like_count":7145,"quote_count":21}},{"created_at":"2021-10-24T11:14:15.000Z","id":"1452231961024532486","text":"From the burden of rules and regulations to harnessing them for public good, India is embracing drone technology in a way never seen before. #MannKiBaat https://t.co/hPDGbi4qCU","public_metrics":{"retweet_count":1972,"reply_count":189,"like_count":6682,"quote_count":22}},{"created_at":"2021-10-24T11:13:22.000Z","id":"1452231737942155269","text":"It’s gladdening to see more women joining the police forces. \n\nHighlighted this topic during #MannKiBaat today with a hope that this number increases even further. https://t.co/rrVVzTzVPF","public_metrics":{"retweet_count":1989,"reply_count":177,"like_count":7063,"quote_count":21}},{"created_at":"2021-10-24T11:09:08.000Z","id":"1452230673973092359","text":"Ever thought of writing a song that furthers national unity and furthers a spirit of patriotism?\n\nDoes penning a Lori interest you?\n\nAre you good at making colourful Rangolis? \n\nIf you are, there are three very exciting competitions that begin on 31st October. #MannKiBaat https://t.co/z9Y3T5XjSH","public_metrics":{"retweet_count":1931,"reply_count":178,"like_count":6337,"quote_count":20}},{"created_at":"2021-10-24T11:08:12.000Z","id":"1452230440052535298","text":"It’s @UN Day today, 24th October and I thought of sharing some examples of India’s contributions to the UN be it in women empowerment, peacekeeping, environmental consciousness and more…\n\nDon’t miss the iconic words Atal Ji spoke back in 1977. #MannKiBaat https://t.co/VE8vz1iPF6","public_metrics":{"retweet_count":1934,"reply_count":163,"like_count":6329,"quote_count":24}},{"created_at":"2021-10-24T11:07:31.000Z","id":"1452230268908081156","text":"100 crore vaccinations is a very big number and behind this number are countless anecdotes of health workers going the extra mile to make the drive a success. \n\nDuring #MannKiBaat, I spoke to Poonam Nautiyal Ji from Uttarakhand who has vaccinated several people in remote areas. https://t.co/2LE2EdCNIX","public_metrics":{"retweet_count":2552,"reply_count":335,"like_count":10375,"quote_count":38}},{"created_at":"2021-10-24T05:29:42.000Z","id":"1452145254442823682","text":"#MannKiBaat October 2021. Hear LIVE. https://t.co/TvJuriEQAq","public_metrics":{"retweet_count":4011,"reply_count":1040,"like_count":12791,"quote_count":201}},{"created_at":"2021-10-24T04:36:07.000Z","id":"1452131766232236032","text":"RT @PMOIndia: Do hear today’s #MannKiBaat at 11 AM. https://t.co/wwF2GsYBNu","public_metrics":{"retweet_count":2046,"reply_count":0,"like_count":0,"quote_count":0}},{"created_at":"2021-10-24T04:32:47.000Z","id":"1452130928189325314","text":"Birthday greetings to Minister Shri @ianuragthakur. I have known him for many years and seen his hard work from the days when he was a young Karyakarta to the present when he is working to improve sporting standards and furthering youth empowerment. Praying for his long life.","public_metrics":{"retweet_count":3089,"reply_count":532,"like_count":24793,"quote_count":60}},{"created_at":"2021-10-24T04:14:54.000Z","id":"1452126430674898953","text":"On his 100th birth anniversary, remembering the versatile RK Laxman. Through his cartoons, he beautifully conveyed the socio-political realities of the times. Sharing a speech from 2018, when I had released the book, ‘Timeless Laxman.’ https://t.co/S0srPeZ4hL","public_metrics":{"retweet_count":2397,"reply_count":284,"like_count":13036,"quote_count":37}},{"created_at":"2021-10-24T03:57:31.000Z","id":"1452122053352378371","text":"From dense forests in Arunachal Pradesh to the icy heights of the Himalayas, our @ITBP_official Himveers have answered the nation’s call with utmost dedication. Their humanitarian work during times of disasters is noteworthy. Greetings to all ITBP personnel on their Raising Day. https://t.co/nmhLRjnMOD","public_metrics":{"retweet_count":3974,"reply_count":423,"like_count":24190,"quote_count":73}},{"created_at":"2021-10-23T16:04:52.000Z","id":"1451942709833338881","text":"During the interaction with vaccine manufacturers, emphasised on the need of proper institutionalising of our processes while rolling out the vaccine and being prepared for the coming times, especially in strengthening India’s health infrastructure.","public_metrics":{"retweet_count":2130,"reply_count":240,"like_count":10500,"quote_count":15}},{"created_at":"2021-10-23T16:04:51.000Z","id":"1451942705190211590","text":"India’s #VaccineCentury has drawn widespread acclaim. Our vaccination drive wouldn’t be successful without the efforts of our dynamic vaccine manufacturers, who I had the opportunity to meet today. We had an excellent interaction. \nhttps://t.co/IqFqwMP1ww https://t.co/WX1XE8AKlG","public_metrics":{"retweet_count":4449,"reply_count":620,"like_count":26550,"quote_count":84}},{"created_at":"2021-10-23T08:40:57.000Z","id":"1451830996236587009","text":"Tune in tomorrow, 24th October at 11 AM. #MannKiBaat https://t.co/CvESmzibcc","public_metrics":{"retweet_count":5987,"reply_count":2414,"like_count":37241,"quote_count":298}},{"created_at":"2021-10-23T08:14:13.000Z","id":"1451824264982810626","text":"भारत के वैक्सीनेशन अभियान में गोवा सहित देश के उन राज्यों को विशेष प्रोत्साहन दिया गया है, जो टूरिज्म के केंद्र हैं। इससे गोवा को भी बहुत लाभ हुआ है। https://t.co/tzOkjhqAJl","public_metrics":{"retweet_count":2307,"reply_count":332,"like_count":9878,"quote_count":28}},{"created_at":"2021-10-23T08:14:04.000Z","id":"1451824227682852869","text":"Be it food processing or fisheries, the Centre and State Government are undertaking many efforts that are benefitting the people of Goa. https://t.co/yj3eQJi9Ve","public_metrics":{"retweet_count":2024,"reply_count":195,"like_count":8518,"quote_count":24}},{"created_at":"2021-10-23T08:13:42.000Z","id":"1451824136620331010","text":"For years, Goa was characterised by political instability, which slowed the development process.\n\nIn the last decade, that trend has changed. Starting from the work done by my friend, late Shri Manohar Parrikar Ji, Goa has scaled impressive heights of progress. https://t.co/5XCt78Kj0U","public_metrics":{"retweet_count":2033,"reply_count":194,"like_count":8272,"quote_count":12}},{"created_at":"2021-10-23T08:13:08.000Z","id":"1451823994110423040","text":"Conventionally, Goa is associated with the sun, sand, natural beauty and tourism. \n\nNow, Goa has shown a new model of development that based on the foundations of trust and collective spirit. https://t.co/4LBTZg51H1","public_metrics":{"retweet_count":1926,"reply_count":200,"like_count":7772,"quote_count":19}},{"created_at":"2021-10-23T05:42:41.000Z","id":"1451786132052578313","text":"Interacting with beneficiaries of the Aatmanirbhar Bharat Swayampurna Goa programme. https://t.co/zJpzCA3RbN","public_metrics":{"retweet_count":3548,"reply_count":633,"like_count":16032,"quote_count":88}},{"created_at":"2021-10-22T18:02:59.000Z","id":"1451610046886862855","text":"Thank you President Azali Assoumani for your warm wishes on India crossing historic billion vaccine milestone. India remains committed to work with Comoros under our collaborative vision of SAGAR (Security and Growth for all in the Region). @Beit_Salam https://t.co/3JtuP7iMT2","public_metrics":{"retweet_count":1805,"reply_count":274,"like_count":9469,"quote_count":31}},{"created_at":"2021-10-22T18:01:38.000Z","id":"1451609705705467906","text":"Thank you PM @SherBDeuba ji for your kind wishes. India is resolute in standing together with Nepal in jointly combating this pandemic. May our enduring civilizational ties continue to grow and strengthen. https://t.co/EmIYm1NfMH","public_metrics":{"retweet_count":2044,"reply_count":209,"like_count":12375,"quote_count":17}},{"created_at":"2021-10-22T16:19:44.000Z","id":"1451584064675274752","text":"At 11 AM tomorrow, 23rd October, will interact with beneficiaries of the Aatmanirbhar Bharat Swayampurna Goa programme. This is an innovative effort to ensure the fruits of development reach the intended beneficiaries. https://t.co/946EFUuYfC","public_metrics":{"retweet_count":2811,"reply_count":441,"like_count":15713,"quote_count":39}},{"created_at":"2021-10-22T10:30:54.000Z","id":"1451496277674319874","text":"Thank You @BillGates for your appreciation of the efforts of Indian scientists, health workers and innovators in achieving the 1 billion vaccine milestone.\nIndia remains a steadfast partner in global efforts towards fighting this pandemic. https://t.co/4TDLoaf3eR","public_metrics":{"retweet_count":5261,"reply_count":598,"like_count":34658,"quote_count":89}},{"created_at":"2021-10-22T10:16:23.000Z","id":"1451492622653005828","text":"Thank you President @UKhurelsukh for the thoughtful wishes on #VaccineCentury.\n\nWe are committed to intensifying 'Strategic Partnership' with Mongolia. https://t.co/i9OJlp7uyz","public_metrics":{"retweet_count":1804,"reply_count":173,"like_count":9407,"quote_count":13}},{"created_at":"2021-10-22T10:14:08.000Z","id":"1451492058649096195","text":"Thank you @SkerritR for your kind words.  Agree with you that we must work together in our collective fight against the pandemic. #VaccineCentury. https://t.co/BurOg26HvS","public_metrics":{"retweet_count":1807,"reply_count":163,"like_count":9393,"quote_count":10}},{"created_at":"2021-10-22T10:12:50.000Z","id":"1451491728964276225","text":"Thank you @pmharriskn for your kind words. We continue to remain committed in our fight against COVID -19. #VaccineCentury. https://t.co/Y32WFC2UcZ","public_metrics":{"retweet_count":1547,"reply_count":138,"like_count":7805,"quote_count":7}},{"created_at":"2021-10-22T10:11:58.000Z","id":"1451491512252993540","text":"Thank You Mr. @abdulla_shahid for your warm words of encouragement. You can always count on India’s support for your #PresidencyofHope in tackling this pandemic. India stands together with the UN in achieving vaccine equity and ensuring vaccine accessibility. https://t.co/7i0ZqhIF1t","public_metrics":{"retweet_count":1642,"reply_count":146,"like_count":8373,"quote_count":12}},{"created_at":"2021-10-22T10:10:02.000Z","id":"1451491026229596162","text":"Thank you PM @JugnauthKumar for your kind words. Our two countries are making rapid strides in our respective vaccination programme and fight against COVID-19. I am confident our close partnership will continue to grow! https://t.co/9oOIN1fYMR","public_metrics":{"retweet_count":1641,"reply_count":132,"like_count":8538,"quote_count":9}},{"created_at":"2021-10-22T07:56:51.000Z","id":"1451457508703342592","text":"Thank you, my friend @ScottMorrisonMP for your wishes on India achieving #VaccineCentury. \n\nAnd, congratulations to you for achieving high vaccination target in Australia. https://t.co/B2vHTwbGb4","public_metrics":{"retweet_count":3328,"reply_count":369,"like_count":22588,"quote_count":39}},{"created_at":"2021-10-22T07:51:42.000Z","id":"1451456211153522690","text":"Sharing my Op-Ed on yesterday’s historical feat of #VaccineCentury. The world’s largest vaccination drive ensured that our nation moves from anxiety to assurance and made the fight against COVID-19 more effective. https://t.co/I1eJD4Kdf9","public_metrics":{"retweet_count":1939,"reply_count":201,"like_count":7314,"quote_count":26}},{"created_at":"2021-10-22T07:50:57.000Z","id":"1451456025039708161","text":"जनभागीदारी के साथ देश ने किस तरह कई प्रकार की मुश्किलों को पार करते हुए 100 करोड़ टीकाकरण की उपलब्धि हासिल की है, पढ़िए इस पर मेरा आलेख... \nhttps://t.co/ar9asYTho6","public_metrics":{"retweet_count":2892,"reply_count":537,"like_count":12182,"quote_count":75}},{"created_at":"2021-10-22T04:59:51.000Z","id":"1451412967044485126","text":"Birthday greetings to Shri @AmitShah Ji. I have worked with Amit Bhai for several years and witnessed his outstanding contributions to strengthen the Party and in Government. May he keep serving the nation with the same zeal. Praying for his good health and long life.","public_metrics":{"retweet_count":8742,"reply_count":1770,"like_count":62628,"quote_count":294}},{"created_at":"2021-10-22T04:31:30.000Z","id":"1451405832097132546","text":"Addressing the nation. Watch LIVE. https://t.co/eFdmyTnQZi","public_metrics":{"retweet_count":5916,"reply_count":1244,"like_count":20803,"quote_count":304}},{"created_at":"2021-10-21T16:55:56.000Z","id":"1451230786988888082","text":"I welcome the support and partnership from my friend @DrTedros in the global fight against COVID-19. This reaffirms the Indian philosophy of ‘Vasudhaiva Kutumbakam’, the need of the hour to ensure #VaccineEquity globally.\n\uD83C\uDDEE\uD83C\uDDF3’s #VaccineCentury is a key milestone in that direction! https://t.co/2nPL3UcQkx","public_metrics":{"retweet_count":3320,"reply_count":570,"like_count":18212,"quote_count":80}},{"created_at":"2021-10-21T16:35:37.000Z","id":"1451225671955468289","text":"RT @mansukhmandviya: ना हम रुके कहीं, ना हम डिगे कहीं \nशत्रु हो कोई भी हम झुके नहीं \n\nदुश्मन के शस्त्र जो हो हज़ार \nशत कोटि कवच से हम तैयार…","public_metrics":{"retweet_count":3448,"reply_count":0,"like_count":0,"quote_count":0}},{"created_at":"2021-10-21T15:06:57.000Z","id":"1451203360602820608","text":"Thank you Excellency @LAZARUSCHAKWERA for your wishes on India crossing #VaccineCentury.  \n\nVaccine accessibility is a key to fighting the pandemic. We are in it together. https://t.co/ti6uVkpJdD","public_metrics":{"retweet_count":2454,"reply_count":292,"like_count":12445,"quote_count":29}},{"created_at":"2021-10-21T15:05:19.000Z","id":"1451202949556834311","text":"Thank you, PM @naftalibennett. Appreciate your warm words. This milestone has been made possible by India's scientists, health workers and innovators who are also, along with their Israeli counterparts, building the foundations of our knowledge-based strategic partnership. https://t.co/0k2lcLX3Qn","public_metrics":{"retweet_count":3586,"reply_count":294,"like_count":21674,"quote_count":39}},{"created_at":"2021-10-21T15:03:31.000Z","id":"1451202495372414976","text":"Thank you President @ibusolih for your kind wishes. \n\nI am pleased to see the progress of the vaccination drive in the Maldives. \n\nAs neighbours and close friends, our partnership to overcome COVID-19 has borne fruit.\n#VaccineCentury https://t.co/1KfsOR6O2q","public_metrics":{"retweet_count":2339,"reply_count":175,"like_count":11802,"quote_count":21}},{"created_at":"2021-10-21T15:02:26.000Z","id":"1451202223313088514","text":"Thank you my friend @PresRajapaksa. Recent initiatives such as inaugural international flight to Kushinagar from Sri Lanka and our respective vaccination drives will further strengthen our diverse relationship and enhance interaction between our brotherly people. #VaccineCentury https://t.co/9yfrTGilBw","public_metrics":{"retweet_count":3418,"reply_count":259,"like_count":22572,"quote_count":30}},{"created_at":"2021-10-21T15:00:58.000Z","id":"1451201853182464016","text":"Thank you Lyonchhen Dr. Lotay Tshering for your kind words on this historic occasion. \n\nWe deeply cherish our friendship with Bhutan! \n\nIndia remains committed in our fight against COVID-19 together with the region and the world. @PMBhutan \n#VaccineCentury https://t.co/qtzJxFLIX1","public_metrics":{"retweet_count":2439,"reply_count":189,"like_count":12224,"quote_count":25}},{"created_at":"2021-10-21T07:13:30.000Z","id":"1451084211637702656","text":"The coming years will always remember and cherish the pro-people work being done by @mlkhattar Ji and his team for the progress of Haryana. https://t.co/Z4PyaPvnY7","public_metrics":{"retweet_count":2606,"reply_count":582,"like_count":10547,"quote_count":58}},{"created_at":"2021-10-21T07:11:19.000Z","id":"1451083662385197057","text":"Healthcare is a great example of how the public and private sector, individuals and social organisations can work together to make a difference. https://t.co/2VD5pKy0zs","public_metrics":{"retweet_count":2505,"reply_count":326,"like_count":10441,"quote_count":36}},{"created_at":"2021-10-21T07:10:52.000Z","id":"1451083547914260487","text":"From the ramparts of the Red Fort I had spoken about Sabka Prayas. \n\nIt is collective efforts that will take India to newer heights. https://t.co/Y2hZByTTQI","public_metrics":{"retweet_count":2368,"reply_count":259,"like_count":8939,"quote_count":29}},{"created_at":"2021-10-21T07:10:19.000Z","id":"1451083410030608387","text":"21st October 2021 will forever be remembered in the history books! #VaccineCentury https://t.co/FLORS89ums","public_metrics":{"retweet_count":3792,"reply_count":512,"like_count":14699,"quote_count":150}},{"created_at":"2021-10-21T06:57:55.000Z","id":"1451080289027977219","text":"Today, when India has achieved a #VaccineCentury, I went to a vaccination centre at Dr. Ram Manohar Lohia Hospital. The vaccine has brought pride and protection in the lives of our citizens. https://t.co/MUObjQKpga","public_metrics":{"retweet_count":9271,"reply_count":1424,"like_count":51972,"quote_count":399}},{"created_at":"2021-10-21T05:39:13.000Z","id":"1451060483558035459","text":"Addressing a healthcare related programme in Jhajjar. https://t.co/cVmm8pZYIA","public_metrics":{"retweet_count":3350,"reply_count":489,"like_count":14641,"quote_count":63}},{"created_at":"2021-10-21T05:04:22.000Z","id":"1451051712387731458","text":"India scripts history. \n\nWe are witnessing the triumph of Indian science, enterprise and collective spirit of 130 crore Indians. \n\nCongrats India on crossing 100 crore vaccinations. Gratitude to our doctors, nurses and all those who worked to achieve this feat. #VaccineCentury","public_metrics":{"retweet_count":26645,"reply_count":4118,"like_count":109296,"quote_count":2060}},{"created_at":"2021-10-21T03:37:30.000Z","id":"1451029854678241285","text":"On Police Commemoration Day, I would like to acknowledge the outstanding efforts by our police forces in preserving law and order, and assisting others in times of need. I pay homage to all those police personnel who lost their lives in the line of duty. https://t.co/DqWNskwZqh","public_metrics":{"retweet_count":4617,"reply_count":679,"like_count":27335,"quote_count":89}},{"created_at":"2021-10-20T17:20:54.000Z","id":"1450874680722685953","text":"Had a fruitful interaction with leading stakeholders of the oil and gas sector from across the world. They shared their insightful inputs on various issues. I highlighted the economic opportunities in India and the reforms happening in our nation. https://t.co/T5oqgJz5T2","public_metrics":{"retweet_count":3763,"reply_count":886,"like_count":21632,"quote_count":95}},{"created_at":"2021-10-20T11:55:14.000Z","id":"1450792723825537026","text":"उत्तर प्रदेश में अब मूल सुविधाएं तेजी से गरीबों तक पहुंच रही हैं, जिससे उन्हें यह एहसास हो रहा है कि आज जो सरकार है, वो उनका दर्द और परेशानी समझती है।\n\nडबल इंजन की सरकार डबल ताकत से पूर्वांचल सहित पूरे यूपी के विकास में जुटी है। https://t.co/1ptfE4zz0W","public_metrics":{"retweet_count":3096,"reply_count":919,"like_count":11880,"quote_count":95}},{"created_at":"2021-10-20T11:53:46.000Z","id":"1450792353715916800","text":"जब कानून का राज होता है, अपराधियों में डर होता है, तो विकास की योजनाओं का लाभ भी तेजी से गरीब, दलित, शोषित और वंचित तक पहुंचता है। यही उत्तर प्रदेश में आज हो रहा है। https://t.co/pc6wwH4Yp8","public_metrics":{"retweet_count":4307,"reply_count":1373,"like_count":19775,"quote_count":174}},{"created_at":"2021-10-20T11:53:00.000Z","id":"1450792160094265344","text":"Bringing better infrastructure to Kushinagar and improving the quality of life for the people there. https://t.co/9KTHIT0GVC","public_metrics":{"retweet_count":3908,"reply_count":403,"like_count":15757,"quote_count":70}},{"created_at":"2021-10-20T11:52:25.000Z","id":"1450792013968904196","text":"This is a great initiative undertaken by my friend, @PresRajapaksa. \n\nThe teachings of Lord Buddha unite our nations and make our planet better. https://t.co/3b9dCF3sXj","public_metrics":{"retweet_count":2261,"reply_count":243,"like_count":11232,"quote_count":47}},{"created_at":"2021-10-20T11:51:39.000Z","id":"1450791821349728260","text":"Happy to have met you in Kushinagar, @RajapaksaNamal. \n\nIndia-Sri Lanka ties are getting stronger and stronger across different sectors. This augurs well for the people of our nations. https://t.co/WcpkLsM7TY","public_metrics":{"retweet_count":2003,"reply_count":206,"like_count":9967,"quote_count":25}},{"created_at":"2021-10-20T11:07:28.000Z","id":"1450780705139699716","text":"The teachings of Lord Buddha reverberate globally. \n\nWe in India are blessed that across the nation, there are several places linked to Buddhism. https://t.co/RK9Iu7d5hI","public_metrics":{"retweet_count":3063,"reply_count":411,"like_count":12533,"quote_count":53}},{"created_at":"2021-10-20T11:05:34.000Z","id":"1450780225973985285","text":"Lord Buddha talked about the sense of ultimate responsibility. \n\nMay his teachings keep guiding us in our various endeavours to create a better planet. https://t.co/JrjWpxZnRK","public_metrics":{"retweet_count":2768,"reply_count":329,"like_count":11360,"quote_count":40}},{"created_at":"2021-10-20T10:30:34.000Z","id":"1450771416106749956","text":"Feel extremely blessed to be in Kushinagar on Abhidhamma Day. https://t.co/UGBcvXcXGN","public_metrics":{"retweet_count":7252,"reply_count":1102,"like_count":63681,"quote_count":142}},{"created_at":"2021-10-20T09:05:11.000Z","id":"1450749928331005955","text":"We envision our aviation sector to run with utmost professionalism, where public convenience is given top priority. Guided by that, a number of reforms have been ushered, which have been widely appreciated. https://t.co/RwrbMFBwDT","public_metrics":{"retweet_count":2261,"reply_count":326,"like_count":8175,"quote_count":38}},{"created_at":"2021-10-20T09:04:47.000Z","id":"1450749830293295111","text":"The airport in Kushinagar fulfils a long-standing dream of the people of this great land, which is closely associated with Lord Buddha. \n\nCongratulations to the people of Kushinagar and surrounding areas. https://t.co/thBlFYld88","public_metrics":{"retweet_count":2515,"reply_count":368,"like_count":9615,"quote_count":44}},{"created_at":"2021-10-20T09:03:44.000Z","id":"1450749564810563586","text":"Come to Kushinagar, get inspired by the noble principles of Lord Buddha. https://t.co/i1zajn5tNL","public_metrics":{"retweet_count":5418,"reply_count":720,"like_count":27728,"quote_count":114}},{"created_at":"2021-10-20T08:12:19.000Z","id":"1450736624657059845","text":"Addressing a public meeting in the sacred land of Kushinagar. https://t.co/RNTaHrekuH","public_metrics":{"retweet_count":3487,"reply_count":623,"like_count":14964,"quote_count":93}},{"created_at":"2021-10-20T06:51:04.000Z","id":"1450716178633035783","text":"Addressing the Abhidhamma Day programme. https://t.co/jJoLXRiYEm","public_metrics":{"retweet_count":3619,"reply_count":591,"like_count":14465,"quote_count":92}},{"created_at":"2021-10-20T04:59:55.000Z","id":"1450688206408613891","text":"Kushinagar airport will boost connectivity and tourism. Here is my speech. https://t.co/5pXUE3rQho","public_metrics":{"retweet_count":4280,"reply_count":872,"like_count":17078,"quote_count":171}},{"created_at":"2021-10-20T04:05:43.000Z","id":"1450674567681167360","text":"My remarks at the joint conference of the CVC and CBI. https://t.co/cZnUZ0Il3M","public_metrics":{"retweet_count":3859,"reply_count":733,"like_count":19046,"quote_count":94}},{"created_at":"2021-10-20T02:48:46.000Z","id":"1450655200981618694","text":"தமிழ்நாடு உள்ளாட்சித் தேர்தலில் தேர்ந்தெடுக்கப்பட்ட எங்கள்  கட்சிக்காரர்களை நான் வாழ்த்த விரும்புகிறேன்.  எங்கள் மீது நம்பிக்கை வைத்த தமிழ்நாட்டின் சகோதர சகோதரிகளுக்கு நன்றி.\n\nஅருமையான தமிழகத்தின் முன்னேற்றத்திற்காக தொடர்ந்து உழைப்போம். https://t.co/xJNjD0A12O","public_metrics":{"retweet_count":2749,"reply_count":553,"like_count":11103,"quote_count":212}}],"meta":{"oldest_id":"1450655200981618694","newest_id":"1454149102091001858","result_count":100,"next_token":"7140dibdnow9c7btw3z2vficzcarmuad0kej4taxkq62c"}}