{"data":[{"public_metrics":{"retweet_count":4195,"reply_count":671,"like_count":22491,"quote_count":89},"id":"1426483908208517120","text":"It is a matter of pride for us that four Indian sites get Ramsar recognition. This once again manifests India's centuries old ethos of preserving natural habitats, working towards flora and fauna protection, and building a greener planet. https://t.co/Ibyni7X9vB https://t.co/ARKemkU4rj","created_at":"2021-08-14T10:00:41.000Z"},{"public_metrics":{"retweet_count":10691,"reply_count":1383,"like_count":42664,"quote_count":392},"id":"1426410420219170816","text":"#PartitionHorrorsRemembranceDay का यह दिन हमें भेदभाव, वैमनस्य और दुर्भावना के जहर को खत्म करने के लिए न केवल प्रेरित करेगा, बल्कि इससे एकता, सामाजिक सद्भाव और मानवीय संवेदनाएं भी मजबूत होंगी।","created_at":"2021-08-14T05:08:40.000Z"},{"public_metrics":{"retweet_count":26563,"reply_count":6685,"like_count":109338,"quote_count":1824},"id":"1426410418499571715","text":"देश के बंटवारे के दर्द को कभी भुलाया नहीं जा सकता। नफरत और हिंसा की वजह से हमारे लाखों बहनों और भाइयों को विस्थापित होना पड़ा और अपनी जान तक गंवानी पड़ी। उन लोगों के संघर्ष और बलिदान की याद में 14 अगस्त को 'विभाजन विभीषिका स्मृति दिवस' के तौर पर मनाने का निर्णय लिया गया है।","created_at":"2021-08-14T05:08:39.000Z"},{"public_metrics":{"retweet_count":12855,"reply_count":1883,"like_count":50996,"quote_count":949},"id":"1426410194062303232","text":"May the #PartitionHorrorsRemembranceDay keep reminding us of the need to remove the poison of social divisions, disharmony and further strengthen the spirit of oneness, social harmony and human empowerment.","created_at":"2021-08-14T05:07:46.000Z"},{"public_metrics":{"retweet_count":25655,"reply_count":5695,"like_count":101590,"quote_count":3532},"id":"1426410192258830341","text":"Partition’s pains can never be forgotten. Millions of our sisters and brothers were displaced and many lost their lives due to mindless hate and violence. In memory of the struggles and sacrifices of our people, 14th August will be observed as Partition Horrors Remembrance Day.","created_at":"2021-08-14T05:07:45.000Z"},{"public_metrics":{"retweet_count":4665,"reply_count":880,"like_count":23351,"quote_count":94},"id":"1426196902802911238","text":"Addressing the birth centenary celebrations of Padma Vibhushan Shivshahir Babasaheb Purandare Ji. https://t.co/oEIDaZduIB","created_at":"2021-08-13T15:00:13.000Z"},{"public_metrics":{"retweet_count":3390,"reply_count":596,"like_count":14469,"quote_count":58},"id":"1426166198958448640","text":"The Government of India is taking numerous steps to boost green and clean mobility, with a special focus on safety, quality and following global standards. https://t.co/8dUN0YsOBR","created_at":"2021-08-13T12:58:13.000Z"},{"public_metrics":{"retweet_count":2881,"reply_count":387,"like_count":12409,"quote_count":45},"id":"1426166085141815296","text":"The energy sector has been energised with path-breaking reforms that will ensure greater growth and opportunities for the youth of India. https://t.co/uc75sk5drG","created_at":"2021-08-13T12:57:46.000Z"},{"public_metrics":{"retweet_count":3065,"reply_count":475,"like_count":13422,"quote_count":63},"id":"1426165994511286275","text":"The new scrapping policy is in line with our emphasis on “waste to wealth” and boosting the circular economy. The policy will reduce pollution and increase the pace of progress. https://t.co/7zcHcWmVsX","created_at":"2021-08-13T12:57:24.000Z"},{"public_metrics":{"retweet_count":4457,"reply_count":902,"like_count":18796,"quote_count":153},"id":"1426061611094081546","text":"Launching National Automobile Scrappage Policy #CircularEconomy https://t.co/JL7EAZ5BNL","created_at":"2021-08-13T06:02:37.000Z"},{"public_metrics":{"retweet_count":2964,"reply_count":471,"like_count":15706,"quote_count":63},"id":"1426039980485271553","text":"Vehicle scrapping will help phase out unfit &amp; polluting vehicles in an environment friendly manner. Our aim is to create a viable #circulareconomy &amp; bring value for all stakeholders while being environmentally responsible.","created_at":"2021-08-13T04:36:40.000Z"},{"public_metrics":{"retweet_count":5883,"reply_count":950,"like_count":34726,"quote_count":151},"id":"1426039978342064131","text":"The launch of Vehicle Scrappage Policy today is a significant milestone in India’s development journey. The Investor Summit in Gujarat for setting up vehicle scrapping infrastructure opens a new range of possibilities. I would request our youth &amp; start-ups to join this programme.","created_at":"2021-08-13T04:36:40.000Z"},{"public_metrics":{"retweet_count":4686,"reply_count":1127,"like_count":30305,"quote_count":125},"id":"1425851526568824834","text":"At 11 AM tomorrow, 13th August, I would address an investment summit in Gujarat. This summit is aimed at getting investment relating to setting up vehicle scrapping infrastructure, which is essential for a cleaner future. https://t.co/w3TlkjTgBR","created_at":"2021-08-12T16:07:49.000Z"},{"public_metrics":{"retweet_count":4193,"reply_count":1503,"like_count":18396,"quote_count":152},"id":"1425772248518909956","text":"बहनों-बेटियों की शिक्षा, स्वास्थ्य, पोषण, टीकाकरण और दूसरी जरूरतों पर भी सरकार पूरी संवेदनशीलता से काम कर रही है।\n\nइससे ना सिर्फ महिलाओं की गरिमा बढ़ी है, बल्कि बेटियों-बहनों का आत्मविश्वास भी बढ़ रहा है। यह आत्मनिर्भर भारत के लिए एक सुखद संकेत है। https://t.co/4Z5gA4jfSm","created_at":"2021-08-12T10:52:48.000Z"},{"public_metrics":{"retweet_count":2604,"reply_count":453,"like_count":9191,"quote_count":41},"id":"1425772187919609866","text":"आजादी के 75 वर्ष का यह समय नए लक्ष्य तय करने और नई ऊर्जा के साथ आगे बढ़ने का है। बहनों की समूह शक्ति को भी अब नई ताकत के साथ आगे बढ़ना है। \n\nसरकार लगातार वो माहौल, वो स्थितियां बना रही है, जहां से सभी बहनें हमारे गांवों को समृद्धि और संपन्नता से जोड़ सकती हैं। https://t.co/V8EJzyskhX","created_at":"2021-08-12T10:52:33.000Z"},{"public_metrics":{"retweet_count":2502,"reply_count":355,"like_count":9257,"quote_count":38},"id":"1425772119573422083","text":"स्वयं सहायता समूह और दीन दयाल अंत्योदय योजना आज ग्रामीण भारत में एक नई क्रांति ला रही है। इस क्रांति की मशाल महिला सेल्फ हेल्प समूहों ने संभाल रखी है।\n\nपिछले 6-7 सालों के दौरान इन समूहों में तीन गुना से अधिक बढ़ोतरी हुई है और तीन गुना अधिक बहनों की भागीदारी सुनिश्चित हुई है। https://t.co/ACqfJ3gIBm","created_at":"2021-08-12T10:52:17.000Z"},{"public_metrics":{"retweet_count":2458,"reply_count":270,"like_count":9548,"quote_count":40},"id":"1425771994990055426","text":"Here is an inspiring experience from Dindigul, Tamil Nadu, which shows how care for the environment and progress can go together. https://t.co/k08rZtvqs4","created_at":"2021-08-12T10:51:47.000Z"},{"public_metrics":{"retweet_count":2590,"reply_count":262,"like_count":10601,"quote_count":32},"id":"1425771590269034496","text":"दीन दयाल उपाध्याय ग्रामीण कौशल्य योजना के तहत प्रशिक्षण लेने वाली मणिपुर की एन जोइसी जी ने यह साबित किया है कि अगर इच्छाशक्ति हो तो कुछ भी हासिल किया जा सकता है। https://t.co/7zVsQEgljM","created_at":"2021-08-12T10:50:11.000Z"},{"public_metrics":{"retweet_count":2143,"reply_count":203,"like_count":7937,"quote_count":22},"id":"1425771462233714688","text":"उत्तराखंड के रुद्रपुर की चंद्रमणि दास जी ने सरकारी योजना की मदद से न सिर्फ बेकरी स्थापित की, बल्कि वे नए-नए प्रयोग के साथ हेल्दी प्रोडक्ट भी बना रही हैं। उनके समूह के साथ जुड़ी महिलाएं आज न केवल आत्मनिर्भर हैं, बल्कि अपने परिवार का सहारा भी बनी हैं। https://t.co/dWP3LLcKMY","created_at":"2021-08-12T10:49:40.000Z"},{"public_metrics":{"retweet_count":2240,"reply_count":241,"like_count":8367,"quote_count":27},"id":"1425771335398002688","text":"वीरांगनाओं की धरती बुंदेलखंड की उमाकांति पाल जी ने दुग्ध उत्पादन के क्षेत्र में जो उपलब्धि हासिल की है, वो एक मिसाल है। वे अपनी मिल्क प्रोड्यूसर कंपनी के जरिए क्षेत्र की 25 हजार महिलाओं की आजीविका का जरिया बनी हैं। https://t.co/H4FLvAL6YI","created_at":"2021-08-12T10:49:10.000Z"},{"public_metrics":{"retweet_count":2117,"reply_count":204,"like_count":8093,"quote_count":20},"id":"1425771223883997192","text":"मध्य प्रदेश के अनूपपुर की चंपा सिंह जी ने यह दिखा दिया है कि जब नारी सशक्त होती है तो परिवार ही नहीं, पूरा समाज और देश भी सशक्त होता है। कृषि सखी के रूप में उनका अनुभव हजारों महिलाओं को आत्मनिर्भर बनाने के काम आ रहा है। https://t.co/EUDHH6AALK","created_at":"2021-08-12T10:48:43.000Z"},{"public_metrics":{"retweet_count":4083,"reply_count":852,"like_count":17896,"quote_count":148},"id":"1425717538416066568","text":"Taking part in ‘Aatmanirbhar Narishakti se Samvad.’ #AatmanirbharNariShakti https://t.co/nkSLywwoPO","created_at":"2021-08-12T07:15:24.000Z"},{"public_metrics":{"retweet_count":3421,"reply_count":651,"like_count":19973,"quote_count":69},"id":"1425488350400507907","text":"The landslide tragedy at Kinnaur is very saddening. In this hour of grief, my thoughts are with the families of those who lost their lives. May the injured recover at the earliest. Rescue operations are underway and everything possible is being done to assist those still trapped.","created_at":"2021-08-11T16:04:41.000Z"},{"public_metrics":{"retweet_count":6301,"reply_count":1990,"like_count":42580,"quote_count":352},"id":"1425488075673595910","text":"Passage of the Constitution (127th Amendment) Bill, 2021 in both Houses is a landmark moment for our nation. This Bill furthers social empowerment. It also reflects our Government’s commitment to ensuring dignity, opportunity and justice to the marginalised sections.","created_at":"2021-08-11T16:03:36.000Z"},{"public_metrics":{"retweet_count":1505,"reply_count":180,"like_count":6114,"quote_count":13},"id":"1425487955091546112","text":"During the programme tomorrow, I would get the opportunity to interact with women SHG members. Developmental assistance to various SHGs will also be released. This will give impetus to the working of these groups and enable more women to contribute towards national welfare.","created_at":"2021-08-11T16:03:07.000Z"},{"public_metrics":{"retweet_count":2864,"reply_count":378,"like_count":14918,"quote_count":40},"id":"1425487699922755587","text":"India has a large number of Self-Help Groups which are making monumental contributions to women empowerment. At 12:30 PM tomorrow, 12th August, will take part in the ‘Atmanirbhar Narishakti se Samvad.’ https://t.co/eYiBZ6opqV","created_at":"2021-08-11T16:02:06.000Z"},{"public_metrics":{"retweet_count":2253,"reply_count":323,"like_count":9430,"quote_count":32},"id":"1425486166313246722","text":"The series of reforms in the last few years have been all encompassing and comprehensive. One of the factors guiding these reforms is the faith in our private sector. https://t.co/6mxRqK8JAD","created_at":"2021-08-11T15:56:00.000Z"},{"public_metrics":{"retweet_count":2305,"reply_count":305,"like_count":10262,"quote_count":41},"id":"1425485940672253958","text":"A glimpse of renewed self-confidence and enterprise spirit can be seen in the exponential growth of India’s start-up eco-system. https://t.co/t03BqOmQiG","created_at":"2021-08-11T15:55:07.000Z"},{"public_metrics":{"retweet_count":2596,"reply_count":463,"like_count":11702,"quote_count":40},"id":"1425483421527121924","text":"Recent policy and reform measures have created a conducive environment for all-round growth. I call upon industry leaders to harness the opportunities available and contribute to national progress. https://t.co/SOk0GfInSR","created_at":"2021-08-11T15:45:06.000Z"},{"public_metrics":{"retweet_count":4008,"reply_count":843,"like_count":19294,"quote_count":127},"id":"1425417726462287877","text":"Addressing the #CIIAnnualSession2021. Watch. https://t.co/HU8zczBL6g","created_at":"2021-08-11T11:24:03.000Z"},{"public_metrics":{"retweet_count":4778,"reply_count":982,"like_count":38857,"quote_count":108},"id":"1425298549093240832","text":"Dr. Balaji Tambe will be remembered for his numerous efforts to make Ayurveda globally popular, especially among the youth. He was admired for his compassionate nature. Pained by his demise. Condolences to his family and admirers. Om Shanti.","created_at":"2021-08-11T03:30:29.000Z"},{"public_metrics":{"retweet_count":2581,"reply_count":407,"like_count":12456,"quote_count":58},"id":"1425298164534243328","text":"Will be speaking at the #CIIAnnualSession2021 this evening. The Government of India will keep working with various stakeholders to further strengthen the reform trajectory so that the collective vision of Aatmanirbhar Bharat is fulfilled. https://t.co/mWdYxJ06r5","created_at":"2021-08-11T03:28:57.000Z"},{"public_metrics":{"retweet_count":3327,"reply_count":893,"like_count":15623,"quote_count":95},"id":"1425076359743688706","text":"आज विश्व बायोफ्यूल दिवस पर हमें अपने लक्ष्यों को फिर याद करना है... https://t.co/CaMdexfzZy","created_at":"2021-08-10T12:47:35.000Z"},{"public_metrics":{"retweet_count":2459,"reply_count":449,"like_count":9712,"quote_count":47},"id":"1425076327397298178","text":"बुंदेलखंड सहित पूरे यूपी और दूसरे राज्यों के हमारे अनेक साथी काम करने के लिए गांव से शहर जाते हैं, दूसरे राज्य जाते हैं। लेकिन वहां उनके सामने एड्रेस के प्रमाण की समस्या आती है।\n \nऐसे लाखों परिवारों को उज्ज्वला 2.0 योजना सबसे अधिक राहत देगी। https://t.co/7q4d7bjycU","created_at":"2021-08-10T12:47:27.000Z"},{"public_metrics":{"retweet_count":2941,"reply_count":546,"like_count":12394,"quote_count":80},"id":"1425076140931043331","text":"हमारी बेटियां राष्ट्रनिर्माण में व्यापक योगदान तभी दे पाएंगी, जब पहले घर और रसोई से जुड़ी समस्याएं हल होंगी। इसलिए, बीते 6-7 सालों में ऐसे हर समाधान के लिए मिशन मोड पर काम किया गया है। https://t.co/Gi9fM7CXMj","created_at":"2021-08-10T12:46:43.000Z"},{"public_metrics":{"retweet_count":2360,"reply_count":330,"like_count":8839,"quote_count":39},"id":"1425076109918408704","text":"उज्ज्वला योजना ने देश के जितने लोगों, जितनी महिलाओं का जीवन रोशन किया है, वह अभूतपूर्व है।\n \n2016 में यह योजना आजादी की लड़ाई के अग्रदूत मंगल पांडे की धरती बलिया से शुरू हुई थी। आज उज्ज्वला का दूसरा संस्करण भी यूपी के ही महोबा की वीरभूमि से शुरू हुआ है। https://t.co/m1qDztT9Hu","created_at":"2021-08-10T12:46:35.000Z"},{"public_metrics":{"retweet_count":2157,"reply_count":266,"like_count":8529,"quote_count":26},"id":"1425076041173798915","text":"पीएम उज्ज्वला योजना ने जिस प्रकार देहरादून की बूंदी देवी की आंखों के आंसुओं को पोछने का काम किया है, वो भावविभोर करने वाला है। https://t.co/nHIZzE1SJg","created_at":"2021-08-10T12:46:19.000Z"},{"public_metrics":{"retweet_count":2525,"reply_count":409,"like_count":10751,"quote_count":46},"id":"1425074876746928131","text":"भोपाल की सुनीता वैष्णव जी हर डेढ़ से दो महीने में उज्ज्वला योजना के तहत मिले सिलेंडर को रिफिल करवाती हैं। उन्होंने बताया कि लॉकडाउन के दौरान मुफ्त सिलेंडर मिलने से उनके परिवार को कितनी मदद मिली। https://t.co/2VnJi4TcAh","created_at":"2021-08-10T12:41:41.000Z"},{"public_metrics":{"retweet_count":3506,"reply_count":803,"like_count":19105,"quote_count":122},"id":"1425074205666676737","text":"गोरखपुर की किरन देवी जी का पूरा समय पहले खाना बनाने में ही चला जाता था, लेकिन उज्ज्वला योजना की वजह से अब उनके पास दूसरे काम के लिए भी काफी समय होता है। https://t.co/Y1xdCspniY","created_at":"2021-08-10T12:39:01.000Z"},{"public_metrics":{"retweet_count":2236,"reply_count":262,"like_count":9467,"quote_count":23},"id":"1425074168215662597","text":"अमृतसर की आशा जी से बातचीत कर पता चलता है कि उज्ज्वला योजना किस प्रकार गरीब परिवारों के लिए एक नई आशा लेकर आई है। https://t.co/HKPcBXf8Ek","created_at":"2021-08-10T12:38:52.000Z"},{"public_metrics":{"retweet_count":2072,"reply_count":247,"like_count":8158,"quote_count":26},"id":"1425074132945838082","text":"गोवा की एकता चोपड़ेकर जी ने बताया कि किस प्रकार उज्ज्वला योजना के तहत मिले गैस कनेक्शन से उन्हें रसोई के धुएं से आजादी मिली है। अब वो अपने बच्चों को अधिक समय दे पाती हैं, उन्हें पढ़ा पाती हैं। https://t.co/9bHlq0TOE8","created_at":"2021-08-10T12:38:44.000Z"},{"public_metrics":{"retweet_count":4885,"reply_count":1074,"like_count":24299,"quote_count":186},"id":"1424997484275716100","text":"Speaking at the launch of #PMUjjwala2. https://t.co/720VRhaqWT","created_at":"2021-08-10T07:34:10.000Z"},{"public_metrics":{"retweet_count":3645,"reply_count":1104,"like_count":42870,"quote_count":149},"id":"1424936489641594883","text":"Best wishes to Jharkhand CM Shri @HemantSorenJMM Ji on his birthday. Praying for his long life and good health.","created_at":"2021-08-10T03:31:47.000Z"},{"public_metrics":{"retweet_count":5625,"reply_count":691,"like_count":36277,"quote_count":136},"id":"1424931456132947970","text":"When I was serving as Gujarat CM, I had the opportunity to work towards ensuring safe and secure habitats for the Gir Lions. A number of initiatives were taken which involved local communities and global best practices to ensure habitats are safe and tourism also gets a boost. https://t.co/0VEGmh7Ygj","created_at":"2021-08-10T03:11:47.000Z"},{"public_metrics":{"retweet_count":6985,"reply_count":802,"like_count":47193,"quote_count":238},"id":"1424930989202046982","text":"The lion is majestic and courageous. India is proud to be home to the Asiatic Lion. On World Lion Day, I convey my greetings to all those passionate about lion conservation. It would make you happy that the last few years have seen a steady increase in India’s lion population. https://t.co/GaCEXnp7hG","created_at":"2021-08-10T03:09:56.000Z"},{"public_metrics":{"retweet_count":2593,"reply_count":341,"like_count":11908,"quote_count":47},"id":"1424728178791178242","text":"Ujjwala 1.0 was launched in May 2016. Since its launch, it has ensured a life of dignity to our citizens, especially women. In August 2019, the target of 8 crore connections was completed 7 months before the decided time frame.","created_at":"2021-08-09T13:44:02.000Z"},{"public_metrics":{"retweet_count":6016,"reply_count":1078,"like_count":40005,"quote_count":141},"id":"1424728175888764928","text":"Tomorrow, 10th August is a special day for India’s development trajectory. At 12:30 PM, Ujjwala 2.0 will be launched with connections being handed over to people in Mahoba, UP. Will also interact with beneficiaries of the scheme. https://t.co/hDUofXT5in","created_at":"2021-08-09T13:44:01.000Z"},{"public_metrics":{"retweet_count":5425,"reply_count":776,"like_count":23879,"quote_count":216},"id":"1424710161252327432","text":"Chairing the UNSC High-Level Open Debate on “Enhancing Maritime Security: A Case For International Cooperation”. https://t.co/cG5EgQNENA","created_at":"2021-08-09T12:32:26.000Z"},{"public_metrics":{"retweet_count":2538,"reply_count":424,"like_count":11324,"quote_count":64},"id":"1424682137278615553","text":"उत्तराखंड के टिहरी-गढ़वाल के मशरूम उत्पादक सुशांत उनियाल जी ने यह साबित कर दिखाया है कि पहाड़ की जवानी पहाड़ के कितने काम आ सकती है। https://t.co/doRgge0Y5N","created_at":"2021-08-09T10:41:05.000Z"},{"public_metrics":{"retweet_count":2694,"reply_count":373,"like_count":12856,"quote_count":53},"id":"1424682050058076163","text":"जम्मू कश्मीर के केसर उत्पादक किसान अब्दुल मजीद वानी जी ने बताया कि किस प्रकार सरकार की कृषि योजनाओं से 2021 में ही उनकी आय दोगुनी हो चुकी है। https://t.co/1gu7jvjcSd","created_at":"2021-08-09T10:40:44.000Z"},{"public_metrics":{"retweet_count":2203,"reply_count":266,"like_count":8825,"quote_count":29},"id":"1424681923604099073","text":"उत्तर प्रदेश के कासगंज के श्यामाचरण उपाध्याय जी ने जिस प्रकार एफपीओ बनाकर किसानों को जोड़ा और सरकारी सुविधाएं लेकर उनकी आय बढ़ाने का काम किया, वो देश के किसानों को एक नई राह दिखाने वाला है। https://t.co/PqoPTznqwO","created_at":"2021-08-09T10:40:14.000Z"},{"public_metrics":{"retweet_count":2000,"reply_count":214,"like_count":7771,"quote_count":24},"id":"1424681844356812801","text":"महाराष्ट्र के देवेंद्र जपदेकर जी ने सिविल इंजीनियरिंग की पढ़ाई के बाद भी कृषि के क्षेत्र को चुना और आज वे एक सफल आम उत्पादक हैं। उन्होंने सरकारी योजना के तहत मिले लोन से जुड़ा जो अनुभव बताया, वो अन्य किसानों को भी प्रेरित करने वाला है। https://t.co/3RFvHZBU7d","created_at":"2021-08-09T10:39:55.000Z"},{"public_metrics":{"retweet_count":2119,"reply_count":203,"like_count":9172,"quote_count":27},"id":"1424681785535893505","text":"गोवा की प्रतिभा वेलिपी जी से बात कर पता चला कि पीएम किसान सम्मान निधि किसान भाइयों और बहनों के कितने काम आ रही है। वे खेती में जिस प्रकार प्रयोग करके अलग-अलग फसल उगाती हैं, वो एक मिसाल है। https://t.co/19pYzBJXpi","created_at":"2021-08-09T10:39:41.000Z"},{"public_metrics":{"retweet_count":2096,"reply_count":330,"like_count":7838,"quote_count":28},"id":"1424681327245332481","text":"आने वाले 25 साल में देश की कृषि को समृद्ध करने में छोटे किसानों की बहुत बड़ी भूमिका रहने वाली है। इसलिए, देश की कृषि नीतियों में इन्हें सर्वोच्च प्राथमिकता दी जा रही है। #PMKisan https://t.co/zHor4Ocpxb","created_at":"2021-08-09T10:37:52.000Z"},{"public_metrics":{"retweet_count":3215,"reply_count":395,"like_count":12867,"quote_count":60},"id":"1424681203316178949","text":"आज जब भारत की पहचान एक बड़े कृषि निर्यातक की बन रही है, तब हम खाद्य तेल के लिए आयात पर निर्भर रहें, यह उचित नहीं है। इस स्थिति को अब बदलना है।\n\nभारत में ऑयल-पाम की खेती की काफी संभावनाएं हैं। विशेष रूप से नॉर्थ ईस्ट और अंडमान-निकोबार द्वीप समूह में इसे बहुत बढ़ाया जा सकता है। https://t.co/dZcirP4SGf","created_at":"2021-08-09T10:37:22.000Z"},{"public_metrics":{"retweet_count":2315,"reply_count":242,"like_count":9339,"quote_count":30},"id":"1424681112840847363","text":"खरीफ हो या रबी सीजन, सरकार ने किसानों से MSP पर अब तक की सबसे बड़ी खरीद की है। \n\nकिसान और सरकार की इसी साझेदारी के कारण आज भारत के अन्न भंडार भरे हुए हैं। #PMKisan https://t.co/YtN2pOQNjA","created_at":"2021-08-09T10:37:01.000Z"},{"public_metrics":{"retweet_count":2157,"reply_count":404,"like_count":8437,"quote_count":42},"id":"1424680820619595776","text":"देश जब 2047 में आजादी के 100 वर्ष पूरे करेगा, तब भारत की स्थिति क्या होगी, यह तय करने में हमारी खेती, हमारे किसानों की बहुत बड़ी भूमिका है।\n\nयह समय भारत की कृषि को एक ऐसी दिशा देने का है, जो नई चुनौतियों का सामना कर सके और नए अवसरों का लाभ उठा सके। #PMKisan https://t.co/Fafc8rMpg5","created_at":"2021-08-09T10:35:51.000Z"},{"public_metrics":{"retweet_count":4622,"reply_count":992,"like_count":19638,"quote_count":191},"id":"1424631386879664128","text":"9th instalment of #PMKisan is being released. Watch. https://t.co/adKzarnNaa","created_at":"2021-08-09T07:19:25.000Z"},{"public_metrics":{"retweet_count":2191,"reply_count":0,"like_count":0,"quote_count":0},"id":"1424618564888109059","text":"RT @AgriGoI: Hon'ble PM Shri @narendramodi Ji will release the 9th  instalment of PM Kisan Samman Nidhi Scheme today at 12:30 PM. \n#PMKisan…","created_at":"2021-08-09T06:28:28.000Z"},{"public_metrics":{"retweet_count":3634,"reply_count":523,"like_count":28260,"quote_count":95},"id":"1424580738968539138","text":"I condemn the ghastly attack on Prime Minister Ralph Gonsalves of St. Vincent and the Grenadines. Excellency, I wish you quick recovery and good health. We will miss your presence at the UNSC Open Debate on Maritime Security today. @ComradeRalph","created_at":"2021-08-09T03:58:10.000Z"},{"public_metrics":{"retweet_count":5696,"reply_count":1034,"like_count":50008,"quote_count":197},"id":"1424575202214612992","text":"Tributes to the greats who took part in the Quit India Movement, which played a crucial role in strengthening the fight against colonialism. Inspired by Mahatma Gandhi, the spirit of the Quit India movement reverberated across India and energised the youth of our nation.","created_at":"2021-08-09T03:36:10.000Z"},{"public_metrics":{"retweet_count":2417,"reply_count":295,"like_count":13643,"quote_count":29},"id":"1424375969360400386","text":"The Open Debate will focus on ways to effectively counter maritime crime, and to strengthen coordination in the maritime domain for global peace and prosperity.","created_at":"2021-08-08T14:24:29.000Z"},{"public_metrics":{"retweet_count":4841,"reply_count":732,"like_count":28891,"quote_count":116},"id":"1424375967485546502","text":"At 5:30 PM tomorrow, 9th August, would be chairing the UNSC High-Level Open Debate on “Enhancing Maritime Security: A Case For International Cooperation”. \nhttps://t.co/p6pLLTGPCy","created_at":"2021-08-08T14:24:28.000Z"},{"public_metrics":{"retweet_count":8261,"reply_count":699,"like_count":64239,"quote_count":156},"id":"1424347010535084034","text":"A special thank you to the Government and people of Japan, especially Tokyo for hosting the well-organised games. \n\nTo host it so successfully, in such times, gave out a strong message of resilience. It also demonstrated how sports is a great unifier. #Tokyo2020","created_at":"2021-08-08T12:29:25.000Z"},{"public_metrics":{"retweet_count":6354,"reply_count":754,"like_count":43222,"quote_count":142},"id":"1424346734843502600","text":"The medals India has won has certainly made our nation proud and elated. \n\nAt the same time, this is the time to keep working to further popularise sports at the grassroots so that new talent emerges and gets the opportunity to represent India in the times to come. #Tokyo2020","created_at":"2021-08-08T12:28:19.000Z"},{"public_metrics":{"retweet_count":10302,"reply_count":1122,"like_count":86070,"quote_count":170},"id":"1424346356030734346","text":"As #Tokyo2020 draws to a close, I would like to congratulate the Indian contingent for their stupendous performance at the games. They personified the best of skill, teamwork and dedication. Every athlete who represented India is a champion.","created_at":"2021-08-08T12:26:49.000Z"},{"public_metrics":{"retweet_count":2944,"reply_count":446,"like_count":14498,"quote_count":87},"id":"1424332752493551616","text":"इस दौरान देशभर के 9.75 करोड़ से अधिक किसानों के खातों में 19,500 करोड़ रुपये ट्रांसफर किए जाएंगे। मुझे PM-KISAN के कुछ लाभार्थियों के साथ संवाद का सुअवसर भी मिलेगा। इस योजना से जिस प्रकार हमारे किसान भाई-बहनों के जीवन में सकारात्मक परिवर्तन आया है, वो अत्यंत हर्ष का विषय है।","created_at":"2021-08-08T11:32:45.000Z"},{"public_metrics":{"retweet_count":5262,"reply_count":1113,"like_count":30742,"quote_count":155},"id":"1424332750442532864","text":"देश के परिश्रमी किसानों के जीवन को अधिक से अधिक आसान बनाने के लिए हमारी सरकार निरंतर कार्य कर रही है। इसी कड़ी में मुझे कल दोपहर 12.30 बजे ‘पीएम किसान सम्मान निधि’ की अगली किस्त जारी करने का सौभाग्य प्राप्त होगा। https://t.co/cnVqCQZuNP","created_at":"2021-08-08T11:32:45.000Z"},{"public_metrics":{"retweet_count":21754,"reply_count":3896,"like_count":153767,"quote_count":630},"id":"1424006896181256196","text":"Just spoke to @Neeraj_chopra1 and congratulated him on winning the Gold! Appreciated his hardwork and tenacity, which have been on full display during #Tokyo2020. He personifies the best of sporting talent and sportsman spirit. Best wishes for his future endeavours.","created_at":"2021-08-07T13:57:55.000Z"},{"public_metrics":{"retweet_count":37970,"reply_count":5939,"like_count":180389,"quote_count":1462},"id":"1423982290296721411","text":"History has been scripted at Tokyo! What @Neeraj_chopra1 has achieved today will be remembered forever. The young Neeraj has done exceptionally well. He played with remarkable passion and showed unparalleled grit. Congratulations to him for winning the Gold. #Tokyo2020 https://t.co/2NcGgJvfMS","created_at":"2021-08-07T12:20:08.000Z"},{"public_metrics":{"retweet_count":16695,"reply_count":1788,"like_count":136252,"quote_count":324},"id":"1423962707712114689","text":"Delightful news from #Tokyo2020! Spectacularly fought @BajrangPunia. Congratulations to you for your accomplishment, which makes every Indian proud and happy.","created_at":"2021-08-07T11:02:20.000Z"},{"public_metrics":{"retweet_count":5686,"reply_count":709,"like_count":43970,"quote_count":135},"id":"1423941409313230850","text":"Beautiful threads from India that weave us all together. Can you guess which places these wonderful handloom products are associated with and what we call them?\n\n#MyHandloomMyPride https://t.co/GN1RKPOr06","created_at":"2021-08-07T09:37:42.000Z"},{"public_metrics":{"retweet_count":2834,"reply_count":421,"like_count":12510,"quote_count":89},"id":"1423938451439824896","text":"गांव, गरीब और आदिवासियों को सशक्त करने के लिए देश में एक और बड़ा अभियान चलाया गया है।\n\nलोकल के प्रति वोकल होने का यह अभियान हमारे हस्तशिल्प, हथकरघे और कपड़े की कारीगरी को प्रोत्साहित करने वाला है।\n\nइसी भावना से आज देश राष्ट्रीय हथकरघा दिवस मना रहा है। \n#MyHandloomMyPride https://t.co/XqhRgfn53C","created_at":"2021-08-07T09:25:56.000Z"},{"public_metrics":{"retweet_count":2474,"reply_count":386,"like_count":11323,"quote_count":59},"id":"1423938087802085377","text":"बीते कुछ वर्षों से गरीबों को ताकत देने का, सही मायने में उनके सशक्तिकरण का प्रयास किया जा रहा है।\n\nजो लोग कहते थे कि गरीबों को डिजिटल इंडिया से, सस्ते डेटा से या इंटरनेट से कोई फर्क नहीं पड़ता, वो आज डिजिटल इंडिया की ताकत को अनुभव कर रहे हैं। https://t.co/WEBbvchLiv","created_at":"2021-08-07T09:24:30.000Z"},{"public_metrics":{"retweet_count":3460,"reply_count":514,"like_count":17932,"quote_count":66},"id":"1423936456792416257","text":"कल ही भारत ने 50 करोड़ वैक्सीन डोज लगाने के बहुत अहम पड़ाव को पार किया है। यह नए भारत का, आत्मनिर्भर होते भारत का नया सामर्थ्य है। https://t.co/E4iuXbgDdU","created_at":"2021-08-07T09:18:01.000Z"},{"public_metrics":{"retweet_count":2312,"reply_count":331,"like_count":9378,"quote_count":52},"id":"1423936338261331968","text":"कोरोना से उपजे संकट से निपटने के लिए भारत ने अपनी रणनीति में गरीबों को सर्वोच्च प्राथमिकता दी।\n\nप्रधानमंत्री गरीब कल्याण अन्न योजना हो या फिर प्रधानमंत्री गरीब कल्याण रोजगार योजना, पहले दिन से ही गरीबों और श्रमिकों के भोजन और रोजगार की चिंता की गई। https://t.co/EDfUQ2PKPL","created_at":"2021-08-07T09:17:33.000Z"},{"public_metrics":{"retweet_count":3744,"reply_count":262,"like_count":22311,"quote_count":83},"id":"1423911425588830208","text":"The last few years have seen a renewed interest in handlooms. Glad to see @mirabai_chanu support the spirit of #MyHandloomMyPride. I am confident the handloom sector will keep contributing to the building of an Aatmanirbhar Bharat. https://t.co/jm1UMXVtlm","created_at":"2021-08-07T07:38:33.000Z"},{"public_metrics":{"retweet_count":3639,"reply_count":442,"like_count":24190,"quote_count":105},"id":"1423911050764824578","text":"Handlooms manifest India’s diversity and the dexterity of countless weavers and artisans. National Handloom Day is an occasion to reiterate support to our weavers by enhancing the spirit of #MyHandloomMyPride. Let us support local handloom products!","created_at":"2021-08-07T07:37:04.000Z"},{"public_metrics":{"retweet_count":3189,"reply_count":544,"like_count":14442,"quote_count":90},"id":"1423883087138619392","text":"Addressing PM-GKAY beneficiaries from Madhya Pradesh. https://t.co/nM89oIlnMH","created_at":"2021-08-07T05:45:57.000Z"},{"public_metrics":{"retweet_count":11228,"reply_count":1092,"like_count":92667,"quote_count":208},"id":"1423879974302277637","text":"Well played @aditigolf! You have shown tremendous skill and resolve during #Tokyo2020. A medal was narrowly missed but you’ve gone farther than any Indian and blazed a trail. Best wishes for your future endeavours.","created_at":"2021-08-07T05:33:34.000Z"},{"public_metrics":{"retweet_count":3589,"reply_count":803,"like_count":18013,"quote_count":94},"id":"1423687009659285508","text":"Developing Brand India on the foundations of quality and reliability. https://t.co/PbdMhMCmV5","created_at":"2021-08-06T16:46:48.000Z"},{"public_metrics":{"retweet_count":2476,"reply_count":275,"like_count":10982,"quote_count":46},"id":"1423686918277984257","text":"Urged our Foreign Missions to work closely with the diaspora to further popularise Indian products globally. https://t.co/db0umwRLEG","created_at":"2021-08-06T16:46:26.000Z"},{"public_metrics":{"retweet_count":2973,"reply_count":401,"like_count":15464,"quote_count":46},"id":"1423686806638190594","text":"Talked about ways to boost Indian exports. https://t.co/cl7gFbbEmU","created_at":"2021-08-06T16:46:00.000Z"},{"public_metrics":{"retweet_count":2417,"reply_count":308,"like_count":10965,"quote_count":48},"id":"1423686695048781828","text":"The Government of India is working towards numerous measures that increase India’s role in the global supply chains. \n\nWe want India to create world class products that are globally competitive. https://t.co/9zPYKvA5JN","created_at":"2021-08-06T16:45:33.000Z"},{"public_metrics":{"retweet_count":7942,"reply_count":1221,"like_count":47199,"quote_count":337},"id":"1423663009822437380","text":"India’s fight against COVID-19 receives a strong impetus. Vaccination numbers cross the 50 crore mark. We hope to build on these numbers and ensure our citizens are vaccinated under #SabkoVaccineMuftVaccine movement.","created_at":"2021-08-06T15:11:26.000Z"},{"public_metrics":{"retweet_count":3922,"reply_count":585,"like_count":27757,"quote_count":88},"id":"1423662831942000640","text":"The PM Garib Kalyan Anna Yojana helped over 4.8 crore sisters and brothers of Madhya Pradesh. Tomorrow, 7th August at 11 AM, will interact with beneficiaries of the Yojana from Madhya Pradesh.","created_at":"2021-08-06T15:10:44.000Z"},{"public_metrics":{"retweet_count":3743,"reply_count":510,"like_count":17454,"quote_count":122},"id":"1423645997230485509","text":"Interacting with heads of Indian Missions abroad on #LocalGoesGlobal - Make in India for the World.’ https://t.co/AVBqlBbFy8","created_at":"2021-08-06T14:03:50.000Z"},{"public_metrics":{"retweet_count":2893,"reply_count":303,"like_count":16118,"quote_count":65},"id":"1423643395033948168","text":"Happy to have met @AmitBagaria12 and you, @PrinceArihan. \n\nYou have demonstrated a good grasp of data as well as facts. Happy to see people engaging in research-led writing, with a dash of creativity. https://t.co/rnudcsDtnG","created_at":"2021-08-06T13:53:30.000Z"},{"public_metrics":{"retweet_count":28431,"reply_count":10565,"like_count":140409,"quote_count":3793},"id":"1423540373717061632","text":"देश को गर्वित कर देने वाले पलों के बीच अनेक देशवासियों का ये आग्रह भी सामने आया है कि खेल रत्न पुरस्कार का नाम मेजर ध्यानचंद जी को समर्पित किया जाए। लोगों की भावनाओं को देखते हुए, इसका नाम अब मेजर ध्यानचंद खेल रत्न पुरस्कार किया जा रहा है। \n\nजय हिंद!","created_at":"2021-08-06T07:04:07.000Z"},{"public_metrics":{"retweet_count":7553,"reply_count":674,"like_count":44551,"quote_count":127},"id":"1423540257719406594","text":"ओलंपिक खेलों में भारतीय खिलाड़ियों के शानदार प्रयासों से हम सभी अभिभूत हैं। विशेषकर हॉकी में हमारे बेटे-बेटियों ने जो इच्छाशक्ति दिखाई है, जीत के प्रति जो ललक दिखाई है, वो वर्तमान और आने वाली पीढ़ियों के लिए बहुत बड़ी प्रेरणा है।","created_at":"2021-08-06T07:03:40.000Z"},{"public_metrics":{"retweet_count":24935,"reply_count":5181,"like_count":136016,"quote_count":2160},"id":"1423538492403974145","text":"Major Dhyan Chand was among India’s foremost sportspersons who brought honour and pride for India. It is fitting that our nation’s highest sporting honour will be named after him.","created_at":"2021-08-06T06:56:39.000Z"},{"public_metrics":{"retweet_count":33745,"reply_count":10738,"like_count":143405,"quote_count":6493},"id":"1423538297842769921","text":"I have been getting many requests from citizens across India to name the Khel Ratna Award after Major Dhyan Chand. I thank them for their views. \n\nRespecting their sentiment,  the Khel Ratna Award will hereby be called the Major Dhyan Chand Khel Ratna Award! \n\nJai Hind! https://t.co/zbStlMNHdq","created_at":"2021-08-06T06:55:52.000Z"},{"public_metrics":{"retweet_count":6524,"reply_count":569,"like_count":42571,"quote_count":141},"id":"1423537923962507264","text":"The exceptional performance of the Men’s and Women’s Hockey Team has captured the imagination of our entire nation. There is a renewed interest towards Hockey that is emerging across the length and breadth of India. This is a very positive sign for the coming times. https://t.co/E7HT3Gd7h5","created_at":"2021-08-06T06:54:23.000Z"},{"public_metrics":{"retweet_count":9544,"reply_count":1298,"like_count":68147,"quote_count":235},"id":"1423488701728919557","text":"We narrowly missed a medal in Women’s Hockey but this team reflects the spirit of New India- where we give our best and scale new frontiers. More importantly, their success at #Tokyo2020 will motivate young daughters of India to take up Hockey and excel in it. Proud of this team.","created_at":"2021-08-06T03:38:48.000Z"},{"public_metrics":{"retweet_count":8205,"reply_count":690,"like_count":61141,"quote_count":181},"id":"1423488587010478082","text":"We will always remember the great performance of our Women’s Hockey Team at #Tokyo2020. They gave their best throughout. Each and every member of the team is blessed with remarkable courage, skill and resilience. India is proud of this outstanding team.","created_at":"2021-08-06T03:38:20.000Z"},{"public_metrics":{"retweet_count":5222,"reply_count":593,"like_count":44096,"quote_count":73},"id":"1423300463747690502","text":"The efforts and dedication of Krishan Pathak towards Hockey are deeply valued. He has distinguished himself in various tournaments. I would like to convey my best wishes to him for his future endeavours.","created_at":"2021-08-05T15:10:48.000Z"},{"public_metrics":{"retweet_count":4315,"reply_count":408,"like_count":36560,"quote_count":71},"id":"1423299915598336005","text":"A few weeks ago, Varun Kumar wrote on social media-  \"Whatever you do, do it well.\" That's exactly what he did by scoring a crucial goal in an important situation. \n\nWay to go, Varun. We are proud of you! #Tokyo2020","created_at":"2021-08-05T15:08:38.000Z"},{"public_metrics":{"retweet_count":3553,"reply_count":284,"like_count":24049,"quote_count":50},"id":"1423299521887440902","text":"Whenever India's Hockey success at #Tokyo2020 is remembered, the contribution of Simranjeet Singh will figure prominently in such discussions. He is a fine player, who enriched the team with his superb game. Congratulations to him and best of luck for his future endeavours.","created_at":"2021-08-05T15:07:04.000Z"},{"public_metrics":{"retweet_count":3456,"reply_count":308,"like_count":22057,"quote_count":48},"id":"1423283322881417226","text":"His 3rd Olympics and a medal he waited years for...\n\nThroughout the Games, he led from the front, including during critical moments of the matches. \n\nIndia is proud of the leadership of @manpreetpawar07. \n\nA delighted nation thanks him for being the pivot of the team. #Tokyo2020","created_at":"2021-08-05T14:02:42.000Z"},{"public_metrics":{"retweet_count":4724,"reply_count":313,"like_count":33502,"quote_count":80},"id":"1423281475294666764","text":"Spectacular performance throughout the tournament and even in the last few seconds. \n\nBravo @16Sreejesh! Your saves played a big part in earning the medal for India. Congratulations and best wishes to you. #Tokyo2020","created_at":"2021-08-05T13:55:21.000Z"}],"meta":{"oldest_id":"1423281475294666764","newest_id":"1426483908208517120","result_count":100,"next_token":"7140dibdnow9c7btw3z1m51imzp7nioppi5bwkkhbphys"}}