{"data":[{"text":"केंद्र सरकार का निरंतर प्रयास है कि छोटी जोत वाले किसानों को ताकत दी जाए। डेढ़ गुना MSP हो, किसान क्रेडिट कार्ड का विस्तार हो, बीमा योजना में सुधार हो, 3 हजार रुपये की पेंशन की व्यवस्था हो, ऐसे अनेक फैसले छोटे किसानों को सशक्त कर रहे हैं। https://t.co/IktH0fjSBo","created_at":"2021-09-14T13:42:12.000Z","id":"1437773678608109571","public_metrics":{"retweet_count":4259,"reply_count":1074,"like_count":17097,"quote_count":106}},{"text":"आज उत्तर प्रदेश की चर्चा बड़े इंफ्रास्ट्रक्चर प्रोजेक्ट्स और बड़े फैसलों के लिए होती है। पश्चिमी उत्तर प्रदेश तो इसका बहुत बड़ा लाभार्थी है। https://t.co/l5TDKerGPU","created_at":"2021-09-14T13:41:57.000Z","id":"1437773615685066752","public_metrics":{"retweet_count":3858,"reply_count":660,"like_count":17670,"quote_count":65}},{"text":"जिस प्रकार अलीगढ़ का ताला दुकानों और घरों की सुरक्षा की गारंटी रहा है, उसी प्रकार अलीगढ़ के रक्षा उपकरण अब देश की सुरक्षा को मजबूत करेंगे। https://t.co/YYiA8XQ569","created_at":"2021-09-14T13:41:08.000Z","id":"1437773411825168393","public_metrics":{"retweet_count":5188,"reply_count":1009,"like_count":27348,"quote_count":92}},{"text":"राजा महेंद्र प्रताप सिंह जी के जीवन से अदम्य इच्छाशक्ति, अपने सपनों को पूरा करने के लिए कुछ भी कर गुजरने वाली जीवटता सीखने को मिलती है।\n\nमेरा सौभाग्य है कि मुझे राजा महेंद्र प्रताप जी जैसे विजनरी और महान स्वतंत्रता सेनानी के नाम पर बन रही यूनिवर्सिटी के शिलान्यास का अवसर मिला। https://t.co/yqRLaD80oN","created_at":"2021-09-14T13:40:55.000Z","id":"1437773355231457292","public_metrics":{"retweet_count":4530,"reply_count":575,"like_count":19983,"quote_count":84}},{"text":"Addressing a programme in Aligarh. #उच्च_शिक्षा_यूपी_की_पहचान https://t.co/ltXwCEowsG","created_at":"2021-09-14T07:00:18.000Z","id":"1437672537454903296","public_metrics":{"retweet_count":5653,"reply_count":2604,"like_count":24071,"quote_count":212}},{"text":"आप सभी को हिन्दी दिवस की ढेरों बधाई। हिन्दी को एक सक्षम और समर्थ भाषा बनाने में अलग-अलग क्षेत्रों के लोगों ने उल्लेखनीय भूमिका निभाई है। यह आप सबके प्रयासों का ही परिणाम है कि वैश्विक मंच पर हिन्दी लगातार अपनी मजबूत पहचान बना रही है।","created_at":"2021-09-14T03:57:56.000Z","id":"1437626644651413506","public_metrics":{"retweet_count":12414,"reply_count":3608,"like_count":85474,"quote_count":494}},{"text":"देश के शिक्षा जगत के लिए कल का दिन बेहद महत्वपूर्ण है। दोपहर 12 बजे उत्तर प्रदेश के अलीगढ़ में महान स्वतंत्रता सेनानी, शिक्षाविद् और समाज सुधारक राजा महेन्द्र प्रताप सिंह जी के नाम पर एक नए विश्वविद्यालय के शिलान्यास का सुअवसर प्राप्त होगा। \nhttps://t.co/lZIUd4NjXt","created_at":"2021-09-13T15:43:36.000Z","id":"1437441843692654596","public_metrics":{"retweet_count":8007,"reply_count":1865,"like_count":48229,"quote_count":212}},{"text":"During his five years as CM, Vijay Rupani Ji has undertaken many people-friendly measures. He worked tirelessly for all sections of society. I am certain he will continue to contribute to public service in the times to come. @vijayrupanibjp","created_at":"2021-09-13T09:06:44.000Z","id":"1437341969693302791","public_metrics":{"retweet_count":5621,"reply_count":768,"like_count":38607,"quote_count":88}},{"text":"Congratulations to Bhupendra Bhai on taking oath as CM of Gujarat. I have known him for years and have seen his exemplary work, be it in the BJP Organisation or in civic administration and community service. He will certainly enrich Gujarat’s growth trajectory. @Bhupendrapbjp","created_at":"2021-09-13T09:06:13.000Z","id":"1437341837514006534","public_metrics":{"retweet_count":5753,"reply_count":876,"like_count":37380,"quote_count":117}},{"text":"શ્રી ભૂપેન્દ્રભાઈ પટેલને ગુજરાત રાજ્યના મુખ્યમંત્રી તરીકે શપથ ગ્રહણ કરવા બદલ અભિનંદન! આપને યશસ્વી કાર્યકાળ માટે ખૂબ-ખૂબ શુભેચ્છાઓ..! @Bhupendrapbjp","created_at":"2021-09-13T09:05:32.000Z","id":"1437341665778278400","public_metrics":{"retweet_count":4798,"reply_count":962,"like_count":30137,"quote_count":100}},{"text":"Interacting with our champions… #Paralympics https://t.co/IKVreoh5f3","created_at":"2021-09-12T05:30:48.000Z","id":"1436925241087836161","public_metrics":{"retweet_count":7358,"reply_count":1555,"like_count":37449,"quote_count":257}},{"text":"An interaction with our champions, who brought back pride and glory from Tokyo! Watch the interesting interaction with our para-athletes at 11 AM tomorrow, 12th September. https://t.co/1H47I0ZFKq","created_at":"2021-09-11T17:32:18.000Z","id":"1436744420838109186","public_metrics":{"retweet_count":12182,"reply_count":1908,"like_count":67080,"quote_count":404}},{"text":"Was happy to meet Ministers @MarisePayne and @PeterDutton_MP.  The 1st Ministerial 2+2 Dialogue between India and Australia was very productive.  I thank my friend @ScottMorrisonMP for his focus on the Comprehensive Strategic Partnership between our nations. https://t.co/mewWFcqoUj","created_at":"2021-09-11T16:08:54.000Z","id":"1436723433019043844","public_metrics":{"retweet_count":4676,"reply_count":767,"like_count":34228,"quote_count":53}},{"text":"सरदारधाम ट्रस्ट शिक्षा और कौशल पर बहुत जोर दे रहा है। नई राष्ट्रीय शिक्षा नीति का भी इस बात पर विशेष फोकस है कि हमारी शिक्षा कौशल बढ़ाने वाली होनी चाहिए। https://t.co/ZOJDMXqfAl","created_at":"2021-09-11T09:25:19.000Z","id":"1436621869600305155","public_metrics":{"retweet_count":3447,"reply_count":805,"like_count":13990,"quote_count":63}},{"text":"गुजरात अतीत से लेकर आज तक साझा प्रयासों की धरती रही है। कौन भूल सकता है, जब स्टैच्यू ऑफ यूनिटी का विचार गुजरात ने सामने रखा था, तो किस तरह पूरा देश इस प्रयास का हिस्सा बन गया था।\n \nयह प्रतिमा आज पूरे देश की एकजुटता और एकजुट प्रयासों का एक प्रतीक है। https://t.co/Tvrdqpdypu","created_at":"2021-09-11T09:25:03.000Z","id":"1436621804152311814","public_metrics":{"retweet_count":4146,"reply_count":653,"like_count":20512,"quote_count":57}},{"text":"सरदारधाम का 11 सितंबर यानि 9/11 को लोकार्पण हुआ है। यह तारीख जितनी अहम है, उतना ही बड़ा इससे जुड़ा संदेश है।\n \nइस तारीख को जहां एक तरफ मानवता पर प्रहार के लिए जाना जाता है, वहीं दूसरी तरफ इसी तारीख को स्वामी विवेकानंद ने दुनिया को भारत के मानवीय मूल्यों से परिचित कराया था। https://t.co/yGwKBjqzhe","created_at":"2021-09-11T09:24:45.000Z","id":"1436621726540992513","public_metrics":{"retweet_count":3373,"reply_count":374,"like_count":13426,"quote_count":40}},{"text":"உலகின் மிகப் பழமையான மொழியான தமிழின் தாயகம் என்ற பெருமையை இந்தியா பெற்றுள்ளது.\n\nஇன்று, சுப்பிரமணிய பாரதியின் 100 வது நினைவு நாளில் அவருக்கு மரியாதை செலுத்தும் விதமாக காசியின் பனாரஸ் இந்து பல்கலைக்கழகத்தில் தமிழுக்கான சுப்பிரமணிய பாரதி அமர்வை நிறுவுவதாக அறிவிக்கப்பட்டுள்ளது. https://t.co/9SwEIfSwfB","created_at":"2021-09-11T07:01:13.000Z","id":"1436585606285611008","public_metrics":{"retweet_count":2633,"reply_count":408,"like_count":9274,"quote_count":101}},{"text":"India is proud to be home to the world's oldest language, Tamil. \n\nToday, on the 100th Punya Tithi of Subramania Bharati, honoured to announce the setting up of the Subramania Bharati Chair of Tamil studies at BHU, Kashi. https://t.co/kx1bv2S6AQ","created_at":"2021-09-11T06:49:51.000Z","id":"1436582745812185094","public_metrics":{"retweet_count":5192,"reply_count":880,"like_count":21810,"quote_count":483}},{"text":"Speaking at the programme to mark the Lokarpan of Sardardham Bhavan. https://t.co/IJWRzeYrNz","created_at":"2021-09-11T06:04:13.000Z","id":"1436571262009024516","public_metrics":{"retweet_count":3882,"reply_count":485,"like_count":15650,"quote_count":84}},{"text":"Acharya Vinoba Bhave carried forward the noble Gandhian principles after India attained independence. His mass movements were aimed at ensuring a better quality of life for the poor and downtrodden. His emphasis on collective spirit will always continue to inspire generations. https://t.co/wLogADb5Gp","created_at":"2021-09-11T03:38:52.000Z","id":"1436534683097985029","public_metrics":{"retweet_count":2246,"reply_count":217,"like_count":10297,"quote_count":31}},{"text":"Mahatma Gandhi described him as someone who was absolutely against untouchability, unwavering in his commitment to India’s freedom and a firm believer in non-violence as well as constructive work. He was a thinker par excellence. \n\nTributes to Acharya Vinoba Bhave on his Jayanti. https://t.co/SEDDY1oo0A","created_at":"2021-09-11T03:38:50.000Z","id":"1436534674566705152","public_metrics":{"retweet_count":3884,"reply_count":454,"like_count":22434,"quote_count":65}},{"text":"On his 100th Punya Tithi, paying homage to the remarkable Subramania Bharati. We recall his rich scholarship, multi-faceted contributions to our nation, noble ideals on social justice and women empowerment. Here is a speech I gave on him in December 2020. https://t.co/dAFph8Sfap","created_at":"2021-09-11T03:34:13.000Z","id":"1436533513252048899","public_metrics":{"retweet_count":2743,"reply_count":237,"like_count":11859,"quote_count":29}},{"text":"2020 டிசம்பரில் அவரைப்பற்றி நான் பேசியது இதோ. https://t.co/dAFph8Sfap","created_at":"2021-09-11T03:30:37.000Z","id":"1436532607940919296","public_metrics":{"retweet_count":1335,"reply_count":111,"like_count":5282,"quote_count":18}},{"text":"சிறப்புவாய்ந்த சுப்ரமணிய பாரதியாரின் 100வது நினைவு நாளில் அவருக்கு அஞ்சலி செலுத்துகிறேன். அவரது பெரும் புலமை, நாட்டுக்கு அவர் ஆற்றிய பன்முகப் பங்கு, சமூக நீதி மற்றும் பெண்களுக்கு அதிகாரமளித்தல் மீதான நன்னெறிகளை நாம் நினைவு கூறுகிறோம்.","created_at":"2021-09-11T03:30:37.000Z","id":"1436532606166716417","public_metrics":{"retweet_count":3309,"reply_count":315,"like_count":16365,"quote_count":78}},{"text":"Nuakhai Juhar! \n\nGreetings to everyone on this auspicious occasion. On Nuakhai we laud the outstanding efforts of our industrious farmers and their role in nation building. \n\nI pray for everyone's good health and well-being.","created_at":"2021-09-11T03:28:15.000Z","id":"1436532009178787844","public_metrics":{"retweet_count":3598,"reply_count":565,"like_count":22473,"quote_count":114}},{"text":"ନୂଆଁଖାଇ ଜୁହାର୍ \n\nଏହି ପବିତ୍ର ଅବସରରେ ସମସ୍ତଙ୍କୁ ହାର୍ଦ୍ଦିକ ଶୁଭକାମନା । ନୂଆଁଖାଇ ଅବସରରେ ଆମେ ଆମ ଚାଷୀ ଭାଇଙ୍କ ଉଲ୍ଲେଖନୀୟ ଉଦ୍ୟମ ଓ ରାଷ୍ଟ୍ର ନିର୍ମାଣରେ ଯୋଗଦାନକୁ ପ୍ରଶଂସା କରିବା ।\n\nସମସ୍ତଙ୍କର ଉତ୍ତମ ସ୍ୱାସ୍ଥ୍ୟ ଓ ଉତ୍ତୋରତ୍ତର ଉନ୍ନତି କାମନା କରୁଛି ।","created_at":"2021-09-11T03:24:47.000Z","id":"1436531137631772677","public_metrics":{"retweet_count":2339,"reply_count":562,"like_count":15218,"quote_count":74}},{"text":"Recalling Swami Vivekananda’s iconic 1893 speech at Chicago, which beautifully demonstrated the salience of Indian culture. The spirit of his speech has the potential to create a more just, prosperous and inclusive planet. https://t.co/1iz7OgAWm3","created_at":"2021-09-11T03:23:54.000Z","id":"1436530915027546114","public_metrics":{"retweet_count":3545,"reply_count":365,"like_count":13604,"quote_count":89}},{"text":"Chaired a meeting to review the COVID-19 and vaccination situation. Discussed ways to boost health infrastructure and further scale up vaccination. https://t.co/UnnLjNdZ7j","created_at":"2021-09-10T16:53:45.000Z","id":"1436372333174792193","public_metrics":{"retweet_count":4004,"reply_count":761,"like_count":26802,"quote_count":65}},{"text":"Forgiveness signifies large heartedness. It is a part of our culture to be kind as well as forgiving, and not keep ill-feelings towards each other. \n\nMichhami Dukkadam! \n\nHere is what I had spoken about Samvatsari earlier. https://t.co/cWZppmn0PM","created_at":"2021-09-10T14:35:49.000Z","id":"1436337623329562631","public_metrics":{"retweet_count":5278,"reply_count":982,"like_count":23693,"quote_count":202}},{"text":"Well done Goa! Great effort, powered by a collective spirit and the prowess of our doctors as well as innovators. https://t.co/Kp7tvOwBj6","created_at":"2021-09-10T13:59:49.000Z","id":"1436328561414000646","public_metrics":{"retweet_count":4227,"reply_count":455,"like_count":28108,"quote_count":84}},{"text":"At 11 AM tomorrow, 11th September the Lokarpan of Sardardham Bhavan will take place via video conferencing. The Bhoomi Pujan of Sardardham Phase – II Kanya Chhatralaya will also be held. https://t.co/8fAGF2HFTc","created_at":"2021-09-10T13:57:25.000Z","id":"1436327959489486851","public_metrics":{"retweet_count":4069,"reply_count":487,"like_count":22510,"quote_count":53}},{"text":"आपणा सर्वांना गणेश चतुर्थीच्या खूप खूप शुभेच्छा. हा शुभ प्रसंग प्रत्येकाच्या जीवनात सुख, शांती, सौभाग्य आणि आरोग्य घेऊन येवो. गणपती बाप्पा मोरया!","created_at":"2021-09-10T02:31:58.000Z","id":"1436155458708914187","public_metrics":{"retweet_count":9419,"reply_count":2117,"like_count":70333,"quote_count":283}},{"text":"आप सभी को गणेश चतुर्थी की मंगलकामनाएं। यह पावन अवसर हर किसी के जीवन में सुख, शांति, सौभाग्य और आरोग्य लेकर आए। गणपति बाप्पा मोरया!","created_at":"2021-09-10T02:31:41.000Z","id":"1436155387695153162","public_metrics":{"retweet_count":18504,"reply_count":6142,"like_count":140313,"quote_count":664}},{"text":"We discussed important regional and global issues.  Thanked BRICS partners whose support helped India's chair achieve many firsts. BRICS agenda now spans culture and communications; sports and space; disaster resilience and digital health; employment and environment, and more.","created_at":"2021-09-09T14:45:13.000Z","id":"1435977598958440459","public_metrics":{"retweet_count":2481,"reply_count":385,"like_count":9424,"quote_count":41}},{"text":"Was delighted to host the virtual #BRICS Summit in the 15th year of BRICS. BRICS has taken many new initiatives during India's Chairship. Called for BRICS to contribute to post-COVID global recovery on the motto 'Build-back Resiliently, Innovatively, Credibly, and Sustainably'.","created_at":"2021-09-09T14:45:12.000Z","id":"1435977596089606150","public_metrics":{"retweet_count":5737,"reply_count":752,"like_count":37233,"quote_count":84}},{"text":"Addressing the BRICS Summit. https://t.co/qBcD6hS0lL","created_at":"2021-09-09T12:04:52.000Z","id":"1435937244624220169","public_metrics":{"retweet_count":6452,"reply_count":1220,"like_count":29027,"quote_count":205}},{"text":"Was happy to meet Mr. Nikolai Patrushev, Secretary of the Security Council of Russia.  His visit allowed useful discussions between both sides on important regional developments. https://t.co/v0cwJH1yAF","created_at":"2021-09-08T14:24:32.000Z","id":"1435610007752556544","public_metrics":{"retweet_count":4248,"reply_count":832,"like_count":28754,"quote_count":94}},{"text":"অসমত সংঘটিত নাওঁ দুৰ্ঘটনাই শোকাহত কৰিছে। যাত্ৰীসকলক উদ্ধাৰ কৰাৰ বাবে সম্ভৱপৰ সকলো প্ৰয়াস কৰি থকা হৈছে। সকলোৰে সুৰক্ষা আৰু কল্যাণৰ বাবে প্ৰাৰ্থনা জনাইছো।","created_at":"2021-09-08T14:06:01.000Z","id":"1435605346056278018","public_metrics":{"retweet_count":2310,"reply_count":533,"like_count":15674,"quote_count":59}},{"text":"Saddened by the boat accident in Assam. All possible efforts are being made to rescue the passengers. I pray for everyone’s safety and well-being.","created_at":"2021-09-08T13:44:28.000Z","id":"1435599924142301189","public_metrics":{"retweet_count":4950,"reply_count":826,"like_count":42349,"quote_count":103}},{"text":"Through the PLI Scheme in textiles, India seeks to emerge as a hub for global textiles manufacturing. The PLI scheme will further women empowerment and accelerate progress in the aspirational districts. \n#PLI4Textiles https://t.co/SGo92Af5mT","created_at":"2021-09-08T12:11:55.000Z","id":"1435576631754584068","public_metrics":{"retweet_count":3954,"reply_count":487,"like_count":14232,"quote_count":79}},{"text":"Our textiles sector plays a vital role in the economy. In order to give a further boost to the sector and strengthen our endeavour to create an Aatmanirbhar Bharat, the Cabinet today approved a PLI Scheme for textiles. #PLI4Textiles \nhttps://t.co/jbPxQpL9BX","created_at":"2021-09-08T12:06:55.000Z","id":"1435575373069107208","public_metrics":{"retweet_count":4078,"reply_count":485,"like_count":19505,"quote_count":78}},{"text":"किसान भाइयों और बहनों के हित में सरकार ने आज एक और बड़ा निर्णय लेते हुए सभी रबी फसलों की MSP में बढ़ोतरी को मंजूरी दी है। इससे जहां अन्नदाताओं के लिए अधिकतम लाभकारी मूल्य सुनिश्चित होंगे, वहीं कई प्रकार की फसलों की बुआई के लिए भी उन्हें प्रोत्साहन मिलेगा।\nhttps://t.co/xsjC99rvQg","created_at":"2021-09-08T12:03:10.000Z","id":"1435574431888199685","public_metrics":{"retweet_count":8759,"reply_count":2424,"like_count":47903,"quote_count":372}},{"text":"RT @nstomar: प्रधानमंत्री श्री @narendramodi जी की अध्यक्षता में आज आर्थिक मामलों की मंत्रिमण्‍डलीय समिति (#CCEA) ने रबी विपणन सत्र 2022-23…","created_at":"2021-09-08T12:02:51.000Z","id":"1435574349163941893","public_metrics":{"retweet_count":2818,"reply_count":0,"like_count":0,"quote_count":0}},{"text":"RT @PiyushGoyal: Govt led by PM @NarendraModi ji has approved Production Linked Incentive Scheme for Textiles \uD83E\uDDF5\n \nLeveraging Economies of S…","created_at":"2021-09-08T11:06:51.000Z","id":"1435560258236076032","public_metrics":{"retweet_count":2155,"reply_count":0,"like_count":0,"quote_count":0}},{"text":"RT @PiyushGoyal: PM @NarendraModi जी के नेतृत्व में सरकार द्वारा वस्त्र उद्योग के लिये PLI योजना की स्वीकृति आत्मनिर्भर भारत की नींव को और…","created_at":"2021-09-08T11:06:45.000Z","id":"1435560234194391041","public_metrics":{"retweet_count":1719,"reply_count":0,"like_count":0,"quote_count":0}},{"text":"भाजपा के कर्मठ नेता और सरकार में मेरे सहयोगी गिरिराज सिंह जी को जन्मदिन की बहुत-बहुत शुभकामनाएं। ग्रामीण विकास के लिए वे समर्पित भाव से कार्य कर रहे हैं। ईश्वर उन्हें दीर्घायु करे और सदा स्वस्थ रखे। @girirajsinghbjp","created_at":"2021-09-08T01:50:51.000Z","id":"1435420335210307586","public_metrics":{"retweet_count":5532,"reply_count":1650,"like_count":47951,"quote_count":136}},{"text":"A holistic education system is vital for national transformation. \n\nHere is a good thread offering a glimpse of the transformation in the field of education in the last 7 years. https://t.co/pckuhTBVw7","created_at":"2021-09-07T10:18:24.000Z","id":"1435185676396339203","public_metrics":{"retweet_count":4038,"reply_count":972,"like_count":18889,"quote_count":108}},{"text":"ਸ੍ਰੀ ਗੁਰੂ ਗ੍ਰੰਥ ਸਾਹਿਬ ਜੀ ਦੇ ਪ੍ਰਕਾਸ਼ ਪੁਰਬ ਦੇ ਪਵਿੱਤਰ ਮੌਕੇ 'ਤੇ ਵਧਾਈਆਂ, ਜਿਨ੍ਹਾਂ ਦੇ ਨੇਕ ਸਿਧਾਂਤ, ਦਇਆ ਨਿਆਂ ਅਤੇ ਸਮਾਨਤਾ 'ਤੇ ਜ਼ੋਰ ਸਮੁੱਚੀ ਮਨੁੱਖਤਾ ਦਾ ਮਾਰਗਦਰਸ਼ਨ ਕਰਦੇ ਹਨ। https://t.co/KuNnj0xhCH","created_at":"2021-09-07T09:08:57.000Z","id":"1435168198156902402","public_metrics":{"retweet_count":4321,"reply_count":808,"like_count":36137,"quote_count":100}},{"text":"Greetings on the sacred occasion of the Parkash Purab of Sri Guru Granth Sahib Ji, whose noble principles, the emphasis on compassion, justice and equality guide the entire humankind. https://t.co/J2KS044cQ6","created_at":"2021-09-07T09:08:29.000Z","id":"1435168081597239304","public_metrics":{"retweet_count":5792,"reply_count":674,"like_count":44125,"quote_count":98}},{"text":"It is our endeavour to create a modern educational system at par with global standards and where the learning process is constantly redefined and redesigned to match global best practices. \n\n#ShikshakParv https://t.co/dNCfgvW18o","created_at":"2021-09-07T09:05:21.000Z","id":"1435167294590705665","public_metrics":{"retweet_count":2917,"reply_count":517,"like_count":11641,"quote_count":64}},{"text":"Powered by a spirit of Jan Bhagidari, India has witnessed numerous transformations in the past seven years. In line with this spirit, Vidyanjali offers a unique opportunity to contribute towards nation building. \n\nKnow more… \n\n#ShikshakParv https://t.co/b31ox7lhV8","created_at":"2021-09-07T08:59:11.000Z","id":"1435165741943230465","public_metrics":{"retweet_count":2535,"reply_count":278,"like_count":9629,"quote_count":40}},{"text":"Today, key initiatives relating to the NEP were launched which strengthen the efforts to ensure a qualitative change in our education system. \n#ShikshakParv https://t.co/97iVSq1MZP","created_at":"2021-09-07T08:58:12.000Z","id":"1435165494944931841","public_metrics":{"retweet_count":2861,"reply_count":309,"like_count":10561,"quote_count":57}},{"text":"Speaking at the #ShikshakParv conclave. https://t.co/vo1RalLEnu","created_at":"2021-09-07T05:10:25.000Z","id":"1435108168502112259","public_metrics":{"retweet_count":4210,"reply_count":816,"like_count":17075,"quote_count":141}},{"text":"ברכות חמות לראש הממשלה @naftalibennett, לעם ישראל הידידותי, וליהודים ברחבי העולם שחוגגים היום את ראש השנה\n@IsraeliPM @PMOIndia","created_at":"2021-09-07T04:47:37.000Z","id":"1435102431281483777","public_metrics":{"retweet_count":1684,"reply_count":178,"like_count":12862,"quote_count":39}},{"text":"Warmest wishes to Prime Minister @naftalibennett, the friendly people of Israel, and the Jewish people around the world celebrating Rosh Hashanah today.\n@IsraeliPM","created_at":"2021-09-07T04:43:54.000Z","id":"1435101496970919939","public_metrics":{"retweet_count":4834,"reply_count":532,"like_count":35873,"quote_count":70}},{"text":"Great day (again) on the vaccination front and on the cricket pitch. As always, #TeamIndia wins! \n#SabkoVaccineMuftVaccine","created_at":"2021-09-06T16:05:37.000Z","id":"1434910668465979402","public_metrics":{"retweet_count":15024,"reply_count":2748,"like_count":118303,"quote_count":510}},{"text":"Other initiatives that would be launched include School Quality Assurance and Assessment Framework of CBSE, NISHTHA teachers' training programme for NIPUN Bharat and Vidyanjali portal. These efforts are in line with our efforts to ensure top quality education for India’s youth.","created_at":"2021-09-06T15:45:06.000Z","id":"1434905505692983301","public_metrics":{"retweet_count":1957,"reply_count":179,"like_count":8431,"quote_count":18}},{"text":"It would make you all happy that the Indian Sign Language Dictionary and Talking Books would be launched tomorrow. These initiatives will benefit persons with disabilities. #ShikshakParv","created_at":"2021-09-06T15:45:05.000Z","id":"1434905501951619074","public_metrics":{"retweet_count":2357,"reply_count":393,"like_count":10982,"quote_count":67}},{"text":"At 10:30 AM tomorrow, 7th September, will address the #ShikshakParv conclave. The theme this year is “Quality and Sustainable Schools: Learnings from Schools in India.” Key initiatives aimed at transforming the education sector would also be launched. https://t.co/PWtTSrZHby","created_at":"2021-09-06T15:45:05.000Z","id":"1434905499808387079","public_metrics":{"retweet_count":3529,"reply_count":494,"like_count":18704,"quote_count":56}},{"text":"आजादी के अमृतकाल में हिमाचल के किसानों और बागबानों से मेरा एक आग्रह है… https://t.co/s63QWIvGeN","created_at":"2021-09-06T12:15:02.000Z","id":"1434852640987381768","public_metrics":{"retweet_count":3551,"reply_count":587,"like_count":17400,"quote_count":57}},{"text":"कनेक्टिविटी से जीवन और आजीविका पर कितना सकारात्मक असर पड़ता है, ये इस कोरोना काल में भी हिमाचल प्रदेश ने अनुभव किया है।\n \nकनेक्टिविटी चाहे रोड की हो या रेल की, हवाई कनेक्टिविटी हो या फिर इंटरनेट कनेक्टिविटी, आज देश की यह सबसे बड़ी प्राथमिकता है। https://t.co/yR34c4lYTF","created_at":"2021-09-06T12:14:55.000Z","id":"1434852612096987136","public_metrics":{"retweet_count":2462,"reply_count":310,"like_count":9432,"quote_count":32}},{"text":"100 वर्ष की सबसे बड़ी महामारी के विरुद्ध लड़ाई में हिमाचल प्रदेश चैंपियन बनकर सामने आया है।\n \nहर Eligible को वैक्सीन की पहली डोज लगाने के बाद दूसरी डोज के मामले में भी हिमाचल लगभग एक तिहाई आबादी को कवर कर चुका है। https://t.co/lFyqyeMOIl","created_at":"2021-09-06T12:14:39.000Z","id":"1434852542890930183","public_metrics":{"retweet_count":2580,"reply_count":244,"like_count":10159,"quote_count":25}},{"text":"लाहौल-स्पीति के नवांग उपासक जी ने कोरोना वैक्सीन के खिलाफ भ्रम को दूर करने के लिए जिस प्रकार से सामूहिक प्रयास किए, उससे टीकाकरण अभियान को एक नई गति मिली है। https://t.co/InFcG6JjQi","created_at":"2021-09-06T12:14:04.000Z","id":"1434852398233636868","public_metrics":{"retweet_count":2177,"reply_count":210,"like_count":8383,"quote_count":12}},{"text":"ऊना की करमो देवी जी सही मायने में एक कर्मयोगी हैं। वे अपनी टीम के साथ न केवल अब तक 22 हजार से अधिक टीके लगा चुकी हैं, बल्कि पैर फ्रैक्चर होने के बाद भी उन्होंने टीकाकरण के अभियान को थमने नहीं दिया। https://t.co/unCNbiToTO","created_at":"2021-09-06T12:13:43.000Z","id":"1434852309335302153","public_metrics":{"retweet_count":2103,"reply_count":184,"like_count":7648,"quote_count":15}},{"text":"हमीरपुर की 84 साल की निर्मला देवी जी ने टीकाकरण को लेकर अपना जो अनुभव बताया, वो हर किसी का उत्साह बढ़ाने वाला है। https://t.co/nBtTFrM0Vd","created_at":"2021-09-06T12:12:45.000Z","id":"1434852067823083523","public_metrics":{"retweet_count":2261,"reply_count":169,"like_count":8584,"quote_count":22}},{"text":"मलाना, कुल्लू की आशा वर्कर निरमा देवी जी ने जिस प्रकार घंटों की खड़ी चढ़ाई के बाद टीकाकरण को अंजाम दिया, वो सभी कोरोना वॉरियर्स के लिए एक मिसाल है। https://t.co/dgRTA3kU9A","created_at":"2021-09-06T12:12:40.000Z","id":"1434852046595715087","public_metrics":{"retweet_count":2305,"reply_count":187,"like_count":9345,"quote_count":21}},{"text":"हिमाचल में टीकाकरण की इस उपलब्धि में मंडी के दयाल सिंह जी जैसे लोगों की भी खास भूमिका है। उनसे जानने को मिला कि कैसे स्वास्थ्यकर्मियों के सहयोग से टीकाकरण को लेकर लोगों की शुरुआती हिचकिचाहट खत्म हुई। https://t.co/PNamjWdASs","created_at":"2021-09-06T12:12:20.000Z","id":"1434851961547866120","public_metrics":{"retweet_count":1943,"reply_count":141,"like_count":6867,"quote_count":9}},{"text":"शिमला के सिविल अस्पताल के डॉ. राहुल ने वैक्सीन वेस्टेज रोकने को लेकर जो उपाय बताए, वो देश के सभी स्वास्थ्यकर्मियों के लिए एक बड़ा संदेश है। https://t.co/wsMm10Qkry","created_at":"2021-09-06T12:12:01.000Z","id":"1434851882636242950","public_metrics":{"retweet_count":2603,"reply_count":199,"like_count":11295,"quote_count":17}},{"text":"Interacting with healthcare workers and beneficiaries of Himachal Pradesh. https://t.co/VhifXsfzZC","created_at":"2021-09-06T05:44:19.000Z","id":"1434754313713111043","public_metrics":{"retweet_count":4340,"reply_count":751,"like_count":20140,"quote_count":113}},{"text":"कोविड के खिलाफ लड़ाई में सभी Eligible लोगों को वैक्सीन की पहली डोज देकर हिमाचल प्रदेश ने एक मानदंड स्थापित किया है। ऐसे ही कई लाभार्थियों और राज्य के स्वास्थ्यकर्मियों के साथ कल सुबह 11 बजे वीडियो कॉन्फ्रेंसिंग के जरिए संवाद का सौभाग्य प्राप्त होगा। \nhttps://t.co/1bPEnGiOa2","created_at":"2021-09-05T14:31:57.000Z","id":"1434524708939071490","public_metrics":{"retweet_count":5513,"reply_count":1075,"like_count":36739,"quote_count":91}},{"text":"Like I had said earlier, the people of Japan, particularly Tokyo and the Japanese Government, must be lauded for their exceptional hospitality, eye for detail and spreading the much needed message of resilience and togetherness through these Olympics.","created_at":"2021-09-05T10:17:02.000Z","id":"1434460555415224322","public_metrics":{"retweet_count":3986,"reply_count":266,"like_count":24584,"quote_count":41}},{"text":"The historic number of medals India won has filled our hearts with joy. I would like to appreciate the coaches, support staff and families of our athletes for their constant support to the players. We hope to build on our successes to ensure greater participation in sports.","created_at":"2021-09-05T10:17:01.000Z","id":"1434460551892013062","public_metrics":{"retweet_count":4432,"reply_count":326,"like_count":25244,"quote_count":48}},{"text":"In the history of Indian sports, the Tokyo #Paralympics will always have a special place. The games will remain etched in the memory of every Indian and will motivate generations of athletes to pursue sports. Every member of our contingent is a champion and source of inspiration.","created_at":"2021-09-05T10:17:00.000Z","id":"1434460548804988940","public_metrics":{"retweet_count":8196,"reply_count":1005,"like_count":52019,"quote_count":132}},{"text":"Happy to see our Badminton players excel at the Tokyo #Paralympics. The outstanding feat of @Krishnanagar99 has brought smiles on the faces of every Indian. Congratulations to him for winning the Gold Medal. Wishing him the very best for his endeavours ahead. #Praise4Para https://t.co/oVs2BPcsT1","created_at":"2021-09-05T04:24:55.000Z","id":"1434371944686620673","public_metrics":{"retweet_count":5827,"reply_count":903,"like_count":43075,"quote_count":143}},{"text":"A fantastic confluence of service and sports! @dmgbnagar Suhas Yathiraj has captured the imagination of our entire nation thanks to his exceptional sporting performance. Congratulations to him on winning the Silver medal in Badminton. Best wishes to him for his future endeavours. https://t.co/bFM9707VhZ","created_at":"2021-09-05T02:28:59.000Z","id":"1434342770462760967","public_metrics":{"retweet_count":5425,"reply_count":750,"like_count":39447,"quote_count":134}},{"text":"Remembering the visionary V. O. Chidambaram Pillai on his Jayanti. He made pioneering contributions to our freedom movement. He also envisioned a self-reliant India and made key efforts towards it, especially in the ports and shipping sectors. We are deeply inspired by him.","created_at":"2021-09-05T02:24:11.000Z","id":"1434341558615035908","public_metrics":{"retweet_count":4588,"reply_count":548,"like_count":28431,"quote_count":103}},{"text":"I pay my respects to Dr. S. Radhakrishnan on his Jayanti and recall his distinguished scholarship as well as contributions to our nation.","created_at":"2021-09-05T02:14:31.000Z","id":"1434339128653475845","public_metrics":{"retweet_count":2850,"reply_count":418,"like_count":20193,"quote_count":47}},{"text":"On Teachers' Day, greetings to the entire teaching fraternity, which has always played a pivotal role in nurturing young minds. It is commendable how teachers have innovated and ensured the education journey of students continues in the COVID-19 times.","created_at":"2021-09-05T02:14:31.000Z","id":"1434339125985902601","public_metrics":{"retweet_count":6859,"reply_count":1514,"like_count":47304,"quote_count":201}},{"text":"Overjoyed by @manojsarkar07’s wonderful performance. Congrats to him for bringing home the prestigious Bronze Medal in badminton. Wishing in the very best for the times ahead. #Paralympics #Praise4Para","created_at":"2021-09-04T11:11:54.000Z","id":"1434111978134376451","public_metrics":{"retweet_count":4697,"reply_count":661,"like_count":31378,"quote_count":71}},{"text":"Pramod Bhagat has won the hearts of the entire nation. He is a Champion, whose success will motivate millions. He showed remarkable resilience &amp; determination. Congratulations to him for winning the Gold in Badminton. Best wishes to him for his future endeavours. @PramodBhagat83","created_at":"2021-09-04T11:09:24.000Z","id":"1434111347256606721","public_metrics":{"retweet_count":7273,"reply_count":860,"like_count":51604,"quote_count":125}},{"text":"The outstanding Singhraj Adhana does it again! He wins yet another medal, this time in the Mixed 50m Pistol SH1 event. India rejoices due to his feat. Congrats to him. Wishing him the very best for the future endeavours. #Paralympics #Praise4Para. https://t.co/EWa9gCRaor","created_at":"2021-09-04T04:07:23.000Z","id":"1434005144228622340","public_metrics":{"retweet_count":4837,"reply_count":634,"like_count":31579,"quote_count":89}},{"text":"Glory from the Tokyo #Paralympics continues. Great accomplishment by the young and stupendously talented Manish Narwal. His winning the Gold Medal is a special moment for Indian sports. Congratulations to him. Best wishes for the coming times. #Praise4Para. https://t.co/gGHUXnetWA","created_at":"2021-09-04T04:05:03.000Z","id":"1434004554668859394","public_metrics":{"retweet_count":6223,"reply_count":753,"like_count":48610,"quote_count":122}},{"text":"Had a very useful telecon with His Highness @MohamedBinZayed. Reviewed progress in our comprehensive strategic partnership and discussed recent regional developments. Appreciated UAE’s support to Indian community during Covid-19 and conveyed my best wishes for Dubai Expo.","created_at":"2021-09-03T16:56:57.000Z","id":"1433836425926086664","public_metrics":{"retweet_count":4877,"reply_count":841,"like_count":35015,"quote_count":79}},{"text":"Outstanding performance by @ArcherHarvinder. He displayed great skill and determination, resulting in his medal victory. Congratulations to him for winning a historic Bronze medal. Proud of him. Wishing him the very best for the times ahead. #Paralympics #Praise4Para https://t.co/qiwgMfitVz","created_at":"2021-09-03T12:41:17.000Z","id":"1433772082286891009","public_metrics":{"retweet_count":4904,"reply_count":722,"like_count":35901,"quote_count":77}},{"text":"My remarks at the Eastern Economic Forum. https://t.co/FE8mRgm75q","created_at":"2021-09-03T07:58:16.000Z","id":"1433700860198936578","public_metrics":{"retweet_count":5143,"reply_count":976,"like_count":21903,"quote_count":127}},{"text":"More glory at the Tokyo #Paralympics. Elated by the stupendous performance of @AvaniLekhara. Congratulations to her on bringing home the Bronze medal. Wishing her the very best for her future endeavours. #Praise4Para","created_at":"2021-09-03T05:35:48.000Z","id":"1433665007833661440","public_metrics":{"retweet_count":5496,"reply_count":795,"like_count":38460,"quote_count":89}},{"text":"Proud of Praveen Kumar for winning the Silver medal at the #Paralympics. This medal is the result of his hard work and unparalleled dedication. Congratulations to him. Best wishes for his future endeavours. #Praise4Para","created_at":"2021-09-03T03:09:57.000Z","id":"1433628304532127745","public_metrics":{"retweet_count":7844,"reply_count":968,"like_count":62070,"quote_count":153}},{"text":"Shri Chandan Mitra Ji will be remembered for his intellect and insights. He distinguished himself in the world of media as well as politics. Anguished by his demise. Condolences to his family and admirers. Om Shanti.","created_at":"2021-09-02T03:34:16.000Z","id":"1433272034281201670","public_metrics":{"retweet_count":6183,"reply_count":1622,"like_count":50545,"quote_count":209}},{"text":"In challenging times, be it natural disasters or COVID-19, the @iskcon family has made numerous efforts that are noteworthy and compassionate. https://t.co/5N6dQ61CTo","created_at":"2021-09-01T14:36:25.000Z","id":"1433076280371601410","public_metrics":{"retweet_count":4377,"reply_count":861,"like_count":20372,"quote_count":96}},{"text":"आज दुनिया के अलग-अलग देशों में सैकड़ों इस्कॉन मंदिर हैं, कितने ही गुरुकुल भारतीय संस्कृति को जीवंत बनाए हुए हैं।\n\nइस्कॉन ने दुनिया को बताया है कि भारत के लिए आस्था का मतलब है- उमंग, उत्साह और उल्लास एवं मानवता पर विश्वास। https://t.co/VpzTdRuGk7","created_at":"2021-09-01T14:35:58.000Z","id":"1433076169650450441","public_metrics":{"retweet_count":4987,"reply_count":784,"like_count":22795,"quote_count":126}},{"text":"Here is why I refer to the success of the Hare Krishna movement during my interactions with people. @iskcon https://t.co/CrJMZQ805I","created_at":"2021-09-01T14:35:34.000Z","id":"1433076065858097153","public_metrics":{"retweet_count":3929,"reply_count":518,"like_count":17542,"quote_count":77}},{"text":"Paying tributes to Srila Bhaktivedanta Swami Prabhupada Ji. https://t.co/Os4Z23Nv4P","created_at":"2021-09-01T11:21:42.000Z","id":"1433027279110561794","public_metrics":{"retweet_count":7346,"reply_count":1249,"like_count":38985,"quote_count":230}},{"text":"Thank you @prakashmatada for sharing your work on elephant conservation with me. You spread much needed awareness on the subject and am glad you do so in the Betta Kuruba language. https://t.co/Ng4DMR1ClV","created_at":"2021-09-01T04:40:38.000Z","id":"1432926349069586440","public_metrics":{"retweet_count":3200,"reply_count":601,"like_count":16431,"quote_count":73}},{"text":"At 4:30 PM today, a special tribute shall be paid to Srila Bhaktivedanta Swami Prabhupada Ji, who made pioneering contributions to popularise the teachings of Bhagwan Shri Krishna through ISKCON. To mark his 125th Jayanti, a special commemorative coin would be released.","created_at":"2021-09-01T04:10:17.000Z","id":"1432918708498800643","public_metrics":{"retweet_count":9567,"reply_count":1516,"like_count":61587,"quote_count":404}}],"meta":{"oldest_id":"1432918708498800643","newest_id":"1437773678608109571","result_count":94}}