{"data":[{"public_metrics":{"retweet_count":507,"reply_count":213,"like_count":4557,"quote_count":38},"id":"1443196464327319555","text":"It was an honour to welcome our #TeamTaiwan Paralympic heroes to the Presidential Office today. Your courage &amp; incredible performances on the world stage are an inspiration to us all. https://t.co/W3XKvqN3i5","created_at":"2021-09-29T12:50:25.000Z"},{"public_metrics":{"retweet_count":337,"reply_count":295,"like_count":2934,"quote_count":6},"id":"1443027081806290945","text":"Thank you to Minister @DenisCanciller Moncada for voicing #Nicaragua's support for #Taiwan's international participation at the #UNGA. We look forward to continuing our collaboration with Nicaragua for the mutual benefit of our countries &amp; peoples. https://t.co/h1khtchxMy","created_at":"2021-09-29T01:37:21.000Z"},{"public_metrics":{"retweet_count":479,"reply_count":415,"like_count":4593,"quote_count":25},"id":"1442808188974166019","text":"Every September 28 #Taiwan celebrates Teachers' Day, so today I want to thank all the educators in Taiwan &amp; around the world for their contributions, especially throughout the pandemic which presented so many new challenges for teachers &amp; students alike. https://t.co/pXXN8MzW43","created_at":"2021-09-28T11:07:32.000Z"},{"public_metrics":{"retweet_count":461,"reply_count":319,"like_count":4355,"quote_count":40},"id":"1442484984523018255","text":"After another day with no new local cases, #Taiwan is relaxing certain restrictions on transport, exhibitions &amp; other activities. Please stay alert &amp; continue following social distancing, mask-wearing &amp; other official guidelines to keep Taiwan safe from COVID-19. https://t.co/oZ7NIPFgga","created_at":"2021-09-27T13:43:15.000Z"},{"public_metrics":{"retweet_count":324,"reply_count":302,"like_count":2776,"quote_count":11},"id":"1442385544357441536","text":"Thank you to Prime Minister Dlamini &amp; #Eswatini for speaking in support of #Taiwan at the #UNGA. With greater international participation &amp; the support of our allies like Eswatini, we can make more progress toward @UN development goals. https://t.co/KkK2svwQvA","created_at":"2021-09-27T07:08:06.000Z"},{"public_metrics":{"retweet_count":280,"reply_count":159,"like_count":2196,"quote_count":10},"id":"1442356767246077956","text":"Grateful to Prime Minister Henry &amp; #Haiti for supporting #Taiwan's substantive involvement in the @UN system. We will continue to work with our ally #Haiti to uphold peace, security &amp; development around the world. https://t.co/UrBVE6V5lY","created_at":"2021-09-27T05:13:45.000Z"},{"public_metrics":{"retweet_count":339,"reply_count":207,"like_count":2963,"quote_count":11},"id":"1442332825378648072","text":"Thank you to Prime Minister Natano &amp; #Tuvalu for standing up for the right of #Taiwan &amp; our people to UN participation. We are heartened by your solidarity and support. https://t.co/LAokz38K7S","created_at":"2021-09-27T03:38:37.000Z"},{"public_metrics":{"retweet_count":278,"reply_count":123,"like_count":2282,"quote_count":8},"id":"1442323572970582022","text":"Sincere thanks to Prime Minister @ComradeRalph Gonsalves &amp; St. Vincent &amp; the Grenadines #SVG for supporting #Taiwan's @UN inclusion. We are grateful for your friendship &amp; will continue to work together for the good of our peoples &amp; the world. https://t.co/UVH4Tge8hA","created_at":"2021-09-27T03:01:51.000Z"},{"public_metrics":{"retweet_count":320,"reply_count":168,"like_count":2584,"quote_count":9},"id":"1442301946954539008","text":"#Taiwan is grateful to #StLucia Prime Minister @PhilipJPierreLC for speaking up for our international participation at #UNGA. We look forward to our continued bilateral collaboration for the mutual benefit of our peoples. https://t.co/wLz4cFlvMU","created_at":"2021-09-27T01:35:55.000Z"},{"public_metrics":{"retweet_count":655,"reply_count":278,"like_count":5691,"quote_count":28},"id":"1442008297888882689","text":"Thank you to #Slovakia for providing #Taiwan with 160,000 COVID-19 vaccine doses. Your generous donation has arrived safely in Taiwan &amp; will go a long way toward protecting the health of our people. https://t.co/JPOV379Yqu","created_at":"2021-09-26T06:09:04.000Z"},{"public_metrics":{"retweet_count":7245,"reply_count":958,"like_count":45478,"quote_count":184},"id":"1441718310400249861","text":"五回にもわたるワクチン供与に心から感謝します。TPP加盟申請へのご支援やご声援にも大変、勇気づけられています。コロナ禍下の助け合いだけでなく、インド太平洋地域の経済統合でも、日本は台湾にとって最も大切なパ－トナ－です。ポスト・コロナの復興も、ともに助け合って乗り切りましょう！","created_at":"2021-09-25T10:56:45.000Z"},{"public_metrics":{"retweet_count":317,"reply_count":137,"like_count":2347,"quote_count":9},"id":"1441699961062629390","text":"We greatly appreciate #StKittsAndNevis Prime Minister Harris @pmharriskn for calling on the @UN to include #Taiwan. The people of Taiwan have so much to offer the international community &amp; are truly grateful for the support of our allies. https://t.co/JkGOBlBpNW","created_at":"2021-09-25T09:43:50.000Z"},{"public_metrics":{"retweet_count":294,"reply_count":84,"like_count":2273,"quote_count":6},"id":"1441698422134763525","text":"Thank you to President @MaritoAbdo &amp; the people of #Paraguay for supporting #Taiwan's international participation at #UNGA76. We greatly value the friendship between our countries &amp; our wide-ranging, mutually beneficial collaboration. https://t.co/csYit1WQT6","created_at":"2021-09-25T09:37:43.000Z"},{"public_metrics":{"retweet_count":416,"reply_count":141,"like_count":3065,"quote_count":11},"id":"1441673026756435980","text":"We are deeply grateful to #Belize Prime Minister @JohnBricenoBZE for giving #Taiwan a voice at #UNGA76. Taiwan is proud to have a partner like Belize that shares our commitment to democracy, freedom &amp; human rights. https://t.co/rUeMvBMC3m","created_at":"2021-09-25T07:56:49.000Z"},{"public_metrics":{"retweet_count":395,"reply_count":162,"like_count":3061,"quote_count":18},"id":"1441665382645862401","text":"Thank you to President Aingimea &amp; the people of #Nauru for supporting #Taiwan’s inclusion in the @UN. We will continue to work with Nauru &amp; our partners around the world for the benefit of all. https://t.co/yuS40vRluK","created_at":"2021-09-25T07:26:26.000Z"},{"public_metrics":{"retweet_count":277,"reply_count":139,"like_count":2157,"quote_count":9},"id":"1441619233280966670","text":"We are deeply grateful to the people &amp; government of #Slovakia for donating 160,000 COVID-19 vaccine doses to #Taiwan, demonstrating the friendship between our countries &amp; that democratic partners stick together in times of need. https://t.co/708OhOihvH https://t.co/0BylCdcUyV","created_at":"2021-09-25T04:23:03.000Z"},{"public_metrics":{"retweet_count":8,"reply_count":3,"like_count":32,"quote_count":0},"id":"1441348779286822917","text":"@ArmonaiteA @MOFA_Taiwan @LithuanianGovt Thank you for your support. #Taiwan &amp; #Lithuania have stood together to fight the pandemic, &amp; we will continue standing together to uphold our values &amp; help each other in times of need.","created_at":"2021-09-24T10:28:22.000Z"},{"public_metrics":{"retweet_count":563,"reply_count":244,"like_count":5410,"quote_count":27},"id":"1441343034684178438","text":"I want to thank everyone in #Taiwan for working together to fight COVID-19. Because of your cooperation &amp; hard work, we have reached more than half of our population with at least one vaccine dose. Let’s keep working to fight the pandemic &amp; up our vaccination rate. https://t.co/bwkLlqhxb8","created_at":"2021-09-24T10:05:32.000Z"},{"public_metrics":{"retweet_count":329,"reply_count":163,"like_count":2690,"quote_count":7},"id":"1441252076009385985","text":"Thank you to #MarshallIslands President Kabua for showing your support for #Taiwan at #UNGA76. With Taiwan’s participation, the @UN can truly take collective action to overcome global challenges &amp; realise its sustainable development goals. https://t.co/HhfjuOmkTG","created_at":"2021-09-24T04:04:06.000Z"},{"public_metrics":{"retweet_count":354,"reply_count":201,"like_count":3016,"quote_count":12},"id":"1441234409126969348","text":"#Taiwan is grateful to President @DrGiammattei &amp; the people of #Guatemala for speaking out in support of our international participation at #UNGA76. With your help, we are finding more ways to help the international community overcome our shared challenges. https://t.co/bPG2Z5e8ba","created_at":"2021-09-24T02:53:54.000Z"},{"public_metrics":{"retweet_count":13557,"reply_count":2716,"like_count":63104,"quote_count":786},"id":"1440906818943795203","text":"石の上にも五年！\n台湾は昨日正式にCPTPP加盟を申請しました。総統になってからこの水準の高い貿易協定の参加を準備してきました。我々は全てのルールを受け入れる用意があり、TPPに加盟したいと思っています。日本の友人たちには我々のこの努力をぜひ支持して欲しいです！","created_at":"2021-09-23T05:12:11.000Z"},{"public_metrics":{"retweet_count":1222,"reply_count":308,"like_count":7094,"quote_count":55},"id":"1440902548613783558","text":"#Taiwan's bid to join the #CPTPP reflects our commitment to promoting free trade in the Asia-Pacific. I am confident that our membership in this deal would strengthen joint economic development &amp; benefit people across the region &amp; the world.","created_at":"2021-09-23T04:55:12.000Z"},{"public_metrics":{"retweet_count":326,"reply_count":143,"like_count":2762,"quote_count":14},"id":"1440684876026376202","text":"Sincerely grateful to PM @IngridaSimonyte &amp; the @LithuanianGovt &amp; people for your continued support. #Taiwan stands together with #Lithuania in solidarity &amp; friendship. https://t.co/sExR9Cx8O3","created_at":"2021-09-22T14:30:15.000Z"},{"public_metrics":{"retweet_count":548,"reply_count":260,"like_count":3978,"quote_count":39},"id":"1440644584078409739","text":"Thank you to President @Surangeljr &amp; the people of #Palau for speaking up for #Taiwan at #UNGA76. We cherish the friendship between our countries, &amp; will continue working with Palau for the benefit of our countries &amp; people around the world. https://t.co/1RewpPq6Lh","created_at":"2021-09-22T11:50:09.000Z"},{"public_metrics":{"retweet_count":2247,"reply_count":600,"like_count":12682,"quote_count":116},"id":"1440171672905011205","text":"Wishing you all a happy #MidAutumnFestival. I hope that everyone celebrating in #Taiwan &amp; around the world enjoys a meaningful time with their loved ones &amp; stays safe on this family holiday.\n#추석 #中秋の名月  #中秋快乐 #中秋快樂 #ไหว้พระจันทร์ #TếtTrungThu https://t.co/E4uwHvj63V","created_at":"2021-09-21T04:30:58.000Z"},{"public_metrics":{"retweet_count":13021,"reply_count":991,"like_count":53980,"quote_count":572},"id":"1439888734321709067","text":"高市早苗先生とリモート会議を行いました。短い時間でしたが、実に有意義な意見交換でした。\n日本の友人たちに再度感謝します。台湾と日本の交流がいっそう深まることを期待しています。 https://t.co/7ZPL1ExYRn","created_at":"2021-09-20T09:46:40.000Z"},{"public_metrics":{"retweet_count":1967,"reply_count":1622,"like_count":10227,"quote_count":234},"id":"1439840533904445446","text":"China has without warning suspended imports of wax apples &amp; custard apples from Taiwan. While we condemn their breach of international norms, we will do all we can to support #Taiwan's agricultural sector &amp; make sure that more people enjoy our delicious produce. https://t.co/WCHWmXpOs0","created_at":"2021-09-20T06:35:08.000Z"},{"public_metrics":{"retweet_count":604,"reply_count":621,"like_count":4764,"quote_count":30},"id":"1439172166130421761","text":"Wishing a happy Mid-Autumn Festival to all in #Taiwan &amp; across the world. Let’s keep working together to fight this pandemic, so that everyone can reunite with their loved ones as soon as possible. https://t.co/YogKbSybs7","created_at":"2021-09-18T10:19:17.000Z"},{"public_metrics":{"retweet_count":406,"reply_count":379,"like_count":4018,"quote_count":16},"id":"1438871945596993536","text":"My congratulations to the people and government of #Belize on the 40th anniversary of your country's independence. #Taiwan is proud to be a friend &amp; partner to Belize, &amp; we look forward to building on our strong alliance in the years to come. https://t.co/VRDci7f8kn","created_at":"2021-09-17T14:26:19.000Z"},{"public_metrics":{"retweet_count":318,"reply_count":174,"like_count":3084,"quote_count":14},"id":"1438827732373151750","text":"Today #Taiwan received a total of 1.72 million doses of the Moderna &amp; AstraZeneca COVID-19 vaccines. I want to thank all those who played a part in their delivery &amp; encourage everyone to get vaccinated as soon as you're eligible. https://t.co/kulyVLoJGs","created_at":"2021-09-17T11:30:38.000Z"},{"public_metrics":{"retweet_count":732,"reply_count":601,"like_count":5046,"quote_count":62},"id":"1438784152413736965","text":"#Taiwan's military stands ready across land, air &amp; sea to respond to any threat. With the conclusion of this past week's Han Kuang exercises, we have again shown the world the strength of our commitment to national defense. https://t.co/Iq966NQnTf","created_at":"2021-09-17T08:37:27.000Z"},{"public_metrics":{"retweet_count":943,"reply_count":421,"like_count":7837,"quote_count":18},"id":"1438720998199554051","text":"給日本的朋友們：我相信台灣與日本的羈絆是超越政治與經濟戰略的存在。而這些器材不僅象徵著這樣的存在，更是來自每個台灣人的微小心意。讓我們攜手渡過疫情時代！","created_at":"2021-09-17T04:26:30.000Z"},{"public_metrics":{"retweet_count":12904,"reply_count":896,"like_count":61730,"quote_count":313},"id":"1438720995892740102","text":"日本の友人たちへ、台湾と日本の絆は政治や経済的な戦略を超えるものだとおもっています。これらの機材はそれを象徴する、台湾の人々からのささやかや気持ちです。手を携えて、パンデミックの時代を生き抜きましょう！ https://t.co/khNzZBoss1","created_at":"2021-09-17T04:26:30.000Z"},{"public_metrics":{"retweet_count":527,"reply_count":249,"like_count":4844,"quote_count":15},"id":"1438480272719187972","text":"Congratulations to #Taiwan's Central American allies on the 200th anniversary of Central American independence. We will continue to build on our close ties with #Guatemala, #Nicaragua &amp; #Honduras for the benefit of our countries &amp; peoples, no matter the challenges we face. https://t.co/2yG7isB8zU","created_at":"2021-09-16T12:29:57.000Z"},{"public_metrics":{"retweet_count":756,"reply_count":395,"like_count":5920,"quote_count":49},"id":"1438401839628623874","text":"With the dawn of a new space age, our National Space Organization is ensuring that #Taiwan plays an integral role in the global space industry. The successful launches of our FORMOSAT satellites make me excited &amp; optimistic about the future of space technology in Taiwan. https://t.co/jLFnN1twIl","created_at":"2021-09-16T07:18:17.000Z"}],"meta":{"oldest_id":"1438401839628623874","newest_id":"1443196464327319555","result_count":35}}