{"data":[{"id":"1459431486549987328","public_metrics":{"retweet_count":781,"reply_count":883,"like_count":6770,"quote_count":34},"created_at":"2021-11-13T08:02:35.000Z","text":"Welcome back to Taiwan, President @JuanOrlandoH. As friends &amp; allies for 80 years, #Taiwan \uD83C\uDDF9\uD83C\uDDFC &amp; #Honduras \uD83C\uDDED\uD83C\uDDF3 are strengthening our wide-ranging cooperation for the benefit of our nations &amp; peoples. https://t.co/9QdeUEbAdP"},{"id":"1459364677402591240","public_metrics":{"retweet_count":2390,"reply_count":413,"like_count":8173,"quote_count":173},"created_at":"2021-11-13T03:37:07.000Z","text":"@EnesKanter Thank you @EnesKanter for standing with #Taiwan &amp; standing up for democracy. https://t.co/DNBJfMiSvl"},{"id":"1459117045870923776","public_metrics":{"retweet_count":477,"reply_count":466,"like_count":3666,"quote_count":28},"created_at":"2021-11-12T11:13:07.000Z","text":"I had a great time on this podcast chatting about my personal experiences &amp; #Taiwan’s international cooperation. Listen to what I had to say about our growing friendships with European countries such as #Lithuania \uD83C\uDDF1\uD83C\uDDF9, #Czechia \uD83C\uDDE8\uD83C\uDDFF, #Poland \uD83C\uDDF5\uD83C\uDDF1 &amp; #Slovakia \uD83C\uDDF8\uD83C\uDDF0. https://t.co/KICkfP3y9c"},{"id":"1458722234944552960","public_metrics":{"retweet_count":4614,"reply_count":1203,"like_count":34574,"quote_count":168},"created_at":"2021-11-11T09:04:17.000Z","text":"第二次岸田内閣の発足、おめでとうございます。心からお祝いを申し上げます。全人類の健康及び地域の安全を脅かす要因が存在し続けていますが、東アジアの安定と平和、さらに繁栄のために、民主主義と人権などといった普遍的価値を共に守り続け、台日関係がより強固に発展することを期待しています。"},{"id":"1458357094059438083","public_metrics":{"retweet_count":742,"reply_count":699,"like_count":5974,"quote_count":64},"created_at":"2021-11-10T08:53:20.000Z","text":"#Taiwan continues to enjoy record economic growth in the face of unprecedented challenges. This achievement is the result of the hard work of the Taiwanese people, who have stood together to fight the pandemic &amp; sustain our economic progress. https://t.co/1uYO8D0Y3a"},{"id":"1457630059808788481","public_metrics":{"retweet_count":948,"reply_count":862,"like_count":6798,"quote_count":73},"created_at":"2021-11-08T08:44:22.000Z","text":"As a member of the international community, #Taiwan is determined to contribute more to addressing the climate crisis affecting our world. We should be part of #COP26 and the broader global response, so that we can leave a better planet to future generations. https://t.co/sFBtIBJnvc"},{"id":"1456519087803154434","public_metrics":{"retweet_count":1005,"reply_count":0,"like_count":0,"quote_count":0},"created_at":"2021-11-05T07:09:46.000Z","text":"RT @rglucks1: We came here with a simple message Ms the President @iingwen : Taiwan is not alone. Europe is standing with you in the defens…"},{"id":"1456473533563883528","public_metrics":{"retweet_count":439,"reply_count":622,"like_count":4226,"quote_count":20},"created_at":"2021-11-05T04:08:45.000Z","text":"I want to express my sincere condolences to the family members of High Chief Ibedul Yutaka M. Gibbons and to the people of Palau. Throughout his life, High Chief Ibedul made important contributions to his country and was a true friend to Taiwan."},{"id":"1456217103212576769","public_metrics":{"retweet_count":1369,"reply_count":873,"like_count":8899,"quote_count":79},"created_at":"2021-11-04T11:09:47.000Z","text":"Wishing all our friends in #India &amp; around the world a happy #Diwali. May this festival of lights bring joy &amp; good health to you all. https://t.co/Xpd6xofgnm"},{"id":"1456170582056132612","public_metrics":{"retweet_count":1061,"reply_count":751,"like_count":6466,"quote_count":64},"created_at":"2021-11-04T08:04:55.000Z","text":"A pleasure to meet with the European Parliament @EP_Democracy delegation to discuss cooperation against disinformation &amp; cyberattacks. A stronger #Taiwan-#EU partnership will help us better address these common threats &amp; protect our shared democratic values. https://t.co/Gb8eh7mXHO"},{"id":"1455717508732764165","public_metrics":{"retweet_count":864,"reply_count":902,"like_count":5830,"quote_count":48},"created_at":"2021-11-03T02:04:34.000Z","text":"I want to welcome the @Europarl_En's INGE delegation to #Taiwan &amp; look forward to constructive discussions with all its members on addressing disinformation &amp; defending democracy. https://t.co/9VuybaiAOy"},{"id":"1455451637133107200","public_metrics":{"retweet_count":582,"reply_count":867,"like_count":5164,"quote_count":22},"created_at":"2021-11-02T08:28:05.000Z","text":"Today I named TSMC Founder Morris Chang as my envoy to the upcoming #APEC Economic Leaders' Meeting hosted by #NewZealand. I know he will continue to be an effective advocate for #Taiwan's key role in regional economic cooperation &amp; the benefits of our inclusion in #CPTPP. https://t.co/Ynn34JRgVf"},{"id":"1455129136800751616","public_metrics":{"retweet_count":587,"reply_count":823,"like_count":5686,"quote_count":25},"created_at":"2021-11-01T11:06:35.000Z","text":"Delighted to see the latest shipment of Moderna vaccines donated by the #US arrive in #Taiwan earlier today. These 1.5 million doses will help us take a big step toward our vaccination goals &amp; reflect the close friendship our countries share. https://t.co/Px2GhWIMnb"}],"meta":{"oldest_id":"1455129136800751616","newest_id":"1459431486549987328","result_count":13}}