{"data":[{"created_at":"2021-08-29T13:36:05.000Z","id":"1431973934644142083","text":"Thank you to the #CzechRepublic for providing #Taiwan with 30,000 doses of the Moderna COVID-19 vaccine. We are grateful for your solidarity &amp; the strong friendship between our peoples. https://t.co/5Wzc0zxcxe","public_metrics":{"retweet_count":679,"reply_count":370,"like_count":6126,"quote_count":66}},{"created_at":"2021-08-28T11:46:43.000Z","id":"1431584024967856136","text":"Congratulations to Tien Shiau-wen 田曉雯 on winning #Bronze in women’s C10 singles table tennis at the Tokyo #Paralympics! After an outstanding run, you’re bringing home #TeamTaiwan’s first medal of the games! https://t.co/29b1ggObvU https://t.co/tbqLILhibq","public_metrics":{"retweet_count":281,"reply_count":232,"like_count":2904,"quote_count":11}},{"created_at":"2021-08-27T12:31:46.000Z","id":"1431232971990716421","text":"Today, a shipment of 265,000 AstraZeneca vaccine doses arrived in #Taiwan, where they will go toward our vaccination drive. Getting vaccinated doesn’t just help protect yourself &amp; the people around you from COVID-19–it also reduces the burden on our medical personnel. https://t.co/mE2q2zyYh7","public_metrics":{"retweet_count":413,"reply_count":427,"like_count":4349,"quote_count":28}},{"created_at":"2021-08-27T07:23:14.000Z","id":"1431155329522233344","text":"On behalf of the people &amp; government of Taiwan, I condemn the terror attacks at Kabul airport, send our condolences to the families of those killed, &amp; wish a prompt recovery to those injured. We stand in solidarity with the US in this difficult time.","public_metrics":{"retweet_count":973,"reply_count":748,"like_count":7665,"quote_count":63}},{"created_at":"2021-08-25T10:29:10.000Z","id":"1430477344922169351","text":"Today #Taiwan reported no new local COVID-19 cases. I want to thank our medical personnel &amp; all citizens for their hard work. I also want to emphasize that this does not mean the virus is gone, so please stay alert &amp; continue following the latest prevention guidelines. https://t.co/iQzZhcouwg","public_metrics":{"retweet_count":903,"reply_count":637,"like_count":6351,"quote_count":198}},{"created_at":"2021-08-25T07:04:57.000Z","id":"1430425951502958592","text":"Proud to see #TeamTaiwan's Paralympians representing our country at the opening of the Tokyo 2020 #Paralympics. The people of Taiwan are behind you all the way! https://t.co/4YvjyEZqAp","public_metrics":{"retweet_count":643,"reply_count":379,"like_count":5714,"quote_count":36}},{"created_at":"2021-08-23T12:54:13.000Z","id":"1429789070859767811","text":"As we remember the heroes who bravely came to our country's defense 63 years ago today, I visited our troops to honour their sacrifices. As long as all of us in #Taiwan remain commited to our national defense, we can overcome whatever threats we face. https://t.co/qfOAsu03lH","public_metrics":{"retweet_count":575,"reply_count":855,"like_count":5164,"quote_count":30}},{"created_at":"2021-08-23T05:13:59.000Z","id":"1429673250334732291","text":"Today I got my first shot of #Taiwan’s own Medigen vaccine. Thank you to all our medical workers for making this such a smooth &amp; painless process. I encourage everyone to get vaccinated as soon as possible—vaccines protect you &amp; those around you from COVID-19. https://t.co/0rRdLT3jvC","public_metrics":{"retweet_count":2285,"reply_count":1062,"like_count":14826,"quote_count":314}},{"created_at":"2021-08-23T02:50:16.000Z","id":"1429637082121572353","text":"I want to send my condolences to those who have lost loved ones in the flooding in middle Tennessee, &amp; I hope for a quick recovery for all others affected.","public_metrics":{"retweet_count":509,"reply_count":465,"like_count":5647,"quote_count":26}},{"created_at":"2021-08-21T11:49:40.000Z","id":"1429048051952357383","text":"I want to wish #TeamTaiwan’s Paralympians all the best as they head to Tokyo for the 2020 #Paralympics! Your strength &amp; courage are an inspiration to our nation &amp; the world. https://t.co/xHljzHli2y","public_metrics":{"retweet_count":516,"reply_count":482,"like_count":5025,"quote_count":25}},{"created_at":"2021-08-20T12:24:35.000Z","id":"1428694452508364800","text":"Today I had the pleasure of meeting another group of #Taiwan’s Olympians &amp; star athletes. Thank you all for sharing your valuable experiences &amp; for making our country proud every time you compete. https://t.co/penUIbUurI","public_metrics":{"retweet_count":511,"reply_count":476,"like_count":5747,"quote_count":19}},{"created_at":"2021-08-18T13:47:22.000Z","id":"1427990508278669316","text":"As we look at events taking place around the world, I want to make clear that Taiwanese are committed to the defense of our nation. We are willing &amp; determined to stand up for our values &amp; will continue to work with like-minded partners as a global force for good. https://t.co/WIu7ttt91o","public_metrics":{"retweet_count":2053,"reply_count":1820,"like_count":12694,"quote_count":225}},{"created_at":"2021-08-16T13:14:52.000Z","id":"1427257554267037705","text":"It was an honour to meet with a group of our #TeamTaiwan Olympians &amp; congratulate them on their outstanding performances at #Tokyo2020. You broke our nation's Olympic medal record &amp; brought us joy during a difficult time for Taiwan &amp; the world. https://t.co/BmeEq5v5yS","public_metrics":{"retweet_count":541,"reply_count":1158,"like_count":6291,"quote_count":36}}],"meta":{"oldest_id":"1427257554267037705","newest_id":"1431973934644142083","result_count":13}}