{"data":[{"id":"1425787762762915842","public_metrics":{"retweet_count":415,"reply_count":604,"like_count":4491,"quote_count":28},"created_at":"2021-08-12T11:54:27.000Z","text":"A shipment of more than half a million AstraZeneca COVID-19 vaccine doses arrived in #Taiwan earlier today. Thank you to everyone involved in acquiring, inspecting, distributing &amp; administering these vaccines. Every dose counts! https://t.co/pmH4RUNDTA"},{"id":"1425694052901548044","public_metrics":{"retweet_count":501,"reply_count":485,"like_count":4539,"quote_count":21},"created_at":"2021-08-12T05:42:04.000Z","text":"Great to meet with Representative Jenny Bloomfield @AusOfficeTPE at the Presidential Office today. I look forward to an even stronger partnership between #Taiwan &amp; #Australia, as we continue to work together to promote stability &amp; prosperity in the Indo-Pacific. https://t.co/yFmmDLjSgq"},{"id":"1425458118939484161","public_metrics":{"retweet_count":2843,"reply_count":860,"like_count":17349,"quote_count":91},"created_at":"2021-08-11T14:04:33.000Z","text":"昨日の10日に文芸春秋のインタビューが出版されました。コロナ対策、台湾半導体産業の発展、東アジア地域の安全保障、台日米関係、中台関係、台湾による国際社会への参加など様々なことについて船橋理事長と議論することができました。台湾がなぜ大事なのかを考えるきっかけになればと思っています。 https://t.co/fhrLVoZnQX"},{"id":"1425025732548300801","public_metrics":{"retweet_count":528,"reply_count":572,"like_count":5100,"quote_count":23},"created_at":"2021-08-10T09:26:24.000Z","text":"A pleasure to welcome new American Institute in Taiwan (AIT) Director Sandra Oudkirk to the Presidential Office today. Director Oudkirk, you've always been a good friend of #Taiwan, &amp; I look forward to working together with you to further strengthen Taiwan-US ties. https://t.co/6169tKNjJ3"},{"id":"1424909717801889793","public_metrics":{"retweet_count":4387,"reply_count":697,"like_count":24095,"quote_count":129},"created_at":"2021-08-10T01:45:24.000Z","text":"「まさかの時の友こそ真の友」！\n私にとって10年後の台湾がどうあって欲しいのか？と聞かれましたが、それに答える立場にいる自分の重い責任を常に念頭におき、日々自分に言い聞かせていることを伝えることができました。\n日本の皆さん、船橋理事長、文藝春秋の編集の皆様、ありがとうございました。 https://t.co/AMx5uZGzA4"},{"id":"1424392933025861638","public_metrics":{"retweet_count":7959,"reply_count":1112,"like_count":48541,"quote_count":246},"created_at":"2021-08-08T15:31:53.000Z","text":"東京2020オリンピックは今晩成功裏に幕を閉じました。 台湾チームはメダル12個という史上最高の成績を記録しました。アスリートたちにとって最高の舞台を提供してくれた日本の方々およびすべての関係者に深くお礼を申し上げます。パラリンピックも引き続き応援します！ https://t.co/FJ7qFqjwfL"},{"id":"1424366674992533512","public_metrics":{"retweet_count":2569,"reply_count":414,"like_count":15287,"quote_count":75},"created_at":"2021-08-08T13:47:33.000Z","text":"#Tokyo2020 brought us great joy at a difficult time for the world. We thank #Japan for holding a brilliant Games despite the pandemic, &amp; we congratulate #TeamTaiwan on an outstanding showing that broke our country’s Olympic medal record! https://t.co/9EfVqb3b93 https://t.co/59g9VAs5a4"},{"id":"1424296138375503873","public_metrics":{"retweet_count":355,"reply_count":281,"like_count":3989,"quote_count":13},"created_at":"2021-08-08T09:07:16.000Z","text":"At the Central Emergency Operation Center to monitor our ongoing response to heavy rains in central &amp; southern #Taiwan. Please check the latest weather reports &amp; avoid low-lying coastal &amp; mountainous areas, which are particularly dangerous at this time. https://t.co/dXIMMYvU5u"},{"id":"1423461444150972417","public_metrics":{"retweet_count":656,"reply_count":701,"like_count":6359,"quote_count":35},"created_at":"2021-08-06T01:50:29.000Z","text":"Congratulations to all the #Taiwanese students who represented our country in this year's international olympiads in maths, physics, chemistry, biology &amp; informatics! You won medals in every competition &amp; reminded us that our future is in good hands. https://t.co/9ullWVNTJ1"},{"id":"1423268410687848460","public_metrics":{"retweet_count":755,"reply_count":339,"like_count":8327,"quote_count":28},"created_at":"2021-08-05T13:03:26.000Z","text":"Congratulations to Wen Tzu-yun 文姿云 on winning #bronze in #Karate at #Tokyo2020! Thrilled to see you bring home #TeamTaiwan’s first ever Olympic karate medal! https://t.co/EYDuFpiIq8"},{"id":"1423060118095097860","public_metrics":{"retweet_count":681,"reply_count":402,"like_count":5395,"quote_count":34},"created_at":"2021-08-04T23:15:45.000Z","text":"Showing our pride for our #TeamTaiwan athletes on their way home from #Tokyo2020 with a very special Air Force escort. https://t.co/kki6Ye3BUL"},{"id":"1422813821157081090","public_metrics":{"retweet_count":792,"reply_count":368,"like_count":8395,"quote_count":33},"created_at":"2021-08-04T06:57:04.000Z","text":"Congratulations to #TeamTaiwan’s Huang Hsiao-wen 黃筱雯 on taking bronze in #boxing! You’ve shown the world your fighting spirit at #Tokyo2020 &amp; won Taiwan’s first ever Olympic medal in the sport. https://t.co/K7N2Wyso2l"},{"id":"1422518514615603202","public_metrics":{"retweet_count":257,"reply_count":274,"like_count":3086,"quote_count":7},"created_at":"2021-08-03T11:23:37.000Z","text":"Pleased to meet with former VP Chen,@Acer Founder Shih, &amp; other Asia-Pacific leaders of the Reform for Resilience Commission @R4RXResilience, which is working to enhance our collective ability to withstand future crises. Thank you all for your contributions to Taiwan &amp; the world. https://t.co/OIydd14aQB"},{"id":"1421846586405969924","public_metrics":{"retweet_count":1974,"reply_count":1085,"like_count":16035,"quote_count":113},"created_at":"2021-08-01T14:53:37.000Z","text":"Congratulations to #TeamTaiwan's #badminton ace Tai Tzu-ying 戴資穎 on taking silver at #Tokyo2020! You played your heart out &amp; made all of #Taiwan proud. https://t.co/01FQ70D4YA https://t.co/PL2idQ3sgK"},{"id":"1421805043129282568","public_metrics":{"retweet_count":1009,"reply_count":344,"like_count":8359,"quote_count":35},"created_at":"2021-08-01T12:08:32.000Z","text":"Congratulations to Lee Chih-kai 李智凱 on winning silver in the #Tokyo2020 men's pommel, #TeamTaiwan's first Olympic #ArtisticGymnastics medal! Your years-long journey to the Olympic podium is a true story of hard work &amp; perseverance. https://t.co/tqoVWQwNqf https://t.co/YrKiDwOqfj"},{"id":"1421780351345565696","public_metrics":{"retweet_count":794,"reply_count":232,"like_count":7941,"quote_count":38},"created_at":"2021-08-01T10:30:25.000Z","text":"Congratulations to Pan Chen-tsung 潘政琮 on winning bronze in #golf at #Tokyo2020, #TeamTaiwan's first ever medal in the sport! Your resilience in fighting back was truly inspiring. https://t.co/DgPgEYI1XX"},{"id":"1421742544329732097","public_metrics":{"retweet_count":470,"reply_count":188,"like_count":3967,"quote_count":14},"created_at":"2021-08-01T08:00:11.000Z","text":"August 1 is #IndigenousPeoplesDay in #Taiwan, a time to celebrate the cultural &amp; historical diversity of Taiwan’s indigenous peoples, while recognizing their many contributions &amp; achievements throughout society. #原住民族日 https://t.co/YHM6UtNpwu"}],"meta":{"oldest_id":"1421742544329732097","newest_id":"1425787762762915842","result_count":17}}