{"data":[{"public_metrics":{"retweet_count":3907,"reply_count":2255,"like_count":18482,"quote_count":401},"created_at":"2021-10-13T06:30:40.000Z","id":"1448174327946383364","text":"#Taiwan stands on democracy's first line of defense, in the face of increasing threats from authoritarian actors. We will not give in, &amp; will continue working with our democratic partners across the world to enhance our collective resilience. https://t.co/JE7iwTprFL"},{"public_metrics":{"retweet_count":490,"reply_count":538,"like_count":4099,"quote_count":24},"created_at":"2021-10-12T05:51:56.000Z","id":"1447802193478778880","text":"An honour to speak at this year's @Forum_2000 &amp; reaffirm #Taiwan's commitment to freedom &amp; democracy. Though democracies around the world are facing many challenges, we can overcome these obstacles by standing united in defense of our shared values. https://t.co/SkRMrI0UL9"},{"public_metrics":{"retweet_count":3,"reply_count":6,"like_count":38,"quote_count":0},"created_at":"2021-10-12T04:09:36.000Z","id":"1447776439386787841","text":"@LithuaniaHealth Thank you for your generous support. The people of #Taiwan are truly grateful for your friendship."},{"public_metrics":{"retweet_count":985,"reply_count":576,"like_count":6430,"quote_count":47},"created_at":"2021-10-11T12:46:14.000Z","id":"1447544066405634055","text":"#Taiwan is a diverse &amp; resilient community committed to our democracy, sovereignty &amp; security. We are proud of what we have built, &amp; will continue to share our accomplishments with the world. https://t.co/pTnVR6GJcR"},{"public_metrics":{"retweet_count":1131,"reply_count":524,"like_count":7513,"quote_count":57},"created_at":"2021-10-11T06:28:32.000Z","id":"1447449018624184323","text":"Our \uD83C\uDDF9\uD83C\uDDFC National Day Celebration was capped off with a magnificent fireworks display in @KaohsiungCity last night. Thank you to everyone who contributed to this special occasion, &amp; to all of you for joining us in support of #Taiwan. https://t.co/WBmDfSqYDb"},{"public_metrics":{"retweet_count":7,"reply_count":3,"like_count":23,"quote_count":0},"created_at":"2021-10-11T05:57:38.000Z","id":"1447441240438444038","text":"@anagarciacarias @TW_Honduras @taiwanensps @Francis88250797 @NOTICIASTaiwan @JuanOrlandoH @CancilleriaHN @lisandrorosales Thank you @anagarciacarias for your warm congratulations. #Taiwan is proud to call #Honduras our partner &amp; to work together with its people to fight the spread of COVID-19."},{"public_metrics":{"retweet_count":4,"reply_count":1,"like_count":19,"quote_count":0},"created_at":"2021-10-11T05:57:19.000Z","id":"1447441159891013635","text":"@pmharriskn Thank you @pmharriskn for your \uD83C\uDDF9\uD83C\uDDFC National Day congratulations. #Taiwan &amp; #StKittsAndNevis share strong ties based on our shared values, &amp; we look forward to deepening this bond going forward."},{"public_metrics":{"retweet_count":6,"reply_count":2,"like_count":21,"quote_count":0},"created_at":"2021-10-11T05:56:58.000Z","id":"1447441074071355397","text":"@StTaiwan @PhilipJPierreLC Thank you Prime Minister @PhilipJPierreLC, for your kind wishes &amp; continued support. #Taiwan is committed to our partnership with #StLucia &amp; to bolstering its development."},{"public_metrics":{"retweet_count":4495,"reply_count":1636,"like_count":24888,"quote_count":470},"created_at":"2021-10-10T13:08:00.000Z","id":"1447187158813401088","text":"Today's \uD83C\uDDF9\uD83C\uDDFC National Day Celebration was filled with incredible performances by #Taiwanese from all generations &amp; walks of life. Thank you all for making this day so special. https://t.co/8LJruXbbYw"},{"public_metrics":{"retweet_count":1072,"reply_count":502,"like_count":8108,"quote_count":55},"created_at":"2021-10-10T09:01:54.000Z","id":"1447125222830710790","text":"Thank you to all the foreign diplomats who joined us to celebrate our \uD83C\uDDF9\uD83C\uDDFC National Day. Your continued support for #Taiwan is deeply appreciated by our people &amp; government. https://t.co/ku1refpYn1"},{"public_metrics":{"retweet_count":2335,"reply_count":1144,"like_count":10384,"quote_count":215},"created_at":"2021-10-10T05:39:26.000Z","id":"1447074270379528192","text":"The people of #Taiwan are committed to upholding our nation’s sovereignty, democracy, security &amp; prosperity. In my National Day Address, I outlined four core commitments on which Taiwan is united. Full text here:"},{"public_metrics":{"retweet_count":2667,"reply_count":1114,"like_count":15263,"quote_count":216},"created_at":"2021-10-10T01:49:58.000Z","id":"1447016526456918019","text":"I will deliver my National Day Address at 10:25.\n\nThank you to everyone for standing with #Taiwan over the last year &amp; celebrating our \uD83C\uDDF9\uD83C\uDDFC National Day with us. https://t.co/GJsjTy50o7"},{"public_metrics":{"retweet_count":1782,"reply_count":919,"like_count":7140,"quote_count":196},"created_at":"2021-10-10T00:55:33.000Z","id":"1447002830544392192","text":"Our \uD83C\uDDF9\uD83C\uDDFC National Day Celebration live stream starts now, with a series of musical, dance &amp; other performances to begin the festivities.\n\nYou can watch my National Day Address at 10:25 &amp; our #Taiwan heroes parade at 11:35. https://t.co/NKcylGxdyw"},{"public_metrics":{"retweet_count":2099,"reply_count":1065,"like_count":11558,"quote_count":192},"created_at":"2021-10-09T22:25:43.000Z","id":"1446965122702852097","text":"Today is our \uD83C\uDDF9\uD83C\uDDFC National Day, a time to look back on everything our country has achieved over the last year &amp; show our appreciation for the people of #Taiwan. I'll link to the live stream of our annual celebration starting from 8:50 (Taipei time), with my address at 10:25. https://t.co/HWQigyZVo2"},{"public_metrics":{"retweet_count":483,"reply_count":335,"like_count":3897,"quote_count":28},"created_at":"2021-10-09T13:39:09.000Z","id":"1446832609443549185","text":"Today #Taiwan took delivery of our second COVID-19 vaccine donation from #Lithuania. This continued support is not only deeply appreciated by the Taiwanese people, it also demonstrates the strength of our countries' democratic partnership. https://t.co/tmVDv2g09S"},{"public_metrics":{"retweet_count":10,"reply_count":6,"like_count":40,"quote_count":0},"created_at":"2021-10-09T13:10:39.000Z","id":"1446825434780356609","text":"@OlivierCadic Thank you for the support. It was a pleasure to meet with the French Senate delegation."},{"public_metrics":{"retweet_count":416,"reply_count":311,"like_count":3754,"quote_count":17},"created_at":"2021-10-09T12:35:46.000Z","id":"1446816657939124229","text":"Over the past week, #Taiwan has received more than 3.4 million vaccine doses. As we gear up for our 2021 National Day Celebration, it is heartening to know that more Taiwanese will soon be vaccinated &amp; better protected against COVID-19. https://t.co/ExXjohZDLx"},{"public_metrics":{"retweet_count":1597,"reply_count":1275,"like_count":10718,"quote_count":117},"created_at":"2021-10-09T05:39:30.000Z","id":"1446711900327211011","text":"It was my honour to meet with the helicopter pilots who will be flying the flag for our nation this October 10, as we celebrate our \uD83C\uDDF9\uD83C\uDDFC National Day. Tune in to tomorrow's live stream here on my account from 8:50 (Taipei time) to see them in action &amp; enjoy our annual festivities. https://t.co/Bx6FDX0xKi"},{"public_metrics":{"retweet_count":553,"reply_count":498,"like_count":4127,"quote_count":27},"created_at":"2021-10-08T13:01:06.000Z","id":"1446460646363566081","text":"#Taiwan is committed to collaborating with countries in the Indo-Pacific region &amp; around the world. At the @YushanForum, I emphasised the importance of working together to overcome challenges &amp; revitalise the global economy. https://t.co/xhq9QFICjs"},{"public_metrics":{"retweet_count":424,"reply_count":303,"like_count":3342,"quote_count":11},"created_at":"2021-10-08T07:49:13.000Z","id":"1446382159476846596","text":"At this year's @YushanForum, I shared how #Taiwan &amp; our New Southbound Policy is part of the solution to a range of key challenges facing Asia &amp; the world. Taiwan stands with our like-minded partners in support of regional security, prosperity &amp; peace. https://t.co/sexF4wEYKl"},{"public_metrics":{"retweet_count":18,"reply_count":20,"like_count":183,"quote_count":2},"created_at":"2021-10-08T04:53:28.000Z","id":"1446337929358438406","text":"@HonTonyAbbott Thank you for your support @HonTonyAbbott. I look forward to welcoming you back to #Taiwan again in the future."},{"public_metrics":{"retweet_count":5,"reply_count":4,"like_count":23,"quote_count":0},"created_at":"2021-10-08T04:28:23.000Z","id":"1446331614405951492","text":"@pmharriskn Thank you for your support, @PMHarrisKN. We will continue to work with #StKittsandNevis &amp; our partners around the world to preserve peace in the Indo-Pacific."},{"public_metrics":{"retweet_count":618,"reply_count":429,"like_count":4711,"quote_count":41},"created_at":"2021-10-07T10:41:42.000Z","id":"1446063178043969542","text":"Delighted to welcome former Australian Prime Minister @HonTonyAbbott to #Taiwan. We are grateful to you for supporting our bid to join the CPTPP, &amp; will continue to work with #Australia to uphold regional peace, prosperity &amp; security. https://t.co/OjLZkOWRic"},{"public_metrics":{"retweet_count":546,"reply_count":352,"like_count":4139,"quote_count":31},"created_at":"2021-10-07T07:02:52.000Z","id":"1446008104995332096","text":"A great pleasure to meet with #French Senators Alain Richard, @Max_Brisson, @ElseJoseph &amp; @OlivierCadic. I thank you for your work leading the #Taiwan Friendship group in the @Senat, and look forward to discussing further opportunities for bilateral cooperation. https://t.co/fSLgduyiqo"},{"public_metrics":{"retweet_count":626,"reply_count":517,"like_count":4801,"quote_count":36},"created_at":"2021-10-06T03:57:36.000Z","id":"1445599094773202949","text":"We sincerely welcome the French delegation led by Senator Alain Richard to Taiwan. I look forward to meeting with you &amp; working together to further strengthen #Taiwan-#France ties. https://t.co/tumqsLEuep"},{"public_metrics":{"retweet_count":1863,"reply_count":1067,"like_count":8649,"quote_count":214},"created_at":"2021-10-05T09:06:14.000Z","id":"1445314377633067009","text":"We believe that the Taiwanese people should decide #Taiwan's future. Taiwan stands united in our commitment to the values of democracy &amp; freedom. And we will do whatever it takes to defend our values &amp; our way of life.\nMy article in @ForeignAffairs: https://t.co/6XxOblPB1D"},{"public_metrics":{"retweet_count":631,"reply_count":536,"like_count":6117,"quote_count":5},"created_at":"2021-10-04T07:33:17.000Z","id":"1444928595630047236","text":"由衷祝賀岸田文雄總理的就任及新內閣的誕生。希望能夠跟岸田新首相一起，更深化台灣和日本的友好關係。身為一樣的民主國家，繼續強化聯繫!"},{"public_metrics":{"retweet_count":5047,"reply_count":935,"like_count":30376,"quote_count":147},"created_at":"2021-10-04T07:07:03.000Z","id":"1444921995573948422","text":"岸田文雄総理大臣及び新内閣の誕生を心よりお祝い申し上げます。岸田新首相と一緒に、台湾と日本の友好関係をさらに深めていけるよう期待しています。同じ民主主義国家どうし、これからも連携を強めていきましょう！"},{"public_metrics":{"retweet_count":1736,"reply_count":776,"like_count":10283,"quote_count":81},"created_at":"2021-10-01T11:44:34.000Z","id":"1443904670888460289","text":"Thank you to all the national freediving associations who have stood with #Taiwan after our national flag was removed from an AIDA competition broadcast. Your decision to remove your own countries’ flags in solidarity with Taiwan touched the hearts of the Taiwanese people. https://t.co/s9sKEomPBP"}],"meta":{"oldest_id":"1443904670888460289","newest_id":"1448174327946383364","result_count":29}}