{"data":[{"public_metrics":{"retweet_count":1,"reply_count":0,"like_count":0,"quote_count":0},"text":"RT @US2EU: The struggle to end violence, discrimination, criminalization, and stigma against #LGBTQI+ persons is a global challenge that re…","created_at":"2021-09-29T13:53:29.000Z","id":"1443212337201229828"},{"public_metrics":{"retweet_count":0,"reply_count":0,"like_count":1,"quote_count":0},"text":"Tim on AIR! Check out CG Tim Liston's interview with @bayern2  https://t.co/5T6ZOnWQy3 where he talks about the #TransatlanticPartnership, current challenges and a missed Oktoberfest!\n#USinBavaria","created_at":"2021-09-29T12:15:29.000Z","id":"1443187673032761349"},{"public_metrics":{"retweet_count":220,"reply_count":0,"like_count":0,"quote_count":0},"text":"RT @SecBlinken: Russia continues to obstruct the 2021 @OSCE Human Dimension Implementation Meeting. We call on Russia to respect civil soci…","created_at":"2021-09-29T08:34:41.000Z","id":"1443132110127210502"},{"public_metrics":{"retweet_count":87,"reply_count":0,"like_count":0,"quote_count":0},"text":"RT @ClimateEnvoy: Headed to Europe for meetings this week. We need all parties to join in aiming high as we prepare for @COP26 – we cannot…","created_at":"2021-09-29T08:31:01.000Z","id":"1443131188110049283"},{"public_metrics":{"retweet_count":0,"reply_count":0,"like_count":0,"quote_count":0},"text":"Great job opportunity in Nuremberg! #USinBavaria https://t.co/pfYq6qq9gM","created_at":"2021-09-29T08:30:52.000Z","id":"1443131148801134594"},{"public_metrics":{"retweet_count":5,"reply_count":0,"like_count":0,"quote_count":0},"text":"RT @FasEurope: Where in Europe can you explore the culinary diversity of #USfood &amp; beverages? At @anugacologne 2021! Between October 9-13,…","created_at":"2021-09-29T08:29:52.000Z","id":"1443130896303939590"},{"public_metrics":{"retweet_count":3,"reply_count":0,"like_count":0,"quote_count":0},"text":"RT @usbotschaft: Die engen Beziehungen zwischen Deutschland und den USA weiter zu stärken ist wichtiger denn je. Zu einem Gedankenaustausch…","created_at":"2021-09-29T08:29:42.000Z","id":"1443130853392007170"},{"public_metrics":{"retweet_count":2,"reply_count":0,"like_count":0,"quote_count":0},"text":"RT @usbotschaft: Hintergrund zum Trade and Technology Council auf Deutsch: https://t.co/wbHteBJ4Vl via @AmerikaDienst","created_at":"2021-09-28T07:19:24.000Z","id":"1442750777018265600"},{"public_metrics":{"retweet_count":0,"reply_count":0,"like_count":0,"quote_count":0},"text":"US-Präsident Biden vor der UN-Vollversammlung: „Als globale Gemeinschaft stehen wir vor drängenden und drohenden Krisen, worin enorme Chancen liegen.“\nHier die ganze Rede in deutscher Übersetzung:\nhttps://t.co/N0Uy0cEWXb","created_at":"2021-09-27T14:06:53.000Z","id":"1442490932482486276"},{"public_metrics":{"retweet_count":2,"reply_count":0,"like_count":0,"quote_count":0},"text":"RT @usbotschaft: We support \"Medialogues on Propaganda,\" a year-long Professional Learning Community for German and American educators and…","created_at":"2021-09-27T14:05:14.000Z","id":"1442490519540613122"},{"public_metrics":{"retweet_count":0,"reply_count":0,"like_count":2,"quote_count":0},"text":"We kicked off our new #Alumni Stammtisch! Although the dress code was \"Oktoberfest\", the discussion was all about \uD83C\uDDFA\uD83C\uDDF8 #exchanges &amp; starting a new #AlumniAssociation. Participated in an exchange &amp; interested in joining? Email us: MunichPA@state.gov to get started! #USinBavaria https://t.co/jxsaQqT0Nt","created_at":"2021-09-24T15:26:25.000Z","id":"1441423785790373895"},{"public_metrics":{"retweet_count":0,"reply_count":0,"like_count":2,"quote_count":0},"text":"@StateDeptSpox \"Die USA bedauern Russlands repressive Maßnahmen, die die Freiheit &amp; Glaubwürdigkeit seiner Dumawahlen untergraben haben, und wir verurteilen, dass Russland Wahllokale auf den Gebieten Georgiens, Moldawiens und der Ukraine ohne deren Zustimmung eingerichtet hat.\" https://t.co/BeRpqNGQ4K","created_at":"2021-09-24T11:33:23.000Z","id":"1441365140876632068"},{"public_metrics":{"retweet_count":1,"reply_count":9,"like_count":1,"quote_count":0},"text":"Eine transatlantische Agenda im Kampf gegen #COVID_19:\n\"Die USA und die EU werden ihre Zusammenarbeit ausweiten, um weltweit möglich viele Menschen zu impfen, Leben zu retten und unsere Gesundheit langfristig zu gewährleisten.\" https://t.co/ESqGb2xDM9","created_at":"2021-09-24T11:32:19.000Z","id":"1441364872797859841"},{"public_metrics":{"retweet_count":0,"reply_count":0,"like_count":2,"quote_count":0},"text":"It's #ConsularFriday! https://t.co/lVIerByChF","created_at":"2021-09-24T11:30:00.000Z","id":"1441364288174657558"},{"public_metrics":{"retweet_count":382,"reply_count":0,"like_count":0,"quote_count":0},"text":"RT @SecBlinken: President Biden has been clear that the only way to defeat COVID-19 — and protect the American people and the U.S. economy…","created_at":"2021-09-22T14:23:39.000Z","id":"1440683215052705803"},{"public_metrics":{"retweet_count":22,"reply_count":0,"like_count":0,"quote_count":0},"text":"RT @USNATO: \uD83C\uDDFA\uD83C\uDDF8 @USArmy and \uD83C\uDDE9\uD83C\uDDEA German medics train together on medical evacuation procedures involving Black Hawk \uD83D\uDE81 to maintain military rea…","created_at":"2021-09-22T08:13:16.000Z","id":"1440590004296642572"},{"public_metrics":{"retweet_count":4,"reply_count":0,"like_count":0,"quote_count":0},"text":"RT @US2EU: “The strong partnership between the United States and the U.N. is based on common values and principles.  And at this moment, th…","created_at":"2021-09-22T08:13:08.000Z","id":"1440589970482208775"},{"public_metrics":{"retweet_count":235,"reply_count":0,"like_count":0,"quote_count":0},"text":"RT @ClimateEnvoy: Thrilled by @POTUS's announcement at the UN today that the Administration will work with Congress to further double the U…","created_at":"2021-09-22T08:12:52.000Z","id":"1440589905495617537"},{"public_metrics":{"retweet_count":1,"reply_count":0,"like_count":0,"quote_count":0},"text":"RT @usbotschaft: Die Bekämpfung der Klimakrise erfordert ehrgeizige globale und nationale Verpflichtungen. Die #UNGA76 ist eine Gelegenheit…","created_at":"2021-09-21T10:43:43.000Z","id":"1440265478992130057"},{"public_metrics":{"retweet_count":1,"reply_count":0,"like_count":1,"quote_count":0},"text":"#NeverForget: CG Liston traveled to #Augsburg to attend the opening of New York artist Denise Green's exhibition \"How We Remember\" documenting the trauma and sacrifice of WWII. It's a tribute to her father using his wartime photographs. #NieWieder #USinBavaria https://t.co/e6BZmcLiFt","created_at":"2021-09-21T07:18:38.000Z","id":"1440213869184512000"},{"public_metrics":{"retweet_count":3,"reply_count":0,"like_count":0,"quote_count":0},"text":"RT @usbotschaft: President Biden characterized recent climate-related events as a “blinking code red”:\nhttps://t.co/9Bui0XRBRM","created_at":"2021-09-21T07:13:55.000Z","id":"1440212681886093320"},{"public_metrics":{"retweet_count":35,"reply_count":0,"like_count":0,"quote_count":0},"text":"RT @TravelGov: We are continuing to work on reducing the immigrant visa appointments backlog. Please see our website for complete informati…","created_at":"2021-09-21T07:13:46.000Z","id":"1440212642035945476"},{"public_metrics":{"retweet_count":5,"reply_count":0,"like_count":0,"quote_count":0},"text":"RT @usbotschaft: Vor der VN-Generaldebatte traf @POTUS in New York Generalsekretär Guterres. Sie betonten die Bedeutung des Multilateralism…","created_at":"2021-09-21T07:13:36.000Z","id":"1440212602315939848"},{"public_metrics":{"retweet_count":3,"reply_count":0,"like_count":0,"quote_count":0},"text":"RT @usbotschaft: \"We share a deep commitment to individual privacy—on both sides of the Atlantic. And I am confident that by working togeth…","created_at":"2021-09-17T10:47:47.000Z","id":"1438816951141289988"}],"meta":{"oldest_id":"1438816951141289988","newest_id":"1443212337201229828","result_count":24}}