{"data":[{"public_metrics":{"retweet_count":8,"reply_count":0,"like_count":0,"quote_count":0},"created_at":"2021-08-29T09:21:21.000Z","text":"RT @usconsfrankfurt: .@usbotschaft's Minister Counselor for Public Diplomacy/Senior Civilian Interagency Coordinator Elizabeth Horst and Br…","id":"1431909831053660163"},{"public_metrics":{"retweet_count":6,"reply_count":0,"like_count":0,"quote_count":0},"created_at":"2021-08-29T06:56:57.000Z","text":"RT @usbotschaft: Ein Blick hinter die Kulissen der @RamsteinAirBase, wo ein behördenübergreifendes Team alle nötigen Vorkehrungen trifft, u…","id":"1431873490664181763"},{"public_metrics":{"retweet_count":3,"reply_count":0,"like_count":17,"quote_count":1},"created_at":"2021-08-27T15:23:04.000Z","text":"Thanks to the Bavarian State Chancellery, Staatsminister @fwhfreising &amp; the @Marshall_Center for the warm welcome of members of #Congress and the @house_democracy. Great #transatlantic discussions and a clear example of the strong U.S./Bavarian friendship. #USinBavaria #USA https://t.co/RLhO6puzjW","id":"1431276080808316937"},{"public_metrics":{"retweet_count":1,"reply_count":0,"like_count":3,"quote_count":0},"created_at":"2021-08-27T11:16:44.000Z","text":"\"As a mark of respect for the U.S. service members and other victims killed in the terrorist attack on August 26, 2021, in Kabul…I hereby order that the flag of the United States shall be flown at half-staff at the White House and upon all public buildings and grounds\" @POTUS https://t.co/SdeYcEvmcl","id":"1431214089963859969"},{"public_metrics":{"retweet_count":0,"reply_count":0,"like_count":2,"quote_count":0},"created_at":"2021-08-26T13:43:11.000Z","text":"U.S. Consul General Tim Liston met with Bavarian Staatsminister Dr. Florian Hermann yesterday to discuss the strong U.S.-German partnership and continued close coordination on assisting U.S. and German citizens and vulnerable Afghans and their families. https://t.co/JcTZPvZtDt","id":"1430888559007961093"},{"public_metrics":{"retweet_count":3,"reply_count":0,"like_count":0,"quote_count":0},"created_at":"2021-08-26T10:05:42.000Z","text":"RT @usbotschaft: ...Clark Price, derzeit ranghöchster amerikanischer Diplomat in Deutschland, der [General] Harrigian an diesem Tag begleit…","id":"1430833827052724227"},{"public_metrics":{"retweet_count":2,"reply_count":0,"like_count":0,"quote_count":0},"created_at":"2021-08-26T06:56:59.000Z","text":"RT @usbotschaft: \"Dies ist eine der größten Luftbrücken der Geschichte, ein gewaltiges militärisches, diplomatisches, sicherheitspolitische…","id":"1430786334743011332"},{"public_metrics":{"retweet_count":184,"reply_count":0,"like_count":0,"quote_count":0},"created_at":"2021-08-25T14:13:51.000Z","text":"RT @SecDef: Sending my personal thanks to our German allies, and all personnel working tirelessly at @RamsteinAirBase to help evacuate pers…","id":"1430533885780107269"},{"public_metrics":{"retweet_count":0,"reply_count":0,"like_count":2,"quote_count":0},"created_at":"2021-08-24T15:10:25.000Z","text":"Next 500: US-Generalkonsul Tim Liston freute sich das 500-jährige Jubiläum der Fuggerei Augsburg zu feiern. Die Idee, bedürftigen Bürgern der Stadt einen kostengünstigen Wohnraum zu bieten, ist heute genauso wichtig wie 1521, als die Fuggerei gegründet wurde. https://t.co/8IbmZIOYL1","id":"1430185736309968909"},{"public_metrics":{"retweet_count":32,"reply_count":0,"like_count":0,"quote_count":0},"created_at":"2021-08-24T12:06:27.000Z","text":"RT @usbotschaft: Our @StateDept colleagues - including this team of Consular Officers - are working around the clock to lead the interagenc…","id":"1430139439817400320"},{"public_metrics":{"retweet_count":4,"reply_count":0,"like_count":0,"quote_count":0},"created_at":"2021-08-24T12:06:16.000Z","text":"RT @usbotschaft: \"Herzlichen Dank an alle auf der @RamsteinAirBase, die dabei helfen, Evakuierte aus Afghanistan in Sicherheit zu bringen.…","id":"1430139390542729237"},{"public_metrics":{"retweet_count":0,"reply_count":0,"like_count":1,"quote_count":0},"created_at":"2021-08-24T08:00:01.000Z","text":"In our 3rd video of our \"Servus Tim\" series, Tim tells us about his motivations to pursue this career path and gives a hint where in the world he has been stationed before. More info on our website: https://t.co/6NnQhzie72. Enjoy! #ServusTim #USinBavaria #TransatlanticPartnership https://t.co/gMmmlyzOVJ","id":"1430077420506288129"},{"public_metrics":{"retweet_count":7,"reply_count":0,"like_count":0,"quote_count":0},"created_at":"2021-08-24T06:46:28.000Z","text":"RT @usbotschaft: Die ersten Evakuierten aus Afghanistan konnten von Ramstein aus in die USA weiterreisen. Wir danken Deutschland für die Un…","id":"1430058912338915367"},{"public_metrics":{"retweet_count":5,"reply_count":0,"like_count":0,"quote_count":0},"created_at":"2021-08-23T14:52:13.000Z","text":"RT @usbotschaft: Erfolgreiche Zusammenarbeit: Unterstützt durch die deutsche Regierung (danke!) kümmern sich @StateDept und @DeptofDefense…","id":"1429818768713191430"},{"public_metrics":{"retweet_count":8,"reply_count":0,"like_count":0,"quote_count":0},"created_at":"2021-08-23T07:29:26.000Z","text":"RT @usbotschaft: \"I’ve been in personal contact with the leaders of many countries, including Qatar, Germany, Spain, Italy, the UAE, and ot…","id":"1429707339087630340"},{"public_metrics":{"retweet_count":9,"reply_count":0,"like_count":0,"quote_count":0},"created_at":"2021-08-22T10:04:29.000Z","text":"RT @usbotschaft: Mitarbeitende des @StateDept und @DeptofDefense arbeiten unermüdlich auf der @RamsteinAirBase, um die Evakuierung aus Afgh…","id":"1429383969414524934"},{"public_metrics":{"retweet_count":7,"reply_count":0,"like_count":0,"quote_count":0},"created_at":"2021-08-21T11:57:36.000Z","text":"RT @usbotschaft: Dank der starken Partnerschaft mit der deutschen Bundesregierung können wir unsere Bemühungen, Menschen aus Afghanistan zu…","id":"1429050049707843588"},{"public_metrics":{"retweet_count":9,"reply_count":0,"like_count":0,"quote_count":0},"created_at":"2021-08-21T11:57:13.000Z","text":"RT @usbotschaft: .@RamsteinAirBase Militärkräfte arbeiten unermüdlich, um die Ankunft von Evakuierten aus Afghanistan für einen vorübergehe…","id":"1429049952240603137"},{"public_metrics":{"retweet_count":8,"reply_count":0,"like_count":0,"quote_count":0},"created_at":"2021-08-21T08:31:48.000Z","text":"RT @usbotschaft: Die USA bedanken sich bei Deutschland und anderen Partnerländern für ihr großzügiges Angebot, die Evakuierungen aus Afghan…","id":"1428998258450472961"},{"public_metrics":{"retweet_count":21,"reply_count":0,"like_count":0,"quote_count":0},"created_at":"2021-08-20T18:45:43.000Z","text":"RT @usbotschaft: Today, flights evacuating vulnerable Afghans and other evacuees began to arrive at Ramstein Air Base. These individuals wi…","id":"1428790367370072069"},{"public_metrics":{"retweet_count":100,"reply_count":0,"like_count":0,"quote_count":0},"created_at":"2021-08-20T14:58:20.000Z","text":"RT @USNATO: Statement by @NATO Foreign Ministers on #Afghanistan: For the last 20 years, we have successfully denied terrorists a safe have…","id":"1428733143088078851"},{"public_metrics":{"retweet_count":3,"reply_count":0,"like_count":0,"quote_count":0},"created_at":"2021-08-20T14:16:19.000Z","text":"RT @usbotschaft: .@POTUS und @VP lassen sich von ihrem nationalen Sicherheitsteam über die Entwicklung der Lage in Afghanistan unterrichten…","id":"1428722568534630405"},{"public_metrics":{"retweet_count":4,"reply_count":0,"like_count":0,"quote_count":0},"created_at":"2021-08-20T14:16:13.000Z","text":"RT @usbotschaft: The U.S. is taking every available measure to assist Afghans who are at risk, particularly those who worked for or with th…","id":"1428722543305895937"},{"public_metrics":{"retweet_count":0,"reply_count":0,"like_count":2,"quote_count":0},"created_at":"2021-08-20T12:38:56.000Z","text":"Charges d’affaires Clark Price visited Pegnitz to commemorate the 50th anniversary of a U.S. military helicopter crash on August 18, 1971. He met with Family members, local Bavarian officials, and U.S. Army leadership in support of our strong transatlantic security alliance. https://t.co/6LLLA5oB6B","id":"1428698059970596878"},{"public_metrics":{"retweet_count":11,"reply_count":0,"like_count":0,"quote_count":0},"created_at":"2021-08-19T07:52:27.000Z","text":"RT @7thATC: Mr. Timothy Liston, U.S. Consul General Munich and Mr. Woodward Price, Charge D'Affairs Germany toured different areas of #GTA…","id":"1428263577375358981"},{"public_metrics":{"retweet_count":4,"reply_count":0,"like_count":0,"quote_count":0},"created_at":"2021-08-19T06:24:19.000Z","text":"RT @usbotschaft: Gestern sprach @POTUS Biden mit Kanzlerin Merkel über die Lage in Afghanistan, Evakuierungen, die Notwendigkeit enger Abst…","id":"1428241400349577219"},{"public_metrics":{"retweet_count":3,"reply_count":0,"like_count":0,"quote_count":0},"created_at":"2021-08-18T16:41:51.000Z","text":"RT @7thATC: Today, Americans and Germans gathered to honor the 37 American Soldiers who died 50 years ago in a CH-47 Chinook crash in #Pegn…","id":"1428034419839877124"},{"public_metrics":{"retweet_count":3,"reply_count":0,"like_count":0,"quote_count":0},"created_at":"2021-08-18T16:41:46.000Z","text":"RT @joe_hilbertjr: We remember our fallen. On Aug 18, 1971, 37 US Soldiers died in a tragic CH-47 crash near Pegnitz Germany. 50 yrs. later…","id":"1428034395751997447"},{"public_metrics":{"retweet_count":1,"reply_count":0,"like_count":5,"quote_count":0},"created_at":"2021-08-18T16:41:28.000Z","text":"family members of those who perished as well as local Bavarian officials, and [2ndCR handle] and [7thATC handle] in support of our strong transatlantic security alliance. 2/2 #Pegnitz #USinBavaria #TransatlanticPartnership","id":"1428034320279736320"},{"public_metrics":{"retweet_count":7,"reply_count":1,"like_count":9,"quote_count":0},"created_at":"2021-08-18T16:41:27.000Z","text":"Charges d’affaires Clark Price visited Pegnitz today to commemorate the 50th anniversary of a U.S. military helicopter crash on August 18, 1971 where 37 U.S. service members lost their lives.  He met with 1/2 https://t.co/GioVtQ04qY","id":"1428034317830266880"},{"public_metrics":{"retweet_count":6,"reply_count":0,"like_count":0,"quote_count":0},"created_at":"2021-08-18T10:29:06.000Z","text":"RT @usbotschaft: \"Wir werden alle uns zur Verfügung stehenden Mittel einsetzen um die Rechte der afghanischen Frauen zu wahren… Und wir wer…","id":"1427940611420737539"},{"public_metrics":{"retweet_count":1,"reply_count":1,"like_count":2,"quote_count":0},"created_at":"2021-08-17T15:00:03.000Z","text":"Here is the second of our \"Servus Tim\" video series, introducing the new Consul General in #Bavaria. In this clip, Tim outlines his top priorities to focus on during his three years in Munich. Enjoy!\n#ServusTim #USinBavaria #USA #Bayern #TransatlanticPartnership https://t.co/pDSMWxlgjZ","id":"1427646412108488716"},{"public_metrics":{"retweet_count":6,"reply_count":0,"like_count":0,"quote_count":0},"created_at":"2021-08-16T08:55:00.000Z","text":"RT @usbotschaft: Gemeinsam mit Dutzenden von Ländern fordern auch die Vereinigten Staaten alle Parteien in Afghanistan auf, die sichere und…","id":"1427192156251435009"},{"public_metrics":{"retweet_count":12,"reply_count":0,"like_count":0,"quote_count":0},"created_at":"2021-08-13T08:05:02.000Z","text":"RT @usbotschaft: \"Ein Leben in Freiheit ist nicht leicht, und die Demokratie ist nicht vollkommen. Aber wir hatten es nie nötig, eine Mauer…","id":"1426092419574022144"},{"public_metrics":{"retweet_count":1,"reply_count":0,"like_count":0,"quote_count":0},"created_at":"2021-08-13T06:26:57.000Z","text":"RT @usbotschaft: Über die aktuelle Sicherheitslage und die Pläne der USA zur Reduzierung der zivilen Präsenz in Kabul sprachen @SecBlinken…","id":"1426067731930132483"},{"public_metrics":{"retweet_count":99,"reply_count":0,"like_count":0,"quote_count":0},"created_at":"2021-08-12T15:37:29.000Z","text":"RT @StateDept: Happy International #YouthDay! Today we celebrate young people around the world who continue to defend human rights for all…","id":"1425843890796519425"},{"public_metrics":{"retweet_count":49,"reply_count":0,"like_count":0,"quote_count":0},"created_at":"2021-08-12T14:38:43.000Z","text":"RT @StateDept: .@SecBlinken gives remarks on #YouthEmpowerment Month and discusses the many challenges our youth face today. He also discus…","id":"1425829104461377537"},{"public_metrics":{"retweet_count":0,"reply_count":0,"like_count":2,"quote_count":0},"created_at":"2021-08-12T09:55:05.000Z","text":"On #InternationalYouthDay, the United States celebrates young human rights defenders who inspire us to do right by them, think bigger, &amp; make the future better. From the climate crisis to LGBTQI+ human rights, the work of our youth advances #HumanRights.\nWe applaud you. #YouthDay https://t.co/KEeAJ6nLN4","id":"1425757723677892610"},{"public_metrics":{"retweet_count":3,"reply_count":0,"like_count":0,"quote_count":0},"created_at":"2021-08-12T09:49:00.000Z","text":"RT @usbotschaft: \"We are troubled by legislation passed in Poland severely restricting restitution for Holocaust survivors and owners of pr…","id":"1425756192866021381"},{"public_metrics":{"retweet_count":6,"reply_count":0,"like_count":0,"quote_count":0},"created_at":"2021-08-12T09:48:16.000Z","text":"RT @usbotschaft: The @StateDept's Senior Advisor for Energy Security will focus on measures to reduce the risks posed by the Nord Stream 2…","id":"1425756008702521346"},{"public_metrics":{"retweet_count":0,"reply_count":2,"like_count":6,"quote_count":1},"created_at":"2021-08-10T17:42:23.000Z","text":"Here is the first of our \"Servus Tim\" video series, introducing our new Consul General. In this clip, Tim shares a little insight into his private life and his view on transatlantic relations. Enjoy!\n#ServusTim #UsinBavaria #USA #Bayern #Bavaria #TransatlanticPartnership https://t.co/wS0pg5AbOx","id":"1425150549243072512"},{"public_metrics":{"retweet_count":8,"reply_count":0,"like_count":0,"quote_count":0},"created_at":"2021-08-09T10:37:47.000Z","text":"RT @US2EU: What decisions should we allow #AI computers to make? And, how do we protect personal #data collected online? \n\nThe \uD83C\uDDFA\uD83C\uDDF8 and \uD83C\uDDEA\uD83C\uDDFA re…","id":"1424681305367797763"},{"public_metrics":{"retweet_count":68,"reply_count":0,"like_count":0,"quote_count":0},"created_at":"2021-08-09T10:37:42.000Z","text":"RT @USAmbBelarus: August 9, 2020 was a turning point because #BelarusMadeAChoice https://t.co/K8XurrAR1N","id":"1424681285012840449"},{"public_metrics":{"retweet_count":423,"reply_count":0,"like_count":0,"quote_count":0},"created_at":"2021-08-09T10:37:37.000Z","text":"RT @SecBlinken: This year’s Olympics has been like no other. @TeamUSA, you all should be incredibly proud of what you all have accomplished…","id":"1424681263533805568"},{"public_metrics":{"retweet_count":2,"reply_count":0,"like_count":0,"quote_count":0},"created_at":"2021-08-09T10:36:55.000Z","text":"RT @usbotschaft: Die #G7‑Außenminister verurteilen den rechtswidrigen Angriff auf das Handelsschiff #MercerStreet am 29. Juli, bei dem ein…","id":"1424681087087828993"},{"public_metrics":{"retweet_count":9,"reply_count":0,"like_count":0,"quote_count":0},"created_at":"2021-08-09T10:36:01.000Z","text":"RT @usbotschaft: Die Vereinigten Staaten stehen an der Seite des belarussischen Volkes und unterstützen seine Grundfreiheiten.\n\n#standwithB…","id":"1424680861170126851"},{"public_metrics":{"retweet_count":0,"reply_count":0,"like_count":1,"quote_count":0},"created_at":"2021-08-06T10:23:53.000Z","text":"@SecBlinken: Die Zeit ist reif. Unsere Einigkeit ist unsere Stärke. Wir müssen an einem Strang ziehen, um die #Erderwärmung auf 1,5 Grad zu begrenzen. Ich danke den vielen Menschen an der Spitze der Klimabewegung für diese gemeinsame Botschaft. #GlobalWarming #ClimateChange https://t.co/8ICIN7mhKX","id":"1423590644992389121"},{"public_metrics":{"retweet_count":0,"reply_count":0,"like_count":0,"quote_count":0},"created_at":"2021-08-05T14:31:59.000Z","text":"@POTUS kündigte im Juni an, dass die #USA bis Juni 2022 580 Millionen Dosen des sicheren und wirksamen #COVID_19-Impfstoffes bestellen und spenden würden. Über 110 Millionen Dosen des lebensrettenden Impfstoffes wurden bereits weltweit ausgeliefert. https://t.co/tFixPdmXmy","id":"1423290695075340299"},{"public_metrics":{"retweet_count":1,"reply_count":0,"like_count":0,"quote_count":0},"created_at":"2021-08-05T14:30:25.000Z","text":"RT @usbotschaft: What better way to celebrate Fulbright’s 75th anniversary than to welcome the Fulbright Commission’s new executive directo…","id":"1423290299875434503"},{"public_metrics":{"retweet_count":2,"reply_count":0,"like_count":3,"quote_count":0},"created_at":"2021-08-05T11:09:28.000Z","text":"Happy birthday, #Fulbright! 75 Jahre transatlantischer Austausch, Freundschaft und Zusammenarbeit. \nGeneralkonsul Tim Liston: \"For 75 years @FulbrightPrgrm has been a cornerstone of the transatlantic relationship. It has significantly contributed to the deep friendship of \uD83C\uDDFA\uD83C\uDDF8&amp;\uD83C\uDDE9\uD83C\uDDEA.\" https://t.co/HLlf2PXw0Z","id":"1423239729395507201"},{"public_metrics":{"retweet_count":4,"reply_count":0,"like_count":0,"quote_count":0},"created_at":"2021-08-04T16:06:06.000Z","text":"RT @Marshall_Center: We were honored to welcome the new U.S. Consul General in Munich, Timothy Liston, on his inaugural visit to our German…","id":"1422951992146767875"},{"public_metrics":{"retweet_count":0,"reply_count":0,"like_count":1,"quote_count":0},"created_at":"2021-08-04T08:51:33.000Z","text":"Die #USA haben inzwischen weltweit über 110 Mio. Dosen #COVID_19-Impfstoff verschickt, damit möglichst viele Menschen so schnell wie möglich sichere und effektive Vakzine erhalten. Mehr über unsere Impfstofflieferungen erfahrt hier: https://t.co/uiiTrYHnjr https://t.co/GhwRMWoZLS","id":"1422842632666025985"},{"public_metrics":{"retweet_count":2,"reply_count":2,"like_count":24,"quote_count":2},"created_at":"2021-08-03T11:13:55.000Z","text":"Tim is here! Join us in welcoming our new Consul General Timothy Liston to Bavaria! We invite you to get to know him together with us - from now on every Tuesday on our socials. #ServusTim #USinBavaria\nhttps://t.co/6NnQhz0Dfu https://t.co/vGud381F1B","id":"1422516072767500291"},{"public_metrics":{"retweet_count":6,"reply_count":0,"like_count":0,"quote_count":0},"created_at":"2021-08-03T07:12:06.000Z","text":"RT @usbotschaft: We wish @FregatteBayern fair winds, following seas, and “immer eine Handbreit Wasser unter dem Kiel“ during her voyage to…","id":"1422455216293752837"}],"meta":{"oldest_id":"1422455216293752837","newest_id":"1431909831053660163","result_count":54}}