{"data":[{"public_metrics":{"retweet_count":0,"reply_count":0,"like_count":1,"quote_count":0},"created_at":"2021-09-13T07:11:38.000Z","text":"CG Tim Liston visited @IAAMobility Munich last week to hear @bundeskanzlerin Merkel's Opening Remarks and to see the future of #mobility. He experienced state-of-the-art products and #tech from \uD83C\uDDFA\uD83C\uDDF8&amp;\uD83C\uDDE9\uD83C\uDDEA, and the strong economic ties betw. the U.S. and Bavaria. #USinBavaria #IAA21 https://t.co/6Suakjtbmx","id":"1437313001397305344"},{"public_metrics":{"retweet_count":3,"reply_count":0,"like_count":0,"quote_count":0},"created_at":"2021-09-13T07:08:01.000Z","text":"RT @usbotschaft: Mehr zum EU-USA-Handels- und Technologierat (TTC) – dank @AmerikaDienst auf Deutsch:\nhttps://t.co/wbHteBJ4Vl","id":"1437312090914557954"},{"public_metrics":{"retweet_count":2,"reply_count":0,"like_count":7,"quote_count":0},"created_at":"2021-09-11T17:31:41.000Z","text":"Visited the Koenigmuseum in Landshut today to remember the 9/11 attacks &amp; sculptor Fritz Koenig‘s Sphere which stood b/n the #WTC Towers and is still located in NYC today! A true symbol of resilience and #transatlantic friendship.  See for yourself at https://t.co/m8sjlZJToC https://t.co/R3qwvjjKQb","id":"1436744269138698244"},{"public_metrics":{"retweet_count":2,"reply_count":0,"like_count":6,"quote_count":0},"created_at":"2021-09-11T11:58:34.000Z","text":"OTD 20 years ago - We renew our solemn vow to #NeverForget what happened or those who lost their lives. We draw hope and strength from our allies and friends who stood with us then and continue to stand with us now. #USinBavaria #September11 #NeverForget911 https://t.co/vHHJjkGu7o","id":"1436660435944607755"},{"public_metrics":{"retweet_count":5,"reply_count":0,"like_count":0,"quote_count":0},"created_at":"2021-09-11T10:58:40.000Z","text":"RT @usbotschaft: Zusammen mit Vertretern der Stadt Berlin und der Berliner Feuerwehr nahm CDA Clark Price an einem interreligiösen Gedenkgo…","id":"1436645359892279302"},{"public_metrics":{"retweet_count":7472,"reply_count":0,"like_count":0,"quote_count":0},"created_at":"2021-09-11T10:20:15.000Z","text":"RT @POTUS: 20 years after September 11, 2001, we commemorate the 2,977 lives we lost and honor those who risked and gave their lives. As we…","id":"1436635693359505411"},{"public_metrics":{"retweet_count":4,"reply_count":0,"like_count":0,"quote_count":0},"created_at":"2021-09-11T10:17:58.000Z","text":"RT @Landtag_Bayern: Trauerbeflaggung #BayerischerLandtag zum Gedenken an die Opfer der Anschläge #20years911 – ein Angriff auf unsere Demok…","id":"1436635119427760133"},{"public_metrics":{"retweet_count":3,"reply_count":0,"like_count":3,"quote_count":0},"created_at":"2021-09-10T09:55:58.000Z","text":"2/2 @IlseAigner placed a wreath at our 9/11 art exhibit honoring the victims, first-responders and heroes, &amp; all those affected by these attacks. (Photos: @Landtag_Bayern / Stefan Obermeier) #USinBavaria #NeverForget911 #September11","id":"1436267196448133124"},{"public_metrics":{"retweet_count":7,"reply_count":2,"like_count":11,"quote_count":0},"created_at":"2021-09-10T09:55:57.000Z","text":"1/2 Tomorrow marks the 20th anniversary of the 9/11 attacks. Even after two decades, we will #neverforget all those who lost their lives or the support &amp; solidarity of our allies like #Germany. In the presence of CG Liston, President of the Bavarian Landtag, https://t.co/zxuvCgTwcW","id":"1436267191914090501"},{"public_metrics":{"retweet_count":0,"reply_count":0,"like_count":0,"quote_count":0},"created_at":"2021-09-10T09:50:16.000Z","text":"\uD83C\uDDFA\uD83C\uDDF8 #NeverForget911\nTwenty years ago, our Nation was forever changed.\nDuring the National Days of Prayer and Remembrance, we honor those who lost their lives on #September11 — lives that will never be forgotten.\n#NeverForget \n\nProclamation by @POTUS Biden:\nhttps://t.co/2FxdlSU58s","id":"1436265762025525265"},{"public_metrics":{"retweet_count":0,"reply_count":0,"like_count":1,"quote_count":0},"created_at":"2021-09-10T09:48:34.000Z","text":"Morgen jähren sich die Anschläge des 11. September zum 20. Mal. Sie haben die USA und die Welt für immer verändert. Gedenkt mit uns der Held*innen, die an diesem Tag ihr Leben verloren haben. \n#NeverForget911 #20years911 #september11 #NeverForget \nhttps://t.co/UkvHIxlxHG","id":"1436265333715783682"},{"public_metrics":{"retweet_count":9,"reply_count":0,"like_count":0,"quote_count":0},"created_at":"2021-09-10T08:45:46.000Z","text":"RT @Landtag_Bayern: Ein Kranz des Bayerischen Landtags vor dem @usconsmunich zum Gedenken an die Opfer der Anschläge in New York vor 20 Jah…","id":"1436249527930007552"},{"public_metrics":{"retweet_count":0,"reply_count":0,"like_count":1,"quote_count":0},"created_at":"2021-09-09T14:54:12.000Z","text":"Interested in the \uD83C\uDDFA\uD83C\uDDF8? CG Liston spoke with teachers across Bavaria yesterday about available programs and resources. Interested? Visit @amerikahaus about ideas for both teachers &amp; students or @educationUSA_de and https://t.co/XcegzUuwtA for more! #USinBavaria https://t.co/E8QleB373J","id":"1435979861613555720"},{"public_metrics":{"retweet_count":0,"reply_count":0,"like_count":4,"quote_count":0},"created_at":"2021-09-09T07:44:43.000Z","text":"Many thanks for the warm welcome and famous Bavarian Gastfreundschaft! Excited to build on our great cooperation with our Bavarian partners. #USinBavaria https://t.co/H3nL1pSMbW","id":"1435871777599762437"},{"public_metrics":{"retweet_count":3,"reply_count":1,"like_count":3,"quote_count":0},"created_at":"2021-09-09T07:40:30.000Z","text":"Artist Lila Hartig presented a #sneakpeak of her photo project “Bavarian-American friendship and cooperation at USAG Bavaria”. Great work Lila and thanks @7thATC!\n#USinBavaria https://t.co/QXwMfP8XQH","id":"1435870714221957120"},{"public_metrics":{"retweet_count":70,"reply_count":0,"like_count":0,"quote_count":0},"created_at":"2021-09-09T07:30:44.000Z","text":"RT @StateDept: The U.S. deeply appreciates Germany’s cooperation in assisting with the evacuation of American citizens and at-risk Afghans…","id":"1435868259832713216"},{"public_metrics":{"retweet_count":5,"reply_count":0,"like_count":0,"quote_count":0},"created_at":"2021-09-09T07:30:37.000Z","text":"RT @usbotschaft: Außenminister Blinken betonte gegenüber seinem deutschen Amtskollegen unsere Wertschätzung für die 20-jährige Partnerschaf…","id":"1435868229075939331"},{"public_metrics":{"retweet_count":2,"reply_count":0,"like_count":0,"quote_count":0},"created_at":"2021-09-09T07:30:18.000Z","text":"RT @usbotschaft: \"Die Behörden in Hongkong müssen die ständigen Drohungen gegen die Zivilgesellschaft und Personen mit abweichenden politis…","id":"1435868147752517636"},{"public_metrics":{"retweet_count":3,"reply_count":0,"like_count":0,"quote_count":0},"created_at":"2021-09-09T06:41:37.000Z","text":"RT @US2EU: According to a new report, the number of #LGBTQI+ elected officials in the U.S. in national, state, and local government roles c…","id":"1435855896211562499"},{"public_metrics":{"retweet_count":3,"reply_count":1,"like_count":9,"quote_count":1},"created_at":"2021-09-08T13:54:49.000Z","text":"Continuing the dialogue about #European &amp; int. security at our International Seminar w/ Bavarian State Chancellery @schlosshohenkam. Thx to @7thATC BG Hilbert, Ukrainian Consulate General, @ischinger &amp; @PavloKlimkin for your insight on #NATO &amp;security coop. #USinBavaria. https://t.co/mtY3tvlwts","id":"1435602526385102851"},{"public_metrics":{"retweet_count":345,"reply_count":0,"like_count":0,"quote_count":0},"created_at":"2021-09-07T07:08:12.000Z","text":"RT @SecBlinken: Departing for Doha, Qatar and Ramstein, Germany where I’ll have the opportunity to thank our Qatari and German friends in-p…","id":"1435137811586355200"},{"public_metrics":{"retweet_count":9,"reply_count":0,"like_count":0,"quote_count":0},"created_at":"2021-09-05T06:01:30.000Z","text":"RT @usconsfrankfurt: Ein Konsularbeamter des @StateDept informiert #GenMilley darüber, wie wir US-Bürger:innen sicher von der @RamsteinAirB…","id":"1434396251538272256"}],"meta":{"oldest_id":"1434396251538272256","newest_id":"1437313001397305344","result_count":22}}