{"data":[{"public_metrics":{"retweet_count":58,"reply_count":0,"like_count":0,"quote_count":0},"created_at":"2021-10-14T10:05:11.000Z","id":"1448590703014125569","text":"RT @StateDept: The United States is taking unprecedented actions at home to address the climate crisis. We’re investing in zero-emission ve…"},{"public_metrics":{"retweet_count":6,"reply_count":0,"like_count":0,"quote_count":0},"created_at":"2021-10-14T10:04:01.000Z","id":"1448590408125124609","text":"RT @usbotschaft: America’s Team in Germany: Chargé d’Affaires Clark Price welcomed the U.S. consuls general from Frankfurt, Düsseldorf, Mun…"},{"public_metrics":{"retweet_count":49,"reply_count":0,"like_count":0,"quote_count":0},"created_at":"2021-10-13T14:42:07.000Z","id":"1448298005342441472","text":"RT @StateEUR: “We face significant challenges...but together, and only together, can we revitalize the vital partnerships necessary to addr…"},{"public_metrics":{"retweet_count":60,"reply_count":0,"like_count":0,"quote_count":0},"created_at":"2021-10-13T14:28:40.000Z","id":"1448294621403140096","text":"RT @StateDept: The G20 enables the United States to engage with the world’s largest economies to address global economic, political, and so…"},{"public_metrics":{"retweet_count":2105,"reply_count":0,"like_count":0,"quote_count":0},"created_at":"2021-10-13T14:28:32.000Z","id":"1448294589794856969","text":"RT @USNavy: 246 candles. \uD83C\uDF82 246 years of service to this great Nation.\n\n#ResilientandReady #246NavyBirthday https://t.co/tVFlLhtvz1"},{"public_metrics":{"retweet_count":403,"reply_count":0,"like_count":0,"quote_count":0},"created_at":"2021-10-13T11:20:30.000Z","id":"1448247269900361735","text":"RT @DeptofDefense: On October 13, 1775, the Continental Congress established a naval force, hoping that a small fleet of privateers could a…"},{"public_metrics":{"retweet_count":4,"reply_count":0,"like_count":0,"quote_count":0},"created_at":"2021-10-13T11:19:47.000Z","id":"1448247089465630722","text":"RT @usbotschaft: .@POTUS Biden beim virtuellen Afghanistan-Gipfel der Staats- und Regierungschefs der G20: \"Wir sind fest entschlossen, eng…"},{"public_metrics":{"retweet_count":0,"reply_count":2,"like_count":0,"quote_count":1},"created_at":"2021-10-13T07:24:20.000Z","id":"1448187834339373058","text":"CG Tim Liston enjoyed his first meeting with the #DGAP Munich e.V. where members had the chance to ask him everything about U.S. foreign and security policy and the transatlantic relationship. Thank you for the great discussion @dgapev! #USinBavaria https://t.co/zlyDJIB9DT"},{"public_metrics":{"retweet_count":7,"reply_count":0,"like_count":0,"quote_count":0},"created_at":"2021-10-12T15:33:37.000Z","id":"1447948580296220680","text":"RT @US2EU: Natalya Estemirova was a Russian human rights activist and journalist who exposed the egregious human rights violations committe…"},{"public_metrics":{"retweet_count":3,"reply_count":0,"like_count":0,"quote_count":0},"created_at":"2021-10-12T06:49:05.000Z","id":"1447816575688511489","text":"RT @usconsfrankfurt: Thank you to our German partners and the German people for your continued support of this unprecedented humanitarian o…"},{"public_metrics":{"retweet_count":0,"reply_count":0,"like_count":0,"quote_count":0},"created_at":"2021-10-09T13:03:57.000Z","id":"1446823749588770830","text":"2/2 American spirit of innovation during his visit to the EU headquarters in Freising, where he &amp; TI leadership discussed \uD83C\uDDFA\uD83C\uDDF8 investment in Bavaria, the strong #TransatlanticTrade relations betw. our countries &amp; challenges in #SupplyChains. #USinBavaria\n(Photos: Jan Gallas, TI)"},{"public_metrics":{"retweet_count":0,"reply_count":1,"like_count":1,"quote_count":0},"created_at":"2021-10-09T13:03:56.000Z","id":"1446823746409488392","text":"1/2 For decades, American semiconductor company @TXInstruments has been contributing not only to global technological progress, but also to transatlantic relations and economic cooperation through its decades-long presence in Bavaria. CG Tim Liston was impressed by the authentic https://t.co/SivhQSbQ3Q"},{"public_metrics":{"retweet_count":0,"reply_count":0,"like_count":0,"quote_count":0},"created_at":"2021-10-09T13:00:30.000Z","id":"1446822881376325635","text":"@kfomperosa Dear Karen,\nthanks for reaching out. Please get in touch with our colleagues at consmunich@state.gov\nKind Regards, PublicAffairs"},{"public_metrics":{"retweet_count":6,"reply_count":0,"like_count":0,"quote_count":0},"created_at":"2021-10-09T12:59:22.000Z","id":"1446822599263150084","text":"RT @USConsLeipzig: Wir gedenken der Anschläge vom 9. Oktober 2019 in Halle. GK Toko legte Kränze an der Synagoge und dem Imbiss in Halle ni…"},{"public_metrics":{"retweet_count":0,"reply_count":0,"like_count":0,"quote_count":0},"created_at":"2021-10-08T15:58:47.000Z","id":"1446505362568458247","text":"US-Präsident Biden @POTUS vor der #UNGA76: \"Korruption fördert Ungleichheit, schöpft die Ressourcen eines Landes ab, breitet sich über Grenzen hinweg aus und verursacht menschliches Leid. Im 21. Jahrhundert ist sie nichts weniger als eine Bedrohung der nationalen Sicherheit.\" https://t.co/8HQ6KoVnlN"},{"public_metrics":{"retweet_count":1,"reply_count":0,"like_count":2,"quote_count":0},"created_at":"2021-10-08T11:48:40.000Z","id":"1446442417339748361","text":"2/2 its partner Germany to address digital threats and to keep our data safe and our markets and economies strong. #USinBavaria @GieseckeNews @SN_Munich @CyberAllianz @BSI_Bund \n(Fotos: Amelie Heinz)"},{"public_metrics":{"retweet_count":4,"reply_count":1,"like_count":7,"quote_count":0},"created_at":"2021-10-08T11:48:39.000Z","id":"1446442413606817798","text":"1/2 October is #CyberSecurityAwarenessMonth! CG Tim Liston attended a cyber security forum where he outlined America's unwavering commitment to #CyberSecurity in the private sector, as well as in #NationalSecurity. The U.S. will continue to work closely together with https://t.co/sHp8cVmdvB"},{"public_metrics":{"retweet_count":106,"reply_count":0,"like_count":0,"quote_count":0},"created_at":"2021-10-08T06:54:48.000Z","id":"1446368464944443420","text":"RT @SecBlinken: It was great to be in Paris to commemorate the @OECD’s 60th anniversary. This milestone represents decades of strong partne…"},{"public_metrics":{"retweet_count":3,"reply_count":0,"like_count":0,"quote_count":0},"created_at":"2021-10-08T06:53:59.000Z","id":"1446368257171206163","text":"RT @usbotschaft: .@SecBlinken beim #OECDMCM2021: Wir müssen sicherstellen, dass technologische Fortschritte genutzt werden, um die Leben vo…"},{"public_metrics":{"retweet_count":40,"reply_count":0,"like_count":0,"quote_count":0},"created_at":"2021-10-07T15:02:21.000Z","id":"1446128770696417285","text":"RT @ClimateEnvoy: Celebrating 60 years of the @OECD at the Ministerial Council Meeting in Paris. Together, developed and developing nations…"},{"public_metrics":{"retweet_count":3,"reply_count":0,"like_count":0,"quote_count":0},"created_at":"2021-10-07T15:01:49.000Z","id":"1446128635862126601","text":"RT @usbotschaft: 75 Jahre #Fulbright: Wie kann der transatlantische Austausch beitragen zum Kampf gegen den Klimawandel und zu mehr Vielfal…"},{"public_metrics":{"retweet_count":620,"reply_count":0,"like_count":0,"quote_count":0},"created_at":"2021-10-07T15:01:39.000Z","id":"1446128593680011273","text":"RT @SecBlinken: With sadness, today we mark 15 years since Russian journalist Anna Politkovskaya was killed in Moscow for her work bringing…"},{"public_metrics":{"retweet_count":2,"reply_count":0,"like_count":0,"quote_count":0},"created_at":"2021-10-06T15:07:42.000Z","id":"1445767731823853569","text":"RT @US2EU: The \uD83C\uDDFA\uD83C\uDDF8 and \uD83C\uDDEA\uD83C\uDDFA are committed to working together to increase trans-Atlantic trade and investment, strengthen their technological…"},{"public_metrics":{"retweet_count":2,"reply_count":0,"like_count":0,"quote_count":0},"created_at":"2021-10-06T12:45:06.000Z","id":"1445731844968706050","text":"RT @USAandEurope: .@SecBlinken: The work of the @OECD has never been so important. We’ve got to prove that our approach can make life bette…"},{"public_metrics":{"retweet_count":78,"reply_count":0,"like_count":0,"quote_count":0},"created_at":"2021-10-06T12:44:55.000Z","id":"1445731797480861700","text":"RT @StateDept: .@SecBlinken on the climate crisis: To prevent cataclysmic consequences, we have to take immediate, bold action to build res…"},{"public_metrics":{"retweet_count":18,"reply_count":0,"like_count":0,"quote_count":0},"created_at":"2021-10-06T12:44:35.000Z","id":"1445731711300431874","text":"RT @US2EU: Anna Politkovskaya was a renowned journalist in Russia, reporting on the war in Chechnya. She brought to light violations of #hu…"},{"public_metrics":{"retweet_count":0,"reply_count":0,"like_count":0,"quote_count":0},"created_at":"2021-10-06T12:41:58.000Z","id":"1445731054413926401","text":"Und hier die Proklamation von Präsident Biden auf Deutsch: https://t.co/WvLrSZDhNe"},{"public_metrics":{"retweet_count":0,"reply_count":0,"like_count":0,"quote_count":0},"created_at":"2021-10-06T11:12:53.000Z","id":"1445708636777435138","text":"A Proclamation on German-American Day, 2021 by @POTUS: https://t.co/rFBWzoqzYu"},{"public_metrics":{"retweet_count":6,"reply_count":2,"like_count":18,"quote_count":1},"created_at":"2021-10-06T11:12:52.000Z","id":"1445708633602285570","text":"It's #GermanAmericanDay! It commemorates the founding of Germantown, PA in 1683 by German immigrants. We celebrate \uD83C\uDDE9\uD83C\uDDEA\uD83C\uDDFA\uD83C\uDDF8 heritage&amp;contributions to America's culture&amp;history. DYK: +50 million Americans claim German ancestry. That’s more than enough for a national holiday, we think https://t.co/JGWGkNMtb8"},{"public_metrics":{"retweet_count":43,"reply_count":0,"like_count":0,"quote_count":0},"created_at":"2021-10-05T09:29:05.000Z","id":"1445320125603799040","text":"RT @GPA_AS: .@SecBlinken is in Paris to celebrate the @OECD’s 60th anniversary and reaffirm members’ commitment to shared values as the bas…"},{"public_metrics":{"retweet_count":2,"reply_count":0,"like_count":0,"quote_count":0},"created_at":"2021-10-05T09:28:25.000Z","id":"1445319957944930309","text":"RT @usbotschaft: We very concerned by the PRC’s provocative military activity near #Taiwan. It is destabilizing, it risks miscalculations,…"},{"public_metrics":{"retweet_count":11,"reply_count":0,"like_count":0,"quote_count":0},"created_at":"2021-10-05T09:27:58.000Z","id":"1445319846187749379","text":"RT @USOECD: #OECDMCM2021, @SecBlinken and #OECD partners will address the climate crisis.  Representing more &gt;60% percent of the world’s GD…"},{"public_metrics":{"retweet_count":337,"reply_count":0,"like_count":0,"quote_count":0},"created_at":"2021-10-05T06:43:56.000Z","id":"1445278565914796032","text":"RT @SecBlinken: Spoke with @NATO Secretary General @JensStoltenberg to reaffirm the United States’ rock-solid commitment to Transatlantic s…"},{"public_metrics":{"retweet_count":0,"reply_count":0,"like_count":2,"quote_count":1},"created_at":"2021-10-04T12:16:53.000Z","id":"1444999967324741636","text":"World Space Week kicks off Oct 4 with this year's theme “Women in Space”! #WSW celebrates the accomplishments and contributions of women to the space sector and sciences and inspires the next generation.\nDo you know why WSW starts on Oct 4th every year? #WSW2021 #WorldSpaceWeek https://t.co/EUJRVTK6c8"},{"public_metrics":{"retweet_count":2,"reply_count":0,"like_count":0,"quote_count":0},"created_at":"2021-10-04T12:10:15.000Z","id":"1444998299304480771","text":"RT @US2EU: The Trade &amp; Technology Council brings together the \uD83C\uDDFA\uD83C\uDDF8and \uD83C\uDDEA\uD83C\uDDFA to drive digital transformation that spurs trade and investment, ben…"},{"public_metrics":{"retweet_count":1,"reply_count":0,"like_count":2,"quote_count":0},"created_at":"2021-10-04T09:54:54.000Z","id":"1444964235725901825","text":"Molecular biologists David Julius @UCSF and Ardem Patapoutian @scrippsresearch receive the @NobelPrize for their discovery of receptors for temperature and physical contact in the body. Congratulations! https://t.co/KwoPrc8tij"},{"public_metrics":{"retweet_count":5,"reply_count":0,"like_count":0,"quote_count":0},"created_at":"2021-10-04T08:34:27.000Z","id":"1444943989766037506","text":"RT @fulbright_de: Es gibt noch freie Plätze \uD83D\uDE80 Du hast Interesse an einem Studien-, Forschungs-, Lehr- oder Weiterbildungsaufenthalt in den…"},{"public_metrics":{"retweet_count":2,"reply_count":0,"like_count":0,"quote_count":0},"created_at":"2021-10-04T08:33:54.000Z","id":"1444943851718955009","text":"RT @usbotschaft: \"We urge Beijing to cease its military, diplomatic, and economic pressure and coercion against Taiwan.\nWe have an abiding…"},{"public_metrics":{"retweet_count":3,"reply_count":0,"like_count":0,"quote_count":0},"created_at":"2021-10-04T08:33:41.000Z","id":"1444943798518173697","text":"RT @AmerikaDienst: US-Außenminister Antony J. Blinken gratuliert den Bürgerinnen und Bürgern in Deutschland zum Tag der Deutschen Einheit.…"},{"public_metrics":{"retweet_count":1,"reply_count":1,"like_count":3,"quote_count":0},"created_at":"2021-10-03T08:31:42.000Z","id":"1444580910855299077","text":"2/2 We look forward to continued close cooperation and wish all Germans a happy German Unity Day. #USinBavaria #TagDerDeutschenEinheit"},{"public_metrics":{"retweet_count":1,"reply_count":2,"like_count":9,"quote_count":0},"created_at":"2021-10-03T08:31:42.000Z","id":"1444580908632264705","text":"1/2 We congratulate Germany on the Day of German Unity. The link between our countries' prosperity and security can be traced directly to our partnership in which we work together towards a more stable, peaceful and prosperous world. https://t.co/RzkWSptcje"},{"public_metrics":{"retweet_count":0,"reply_count":0,"like_count":0,"quote_count":0},"created_at":"2021-10-02T08:18:24.000Z","id":"1444215173829513217","text":"2/2 close collaboration between German, Bavarian, and U.S. companies in the health sector has become particularly clear during the corona pandemic. #USinBavaria"},{"public_metrics":{"retweet_count":0,"reply_count":1,"like_count":0,"quote_count":0},"created_at":"2021-10-02T08:18:23.000Z","id":"1444215171136770051","text":"1/2 CG Tim Liston met with Bavarian Health Minister Klaus Holetschek to discuss ways to build on our strong &amp; healthy transatlantic relationship, the importance of securing supply chains, and how we could work together to combat future pandemics. The value of https://t.co/6scWv6jixQ"},{"public_metrics":{"retweet_count":12,"reply_count":3,"like_count":32,"quote_count":0},"created_at":"2021-10-01T08:24:14.000Z","id":"1443854254062686211","text":"The \uD83C\uDDFA\uD83C\uDDF8 and Bavaria are bound by a decades-long #friendship and forged by strong military, economic, security and cultural #transatlantic cooperation. #USinBavaria #USA @7thATC https://t.co/k8bhzNE0RB"},{"public_metrics":{"retweet_count":129,"reply_count":0,"like_count":0,"quote_count":0},"created_at":"2021-10-01T07:22:34.000Z","id":"1443838736672960516","text":"RT @SecBlinken: Thank you @Pittsburgh for hosting the first U.S.-EU Trade &amp; Technology Council meeting. Our discussions with EU partners sh…"},{"public_metrics":{"retweet_count":86,"reply_count":0,"like_count":0,"quote_count":0},"created_at":"2021-10-01T07:19:54.000Z","id":"1443838064619630601","text":"RT @ClimateEnvoy: Arrived in Milan for our #PreCOP26 meetings. With resolution and commitment, we can make the changes necessary to save ou…"},{"public_metrics":{"retweet_count":1,"reply_count":0,"like_count":0,"quote_count":0},"created_at":"2021-10-01T07:19:46.000Z","id":"1443838029286813722","text":"RT @AmerikaDienst: US-Verteidigungsminister Austin vor dem Streitkräfteausschuss des US-Senats zum Abzug und der Evakuierungsmission aus Af…"},{"public_metrics":{"retweet_count":152,"reply_count":0,"like_count":0,"quote_count":0},"created_at":"2021-10-01T07:19:20.000Z","id":"1443837922545971208","text":"RT @ClimateEnvoy: I salute the #Youth4Climate delegates. Young people are pushing the world to become more ambitious as we confront climate…"},{"public_metrics":{"retweet_count":4,"reply_count":0,"like_count":0,"quote_count":0},"created_at":"2021-10-01T07:19:14.000Z","id":"1443837895496904713","text":"RT @usbotschaft: Wir gratulieren Frau Tekkal zu dieser wohlverdienten Auszeichnung ihres mutigen Engagements für die Förderung der Menschen…"}],"meta":{"oldest_id":"1443837895496904713","newest_id":"1448590703014125569","result_count":49}}