{"data":[{"public_metrics":{"retweet_count":2,"reply_count":0,"like_count":3,"quote_count":0},"id":"1465280671304364036","text":"On International Women Human Rights Defenders Day we celebrate and thank women who defend #HumanRights. To date, under the IWOC program, the @statedept has recognized more than 155 women from over 75 countries. Read their stories here https://t.co/gWgXjxWTDI","created_at":"2021-11-29T11:25:10.000Z"},{"public_metrics":{"retweet_count":34,"reply_count":0,"like_count":0,"quote_count":0},"id":"1465279044887449605","text":"RT @USNATO: Ministers of Foreign Affairs of all @NATO Ally countries will meet in Latvia tomorrow. We’re excited to welcome @SecBlinken to…","created_at":"2021-11-29T11:18:42.000Z"},{"public_metrics":{"retweet_count":0,"reply_count":0,"like_count":0,"quote_count":0},"id":"1465279001132519427","text":"@SecBlinken will participate in the #NATO foreign ministerial, where he will reiterate the United States’s steadfast commitment to @NATO … ministers will discuss the important opportunities and challenges, in particular, #Russia’s large and unusual troop movements near #Ukraine. https://t.co/7y7OqAV4Vb","created_at":"2021-11-29T11:18:32.000Z"},{"public_metrics":{"retweet_count":4,"reply_count":0,"like_count":0,"quote_count":0},"id":"1465278687226564608","text":"RT @usbotschaft: Calling all educators! Prepare for #CSEd Week and #HourofCode with free training from Microsoft MakeCode! Training will co…","created_at":"2021-11-29T11:17:17.000Z"},{"public_metrics":{"retweet_count":5,"reply_count":0,"like_count":0,"quote_count":0},"id":"1465000524336533507","text":"RT @usbotschaft: Chargé d'Affaires Clark Price: On behalf of the U.S. Mission, I send our warmest wishes for a joyous Hanukkah to those cel…","created_at":"2021-11-28T16:51:58.000Z"},{"public_metrics":{"retweet_count":5146,"reply_count":0,"like_count":0,"quote_count":0},"id":"1464601307122176007","text":"RT @POTUS: On Native American Heritage Day and every day, we honor the strong and enduring cultures and contributions of all Native America…","created_at":"2021-11-27T14:25:37.000Z"},{"public_metrics":{"retweet_count":0,"reply_count":0,"like_count":4,"quote_count":0},"id":"1464145020999589914","text":"International Day for the Elimination of Violence Against Women (Nov 25th) marks the beginning of #16DaysOfActivism against gender-based violence. The \uD83C\uDDFA\uD83C\uDDF8 continues to oppose any form of violence towards women and to envision a generation of equality.\n#OrangeTheWorld @StateGWI https://t.co/4AAebfekVw","created_at":"2021-11-26T08:12:30.000Z"},{"public_metrics":{"retweet_count":10701,"reply_count":0,"like_count":0,"quote_count":0},"id":"1464136975015890949","text":"RT @POTUS: From the Biden family to yours – Happy Thanksgiving. https://t.co/r0mhQtQS69","created_at":"2021-11-26T07:40:31.000Z"},{"public_metrics":{"retweet_count":0,"reply_count":0,"like_count":1,"quote_count":0},"id":"1463865503508750345","text":"#happythanksgivng from the U.S Mission to Germany and U.S. Consulate General Munich!  https://t.co/g0THxBkdqS","created_at":"2021-11-25T13:41:47.000Z"},{"public_metrics":{"retweet_count":0,"reply_count":0,"like_count":6,"quote_count":0},"id":"1463807449794764810","text":"Happy Thanksgiving! As Americans, this holiday gives us a chance to celebrate &amp; give thanks for time w/ family&amp;friends, good food (pass the turkey!) &amp; good health. We wish everyone a healthy and joyous Thanksgiving, and a great start to the holiday season! #USinBavaria #TurkeyDay https://t.co/HP7MwB2EKQ","created_at":"2021-11-25T09:51:06.000Z"},{"public_metrics":{"retweet_count":0,"reply_count":0,"like_count":1,"quote_count":0},"id":"1463574159527665665","text":"Morgen ist #Thanksgiving! Das bedeutet auch unzählige (kulinarische) Traditionen, regionale Vielfalt und zusammen sein mit der Familie. Mehr erfahren: https://t.co/kmDxJNbPPy \n#USinBavaria","created_at":"2021-11-24T18:24:06.000Z"},{"public_metrics":{"retweet_count":0,"reply_count":0,"like_count":1,"quote_count":0},"id":"1463489200095907841","text":"2/2 CG Liston and MCPA Elizabeth Horst @USBotschaft yesterday - we’re looking forward to what comes next and continuing innovative growth in the #transatlantic partnership! #USinBavaria","created_at":"2021-11-24T12:46:30.000Z"},{"public_metrics":{"retweet_count":1,"reply_count":1,"like_count":5,"quote_count":1},"id":"1463489197797433350","text":"1/2 Excited to see the #innovation of tomorrow! @LabCampus is a cutting-edge example of the U.S.-German innovation bridge. Spaces like Lab Campus @MUC_Airport drive the development of new products and ideas, foster collaboration and spur economic growth. Thanks for welcoming https://t.co/5eY8Lmj5KI","created_at":"2021-11-24T12:46:29.000Z"},{"public_metrics":{"retweet_count":1,"reply_count":0,"like_count":1,"quote_count":1},"id":"1463430081557192705","text":"\uD83C\uDDFA\uD83C\uDDF8 Morgen ist #Thanksgiving! Deshalb bleiben unsere Konsulate und die Botschaft am morgigen Donnerstag, den 25. November 2021 geschlossen. \uD83C\uDDFA\uD83C\uDDF8\n\n***\n\nIn observance of Thanksgiving, our consulates and embassy will be closed tomorrow, Thursday, 25 November 2021. https://t.co/VQOmHKgCms","created_at":"2021-11-24T08:51:35.000Z"},{"public_metrics":{"retweet_count":14,"reply_count":0,"like_count":0,"quote_count":0},"id":"1463429177303085056","text":"RT @7thATC: Col. Stephen Marr, #7thATC CoS, and @usconsmunich Consul General Timothy Liston toured the Flossenbuerg Concentration Camp Memo…","created_at":"2021-11-24T08:47:59.000Z"},{"public_metrics":{"retweet_count":0,"reply_count":0,"like_count":0,"quote_count":0},"id":"1463209617371148293","text":"2/2 LGBTQ communities &amp; #Bavarian gov’t for your perspective, your advocacy and your willingness to work together to #stopthehate.\n#USinBavaria","created_at":"2021-11-23T18:15:32.000Z"},{"public_metrics":{"retweet_count":0,"reply_count":1,"like_count":1,"quote_count":0},"id":"1463209614699380737","text":"1/2 INSPIRED by #LeciaBrooks from the @splcenter and honored to host all of our amazing guests today to discuss ways to promote #diversity, #equity and #inclusion. Thank you @rogerrekless @ausarten @lizzy2thedizzy @Adanetzwerk @sub_szene_muc, reps from the religious and https://t.co/mdRqttueEY","created_at":"2021-11-23T18:15:31.000Z"},{"public_metrics":{"retweet_count":12,"reply_count":0,"like_count":0,"quote_count":0},"id":"1463174789326155787","text":"RT @7thATC: @usconsmunich Consul General Timothy Liston, @41stFAB and the Amerikahaus Nürnberg unexpectedly joined an English lesson at the…","created_at":"2021-11-23T15:57:08.000Z"},{"public_metrics":{"retweet_count":22,"reply_count":0,"like_count":0,"quote_count":0},"id":"1463174229894049800","text":"RT @TravelGov: The following countries' Travel Advisories have been raised to or reissued at Level 4 - Do Not Travel:\n⛔️Iraq \n⛔️Germany \n⛔️…","created_at":"2021-11-23T15:54:55.000Z"},{"public_metrics":{"retweet_count":5,"reply_count":0,"like_count":0,"quote_count":0},"id":"1463136887510601736","text":"RT @usbotschaft: Am Donnerstag ist Thanksgiving. Traditionell reisen wir nach Hause zu unseren Familien, um dort mit einem gemeinsamen Aben…","created_at":"2021-11-23T13:26:32.000Z"},{"public_metrics":{"retweet_count":2,"reply_count":0,"like_count":0,"quote_count":0},"id":"1463132380173156359","text":"RT @usbotschaft: Darion Akins studierte Politikwissenschaften und Management an der @TAMU sowie Nationale Sicherheit am @NWC_NDU. Seit Juli…","created_at":"2021-11-23T13:08:37.000Z"},{"public_metrics":{"retweet_count":4,"reply_count":0,"like_count":0,"quote_count":0},"id":"1462716748935876611","text":"RT @usbotschaft: As @POTUS said: “We want to lead the world with our values with this demonstration of our innovation, ingenuity, and the f…","created_at":"2021-11-22T09:37:03.000Z"},{"public_metrics":{"retweet_count":0,"reply_count":0,"like_count":2,"quote_count":0},"id":"1461730269342412806","text":"2/2 the challenges of social media disinformation and cybercrimes by malign actors. #USinBavaria\n(Photo: © StMD)","created_at":"2021-11-19T16:17:08.000Z"},{"public_metrics":{"retweet_count":1,"reply_count":1,"like_count":8,"quote_count":0},"id":"1461730265944965125","text":"1/2 CG Tim Liston met with Bavarian State Minister for Digital Affairs @gerlach_judith to discuss the benefits of #egovernment and good digital infrastructure, and the huge potential for transatlantic collaboration. They also discussed confronting https://t.co/UclEiX2Db3","created_at":"2021-11-19T16:17:07.000Z"},{"public_metrics":{"retweet_count":8,"reply_count":0,"like_count":0,"quote_count":0},"id":"1461728770260455429","text":"RT @AmericanAcademy: Last night, the American Academy awarded the Henry A. Kissinger Prize to former U.S. Secretary of Defense, General @Ja…","created_at":"2021-11-19T16:11:11.000Z"},{"public_metrics":{"retweet_count":3,"reply_count":0,"like_count":0,"quote_count":0},"id":"1461651600544608263","text":"RT @usbotschaft: Die #IEW2021 endet heute, aber unsere Beratung zu Bildungs-Angeboten geht natürlich weiter.\nHier unsere erste virtuelle Me…","created_at":"2021-11-19T11:04:32.000Z"},{"public_metrics":{"retweet_count":0,"reply_count":0,"like_count":1,"quote_count":0},"id":"1461404302824591376","text":"2/2 the Bavarian govt’s plan to invest more in high tech and #innovation &amp; look forward to continuing close cooperation between the U.S. and Bavaria. StM Füracker thanks for a great discussion and the for explanation of the Ministry of Heimat! #USinBavaria @Finanzen_Bayern","created_at":"2021-11-18T18:41:52.000Z"},{"public_metrics":{"retweet_count":1,"reply_count":1,"like_count":4,"quote_count":1},"id":"1461404298215108613","text":"1/2 An extremely informative and lively discussion with Bavaria’s Finance Minister Füracker about Bavaria’s financial strategy during Covid_19 and importance of investing in high tech and the future! Plenty of potential areas of cooperation including #cybersecurity. We welcome https://t.co/0mYBBfdgY4","created_at":"2021-11-18T18:41:50.000Z"},{"public_metrics":{"retweet_count":0,"reply_count":0,"like_count":3,"quote_count":0},"id":"1461031302187134986","text":"2/2 the @usarmy in April 1945. 7thATC and Flossenbuerg Memorial are working together to educate soldiers on the fate of the camp’s roughly 100,000 prisoners. \nWe will always remember and honor the victims.\n#NeverAgain #USinBavaria","created_at":"2021-11-17T17:59:41.000Z"},{"public_metrics":{"retweet_count":2,"reply_count":1,"like_count":11,"quote_count":1},"id":"1461031298127085569","text":"1/2 Remembrance &amp; Education: An important element of the U.S.-German friendship is our shared history. CG Liston together with @7thATC COL Stephen Marr visited Flossenbuerg Concentration Camp Memorial Site, a former Nazi camp in Oberpfalz liberated by https://t.co/YQv9LjqrZg","created_at":"2021-11-17T17:59:40.000Z"},{"public_metrics":{"retweet_count":0,"reply_count":0,"like_count":1,"quote_count":0},"id":"1460997362659254277","text":"2/2 Thanks to Pres. Udo Hebel &amp; Prof. Stephan Bierling for hosting CG Tim Liston and the #USinBavaria! #IEW2021","created_at":"2021-11-17T15:44:49.000Z"},{"public_metrics":{"retweet_count":1,"reply_count":1,"like_count":5,"quote_count":0},"id":"1460997359060594699","text":"1/2 Just in time for International Education Week (IEW): Great questions from @uni_regensburg students today on a strong #transatlantic and @NATO partnership, #climatechange, #China, and U.S. democracy. https://t.co/eQ8PcVBDGp","created_at":"2021-11-17T15:44:49.000Z"},{"public_metrics":{"retweet_count":0,"reply_count":1,"like_count":0,"quote_count":0},"id":"1460994788400971778","text":"@Miss_Hestia Thanks for reaching out to us. Please contact our colleagues at consmunich@state.gov\nKind regards, PublicAffairs","created_at":"2021-11-17T15:34:36.000Z"},{"public_metrics":{"retweet_count":2,"reply_count":0,"like_count":0,"quote_count":0},"id":"1460599767747211266","text":"RT @fwhfreising: Austausch zu d. transatlantischen Beziehungen m. Geschäftsträger d. US-Botschaft, Clark Price. Das Verhältnis zw.  Bayern…","created_at":"2021-11-16T13:24:55.000Z"},{"public_metrics":{"retweet_count":3,"reply_count":0,"like_count":0,"quote_count":0},"id":"1460589689036058625","text":"RT @usbotschaft: MeinTreffen mit Staatsminister @NielsAnnen war eine gute Gelegenheit, um angesichts der Herausforderungen und Chancen, vor…","created_at":"2021-11-16T12:44:52.000Z"},{"public_metrics":{"retweet_count":4,"reply_count":0,"like_count":0,"quote_count":0},"id":"1460589610648707075","text":"RT @usbotschaft: Wir verurteilen die verantwortungslosen russischen Tests mit direkt aufsteigenden Anti-Satelliten-Raketen gegen seinen Sat…","created_at":"2021-11-16T12:44:34.000Z"},{"public_metrics":{"retweet_count":224,"reply_count":0,"like_count":0,"quote_count":0},"id":"1460325511108993030","text":"RT @SecBlinken: This International Education Week, we celebrate the benefits of international education and exchange worldwide. The U.S. re…","created_at":"2021-11-15T19:15:08.000Z"},{"public_metrics":{"retweet_count":0,"reply_count":0,"like_count":0,"quote_count":0},"id":"1460283044070313993","text":"2/2  and how the \uD83C\uDDFA\uD83C\uDDF8 and \uD83C\uDDE9\uD83C\uDDEA can work together to help young adults succeed. More info: https://t.co/NczWnNz62h\n#NAW2021 #USinBavaria #NAW","created_at":"2021-11-15T16:26:23.000Z"},{"public_metrics":{"retweet_count":0,"reply_count":1,"like_count":1,"quote_count":0},"id":"1460283041759346691","text":"1/2 A highly-skilled, diverse workforce is vital to meet the needs of the #transatlantic partnership today &amp; tomorrow! During the 7th annual National Apprenticeship Week (NAW), CDA Clark Price visited @JobLinge Munich to learn how they’re helping youth develop professional skills https://t.co/9eRSGV5E5r","created_at":"2021-11-15T16:26:22.000Z"},{"public_metrics":{"retweet_count":1,"reply_count":0,"like_count":3,"quote_count":1},"id":"1460162847225393152","text":"November 15-19 is International Education Week #IEW2021! Join us in celebrating the power of international education by sharing how an exchange impacted your life.\n#Education #EducationUSA #uni #university #highereducation #scholarship #scholarships #internationaleducation https://t.co/nyvyVoeuoM","created_at":"2021-11-15T08:28:45.000Z"},{"public_metrics":{"retweet_count":84,"reply_count":0,"like_count":0,"quote_count":0},"id":"1460150506215649281","text":"RT @StateDept: .@SecBlinken: Look at almost every place where you see threats to international peace and security today – and you’ll find t…","created_at":"2021-11-15T07:39:43.000Z"},{"public_metrics":{"retweet_count":42,"reply_count":0,"like_count":0,"quote_count":0},"id":"1459643073928044558","text":"RT @StateDept: .@SecBlinken: We will significantly increase our investment in clean energy research and development, because it’s how we wi…","created_at":"2021-11-13T22:03:22.000Z"},{"public_metrics":{"retweet_count":70,"reply_count":0,"like_count":0,"quote_count":0},"id":"1459643048196022275","text":"RT @StateDept: .@POTUS at #COP26: Let this be the moment that we answer history’s call here in Glasgow. Let this be the start of a decade o…","created_at":"2021-11-13T22:03:16.000Z"},{"public_metrics":{"retweet_count":120,"reply_count":0,"like_count":0,"quote_count":0},"id":"1459496120397312011","text":"RT @ClimateEnvoy: The #ClimateCrisis will define this generation. Young people are leading the charge in holding policy makers accountable.…","created_at":"2021-11-13T12:19:25.000Z"},{"public_metrics":{"retweet_count":12,"reply_count":0,"like_count":0,"quote_count":0},"id":"1459495900825497604","text":"RT @usbotschaft: „Was mich mit Deutschland verbindet:“ In der neuesten Folge unserer Serie spricht Salman Khalil⬇️aus der politischen Abtei…","created_at":"2021-11-13T12:18:33.000Z"},{"public_metrics":{"retweet_count":1,"reply_count":1,"like_count":7,"quote_count":0},"id":"1458865254331469830","text":"Finally back! The direct flight Munich-Miami with @Lufthansa! CG Tim Liston joined the ceremony on Nov 8 @MUC_Airport &amp; welcomed the revival of the transatlantic relationship. #USinBavaria @TravelGov https://t.co/rCfMV37nVd","created_at":"2021-11-11T18:32:35.000Z"},{"public_metrics":{"retweet_count":2,"reply_count":0,"like_count":0,"quote_count":0},"id":"1458806728233992194","text":"RT @usembvienna: Happy #VeteransDay &amp; thank you to all who have served!\nAm 11.11.1918 wurde das Waffenstillstandsabkommen unterzeichnet, da…","created_at":"2021-11-11T14:40:01.000Z"},{"public_metrics":{"retweet_count":120,"reply_count":0,"like_count":0,"quote_count":0},"id":"1458806625758760964","text":"RT @StateDept: On this Veterans Day, we honor and thank all who served in the United States Armed Forces. We are grateful for the veterans…","created_at":"2021-11-11T14:39:37.000Z"},{"public_metrics":{"retweet_count":2,"reply_count":0,"like_count":0,"quote_count":0},"id":"1458530475631390721","text":"RT @usconsfrankfurt: In observance of Veterans Day, our consulates and embassy will be closed tomorrow, Thursday 11 November 2021. https://…","created_at":"2021-11-10T20:22:18.000Z"},{"public_metrics":{"retweet_count":72,"reply_count":0,"like_count":0,"quote_count":0},"id":"1458529588582174722","text":"RT @StateDept: Today we celebrate the 246th birthday of the @USMC. We are grateful to the Marine Security Guards who help @StateDeptDSS saf…","created_at":"2021-11-10T20:18:46.000Z"},{"public_metrics":{"retweet_count":6008,"reply_count":0,"like_count":0,"quote_count":0},"id":"1458475887041601552","text":"RT @USMC: Happy 246th Birthday #Marines! https://t.co/rtuGCc8zzE","created_at":"2021-11-10T16:45:23.000Z"},{"public_metrics":{"retweet_count":6,"reply_count":0,"like_count":0,"quote_count":0},"id":"1458385565519335428","text":"RT @usbotschaft: Karen Donfried is the Assistant Secretary of State for @StateEUR. Dr. Donfried has a Ph.D and MALD from the Fletcher Schoo…","created_at":"2021-11-10T10:46:28.000Z"},{"public_metrics":{"retweet_count":3,"reply_count":0,"like_count":0,"quote_count":0},"id":"1458385340000096260","text":"RT @MattMurray8: It was great to be in Berlin to represent @EconAtState! Thanks to @usbotschaft and our German colleagues for a terrific vi…","created_at":"2021-11-10T10:45:35.000Z"},{"public_metrics":{"retweet_count":1,"reply_count":0,"like_count":3,"quote_count":0},"id":"1458138493608210437","text":"November 9th marks the anniversary of #Pogromnacht and serves as a constant, collective reminder of the victims and of the vital importance of calling out anti-Semitism and hate wherever it exists.\n \n#NieWieder #NeverAgain #USinBavaria https://t.co/Xa8abDL05H","created_at":"2021-11-09T18:24:42.000Z"},{"public_metrics":{"retweet_count":0,"reply_count":0,"like_count":0,"quote_count":0},"id":"1458097180938575874","text":"2/2 ... contributed a „Memorial for Freedom and Reunification“ in 1989. And in 2020, artists Berkan Karpat and Rainer Ludwig added an impressive steel-light sculpture.\n@ShareAmerica article: https://t.co/z8cBwubygM\n\n#USinBavaria #BerlinWall #BerlinerMauer","created_at":"2021-11-09T15:40:32.000Z"},{"public_metrics":{"retweet_count":0,"reply_count":1,"like_count":5,"quote_count":2},"id":"1458097175389409288","text":"1/2 Visit US! Munich, too, has its original piece of the Berlin Wall! In 1996, then MdB Johannes Singhammer donated it to the Free State of Bavaria. It found a new home along Königinstraße, adjacent to the Consulate. The sculptor, Joachim Maria Hoppe, ... https://t.co/F4Pi1ZSgDK","created_at":"2021-11-09T15:40:31.000Z"},{"public_metrics":{"retweet_count":0,"reply_count":0,"like_count":3,"quote_count":0},"id":"1458093484993359885","text":"Munich is home to internationally recognized universities. CG Liston met with President of Ludwig-Maximilians-University, Prof. Dr. Bernd Huber. Together, the two highlighted #LMU's numerous #transatlantic partnerships and explored opportunities for more cooperation. #USinBavaria https://t.co/hJ9PSG2CnK","created_at":"2021-11-09T15:25:51.000Z"},{"public_metrics":{"retweet_count":0,"reply_count":0,"like_count":1,"quote_count":0},"id":"1456574736440467457","text":"2/2 the wonderful Bavarian Gastfreundschaft and looking forward to working with Colonel Davis and Mayor Rödl and attending Passionplay 2022!\n(Photo: NATO School Oberammergau)\n\n#USinBavaria #StrongerTogether #WeAreNATO @USNATO @NATO","created_at":"2021-11-05T10:50:53.000Z"},{"public_metrics":{"retweet_count":1,"reply_count":1,"like_count":9,"quote_count":0},"id":"1456574734095822849","text":"1/2 Great meetings with Oberammergau Mayor Andreas Rödl and @NATOSchool Oberammergau Commandant Colonel Michael Davis. Two perfect examples of enduring US-Bavaria relations and the broader transatlantic defense relationship. Thank you for https://t.co/DeV3lEpubn","created_at":"2021-11-05T10:50:53.000Z"},{"public_metrics":{"retweet_count":31,"reply_count":0,"like_count":0,"quote_count":0},"id":"1456574200752263173","text":"RT @usosce: We call for the immediate, unconditional release of all political prisoners and urge Belarus to engage constructively with the…","created_at":"2021-11-05T10:48:45.000Z"},{"public_metrics":{"retweet_count":1,"reply_count":0,"like_count":3,"quote_count":0},"id":"1456236187337826312","text":"Sie möchten nach dem 8. November von Deutschland in die USA einreisen? Halten Sie sich einfach an die \n@CDCgov Vorgaben, legen Sie bei Einreise Ihren Impfnachweis vor und lassen Sie sich 3 Tage vor Ihrem Flug testen. Mehr dazu: https://t.co/5EEWHWmJVv\nSafe travels! ✈️ https://t.co/4KDPDJk03E","created_at":"2021-11-04T12:25:37.000Z"},{"public_metrics":{"retweet_count":4,"reply_count":0,"like_count":0,"quote_count":0},"id":"1456214577025323008","text":"RT @usbotschaft: Noch bis 12. November findet in Glasgow die 26. UN Climate Change Conference of the Parties (#COP26) statt. Was auf dem Sp…","created_at":"2021-11-04T10:59:44.000Z"}],"meta":{"oldest_id":"1456214577025323008","newest_id":"1465280671304364036","result_count":62}}