{"data":[{"id":"1462492022770741255","created_at":"2021-11-21T18:44:04.000Z","text":"It’s beginning to look alarmingly like Christmas … https://t.co/rWFIPBZb4C","public_metrics":{"retweet_count":0,"reply_count":0,"like_count":4,"quote_count":0}},{"id":"1461272602161336322","created_at":"2021-11-18T09:58:32.000Z","text":"… and it’s absolutely full. \n\n✈️","public_metrics":{"retweet_count":0,"reply_count":0,"like_count":1,"quote_count":0}},{"id":"1461263439133822982","created_at":"2021-11-18T09:22:07.000Z","text":"First flight in almost 2 years … https://t.co/Ni8HGdrmxk","public_metrics":{"retweet_count":0,"reply_count":1,"like_count":4,"quote_count":0}},{"id":"1459910454998876161","created_at":"2021-11-14T15:45:50.000Z","text":"Good to take my son to the #Cenotaph today. Beautiful music. Royal-watching. Politician-spotting. And as always, a magnificent act of remembrance. #LestWeForget https://t.co/KmrceTRSVV","public_metrics":{"retweet_count":0,"reply_count":0,"like_count":0,"quote_count":0}},{"id":"1456727268848439309","created_at":"2021-11-05T20:57:00.000Z","text":"Grrr … that will add at least an extra 4 minutes to my commute \uD83D\uDE21\n\n… not that I’m doing it very often these days \uD83D\uDE09 https://t.co/aN9l7LOlHz","public_metrics":{"retweet_count":0,"reply_count":0,"like_count":0,"quote_count":0}},{"id":"1456560841579446274","created_at":"2021-11-05T09:55:40.000Z","text":"RT @theboysmithy: How does Europe get its gas? Mesmerising visual explainer from our visual storytelling team https://t.co/HDurZQNZCt  \uD83D\uDC4F\uD83D\uDC4F\uD83D\uDC4F…","public_metrics":{"retweet_count":79,"reply_count":0,"like_count":0,"quote_count":0}}],"meta":{"oldest_id":"1456560841579446274","newest_id":"1462492022770741255","result_count":6}}