{"data":[{"public_metrics":{"retweet_count":2,"reply_count":0,"like_count":7,"quote_count":0},"text":"China envia missão tripulada mais longa de sua história à estação espacial Tiangong, para realizar testes, construção e caminhadas espaciais por seis meses\n#NotíciasDaChina @DongshengnewsBR\n\nLeia Notícias da China No.72: https://t.co/c8larDIAhr https://t.co/KyXxEMetIx","created_at":"2021-10-28T18:55:15.000Z","id":"1453797527300579330"},{"public_metrics":{"retweet_count":2,"reply_count":0,"like_count":9,"quote_count":0},"text":"China envía la misión tripulada más larga de su historia a la estación espacial Tiangong, para realizar pruebas, construcción y caminatas espaciales por seis meses\n#NoticiasDeChina @DongshengNewsES\n\nLea Noticias de China No.72: https://t.co/iinoXJitLj https://t.co/Uw1mLRWhGr","created_at":"2021-10-28T18:55:03.000Z","id":"1453797476264292364"},{"public_metrics":{"retweet_count":4,"reply_count":0,"like_count":23,"quote_count":0},"text":"China sends longest-ever crewed mission to Tiangong space station for six months, carrying out technology tests, construction work, and spacewalks\n#NewsOnChina @DongshengNews \n\nRead News on China No.72: https://t.co/L1aBBGz7bh https://t.co/XKUCFU79Ii","created_at":"2021-10-28T18:54:42.000Z","id":"1453797389475717125"},{"public_metrics":{"retweet_count":2,"reply_count":3,"like_count":7,"quote_count":1},"text":"Gli Stati Uniti stanno conducendo una guerra ibrida per balcanizzare e distruggere la Cina. È fondamentale sfidare la macchina da guerra degli Stati Uniti poiché è coerente con la \"minaccia\" cinese.\n\nLeggi \"The War on China\" di @izak_novak ora: https://t.co/QxAtIssdoo","created_at":"2021-10-27T17:44:41.000Z","id":"1453417379455815681"},{"public_metrics":{"retweet_count":7,"reply_count":1,"like_count":39,"quote_count":4},"text":"We must look at the actual substance, interests, and actions of the Hong Kong protests and not be misled by superficial leftist lingo meant to misrepresent and obscure the imperialist interests they serve.\n\nRead our Hong Kong reading list:\nhttps://t.co/Maxd5Uqmip","created_at":"2021-10-26T14:52:13.000Z","id":"1453011591172136969"},{"public_metrics":{"retweet_count":15,"reply_count":7,"like_count":48,"quote_count":12},"text":"Just in the past 5 years alone, the U.S. govt has given $29 million to fund the right-wing Hong Kong protests.\n\nThe US won’t pay for reparations, healthcare, or student debt but they’ll spend millions on a color revolution against China.\nhttps://t.co/Maxd5Uqmip","created_at":"2021-10-26T14:52:13.000Z","id":"1453011589947437058"},{"public_metrics":{"retweet_count":23,"reply_count":25,"like_count":105,"quote_count":38},"text":"Friendly reminder that the Hong Kong protests have allied with the Trumps, Pompeos, and Rubios of the world—the architects of imperialist, anti-Black violence globally—so anyone who misrepresents these fascist protests as “pro-democracy” is an imperialist.\nhttps://t.co/Maxd5Uqmip","created_at":"2021-10-26T14:52:12.000Z","id":"1453011586944208910"},{"public_metrics":{"retweet_count":21,"reply_count":0,"like_count":61,"quote_count":3},"text":"Lacking the interest or ability to eradicate poverty under capitalism, the West has turned to fear mongering, painting China’s anti-poverty efforts as either exaggerated or repressive. \n\nLearn more about the truth of China's fight against poverty:\nhttps://t.co/pr0Pd0m1Qb","created_at":"2021-10-26T14:18:26.000Z","id":"1453003090580357131"},{"public_metrics":{"retweet_count":19,"reply_count":0,"like_count":0,"quote_count":0},"text":"RT @DongshengNews: 50 years ago today, #China had its lawful seat restored at the #UN, with overwhelming support. The founding member had b…","created_at":"2021-10-25T18:46:39.000Z","id":"1452708201107898370"},{"public_metrics":{"retweet_count":241,"reply_count":0,"like_count":0,"quote_count":0},"text":"RT @ruima: I find a lot of people don’t know this: university tuition in China is almost all between $500-$1200 USD per year. Very few at $…","created_at":"2021-10-25T02:57:38.000Z","id":"1452469373797482502"},{"public_metrics":{"retweet_count":122,"reply_count":0,"like_count":0,"quote_count":0},"text":"RT @yaraxsh: Can we acknowledge that in the present day words like “campist” and “tankie” are chauvinist and racialized? Why do people from…","created_at":"2021-10-24T22:23:33.000Z","id":"1452400398539444230"},{"public_metrics":{"retweet_count":1,"reply_count":0,"like_count":6,"quote_count":0},"text":"• Aliança energética Cuba-China\n• PIB chinês segue crescendo\n• Enfrentando a especulação imobiliária\n• Uma taikonauta na estação espacial\n• As \"vovós dançarinas\"\n\nLeia #NotíciasDaChina No.72 @DongshengNewsBR: https://t.co/Zxg3f6xE6p https://t.co/PE9rO8fWJP","created_at":"2021-10-23T19:28:45.000Z","id":"1451994019987435530"},{"public_metrics":{"retweet_count":2,"reply_count":0,"like_count":7,"quote_count":0},"text":"• Alianza energética Cuba-China\n• PIB chino sigue creciendo\n• Enfrentando la especulación inmobiliaria\n• Una astronauta en la estación espacial\n• Las \"abuelas bailarinas\"\n\nLea #NoticiasDeChina No.72 @DongshengNewsES:  https://t.co/EW8wR12Otf https://t.co/x2KoKuK659","created_at":"2021-10-23T19:28:05.000Z","id":"1451993851351142410"},{"public_metrics":{"retweet_count":11,"reply_count":0,"like_count":36,"quote_count":1},"text":"• Cuba-China energy alliance.\n• Chinese GDP maintains growth\n• Real estate anti-speculation measures\n• A woman taikonaut in the space station\n• The \"dancing grannies\"\n\nRead #NewsOnChina No.72 @dongshengnews: https://t.co/iewrIzYUXl https://t.co/bt97bicZTc","created_at":"2021-10-23T19:27:45.000Z","id":"1451993767276421122"},{"public_metrics":{"retweet_count":30,"reply_count":0,"like_count":0,"quote_count":0},"text":"RT @DongshengNews: Today we launch our latest weekly publication ‘#ChineseVoices’ that brings key debates and critical thought guiding poli…","created_at":"2021-10-23T17:42:15.000Z","id":"1451967215327010819"},{"public_metrics":{"retweet_count":2,"reply_count":0,"like_count":12,"quote_count":1},"text":"A Batalha do Lago Changjin deve ter a maior bilheteria da história do cinema chinês, cujo faturamento ultrapassou o estadunidense em 2020\n#NotíciasDaChina @DongshengNewsBR \n\nLeia Notícias da China No.71: https://t.co/OuoaCkDSMY https://t.co/F3afI6xh1j","created_at":"2021-10-22T17:49:50.000Z","id":"1451606737841164293"},{"public_metrics":{"retweet_count":1,"reply_count":0,"like_count":4,"quote_count":0},"text":"La Batalla del Lago Changjin tuvo la mayor taquilla de la historia del cine chino, cuya facturación superó la estadounidense en 2020\n#NoticiasDeChina @DongshengnewsES\n\nLea Noticias de China No. 71: https://t.co/Gd8sVmab85 https://t.co/N4oG0PNlnD","created_at":"2021-10-22T17:49:34.000Z","id":"1451606671369900050"},{"public_metrics":{"retweet_count":6,"reply_count":1,"like_count":25,"quote_count":0},"text":"National Holiday hit, The Battle of Lake Changjin, set to be highest-grossing Chinese film ever, as domestic industry surpassed the US’s in 2020\n#NewsOnChina @Dongshengnews\n\nRead News on China No.71: https://t.co/J0n6k9EGTX https://t.co/gSjoVd2IIx","created_at":"2021-10-22T17:49:11.000Z","id":"1451606574796099591"},{"public_metrics":{"retweet_count":17,"reply_count":0,"like_count":0,"quote_count":0},"text":"RT @jeff_kaye: Sinophobia Inc: Understanding the anti-China Industrial complex | This article by ⁦@qiaocollective⁩ focuses on M-I-C links t…","created_at":"2021-10-22T17:04:47.000Z","id":"1451595401396506624"},{"public_metrics":{"retweet_count":3,"reply_count":0,"like_count":0,"quote_count":0},"text":"RT @TowardFreedom: .@qiaocollective + @nocoldwar's Charles Xu writes the U.S. empire’s greatest ideological, civilizational, and racial ene…","created_at":"2021-10-22T17:03:45.000Z","id":"1451595138791182336"},{"public_metrics":{"retweet_count":12,"reply_count":2,"like_count":26,"quote_count":0},"text":"Qiao Collective has created a reading list on the '89 Tiananmen protests, the class contradictions of the movement, &amp; Western attempts to weaponize the protests and the subsequent loss of life as part of its delegitimization campaigns against China.\nhttps://t.co/aLV5TF9xJf","created_at":"2021-10-22T14:18:16.000Z","id":"1451553495673356312"},{"public_metrics":{"retweet_count":19,"reply_count":2,"like_count":49,"quote_count":0},"text":"TOMORROW watch @nocoldwar's online panel: Europe against the cold war - China is not our enemy! \n\nFeaturing @yanisvaroufakis, @Maitemola, @VictorGaoZK, @kate4peace2021, @N_Boukili, @vijayprashad, Madison Tang, Cinzia Della Porta and Maria Cernat \n\nhttps://t.co/D0FTZOSdul","created_at":"2021-10-22T13:10:03.000Z","id":"1451536329649573889"},{"public_metrics":{"retweet_count":10,"reply_count":0,"like_count":0,"quote_count":0},"text":"RT @vijayprashad: Coming this week from Globetrotter, my report from the heart of the Taliban conundrum, between Iran and China, as a Uyghu…","created_at":"2021-10-22T00:06:51.000Z","id":"1451339230140010499"},{"public_metrics":{"retweet_count":16,"reply_count":0,"like_count":208,"quote_count":2},"text":"Here come the \"Squid Game is really about communist China\" takes https://t.co/NmOuYjoH69","created_at":"2021-10-21T23:29:20.000Z","id":"1451329787394289679"},{"public_metrics":{"retweet_count":53,"reply_count":5,"like_count":282,"quote_count":0},"text":"Feels like there's a country missing here https://t.co/459koli4Mx https://t.co/ChquSxIsxn","created_at":"2021-10-21T22:34:20.000Z","id":"1451315948699336715"},{"public_metrics":{"retweet_count":1,"reply_count":0,"like_count":7,"quote_count":0},"text":"Governo de Hong Kong anuncia plano “Metrópole do Norte”, prevendo construção de 926 mil moradias para 2,5 milhões de pessoas em 20 anos\n#NotíciasDaChina @DongshengnewsBR\n\nLeia Notícias da China No.71: https://t.co/OuoaCkDSMY https://t.co/e0bJ36kgIG","created_at":"2021-10-21T19:28:02.000Z","id":"1451269063628447746"},{"public_metrics":{"retweet_count":1,"reply_count":0,"like_count":2,"quote_count":0},"text":"Gobierno de Hong Kong anuncia plan “Metrópolis del Norte”, que prevé construcción de 926 mil viviendas para 2,5 millones de personas en 20 años\n#NoticiasDeChina @DongshengnewsES\n\nLea Noticias de China No.71: https://t.co/Gd8sVmab85 https://t.co/CXRET2Mmcr","created_at":"2021-10-21T19:27:48.000Z","id":"1451269002349666305"},{"public_metrics":{"retweet_count":1,"reply_count":0,"like_count":14,"quote_count":0},"text":"Hong Kong government announces “Northern Metropolis” plan to provide up to 926,000 housing units for 2.5 million people over 20 years\n#NewsOnChina @DongshengNews \n\nRead News on China No.71: https://t.co/J0n6k9EGTX https://t.co/ziGI7Ghbn4","created_at":"2021-10-21T19:27:34.000Z","id":"1451268945361711111"},{"public_metrics":{"retweet_count":15,"reply_count":0,"like_count":72,"quote_count":0},"text":"For those who want real news in Cuba, follow @bellybeastcuba and check our their latest trailer debunking the \"Havana syndrome\" narrative. https://t.co/UybT0Ri4Nr","created_at":"2021-10-21T18:48:00.000Z","id":"1451258989967118366"},{"public_metrics":{"retweet_count":106,"reply_count":0,"like_count":0,"quote_count":0},"text":"RT @qiaocollective: Not only is China's per-capita emissions eclipsed by EVERY G7 nation, but a huge portion of China's emissions are embed…","created_at":"2021-10-20T21:29:33.000Z","id":"1450937256965931010"},{"public_metrics":{"retweet_count":6,"reply_count":1,"like_count":30,"quote_count":0},"text":"From the vanguard of Qing-era anti-colonialism to agents of Cold War anti-communism, the Chinese diaspora has functioned both as a revolutionary and reactionary force in its engagement with U.S. imperialism. \n\nWe trace this history and its relevance today: https://t.co/M66wxBtiUT","created_at":"2021-10-20T19:46:15.000Z","id":"1450911260636323846"},{"public_metrics":{"retweet_count":106,"reply_count":2,"like_count":368,"quote_count":6},"text":"Not only is China's per-capita emissions eclipsed by EVERY G7 nation, but a huge portion of China's emissions are embedded in exports for Western consumption.   \n\nChina, and other developing nations, should not be blamed for the insatiable demands of Western consumption. https://t.co/TOSJ99JcC2","created_at":"2021-10-20T17:53:58.000Z","id":"1450883004188872707"},{"public_metrics":{"retweet_count":99,"reply_count":0,"like_count":0,"quote_count":0},"text":"RT @socialist_china: Wang Wenbin: \"One should not try to turn democracy into Coca-Cola, which tastes the same across the world with the syr…","created_at":"2021-10-19T21:30:27.000Z","id":"1450575092803538945"},{"public_metrics":{"retweet_count":55,"reply_count":0,"like_count":0,"quote_count":0},"text":"RT @DongshengNews: #Cuba formally joins #China's #BRI Energy Partnership with 29 member countries \n\nhttps://t.co/Vl2fwWSAsm","created_at":"2021-10-19T21:30:06.000Z","id":"1450575008086904834"},{"public_metrics":{"retweet_count":13,"reply_count":3,"like_count":64,"quote_count":0},"text":"China's experience of Western imperialism deeply shapes modern PRC commitments to internationalism. \n\nXi Jinping has promised that China will \"never seek hegemony\" or spheres of influence, and at a recent UN assembly declared China has no interest in fighting a New Cold War.","created_at":"2021-10-18T20:46:24.000Z","id":"1450201621065994241"},{"public_metrics":{"retweet_count":13,"reply_count":1,"like_count":50,"quote_count":0},"text":"The Opium Wars have new relevance amidst resurgent US aggression on China. \n\nWhen the US demanded market access and mandatory purchases of U.S. exports during negotiations of the US-China \"trade war,\" Chinese netizens likened the demands to the unequal treaties of 1840 https://t.co/U6M1LMJC22","created_at":"2021-10-18T20:46:24.000Z","id":"1450201619279220739"},{"public_metrics":{"retweet_count":10,"reply_count":1,"like_count":54,"quote_count":1},"text":"Opium dependency remained a bitter symbol of feudalism and imperialism for many decades. \n\nAfter the communist revolution, China under Mao Zedong led system reforms to rehabilitate 10 million opium addicts, replace poppy growers with new crops, and crack down on drug traders.","created_at":"2021-10-18T20:46:23.000Z","id":"1450201615122661377"},{"public_metrics":{"retweet_count":9,"reply_count":1,"like_count":48,"quote_count":1},"text":"The Second Opium War was fought by British, French, and US troops to force China to end restrictions on opium imports, respect extraterritorial rights in the foreign concession zones, and \"open\" China's market to Western corporations. \n\nRates of opium sale and addiction exploded. https://t.co/xnDrAM0bV6","created_at":"2021-10-18T20:46:22.000Z","id":"1450201613541384195"},{"public_metrics":{"retweet_count":91,"reply_count":3,"like_count":303,"quote_count":2},"text":"160 years ago on Oct 18, 1860, English and French soldiers destroyed 圆明园 (the Old Summer Palace). The act capped the Second Opium War and was designed to humiliate the Qing. \n\nThe war was fought by Western forces to violate China's sovereignty for the profit of imperialists. https://t.co/F7sNdvXktl","created_at":"2021-10-18T20:46:21.000Z","id":"1450201607069597697"},{"public_metrics":{"retweet_count":138,"reply_count":4,"like_count":454,"quote_count":7},"text":"Kwame Ture on Colin Powell:\n\n\"You mean to tell me that the best way [African Americans] can advance is by being killers of enemies of American Imperialism? Do we kill racist policemen? No. We kill Arabs who ain't ever done nothing to us. Powell is a traitor to his people.\" https://t.co/Sb6LMRnHLr","created_at":"2021-10-18T16:58:42.000Z","id":"1450144317557788675"},{"public_metrics":{"retweet_count":18,"reply_count":1,"like_count":49,"quote_count":0},"text":"Tune in for @NoColdWar panel with @yanisvaroufakis, former Finance Minister of Greece and currently a member of the Hellenic Parliament and a @ProgIntl Council Member, who will be joining @NoColdWar's Europe rally on Saturday 23 October.\n\nRegister: \nhttps://t.co/D0FTZOSdul","created_at":"2021-10-17T18:10:02.000Z","id":"1449799880415846403"},{"public_metrics":{"retweet_count":2,"reply_count":0,"like_count":7,"quote_count":0},"text":"• COP15 sobre Diversidade Biológica\n• CIA cria novo centro de inteligência sobre a China\n• Combatendo a crise energética\n• Plano para \"Metrópole do Norte\", em Hong Kong\n• 110 depois da Revolução Xinhai\n\nLeia #NotíciasDaChina No.71 @DongshengNewsBR: https://t.co/xy6iAvHKd0 https://t.co/gbcuXmw0cy","created_at":"2021-10-16T22:47:36.000Z","id":"1449507346468810754"},{"public_metrics":{"retweet_count":2,"reply_count":0,"like_count":4,"quote_count":0},"text":"• COP15 sobre Diversidad Biológica\n• CIA crea nuevo centro de inteligencia sobre China\n• Combatiendo la crisis energética\n• Plan para \"Metrópolis del Norte\" en Hong Kong\n• 110 años de la Revolución de Xinhai\n\nLea #NoticiasDeChina #71 @DongshengNewsES: https://t.co/u2cAqoYTQC https://t.co/6Kspti54yH","created_at":"2021-10-16T22:46:51.000Z","id":"1449507156059951111"},{"public_metrics":{"retweet_count":7,"reply_count":0,"like_count":20,"quote_count":0},"text":"• COP15 on Biological Diversity\n• CIA creates new China intelligence center\n• Combatting the energy crisis\n• Hong Kong's \"Northern Metropolis\" plan\n• 110 years after the Xinhai Revolution\n\nRead #NewsOnChina No.71 @DongshengNews: https://t.co/6usg2Pr78e https://t.co/eJnaoJ7cY6","created_at":"2021-10-16T22:45:32.000Z","id":"1449506825464918017"}],"meta":{"oldest_id":"1449506825464918017","newest_id":"1453797527300579330","result_count":44}}