{"data":[{"public_metrics":{"retweet_count":249,"reply_count":0,"like_count":0,"quote_count":0},"id":"1465418150183194624","text":"RT @qiaocollective: how it started                  how it's going https://t.co/pdHajJGKYF","created_at":"2021-11-29T20:31:27.000Z"},{"public_metrics":{"retweet_count":631,"reply_count":0,"like_count":0,"quote_count":0},"id":"1465417394558410752","text":"RT @broseph_stalin: Honduras’ new socialist President Xiomara Castro’s reforms include: rewrite constitution, ban special economic zones, e…","created_at":"2021-11-29T20:28:27.000Z"},{"public_metrics":{"retweet_count":30,"reply_count":9,"like_count":230,"quote_count":1},"id":"1465383676309475330","text":"A whole lot of words just to say that Chinese people who don't want regime change and Western-style capitalist \"democracy\" are all paid shills incapable of individual thought.\n\nLiberalism just can't conceive of Chinese political subjectivities that don't stroke the Western ego. https://t.co/kws9moNgXS","created_at":"2021-11-29T18:14:28.000Z"},{"public_metrics":{"retweet_count":22,"reply_count":0,"like_count":0,"quote_count":0},"id":"1465382023363645445","text":"RT @t_ings: Thanks for reposting this incredible story on #MaoAnyang, the eldest son of #MaoZedong who died fighting against US imperialism…","created_at":"2021-11-29T18:07:54.000Z"},{"public_metrics":{"retweet_count":66,"reply_count":0,"like_count":0,"quote_count":0},"id":"1465379578268979202","text":"RT @NoColdWar: We're only 86 followers away from reaching 10,000!\n\nLike and RT to help us reach it today! #NoColdWar","created_at":"2021-11-29T17:58:11.000Z"},{"public_metrics":{"retweet_count":3,"reply_count":2,"like_count":43,"quote_count":0},"id":"1465179298055155717","text":"https://t.co/72w9wNS7Mo","created_at":"2021-11-29T04:42:21.000Z"},{"public_metrics":{"retweet_count":1214,"reply_count":0,"like_count":0,"quote_count":0},"id":"1465131340957773829","text":"RT @killerguerilla: \"China is colonizing Africa\" - someone who is quiet about AFRICOM and the IMF","created_at":"2021-11-29T01:31:47.000Z"},{"public_metrics":{"retweet_count":1474,"reply_count":0,"like_count":0,"quote_count":0},"id":"1465124463335264264","text":"RT @NoColdWar: \"What exactly is the 'China threat'? The 'China threat' is China's existence. The US will not tolerate the existence of a st…","created_at":"2021-11-29T01:04:27.000Z"},{"public_metrics":{"retweet_count":153,"reply_count":0,"like_count":0,"quote_count":0},"id":"1465124443055804420","text":"RT @nickwestes: The anti-communist origins of the term “tankie” w/ @vijayprashad @The_Red_Nation Podcast https://t.co/gAODCOh8R4","created_at":"2021-11-29T01:04:22.000Z"},{"public_metrics":{"retweet_count":48,"reply_count":9,"like_count":285,"quote_count":2},"id":"1465104050077069314","text":"Yes, because what a handful of imperialist and U.S.-aligned countries think about Xi Jinping is more relevant than the 90% of Chinese people who are satisfied with their government, as reported by Harvard in 2020. https://t.co/SUsB4JfAWz https://t.co/66XG7yhwGB","created_at":"2021-11-28T23:43:20.000Z"},{"public_metrics":{"retweet_count":234,"reply_count":0,"like_count":0,"quote_count":0},"id":"1464671018258104320","text":"RT @ruima: China ain’t going to open up borders bc it’s not equipped (nor willing) to put up with the loss of life (direct from covid &amp; ind…","created_at":"2021-11-27T19:02:37.000Z"},{"public_metrics":{"retweet_count":2,"reply_count":0,"like_count":12,"quote_count":1},"id":"1464325127777263627","text":"Indústria audiovisual chinesa busca se internacionalizar com produções e plataformas de streaming, inspirada pela onda global de filmes e séries coreanas #NotíciasDaChina @DongshengnewsBR\n\nLeia Notícias da China No.76: https://t.co/20Xodt0Hy5 https://t.co/bJr0lT967p","created_at":"2021-11-26T20:08:10.000Z"},{"public_metrics":{"retweet_count":0,"reply_count":0,"like_count":9,"quote_count":0},"id":"1464325070164307972","text":"Industria audiovisual china busca internacionalizarse con producciones y plataformas de streaming, inspirada por éxito mundial de filmes y series coreanos #NoticiasDeChina @DongshengnewsES\n\nLea Noticias de China No. 76: https://t.co/GbOeoBcaIN https://t.co/Pvg1dnFa3t","created_at":"2021-11-26T20:07:57.000Z"},{"public_metrics":{"retweet_count":3,"reply_count":3,"like_count":22,"quote_count":1},"id":"1464324970520227846","text":"Inspired by global success of Korean films and series, Chinese productions seek international markets through online streaming platforms\n#NewsOnChina @Dongshengnews\n\nRead News on China No.76: https://t.co/pRhabGXwfc https://t.co/skW78krcrD","created_at":"2021-11-26T20:07:33.000Z"},{"public_metrics":{"retweet_count":249,"reply_count":9,"like_count":969,"quote_count":11},"id":"1464311157519372289","text":"how it started                  how it's going https://t.co/pdHajJGKYF","created_at":"2021-11-26T19:12:40.000Z"},{"public_metrics":{"retweet_count":35,"reply_count":0,"like_count":0,"quote_count":0},"id":"1464303662918868996","text":"RT @agent_of_change: Sign up for the next @socialist_china @imanifestogroup event, on socialist democracy\n\uD83C\uDDE8\uD83C\uDDF3 \uD83C\uDDFB\uD83C\uDDF3 \uD83C\uDDE8\uD83C\uDDFA \uD83C\uDDF0\uD83C\uDDF5 \uD83C\uDDF1\uD83C\uDDE6\n\nSpeakers include…","created_at":"2021-11-26T18:42:53.000Z"},{"public_metrics":{"retweet_count":19,"reply_count":0,"like_count":0,"quote_count":0},"id":"1464303585445826567","text":"RT @t_ings: Sharing zoom space with a very fine crowd tomorrow. \n\nCome join us in a panel covering topics from #China’s digital economy, de…","created_at":"2021-11-26T18:42:34.000Z"},{"public_metrics":{"retweet_count":13,"reply_count":1,"like_count":31,"quote_count":0},"id":"1464252740666863616","text":"Lacking the interest or ability to eradicate poverty under capitalism, the West has turned to fear mongering, painting China’s anti-poverty efforts as either exaggerated or repressive. \n\nLearn more about the truth of China's fight against poverty:\nhttps://t.co/pr0Pd0m1Qb","created_at":"2021-11-26T15:20:32.000Z"},{"public_metrics":{"retweet_count":29,"reply_count":0,"like_count":102,"quote_count":2},"id":"1463901441907638277","text":"We're honored to be published in @monthly_review's groundbreaking issue, the New Cold War on China. In our article, we examine how regimes of anti-communism and racial liberalism constrain and co-opt the political speech of the Chinese diaspora.\n\nREAD ➡️ https://t.co/M66wxBtiUT https://t.co/3r29RmjsVJ","created_at":"2021-11-25T16:04:36.000Z"},{"public_metrics":{"retweet_count":176,"reply_count":17,"like_count":915,"quote_count":4},"id":"1463607304280948736","text":"U.S. athletes who criticize American racism receive death threats, slander, and have their contracts dropped. U.S. athletes who criticize China get speaking gigs, bipartisan acclaim, and a constant platform. \n\nBrave indeed. https://t.co/0AyaKaBQoI","created_at":"2021-11-24T20:35:48.000Z"},{"public_metrics":{"retweet_count":54,"reply_count":0,"like_count":0,"quote_count":0},"id":"1463606477168332800","text":"RT @NCWBritain: \uD83D\uDCE2Protest against the new cold war on China\uD83D\uDCE2\n\nNo Cold War Britain proudly supports this rally in London's Chinatown on Satur…","created_at":"2021-11-24T20:32:31.000Z"},{"public_metrics":{"retweet_count":0,"reply_count":0,"like_count":6,"quote_count":0},"id":"1463248126505062400","text":"Apesar do aumento nas vendas do “Dia dos Solteiros”, ritmo do comércio diminui diante de movimento anti-consumista e regulamentação das Big Techs #NotíciasDaChina @DongshengnewsBR\n\nLeia Notícias da China No.76: https://t.co/20Xodt0Hy5 https://t.co/DTBhxnjliq","created_at":"2021-11-23T20:48:33.000Z"},{"public_metrics":{"retweet_count":0,"reply_count":0,"like_count":4,"quote_count":0},"id":"1463248076039143425","text":"A pesar del aumento de ventas el “Día de los Solteros”, el ritmo del comercio disminuye por movimiento anti-consumista y regulación de las Big Tech\n#NoticiasDeChina @DongshengnewsES\n\nLea Noticias de China No.76: https://t.co/GbOeoBcaIN https://t.co/4kvX8DH1D4","created_at":"2021-11-23T20:48:21.000Z"},{"public_metrics":{"retweet_count":1,"reply_count":0,"like_count":3,"quote_count":0},"id":"1463247982418178055","text":"Despite record Singles’ Day sales, pace of commerce slows in the face of anti-consumerism movement and Big Tech regulation\n#NewsOnChina @Dongshengnews\n\nRead News on China No.76: https://t.co/pRhabGXwfc https://t.co/ofV5WQALFc","created_at":"2021-11-23T20:47:59.000Z"},{"public_metrics":{"retweet_count":26,"reply_count":2,"like_count":128,"quote_count":10},"id":"1463197408033226758","text":"This is what happens when \"leftists\" spend their time making \"principled criticisms\" of a country they have no relation to while ignoring their own state's drive to war.\n\nThis stance naturalizes the expansion of US empire in the face of official enemies you've been taught to hate","created_at":"2021-11-23T17:27:01.000Z"},{"public_metrics":{"retweet_count":127,"reply_count":12,"like_count":341,"quote_count":27},"id":"1463193481267105801","text":"The U.S. left is nearly silent as Congress enshrines a New Cold War in law. Apparently devoting $250b to militarizing Asia/Pacific and surveilling overseas Chinese isn't worth remarking on. \n\n\"Neither Washington nor Beijing\" drivel paved the way for this.\n\nhttps://t.co/fj7JNVSV3X","created_at":"2021-11-23T17:11:25.000Z"},{"public_metrics":{"retweet_count":12,"reply_count":0,"like_count":0,"quote_count":0},"id":"1462989613698584582","text":"RT @Fio_edwards: After COP26: The world needs climate cooperation, not a new Cold War\n\nRead @NoColdWar's latest statement on why the US's c…","created_at":"2021-11-23T03:41:19.000Z"},{"public_metrics":{"retweet_count":2,"reply_count":0,"like_count":11,"quote_count":1},"id":"1462899739763089410","text":"• A nova \"resolução histórica\" do PCCh\n• Primeira reunião Xi-Biden\n• Festival de compras \"Dia dos Solteiros\"\n• Jovens evitam as fábricas\n• O futuro dos dramas chineses\n\nLeia #NotíciasDaChina No. 76 @DongshengNewsBR: https://t.co/K9jmuHks0P https://t.co/6XTyXJT165","created_at":"2021-11-22T21:44:11.000Z"},{"public_metrics":{"retweet_count":2,"reply_count":0,"like_count":10,"quote_count":1},"id":"1462899403912622089","text":"• La nueva \"resolución histórica\" del PCCH\n• Primera reunión Xi-Biden\n• Festival de compras \"Día de los Solteros\"\n• Los jóvenes evitan las fábricas\n• El futuro de los dramas chinos\n\nLea #NoticiasDeChina No. 76 @DongshengNewsES:  https://t.co/axgOJkMker https://t.co/ch2oN5NmOQ","created_at":"2021-11-22T21:42:51.000Z"},{"public_metrics":{"retweet_count":3,"reply_count":0,"like_count":45,"quote_count":1},"id":"1462899033614213120","text":"• CPC's new \"historic resolution\"\n• First Xi-Biden meeting\n• Singles' Day shopping festival\n• Why youth are avoiding factory jobs\n• The future of C-dramas\n\nRead #NewsOnChina No.76 @dongshengnews: https://t.co/NmphBiOwXr https://t.co/GhcKFIAQgX","created_at":"2021-11-22T21:41:23.000Z"},{"public_metrics":{"retweet_count":92,"reply_count":0,"like_count":0,"quote_count":0},"id":"1462829106513563658","text":"RT @troikakollectiv: Today at the Miami Book Fair @troikakollectiv and @miamiDSA marched in solidarity with Cuba, Nicaragua, and Venezuela.…","created_at":"2021-11-22T17:03:31.000Z"},{"public_metrics":{"retweet_count":21,"reply_count":5,"like_count":133,"quote_count":1},"id":"1462553305041838085","text":"\"...It is impossible, from merely hearing what a Chinese says, to tell what he means.\" \n\n—Arthur Smith, \"Chinese Characteristics,\" 1894 \n\nThe old trope of the \"incrutable oriental\" has not disappeared, merely adapted from the language of racial essentialism to anti-communism. https://t.co/Fm9bCnTFQq","created_at":"2021-11-21T22:47:35.000Z"},{"public_metrics":{"retweet_count":538,"reply_count":0,"like_count":0,"quote_count":0},"id":"1462503612760875014","text":"RT @Athlete365: Today, IOC President Thomas Bach, the Chair of the IOC Athletes' Commission, Emma Terho, and IOC Member in China, Li Lingwe…","created_at":"2021-11-21T19:30:07.000Z"},{"public_metrics":{"retweet_count":20,"reply_count":1,"like_count":176,"quote_count":1},"id":"1462468186281066497","text":"Attempts to twist recent photos of Peng in public life  into \"proof\" of a cry for help reflect the impossible burden of proof placed on societies beyond the bounds of Western \"objectivity\" \n\nChina is an upside-down world where nothing means anything besides what the West ascribes","created_at":"2021-11-21T17:09:21.000Z"},{"public_metrics":{"retweet_count":13,"reply_count":0,"like_count":0,"quote_count":0},"id":"1462462536738119693","text":"RT @socialist_china: Live now! We're co-sponsoring this important @imanifestogroup event about Korea, discussing the issues of peace, reuni…","created_at":"2021-11-21T16:46:54.000Z"},{"public_metrics":{"retweet_count":35,"reply_count":4,"like_count":268,"quote_count":4},"id":"1462448954600312838","text":"In their race to \"stand with the Chinese people,\" hostile Western observers ironically erase the agency of those they claim to stand with; rendering them mute avatars for their own agendas vis a vis China and the CPC. \n\nThis is \"solidarity\" which masks deep chauvinism.","created_at":"2021-11-21T15:52:56.000Z"},{"public_metrics":{"retweet_count":168,"reply_count":37,"like_count":881,"quote_count":15},"id":"1462444384478244864","text":"Peng Shuai's allegations are serious and must be investigated fully and fairly.\n\nBut the Western conspiracy theories about her \"disappearance\" and now \"forced reappearance\" do nothing for her case—they only reveal the ugly geopolitical agenda the West wants to project onto her.","created_at":"2021-11-21T15:34:46.000Z"},{"public_metrics":{"retweet_count":46,"reply_count":0,"like_count":0,"quote_count":0},"id":"1462295974081089543","text":"RT @pawelwargan: How do \"anti-authoritarian\" leftists in the United States theorise change without mechanisms to suppress the vigilantes, w…","created_at":"2021-11-21T05:45:03.000Z"},{"public_metrics":{"retweet_count":65,"reply_count":0,"like_count":0,"quote_count":0},"id":"1462255049564897281","text":"RT @globaltimesnews: A #documentary film focusing on different generations of #transgender people in #China, directed by a Chinese transgen…","created_at":"2021-11-21T03:02:25.000Z"},{"public_metrics":{"retweet_count":14,"reply_count":0,"like_count":0,"quote_count":0},"id":"1462236864275001348","text":"RT @socialist_china: \uD83D\uDDD3 TOMORROW! 21 November\n\uD83D\uDCE2 Korea's Struggle for Independence, Peace and Reunification\n\nProud to co-sponsor this @imanif…","created_at":"2021-11-21T01:50:10.000Z"},{"public_metrics":{"retweet_count":1,"reply_count":1,"like_count":7,"quote_count":0},"id":"1461802342391717894","text":"International investors increase holdings in Chinese stocks and bonds, reaching US $1.1 trillion (up US $120 billion in 2021), despite recent volatility\n#NotíciasDaChina @DongshengnewsBR\n\nLeia Notícias da China No.75: https://t.co/lVgnSFPQIE https://t.co/V5mctYME1L","created_at":"2021-11-19T21:03:32.000Z"},{"public_metrics":{"retweet_count":0,"reply_count":0,"like_count":3,"quote_count":0},"id":"1461802298791927811","text":"Participación de inversores internacionales en acciones y bonos chinos aumenta US$ 120.000 millones en 2021 y llega a US$ 1,1 billones, a pesar de la volatilidad reciente\n#NoticiasDeChina @DongshengnewsES\n\nLea Noticias de China No. 75: https://t.co/KRUZro00ou https://t.co/ZjW2ddAyYb","created_at":"2021-11-19T21:03:21.000Z"},{"public_metrics":{"retweet_count":2,"reply_count":0,"like_count":12,"quote_count":0},"id":"1461802106491490314","text":"International investors increase holdings in Chinese stocks and bonds, reaching US $1.1 trillion (up US $120 billion in 2021), despite recent volatility\n#NewsOnChina @Dongshengnews\n\nRead News on China No.75: https://t.co/uRDwPAaLa2 https://t.co/wK2OaJohNl","created_at":"2021-11-19T21:02:35.000Z"},{"public_metrics":{"retweet_count":0,"reply_count":0,"like_count":4,"quote_count":0},"id":"1461047896602812424","text":"Com 1,5 bilhão de vacinas contra Covid, China se torna maior exportadora mundial de vacinas, e farmacêuticas chinesas já competem com gigantes ocidentais\n#NotíciasDaChina @DongshengnewsBR\n\nLeia Notícias da China No.75: https://t.co/lVgnSFPQIE https://t.co/76EUGXrnMh","created_at":"2021-11-17T19:05:38.000Z"},{"public_metrics":{"retweet_count":1,"reply_count":0,"like_count":5,"quote_count":0},"id":"1461047782823931906","text":"Con 1.500 millones de vacunas contra la COVID, China se convierte en la mayor exportadora mundial de vacunas; farmacéuticas chinas ya compiten con gigantes occidentales\n#NoticiasDeChina @DongshengnewsES\n\nLea Noticias de China No.75: https://t.co/KRUZro00ou https://t.co/8zY1FM9Iou","created_at":"2021-11-17T19:05:11.000Z"},{"public_metrics":{"retweet_count":9,"reply_count":3,"like_count":46,"quote_count":1},"id":"1461047683372703751","text":"With 1.5 billion Covid vaccines, China becomes world’s largest vaccine exporter as Chinese pharma competes with Western giants\n#NewsOnChina @Dongshengnews\n\nRead News on China No.75: https://t.co/uRDwPAaLa2 https://t.co/nJZ1tGITrG","created_at":"2021-11-17T19:04:47.000Z"},{"public_metrics":{"retweet_count":0,"reply_count":1,"like_count":10,"quote_count":0},"id":"1460740197348478980","text":"• China lidera exportação de vacinas.\n• Acordo histórico de gás natural liquefeito\n• Estrangeiros aumentam aposta financeira\n• Crise climática ameaça a saúde\n• EDG campeão mundial de ciberesportes\n\nLeia #NotíciasDaChina No. 75 @DongshengNewsBR: https://t.co/tR2o1d2NhA https://t.co/gAB1dPl3IC","created_at":"2021-11-16T22:42:56.000Z"},{"public_metrics":{"retweet_count":1,"reply_count":0,"like_count":5,"quote_count":0},"id":"1460740057447505924","text":"• China lidera exportación de vacunas\n• Acuerdo histórico de gas natural licuado\n• Extranjeros aumentan apuesta financiera\n• Crisis climática amenaza la salud\n• EDG campeón mundial de videojuegos\n\nLea #NoticiasDeChina No. 75 @DongshengNewsES:  https://t.co/PQpypJmLtu https://t.co/QwUT49kJk8","created_at":"2021-11-16T22:42:23.000Z"},{"public_metrics":{"retweet_count":2,"reply_count":0,"like_count":22,"quote_count":0},"id":"1460739931115077633","text":"• China tops global vaccine exports\n• Historic liquified natural gas deals\n• Growing foreign financial investment in China\n• Climate-related health risks\n• EDG wins e-sports World Championship\n\nRead #NewsOnChina No.75 @dongshengnews: https://t.co/LwFyj1fhAS https://t.co/J4lSDwyv07","created_at":"2021-11-16T22:41:53.000Z"}],"meta":{"oldest_id":"1460739931115077633","newest_id":"1465418150183194624","result_count":49}}