{"data":[{"created_at":"2021-08-14T19:37:45.000Z","public_metrics":{"retweet_count":2,"reply_count":1,"like_count":13,"quote_count":1},"text":"News on China: Africa Weekly is turning into a podcast! Here are some of the top stories from past issues:\n\n• Chinese vs US investment\n• Transsion leads mobile market\n• C-dramas in Africa\n\nRead #AfricaWeekly @DongshengNews: https://t.co/AGj7ZtCNef","id":"1426629132482453511"},{"created_at":"2021-08-14T19:33:47.000Z","public_metrics":{"retweet_count":2,"reply_count":0,"like_count":4,"quote_count":0},"text":"• Guerra comercial e inflación en EE. UU.\n• Fintechs chinas en África\n• Plan nacional de educación física\n• Deuda de los hogares chinos\n• Mujeres en la construcción civil\n\nLea #NoticiasDeChina No.63 @DongshengNewsES:  https://t.co/Z78UKTUZUm https://t.co/V7ouZIuVOP","id":"1426628136133922818"},{"created_at":"2021-08-14T19:32:57.000Z","public_metrics":{"retweet_count":3,"reply_count":0,"like_count":16,"quote_count":0},"text":"• Trade war tariffs and US inflation\n• Chinese fintech apps in Africa\n• National fitness plan\n• Household debt in China\n• Women construction workers\n\nRead #NewsOnChina No.63 @DongshengNews: https://t.co/M4gPh7Kcnt https://t.co/BrBRcqCYgy","id":"1426627926599081987"},{"created_at":"2021-08-13T21:00:32.000Z","public_metrics":{"retweet_count":5,"reply_count":3,"like_count":33,"quote_count":0},"text":"In our latest translation, Chinese blogger Red Defender reflects on India's COVID-19 crisis, calling for Chinese solidarity with India's working class and lower caste peoples despite the Modi regime's hostile posture towards China. \n\nRead more:\n\nhttps://t.co/mZ4f1vQuyz","id":"1426287579167592457"},{"created_at":"2021-08-13T15:30:56.000Z","public_metrics":{"retweet_count":6,"reply_count":0,"like_count":13,"quote_count":0},"text":"WATCH Qiao Collective's panel on:\n\n\uD83D\uDCA5 U.S. Militarization of Asia and the Pacific in Pursuit of the New Cold War on China\n\n\uD83D\uDD09 Panelists: \n▪️Prof Christine Hong\n▪️Prof Michael Lujan Bevacqua (Guam)\n▪️Mark Tseng-Putterman\n\n\uD83D\uDD25 Co-hosted with @PeoplesForumNYC\n\nhttps://t.co/lfKaZz0gz3","id":"1426204633198911497"},{"created_at":"2021-08-13T14:18:38.000Z","public_metrics":{"retweet_count":15,"reply_count":0,"like_count":46,"quote_count":0},"text":"Ever hear of the trope \"Chinese imperialism\"? \n\nRead Qiao Collective's syllabus with full pdf's of articles, papers, and books that challenges the Western narrative of \"Chinese imperialism\" and sheds light on the relationship between China and Africa.\nhttps://t.co/5Nj8ujVAMe","id":"1426186434986323978"},{"created_at":"2021-08-13T01:25:35.000Z","public_metrics":{"retweet_count":58,"reply_count":0,"like_count":0,"quote_count":0},"text":"RT @FangCollective: We charge @RaytheonTech with genocide. https://t.co/wik4kY85ZV","id":"1425991894098595843"},{"created_at":"2021-08-13T01:25:19.000Z","public_metrics":{"retweet_count":92,"reply_count":0,"like_count":0,"quote_count":0},"text":"RT @FangCollective: Raytheon is the largest producer of guided missles in the world and is the second largest military contractor. They hav…","id":"1425991825165373446"},{"created_at":"2021-08-13T01:25:17.000Z","public_metrics":{"retweet_count":957,"reply_count":0,"like_count":0,"quote_count":0},"text":"RT @FangCollective: BREAKING \n\nWe are shutting down all vehicle entrances to Raytheon's facility in Portsmouth, Rhode Island. \n\nTwo people…","id":"1425991817045098498"},{"created_at":"2021-08-12T21:43:38.000Z","public_metrics":{"retweet_count":5,"reply_count":2,"like_count":30,"quote_count":4},"text":"Qiao Collective is seeking musicians, DJs, performers to perform at a public event we are hosting in New York in mid-September.\n\nWe are also seeking Chinese &amp; diaspora Chinese artists who may be able to lead a class on art making.\n\nEmail qiaocollective@gmail.com or DM recs!","id":"1425936036757188611"},{"created_at":"2021-08-12T20:42:44.000Z","public_metrics":{"retweet_count":41,"reply_count":1,"like_count":109,"quote_count":0},"text":"Almost half of all anti-Asian incidents tracked by @StopAAPIHate included anti-China speech. \n\nThis is how U.S. imperialism and racism are linked. Anti-Asian violence has been propelled by renewed Cold War  aggression on China. We can't address one without the other. https://t.co/Dv2xTptKrc","id":"1425920710929752069"},{"created_at":"2021-08-11T21:52:01.000Z","public_metrics":{"retweet_count":2,"reply_count":0,"like_count":20,"quote_count":0},"text":"Com intensificação do conflito com EUA, China volta a ler A Guerra Prolongada (1938), de Mao Tse Tung #Geopolítica #NotíciasDaChina\n\nLeia Notícias da China No.62 @DongshengNewsBR: https://t.co/FmSBerXpjQ https://t.co/nYQAElPiYB","id":"1425575758643318791"},{"created_at":"2021-08-11T21:51:43.000Z","public_metrics":{"retweet_count":3,"reply_count":0,"like_count":6,"quote_count":0},"text":"Con intensificación del conflicto con EE. UU., China vuelve a leer La guerra prolongada (1938) de Mao Zedong #Geopolítica #NoticiasDeChina\n\nLea Noticias de China No.62 @DongshengNewsES: https://t.co/qzwWXmO1nl https://t.co/Px3DmXWiup","id":"1425575681639997441"},{"created_at":"2021-08-11T21:51:12.000Z","public_metrics":{"retweet_count":10,"reply_count":2,"like_count":42,"quote_count":0},"text":"China turns to Mao Zedong’s Protracted War (1938) as US intensifies its efforts against the country #NewsOnChina #Geopolitics\n\nRead News on China No.62 @DongshengNews: https://t.co/JAS3gcnnIi https://t.co/65bVzzMZBw","id":"1425575555118796812"},{"created_at":"2021-08-11T21:16:19.000Z","public_metrics":{"retweet_count":8,"reply_count":1,"like_count":21,"quote_count":0},"text":"Watch Qiao Collective's presentation on a talk hosted by Socialists of Caltech discussing the current McCarthyist persecution happening in U.S. academia against Chinese &amp; diaspora Chinese. We touch on FBI persecution, informal blacklists, and more.\n\nhttps://t.co/MwMpETamKt","id":"1425566775895285762"},{"created_at":"2021-08-11T19:38:22.000Z","public_metrics":{"retweet_count":18,"reply_count":0,"like_count":0,"quote_count":0},"text":"RT @codepink: Join @t_ings of @tri_continental and CODEPINK co-founder @MsJodieEvans in conversation as they discuss China’s successful eff…","id":"1425542123135328257"},{"created_at":"2021-08-11T16:00:20.000Z","public_metrics":{"retweet_count":10,"reply_count":1,"like_count":39,"quote_count":0},"text":"Our note on Western weaponization of the memory of June 4th:\n\n\"The Tiananmen fairy tale is a touchstone of a Western discourse which continues to mourn the “loss” of China to the interests of Western hegemony. But China has always only belonged to itself.\"\nhttps://t.co/vxhUgdptBj","id":"1425487255397978120"},{"created_at":"2021-08-11T15:58:23.000Z","public_metrics":{"retweet_count":16,"reply_count":3,"like_count":50,"quote_count":1},"text":"\"The Hong Kong 'pro-democracy” protests reflect a deeper contradiction: the return of HK to China did not correspond with the ideological decolonization necessary to curb Hong Kong's pro-neocolonial mindset.\"\n\nRead how the US seeded a color revolution:\nhttps://t.co/ZXQnolf4RD","id":"1425486762449702917"},{"created_at":"2021-08-11T15:32:15.000Z","public_metrics":{"retweet_count":13,"reply_count":3,"like_count":36,"quote_count":3},"text":"What were the flags of Hong Kong, former South Vietnam, and Imperial Japan doing at the Capitol Hill \"stop the steal\" mob? \n\nWe analyze U.S. imperialism and anti-communism as the international dimension of fascism. Read more:\n\nhttps://t.co/CU67bRDZs0","id":"1425480186657742851"},{"created_at":"2021-08-10T20:09:44.000Z","public_metrics":{"retweet_count":1,"reply_count":0,"like_count":6,"quote_count":0},"text":"Reforma do negócio de reforço escolar causa prejuízos de mais de R$ 5,2 trilhões nas bolsas e governo afirma que setor tinha sido “sequestrado pelo Capital” #PolíticaNacional #NotíciasDaChina\n\nLeia Notícias da China No.62 @DongshengNewsBR: https://t.co/FmSBerXpjQ https://t.co/LiPzxiJL60","id":"1425187630631854081"},{"created_at":"2021-08-10T20:09:23.000Z","public_metrics":{"retweet_count":3,"reply_count":1,"like_count":7,"quote_count":0},"text":"Reforma del negocio de tutorías escolares causa perjuicios de más de US$ 1 billón en las bolsas, gobierno afirma que el sector había sido “secuestrado por el capital” #PolíticaNacional #NoticiasDeChina\n\nLea Noticias de China No.62 @DongshengNewsES: https://t.co/qzwWXmO1nl https://t.co/ece87muxVs","id":"1425187542756900864"},{"created_at":"2021-08-10T20:08:44.000Z","public_metrics":{"retweet_count":9,"reply_count":0,"like_count":25,"quote_count":0},"text":"Private tutoring overhaul causes over US $1 trillion in stock market losses in the sector that the government calls “hijacked by capital” #NationalPolitics #NewsOnChina\n\nRead News on China No.62 @DongshengNews: https://t.co/JAS3gcnnIi https://t.co/iUToQy6D9r","id":"1425187380655427591"},{"created_at":"2021-08-09T21:07:36.000Z","public_metrics":{"retweet_count":1,"reply_count":1,"like_count":2,"quote_count":0},"text":"• Resgatando a educação \"sequestrada pelo Capital\"\n• Moradias mais caras do mundo\n• A volta da \"Guerra prolongada\" de Mao\n• Porcos em fazendas nas alturas\n• China nas Olimpíadas\n\nLeia #NotíciasDaChina No.62 @DongshengNewsBR: https://t.co/FmSBerXpjQ https://t.co/z6D61vtzxK","id":"1424839807411306498"},{"created_at":"2021-08-09T21:06:25.000Z","public_metrics":{"retweet_count":2,"reply_count":0,"like_count":3,"quote_count":0},"text":"• Rescatando la educación secuestrada por el capital\n• Las viviendas más inaccesibles del mundo\n• El retorno de la \"Guerra prolongada\" de Mao\n• Cerdos en granjas verticales\n• China en los Juegos Olímpicos\n\nLea #NoticiasDeChina No.62 @DongshengNewsES:  https://t.co/qzwWXmO1nl https://t.co/qds1E5RkS4","id":"1424839507707322369"},{"created_at":"2021-08-09T21:05:07.000Z","public_metrics":{"retweet_count":3,"reply_count":0,"like_count":24,"quote_count":0},"text":"• Rescuing education \"hijacked by capital\"\n• World's most expensive housing\n• Mao's \"protracted\" comeback\n• Pig farm high-rises\n• PRC at the Olympics (1952-2020)\n\nRead #NewsOnChina No.62 @DongshengNewsBR: https://t.co/JAS3gcnnIi https://t.co/Y0A9PsA7dW","id":"1424839178504876033"},{"created_at":"2021-08-09T16:04:30.000Z","public_metrics":{"retweet_count":68,"reply_count":9,"like_count":194,"quote_count":7},"text":"\"The US Department of Defence...routinely demands script changes to major movie, cable, and TV productions to ensure favourable portrayal and ideological alignment. It does the same with media groups over news coverage.\"\n\nhttps://t.co/95GUCGsgHj","id":"1424763527336800258"},{"created_at":"2021-08-06T22:21:54.000Z","public_metrics":{"retweet_count":14,"reply_count":0,"like_count":0,"quote_count":0},"text":"RT @chinanotenemy: Tune in next Wednesday 8/11 at 5pm PT to watch an exciting discussion between our own @MsJodieEvans &amp; @t_ings of @tri_co…","id":"1423771341854019585"},{"created_at":"2021-08-06T19:33:14.000Z","public_metrics":{"retweet_count":78,"reply_count":4,"like_count":259,"quote_count":9},"text":"The 76th anniversary of the U.S. mass murder of Japanese and Korean civilians in Hiroshima and Nagasaki is an opportune time to remember that today, while the U.S. fearmongers about Chinese nuclear weapons, it is the U.S. that refuses to commit to a no first use nuclear policy.","id":"1423728894516019203"},{"created_at":"2021-08-06T14:14:16.000Z","public_metrics":{"retweet_count":34,"reply_count":8,"like_count":244,"quote_count":2},"text":"For a media that claims its \"solidarity with the Chinese people,\" journalists covering the (very limited) spread of the delta variant in China sound awfully...titillated https://t.co/HGDSqFnPZh","id":"1423648622483316745"},{"created_at":"2021-08-05T14:08:33.000Z","public_metrics":{"retweet_count":407,"reply_count":48,"like_count":2864,"quote_count":15},"text":"BBC: We stand with the Chinese people in their pursuit of freedom of expression\n\nAlso BBC: wait not like that https://t.co/MlbZXfpjtk","id":"1423284795669323781"},{"created_at":"2021-08-04T18:44:17.000Z","public_metrics":{"retweet_count":3,"reply_count":1,"like_count":5,"quote_count":0},"text":"No primeiro semestre, exportações de Xinjiang para UE tem alta interanual de 131%, chegando a R$ 1,89 bilhão\n\nLeia Notícias da China No.61 @DongshengNewsBR: https://t.co/GN9XXOUdZ9 https://t.co/a0LhySfp5h","id":"1422991800692875265"},{"created_at":"2021-08-04T18:43:57.000Z","public_metrics":{"retweet_count":1,"reply_count":0,"like_count":5,"quote_count":0},"text":"En el primer semestre, exportaciones de Xinjiang a UE suben 131% interanual, llegando a US$ 373.200 millones  \n\nLea Noticias de China No.61 @DongshengNewsES: https://t.co/xkSo5MdFiC https://t.co/yUrz2pu3sE","id":"1422991716576071686"},{"created_at":"2021-08-04T18:43:29.000Z","public_metrics":{"retweet_count":8,"reply_count":0,"like_count":29,"quote_count":0},"text":"Xinjiang exports to EU grow 131%, reaching US $373.2 million in first half-year\n\nRead News on China No.61 @DongshengNews: https://t.co/Ic7kEr0v27 https://t.co/dsbL85NuBj","id":"1422991599710183430"},{"created_at":"2021-08-03T23:16:25.000Z","public_metrics":{"retweet_count":0,"reply_count":0,"like_count":6,"quote_count":0},"text":"Em seus primeiros anos, o PCCh desenvolveu um “sistema financeiro patriótico” para apoiar suas atividades, expandir o exército revolucionário e apoiar trabalhadores e camponeses.\n\nLeia Notícias da China No.61 @DongshengNewsBR: https://t.co/GN9XXOUdZ9 https://t.co/nisrrYxSWS","id":"1422697897070575616"},{"created_at":"2021-08-03T23:16:01.000Z","public_metrics":{"retweet_count":4,"reply_count":0,"like_count":9,"quote_count":0},"text":"En sus primeros años, el PCCH desarrolló un “sistema financiero patriótico” para apoyar sus actividades, expandir el ejército revolucionario y apoyar a trabajadores y campesinos.\n\nLea Noticias de China No.61 @DongshengNewsES: https://t.co/xkSo5MdFiC https://t.co/7vnP1srvaR","id":"1422697796143042561"},{"created_at":"2021-08-03T23:15:36.000Z","public_metrics":{"retweet_count":3,"reply_count":0,"like_count":19,"quote_count":0},"text":"In the early years of the CPC, the Party developed a “patriotic financial system” to support its activities, expand the revolutionary army, and support workers and peasants.\n\nRead News on China No.61 @DongshengNews: https://t.co/Ic7kEr0v27 https://t.co/r3wwk861b4","id":"1422697689515442179"},{"created_at":"2021-08-03T17:08:51.000Z","public_metrics":{"retweet_count":113,"reply_count":1,"like_count":372,"quote_count":1},"text":"Western media's anti-China mandate is so unwavering that it has to spin the prosecution of a child rapist as an ominous, authoritarian \"warning\" \n\nKeep this absurd framing in mind when you read *anything* about China in rags like the New York Times https://t.co/XL5cWtpmHX","id":"1422605394501804033"},{"created_at":"2021-08-02T20:02:14.000Z","public_metrics":{"retweet_count":0,"reply_count":0,"like_count":4,"quote_count":0},"text":"• Reforma del sector de tutorías escolares\n• Conquistas de derechos de los repartidores\n• Exportaciones de Xinjiang a UE se disparan\n• Inundaciones en Henan y reacciones\n• Historia del \"sistema financiero rojo\"\n\nLea #NoticiasDeChina No.61:  https://t.co/xkSo5MdFiC https://t.co/aPLKECdGZc","id":"1422286638235987978"},{"created_at":"2021-08-02T20:02:08.000Z","public_metrics":{"retweet_count":1,"reply_count":0,"like_count":4,"quote_count":0},"text":"• Reforma do setor de reforço escolar\n• Conquistas dos direitos dos trabalhadores de entregas\n• Exportações de Xinjiang para UE disparam\n• Enchentes em Henan e reações\n• História do \"sistema financeiro vermelho\"\n\nLeia #NotíciasDaChina No.61: https://t.co/GN9XXOUdZ9 https://t.co/IYpH2HSCqY","id":"1422286615137894406"},{"created_at":"2021-08-02T20:01:54.000Z","public_metrics":{"retweet_count":1,"reply_count":0,"like_count":14,"quote_count":0},"text":"• Mushroom technology\n• Affordable cars\n• Kenyan education\n• Table tennis friendship\n\nRead #AfricaWeekly @DongshengNews:  https://t.co/whZCKCpxh5 https://t.co/ZuaFlaikHu","id":"1422286557944455172"},{"created_at":"2021-08-02T20:00:55.000Z","public_metrics":{"retweet_count":2,"reply_count":0,"like_count":15,"quote_count":0},"text":"• Overhauling the private tutoring industry\n• Improving delivery workers' rights\n• Xinjiang exports to the EU soar\n• Henan flooding and responses\n• History of \"red financial system\"\n\nRead #NewsOnChina No.61 @DongshengNews: https://t.co/Ic7kEr0v27 https://t.co/GuIEGaXC8v","id":"1422286309654208512"},{"created_at":"2021-08-02T17:48:40.000Z","public_metrics":{"retweet_count":7,"reply_count":0,"like_count":82,"quote_count":0},"text":"If India wants more love from Britain, it must step up as a colonial counterweight to French Indochina https://t.co/sfssy6cdlh","id":"1422253029001076743"}],"meta":{"oldest_id":"1422253029001076743","newest_id":"1426629132482453511","result_count":42}}