{"data":[{"public_metrics":{"retweet_count":0,"reply_count":0,"like_count":1,"quote_count":1},"created_at":"2021-09-14T21:42:57.000Z","id":"1437894662715580417","text":"Visando conter alto custo da habitação, China limita aumento de aluguéis a 5% ao ano, além de planejar construção de moradias e imposto sobre imóveis\n#PolíticaNacional #NotíciasDaChina\n\nLeia Notícias da China No.67 @DongshengNewsBR: https://t.co/ZF7H8wlz4x https://t.co/EbfQeujKMU"},{"public_metrics":{"retweet_count":1,"reply_count":0,"like_count":1,"quote_count":0},"created_at":"2021-09-14T21:42:41.000Z","id":"1437894597305421834","text":"Para contener altos costos de vivienda, China limita el aumento de alquileres a 5% anual, además de planear construcción de casas e impuesto a inmuebles\n#NoticiasDeChina #PolíticaNacional\n\nLea Noticias de China No.67 @DongshengNewsES: https://t.co/Cj8oiWq4Bl https://t.co/1hbHmLWUOM"},{"public_metrics":{"retweet_count":5,"reply_count":0,"like_count":20,"quote_count":0},"created_at":"2021-09-14T21:42:16.000Z","id":"1437894494683336704","text":"To reduce high housing costs, China caps rent increases to 5% annually, plans housing construction, and revisits property tax\n#NationalPolitics #NewsOnChina\n\nRead News on China No.67 @DongshengNews: https://t.co/oTtvQhnM01 https://t.co/vcL1wze6j8"},{"public_metrics":{"retweet_count":3,"reply_count":0,"like_count":0,"quote_count":0},"created_at":"2021-09-14T21:02:38.000Z","id":"1437884518367645704","text":"RT @chinanotenemy: “In the fevered imaginations of US war planners &amp; their media sycophants, the empire’s greatest ideological, civilizatio…"},{"public_metrics":{"retweet_count":1,"reply_count":0,"like_count":0,"quote_count":0},"created_at":"2021-09-14T21:02:33.000Z","id":"1437884498692218886","text":"RT @chinanotenemy: Check out this excellent piece by our friends @qiaocollective #NoMoreForeverWars #USOutofAsia #NoWarOnChina\nhttps://t.co…"},{"public_metrics":{"retweet_count":3,"reply_count":0,"like_count":0,"quote_count":0},"created_at":"2021-09-14T19:46:15.000Z","id":"1437865297625690113","text":"RT @chinanotenemy: Join our letter to Congress urging our elected leaders to Block HR 3524 The EAGLE Act &amp; stop exporting military violence…"},{"public_metrics":{"retweet_count":9,"reply_count":0,"like_count":33,"quote_count":0},"created_at":"2021-09-14T19:06:14.000Z","id":"1437855224274763789","text":"Watch our speech about China's  poverty alleviation. Since the foundation of the PRC in 1949 - poverty levels have declined. This is reflected in a rise in Chinese life expectancy - from 36 in 1949, to 66 in 1978 (the start of Reform), to 77 today.\n\nhttps://t.co/rKvaFOFoAo"},{"public_metrics":{"retweet_count":10,"reply_count":0,"like_count":22,"quote_count":0},"created_at":"2021-09-14T18:45:07.000Z","id":"1437849909336723460","text":"Ending US aggression on #Cuba is Key to World Peace. Watch this important webinar/meeting which was organised on 29th August by @NoColdWar, @Blacks4Peace, @tri_continental &amp; International Manifesto Group.\n\n#LetCubaLive \n\nhttps://t.co/sVy0oh4vA9"},{"public_metrics":{"retweet_count":31,"reply_count":0,"like_count":0,"quote_count":0},"created_at":"2021-09-14T00:46:03.000Z","id":"1437578357290553345","text":"RT @chinanotenemy: \uD83D\uDCC5\uD83C\uDF1F Join @QiaoCollective, @PeoplesForumNYC, @codepink, and an incredible lineup of panelists including @rdunbaro @vijaypr…"},{"public_metrics":{"retweet_count":60,"reply_count":4,"like_count":177,"quote_count":2},"created_at":"2021-09-13T21:21:47.000Z","id":"1437526952013881345","text":"The U.S. military is seeking to colonize even more Hawaiian land, justifying the land grab by invoking the \"threat\" of China and North Korea.\n\nU.S. Cold War imperialism is an existential threat to peace, sovereignty, and decolonization across the Pacific https://t.co/ASuFKudcv9"},{"public_metrics":{"retweet_count":12,"reply_count":1,"like_count":28,"quote_count":1},"created_at":"2021-09-13T19:30:11.000Z","id":"1437498867038269446","text":"The CHINA AND THE LEFT conference is in 5 DAYS! It will be livestreamed on SEPT 18 from 10 am to 7 pm ET at https://t.co/fs2YCFjTF5\n\n▶️ Watch LIVESTREAM at https://t.co/ROvkuypP8x \n\n▶️ OR In Person @PeoplesForumNYC @  320 W 37th St, NYC \n\nDETAILS ⤵️ https://t.co/HcIEJ33FUJ"},{"public_metrics":{"retweet_count":45,"reply_count":0,"like_count":0,"quote_count":0},"created_at":"2021-09-13T18:19:00.000Z","id":"1437480949953015808","text":"RT @robkajiwara: U.S. marines once again looking to expand its presence in Hawaii and the rest of the Pacific.\n\nMeanwhile Hawaiians have be…"},{"public_metrics":{"retweet_count":43,"reply_count":2,"like_count":230,"quote_count":2},"created_at":"2021-09-13T16:31:08.000Z","id":"1437453805587685378","text":"Xi Jinping announced that China will donate an additional 100 million vaccine doses to developing countries by the end of 2021 \n\nhttps://t.co/Xb6saSEC4I https://t.co/6rxZGT4qYS"},{"public_metrics":{"retweet_count":9,"reply_count":0,"like_count":25,"quote_count":1},"created_at":"2021-09-13T15:46:28.000Z","id":"1437442563435290626","text":"In the 1950s, overseas Chinese were targets of an official U.S. propaganda strategy which aimed to have the diaspora “be denied to the Peking Regime.”\n\nIn our latest, we trace the legacy of diaspora anti-communism amidst resurgent Cold War Sinophobia:\n\nhttps://t.co/M66wxBtiUT"},{"public_metrics":{"retweet_count":173,"reply_count":12,"like_count":556,"quote_count":6},"created_at":"2021-09-13T02:27:16.000Z","id":"1437241437666545674","text":"Fresh off the heels of a 20 year war, with hundreds of thousands dead and millions more displaced, U.S. liberal media is gleefully predicting war with China.\n\nPerpetual war requires new villains, and media is working overtime to cast China in the role. https://t.co/ELM1lwY1ag"},{"public_metrics":{"retweet_count":5,"reply_count":1,"like_count":30,"quote_count":1},"created_at":"2021-09-12T22:31:19.000Z","id":"1437182061643718656","text":"A great @chinanotenemy webinar hosted by @codepink  and @masspeaceaction, featuring Julie Tang (co-founder of @peacepivot) and Michael Wong (VP @VFPNational San Francisco) discussing the context and consequences of British and US interference in Hong Kong\n\nhttps://t.co/t6N6hJNfCm"},{"public_metrics":{"retweet_count":2,"reply_count":0,"like_count":15,"quote_count":2},"created_at":"2021-09-12T17:38:13.000Z","id":"1437108301708369930","text":"Looking for ways to support Qiao Collective? \n\nSupport us on Patreon!\n\nWe are an all volunteer group and have no funding or financial support. All of our work including our writing, videos etc are done by our own volunteer labor so any support is welcome.\n\nhttps://t.co/82xrEqHFUY"},{"public_metrics":{"retweet_count":3,"reply_count":0,"like_count":9,"quote_count":0},"created_at":"2021-09-12T13:22:34.000Z","id":"1437043961953230851","text":"\uD83D\uDCDD  Sign up for Qiao Collective's monthly newsletter to receive our latest writings, updates on us, events, and exclusive blog just for our newsletter! Our newsletter is crafted every month and sent directly to you.\n\n\uD83D\uDCA5  SIGN UP FOR OUR NEWSLETTER HERE ⤵️\nhttps://t.co/nfgZkS5B6b"},{"public_metrics":{"retweet_count":10,"reply_count":0,"like_count":0,"quote_count":0},"created_at":"2021-09-12T00:15:52.000Z","id":"1436845983527280645","text":"RT @peoplesdispatch: As the US messily closes its 20-year war in Afghanistan, it has quickly pivoted and attempted to rally international s…"},{"public_metrics":{"retweet_count":8,"reply_count":0,"like_count":23,"quote_count":0},"created_at":"2021-09-11T21:16:20.000Z","id":"1436800804086816772","text":"Watch Qiao Collective's presentation on a talk hosted by Socialists of Caltech discussing the current McCarthyist persecution happening in U.S. academia against Chinese &amp; diaspora Chinese. We touch on FBI persecution, informal blacklists, and more.\n\nhttps://t.co/MwMpETamKt"},{"public_metrics":{"retweet_count":0,"reply_count":0,"like_count":5,"quote_count":0},"created_at":"2021-09-11T18:34:33.000Z","id":"1436760088576995336","text":"• Controlando o aumento dos aluguéis\n• Nova zona econômica Guangdong-Macau\n• Investimento bilionário em chips\n• Preservando a biodiversidade\n• China campeã paraolímpica\n\nLeia #NotíciasDaChina No.67 @DongshengNewsBR: https://t.co/ZF7H8wlz4x https://t.co/aPVItbdvr4"},{"public_metrics":{"retweet_count":7,"reply_count":0,"like_count":14,"quote_count":0},"created_at":"2021-09-11T17:38:18.000Z","id":"1436745934428381185","text":"Check out our CHINA AND THE LEFT conference program and RSVP ⤵️\n\nSEPT 18\n\n@PeoplesForumNYC\n320 W 37th St, NYC\n\nSPEAKERS:\n\uD83D\uDD39Vijay Prashad \n\uD83D\uDD39Roxanne Dunbar-Ortiz\n\uD83D\uDD39Max Ajl\n\uD83D\uDD39Radhika Desai\n\uD83D\uDD39Manu Karuka\nAND MORE\n\nRSVP ⤵️\nhttps://t.co/HcIEJ33FUJ\n\nPROGRAM ⤵️ https://t.co/D5dWpRUjV0 https://t.co/NKFUyAcCLl"},{"public_metrics":{"retweet_count":0,"reply_count":0,"like_count":3,"quote_count":0},"created_at":"2021-09-11T17:15:33.000Z","id":"1436740208435859465","text":"• Controlando el aumento de los alquileres\n• Nueva zona económica Guangdong-Macau\n• Inversión millonaria en chips\n• Preservando la biodiversidad\n• China campeona paraolímpica\n\nLea #NoticiasDeChina No.67 @DongshengNewsES:  https://t.co/Cj8oiWq4Bl https://t.co/o9P0FfZw28"},{"public_metrics":{"retweet_count":0,"reply_count":0,"like_count":13,"quote_count":0},"created_at":"2021-09-11T17:11:36.000Z","id":"1436739211537879041","text":"• Capping rent prices\n• New Guangdong-Macao economic zone\n• Investing billions in chips\n• Biodiversity conservation\n• China wins at the Paralympics\n\nRead #NewsOnChina No.67 @DongshengNews: https://t.co/oTtvQhnM01 https://t.co/HQJRyV6NBt"},{"public_metrics":{"retweet_count":8,"reply_count":0,"like_count":28,"quote_count":0},"created_at":"2021-09-11T13:51:21.000Z","id":"1436688820464988164","text":"As the US messily closes its 20-year war in Afghanistan, it has quickly pivoted and attempted to rally international support around its anti-China campaign. Its allies should be wary.\n\nCharles Xu of @qiaocollective and @NoColdWar writes.\n\nhttps://t.co/0ifjUTZjqo"},{"public_metrics":{"retweet_count":1,"reply_count":0,"like_count":19,"quote_count":1},"created_at":"2021-09-11T12:18:21.000Z","id":"1436665414357069825","text":"Want to figure out how to respond to common propaganda on China?\n\nWatch Qiao Collective's class with @peoplesforumNYC on:\n\n- China's socialist system\n- Debunking claims of \"Chinese imperialism\"\n- How to challenge U.S. aggression on China\n\nWatch here:\nhttps://t.co/Ztvd0UcCl0"},{"public_metrics":{"retweet_count":12,"reply_count":0,"like_count":0,"quote_count":0},"created_at":"2021-09-11T03:44:01.000Z","id":"1436535976604676097","text":"RT @peacepivot: Join this incredible upcoming conference organized by @qiaocollective @PeoplesForumNYC &amp; @monthly_review on Sept. 18, and c…"},{"public_metrics":{"retweet_count":71,"reply_count":0,"like_count":0,"quote_count":0},"created_at":"2021-09-10T23:36:53.000Z","id":"1436473787273330688","text":"RT @chinanotenemy: China is stepping up to support the people of Afghanistan while the US refuses to take accountability for its devastatin…"},{"public_metrics":{"retweet_count":0,"reply_count":0,"like_count":7,"quote_count":0},"created_at":"2021-09-10T22:09:54.000Z","id":"1436451893891538955","text":"Remember to RSVP for CHINA AND THE LEFT\n\nSEPT 18 10am - 8pm\n\n@PeoplesForumNYC\n320 W 37th St, NYC\n\nLIVESTREAM @ https://t.co/WWuUwVrnrF\n\nSPEAKERS:\n\uD83D\uDD39Vijay Prashad \n\uD83D\uDD39Roxanne Dunbar-Ortiz\n\uD83D\uDD39Max Ajl\n\uD83D\uDD39Radhika Desai\n\uD83D\uDD39Manu Karuka\n\uD83D\uDD39Bikrum Gill\nAND MORE\n\nRSVP⤵️\nhttps://t.co/HcIEJ33FUJ"},{"public_metrics":{"retweet_count":3,"reply_count":0,"like_count":8,"quote_count":0},"created_at":"2021-09-10T18:28:38.000Z","id":"1436396212547096589","text":"Just a reminder that our conference⚡️CHINA AND THE LEFT⚡️will be livestreamed on SEPTEMBER 18 from 10 am to 7 pm ET at https://t.co/fs2YCFjTF5\n\nSCHEDULE ⤵️ \nhttps://t.co/HcIEJ33FUJ\n\n▶️ In Person at 320 W 37th St, NYC \n\n▶️ Watch it LIVESTREAMED at https://t.co/ROvkuypP8x"},{"public_metrics":{"retweet_count":2,"reply_count":0,"like_count":5,"quote_count":0},"created_at":"2021-09-09T20:44:37.000Z","id":"1436068047069065216","text":"Visando expandir acesso à educação de alta qualidade, cidade de Pequim instaura rodízio de professores e diretores entre escolas públicas municipais\n#PolíticaNacional #NotíciasDaChina\n\nLeia Notícias da China No.66 @DongshengNewsBR: https://t.co/EKaZCq5PcD https://t.co/pmuAHWO97i"},{"public_metrics":{"retweet_count":1,"reply_count":0,"like_count":1,"quote_count":0},"created_at":"2021-09-09T20:44:19.000Z","id":"1436067970183274500","text":"Para expandir el acceso a educación de alta calidad, Beijing instaura rotación de profesores y directores entre escuelas públicas municipales\n#PolíticaNacional #NoticiasDeChina\n\nLea Noticias de China No. 66 @DongshengNewsES: https://t.co/G8ctBhgDlP https://t.co/HP3Uay4SKI"},{"public_metrics":{"retweet_count":3,"reply_count":0,"like_count":14,"quote_count":0},"created_at":"2021-09-09T20:43:56.000Z","id":"1436067873634627590","text":"To promote education equity, Beijing introduces a rotation system of its top teachers and principals among the city’s public schools\n#NationalPolitics #NewsOnChina\n\nRead News on China No.66 @DongshengNews: https://t.co/fhFQ6oAa9h https://t.co/KQ4WR090E9"},{"public_metrics":{"retweet_count":5,"reply_count":2,"like_count":8,"quote_count":1},"created_at":"2021-09-09T19:30:05.000Z","id":"1436049289952776199","text":"Watch on Youtube! Retired Judge &amp; Hong Kong native Julie Tang of @peacepivot &amp; Michael Wong, Vice President of @VFPSF will unpack the context &amp; consequences of British &amp; US interference in Hong Kong.\nhttps://t.co/BZe7NCJwN9"},{"public_metrics":{"retweet_count":31,"reply_count":4,"like_count":182,"quote_count":1},"created_at":"2021-09-09T16:43:03.000Z","id":"1436007253878968323","text":"Long live the Korean revolution! \n\nFrom Korean and Chinese soldiers who fought Japanese occupation side by side, to Korean PLA units of the Chinese revolution, to the Chinese People's Volunteer Army of the Korean War, our peoples have a shared history of revolutionary struggle. https://t.co/KNRB2HgiCk"},{"public_metrics":{"retweet_count":44,"reply_count":0,"like_count":0,"quote_count":0},"created_at":"2021-09-09T14:47:39.000Z","id":"1435978211989639173","text":"RT @socialist_china: Very excited to announce we're hosting a one-off online showing of '1921', a powerful film produced this year about th…"},{"public_metrics":{"retweet_count":8,"reply_count":0,"like_count":28,"quote_count":1},"created_at":"2021-09-09T14:18:36.000Z","id":"1435970901439356943","text":"Watch Qiao Collective's 90 minute lecture on an introduction to Socialism with Chinese Characteristics, China's modern day governance system, what is market socialism, and how to respond to the Western accusations that China is \"capitalist.\"\n\nhttps://t.co/q7ww7QQvHY"},{"public_metrics":{"retweet_count":18,"reply_count":2,"like_count":94,"quote_count":0},"created_at":"2021-09-09T14:02:58.000Z","id":"1435966967366758405","text":"It's quite simple: the first responsibility of anti-imperialists living in the imperial core should be to dismantle their own countries' global regime of sanctions, occupation, and exploitation. \n\nLet Global South peoples build their own futures absent the boot of imperialism."},{"public_metrics":{"retweet_count":50,"reply_count":1,"like_count":215,"quote_count":0},"created_at":"2021-09-09T14:02:57.000Z","id":"1435966964518764544","text":"Believe it or not, governments chosen by their own people don't need to \"earn\" Western leftist's support in their struggles against imperialism. \n\nIf you need to be convinced to oppose your own country's imperialism against any nation, you're just another imperialist."},{"public_metrics":{"retweet_count":6,"reply_count":0,"like_count":0,"quote_count":0},"created_at":"2021-09-09T04:19:14.000Z","id":"1435820064582819844","text":"RT @chinanotenemy: Join us live now on Youtube! Retired Judge &amp; Hong Kong native Julie Tang of @peacepivot &amp; Michael Wong, Vice President o…"},{"public_metrics":{"retweet_count":7,"reply_count":0,"like_count":0,"quote_count":0},"created_at":"2021-09-08T22:21:58.000Z","id":"1435730158082793473","text":"RT @chinanotenemy: Thanks @peacepivot @qiaocollective @PeoplesForumNYC for co-sponsoring this event tonight \uD83E\uDD73\uD83D\uDC93"},{"public_metrics":{"retweet_count":1,"reply_count":0,"like_count":5,"quote_count":1},"created_at":"2021-09-08T19:00:43.000Z","id":"1435679509785849857","text":"China limita a 3 horas semanais o uso de jogos online para menores de 18 anos #PolíticaNacional #NotíciasDaChina\n\nLeia Notícias da China No.66 @DongshengNewsBR: https://t.co/EKaZCq5PcD https://t.co/WjUl7J0usm"},{"public_metrics":{"retweet_count":1,"reply_count":0,"like_count":3,"quote_count":0},"created_at":"2021-09-08T19:00:26.000Z","id":"1435679438809751554","text":"China limita a 3 horas semanales el uso de videojuegos en línea para menores de 18 años #PolíticaNacional #NoticiasDeChina\n\nLea Noticias de China No.66 @DongshengNewsES: https://t.co/G8ctBhgDlP https://t.co/1l9304PkbD"},{"public_metrics":{"retweet_count":1,"reply_count":1,"like_count":16,"quote_count":2},"created_at":"2021-09-08T18:59:56.000Z","id":"1435679313257447426","text":"China limits online video game playing time to three hours per week for youth under 18 years old #NationalPolitics #NewsOnChina\n\nRead News on China No.66 @DongshengNews: https://t.co/fhFQ6oAa9h https://t.co/3zH0pgPxq2"},{"public_metrics":{"retweet_count":170,"reply_count":0,"like_count":0,"quote_count":0},"created_at":"2021-09-08T18:59:34.000Z","id":"1435679221381218308","text":"RT @t_ings: Check out my chat with @RaniaKhalek on China and extreme poverty, an urgent question of our times."},{"public_metrics":{"retweet_count":3,"reply_count":0,"like_count":7,"quote_count":1},"created_at":"2021-09-08T18:58:44.000Z","id":"1435679010546241536","text":"Join @Codepink and @chinanotenemy today at 4 PM PT/7 PM ET on Zoom or YouTube Live as we unpack the consequences of British &amp; U.S. interference in Hong Kong with Retired Judge &amp; HK native Julie Tang of Pivot to Peace &amp; Michael Wong, Veterans for Peace SF! \nhttps://t.co/rH4Z8xjZj5"},{"public_metrics":{"retweet_count":15,"reply_count":0,"like_count":25,"quote_count":1},"created_at":"2021-09-08T18:45:04.000Z","id":"1435675570923347972","text":"Ending US aggression on #Cuba is Key to World Peace. Watch this important webinar/meeting which was organised on 29th August by @NoColdWar, @Blacks4Peace, @tri_continental &amp; International Manifesto Group.\n\n#LetCubaLive \n\nhttps://t.co/sVy0oh4vA9"},{"public_metrics":{"retweet_count":0,"reply_count":0,"like_count":4,"quote_count":0},"created_at":"2021-09-08T18:19:48.000Z","id":"1435669214438776835","text":"Iroel Sanchez: US aggression against Cuba hurts the people and fails to win global support\n\nWatch @iroelsanchez's speech at our recent webinar on why ending US aggression against Cuba is key to world peace\n\n@imanifestogroup @tri_continental @Blacks4Peace \n\nhttps://t.co/lpzLbW4Plw"},{"public_metrics":{"retweet_count":26,"reply_count":1,"like_count":102,"quote_count":1},"created_at":"2021-09-08T16:41:43.000Z","id":"1435644531538542592","text":"Crucial history in this thread. \n\nThe people's revolution of 1949 represented the \"loss\" of China because KMT leadership had effectively sold China—as a captive market and military client—to U.S. imperialist interests. https://t.co/5xHiZLUzOn"},{"public_metrics":{"retweet_count":3,"reply_count":0,"like_count":15,"quote_count":0},"created_at":"2021-09-08T16:06:11.000Z","id":"1435635589039153160","text":"Read Qiao Collective's August newsletter hot off the press! We write about our suggested resources on Afghanistan, our upcoming conference, our latest writings, our suggested shows and entertainment, and much more!\n\nRead here ⤵️\nhttps://t.co/eozbgscKL6"},{"public_metrics":{"retweet_count":108,"reply_count":11,"like_count":582,"quote_count":4},"created_at":"2021-09-08T13:49:34.000Z","id":"1435601204818624520","text":"Western media's blatant foaming at the mouth desire to see Chinese people die from COVID-19 and to see China destroyed by western powers is truly despicable. This is our supposed \"liberal\" media. Yet again proving that conservatives and liberals are both just ultra right wingers. https://t.co/VS3v3bOeHB"},{"public_metrics":{"retweet_count":7,"reply_count":0,"like_count":0,"quote_count":0},"created_at":"2021-09-07T22:12:49.000Z","id":"1435365467741462533","text":"RT @NoColdWar: Chris Hazzard MP: the US has no interest in world peace\n\n@ChrisHazzardSF spoke out against the US's increasing aggression to…"},{"public_metrics":{"retweet_count":4,"reply_count":0,"like_count":11,"quote_count":0},"created_at":"2021-09-07T19:01:42.000Z","id":"1435317371636527110","text":"Iroel Sanchez: US aggression against Cuba hurts the people and fails to win global support\n\nWatch @iroelsanchez's speech at our recent webinar on why ending US aggression against Cuba is key to world peace\n\n@imanifestogroup @tri_continental @Blacks4Peace \n\nhttps://t.co/lpzLbW4Plw"},{"public_metrics":{"retweet_count":6,"reply_count":0,"like_count":23,"quote_count":1},"created_at":"2021-09-07T18:55:02.000Z","id":"1435315693155725313","text":"Excited for the @NoCol'sdWar  webinar: an international peace forum with some wonderful speakers\n\n\uD83D\uDCE2 @SachaLlorenti \n\uD83D\uDCE2 @IssaShivji \n\uD83D\uDCE2 @DrFredMmembe \n\uD83D\uDCE2 @RadDesai \n\uD83D\uDCE2 @kate4peace2021 \n\uD83D\uDCE2 @vijayprashad \n\uD83D\uDCE2 @ajamubaraka \n\uD83D\uDCE2 @JennyClegg1 \n\uD83D\uDCE2 @MikaelaNhondo \n\nhttps://t.co/THLJnxp6RP"},{"public_metrics":{"retweet_count":23,"reply_count":1,"like_count":91,"quote_count":1},"created_at":"2021-09-07T12:18:17.000Z","id":"1435215848088772611","text":"Qiao Collective taught a 90-minute class addressing the question: is China imperialist? Short answer: no.\n\nWatch our class providing an overview of Chinese foreign policy and addressing the common topics: Hong Kong, Taiwan, South China Sea, and Xinjiang.\nhttps://t.co/pQbtebVl09"},{"public_metrics":{"retweet_count":7,"reply_count":0,"like_count":10,"quote_count":0},"created_at":"2021-09-07T01:59:49.000Z","id":"1435060202756362242","text":"Our conference⚡️CHINA AND THE LEFT⚡️will be livestreamed online! \n\n▶️ Come out in person to @peoplesforumnyc\n\n▶️ Watch it LIVESTREAMED at https://t.co/W3jSqb33nY \n\n\uD83D\uDCC5SEPTEMBER 18, 2021 10 am - 8 pm \n\n320 W 37th St, NYC \n\nDETAILS &amp; SCHEDULE ⤵️ https://t.co/HcIEJ33FUJ"},{"public_metrics":{"retweet_count":43,"reply_count":0,"like_count":0,"quote_count":0},"created_at":"2021-09-07T01:49:47.000Z","id":"1435057677453996038","text":"RT @tri_continental: Do we know how to measure the rate of exploitation? \nLet's understand it in order to know precisely how much workers d…"},{"public_metrics":{"retweet_count":5,"reply_count":1,"like_count":18,"quote_count":0},"created_at":"2021-09-07T00:39:17.000Z","id":"1435039938358218758","text":"Check out our FULL conference program with speakers, panels, and times⤵️\n\nSPEAKERS:\n\uD83D\uDD39Robert Lee - Brown\n\uD83D\uDD39Yan Hairong\n\uD83D\uDD39Zhun Xu - John Jay\n\uD83D\uDD39Elias Khalil Jabbour\n\uD83D\uDD39Chris Matlhako - S Africa Comm Party\n(&amp; more)\n\nRSVP ⤵️\nhttps://t.co/HcIEJ33FUJ\n\nCONFERENCE PROGRAM ⤵️ https://t.co/D5dWpRUjV0"},{"public_metrics":{"retweet_count":15,"reply_count":1,"like_count":49,"quote_count":1},"created_at":"2021-09-07T00:36:20.000Z","id":"1435039197023412227","text":"Remeber to RSVP for our conference:\n\n⚡️CHINA AND THE LEFT⚡️\n\nSEPT 18 10am - 8pm\n\n@PeoplesForumNYC\n320 W 37th St, NYC\n\nSPEAKERS:\n\uD83D\uDD39Vijay Prashad \n\uD83D\uDD39Roxanne Dunbar-Ortiz\n\uD83D\uDD39Max Ajl\n\uD83D\uDD39Radhika Desai\n\uD83D\uDD39Manu Karuka\n\uD83D\uDD39Sit Tsui\n\uD83D\uDD39Bikrum Gill\nAND MANY MORE\n\nRSVP⤵️\nhttps://t.co/HcIEJ33FUJ"},{"public_metrics":{"retweet_count":14,"reply_count":0,"like_count":0,"quote_count":0},"created_at":"2021-09-06T21:05:20.000Z","id":"1434986094664331266","text":"RT @qiaocollective: In the 1950s, overseas Chinese were targets of an official U.S. propaganda strategy which aimed to have the diaspora “b…"},{"public_metrics":{"retweet_count":14,"reply_count":1,"like_count":53,"quote_count":1},"created_at":"2021-09-06T15:46:17.000Z","id":"1434905804671492096","text":"In the 1950s, overseas Chinese were targets of an official U.S. propaganda strategy which aimed to have the diaspora “be denied to the Peking Regime.”\n\nIn our latest, we trace the legacy of diaspora anti-communism amidst resurgent Cold War Sinophobia:\n\nhttps://t.co/M66wxBtiUT"},{"public_metrics":{"retweet_count":3,"reply_count":0,"like_count":15,"quote_count":0},"created_at":"2021-09-06T12:52:06.000Z","id":"1434861970570858497","text":"Iroel Sanchez: US aggression against Cuba hurts the people and fails to win global support\n\nWatch @iroelsanchez's speech at our recent webinar on why ending US aggression against Cuba is key to world peace\n\n@imanifestogroup @tri_continental @Blacks4Peace \n\nhttps://t.co/lpzLbW4Plw"},{"public_metrics":{"retweet_count":2,"reply_count":0,"like_count":6,"quote_count":0},"created_at":"2021-09-05T21:24:09.000Z","id":"1434628442637602821","text":"• Menos provas nas escolas\n• Rodízio de professores nas escolas públicas\n• Regulamentando fã clubes online\n• Limitando as horas de videogames online\n• Freando a \"cultura 996\"\n\nLeia #NotíciasDaChina No.65 @DongshengNewsBR: https://t.co/EKaZCq5PcD https://t.co/GICh2BJwbl"},{"public_metrics":{"retweet_count":1,"reply_count":0,"like_count":2,"quote_count":0},"created_at":"2021-09-05T21:21:42.000Z","id":"1434627824934170627","text":"• Menos pruebas en las escuelas\n• Rotación de profesores en las escuelas públicas\n• Controlando clubs de fans en línea\n• Limitando las horas de videojuego en línea\n• Frenando la \"cultura 99/6\"\n\nLea #NoticiasDeChina No.66 @DongshengNewsES: https://t.co/G8ctBhgDlP https://t.co/twzPI4loRP"},{"public_metrics":{"retweet_count":13,"reply_count":0,"like_count":43,"quote_count":0},"created_at":"2021-09-05T21:17:57.000Z","id":"1434626880850874372","text":"• Reducing testing for school kids.\n• Rotating top teachers in public schools.\n• Controlling online celebrity fan clubs.\n• Limited hours for online gaming youth.\n• Controlling 996 overwork culture.\n\nRead #NewsOnChina No.65 @DongshengNews: https://t.co/fhFQ6oAa9h https://t.co/yMuZdUtUnC"},{"public_metrics":{"retweet_count":78,"reply_count":0,"like_count":0,"quote_count":0},"created_at":"2021-09-05T13:34:54.000Z","id":"1434510352235040831","text":"RT @venanalysis: \uD83C\uDDE8\uD83C\uDDF3China's top oil producer CNPC is reportedly laying the groundwork to revive projects in \uD83C\uDDFB\uD83C\uDDEAVenezuela.\n\nIncreased trade wi…"},{"public_metrics":{"retweet_count":17,"reply_count":0,"like_count":0,"quote_count":0},"created_at":"2021-09-05T13:34:25.000Z","id":"1434510229933281281","text":"RT @chinanotenemy: ⚡️\uD83D\uDCC5 This Wed 9/8 at 4 PM PT \uD83D\uDC49 Please join @codepink #ChinaIsNotOurEnemy &amp;&amp; @masspeaceaction for Hong Kong: From Royal Co…"},{"public_metrics":{"retweet_count":83,"reply_count":0,"like_count":0,"quote_count":0},"created_at":"2021-09-05T03:03:31.000Z","id":"1434351458460307456","text":"RT @t_ings: These days, living in China means waking up to yet another piece of news that favours the people and reels in capital. \n\nHousin…"},{"public_metrics":{"retweet_count":156,"reply_count":0,"like_count":0,"quote_count":0},"created_at":"2021-09-04T17:11:13.000Z","id":"1434202404061421571","text":"RT @manolo_realengo: It’s out! Co-edited with @vijayprashad, freshly translated speeches, given at times of crisis, by the comrade teacher…"},{"public_metrics":{"retweet_count":14,"reply_count":0,"like_count":0,"quote_count":0},"created_at":"2021-09-04T16:59:59.000Z","id":"1434199573833080835","text":"RT @freedomrideblog: Webinar Sunday, September 5 at 9am ET. Yours truly @vijayprashad @chematlhako @dimitrilascaris @qiaocollective @eliasj…"},{"public_metrics":{"retweet_count":10,"reply_count":1,"like_count":49,"quote_count":0},"created_at":"2021-09-04T16:16:36.000Z","id":"1434188658358329344","text":"“Joining the party…means accepting sacrifice and preparing to give up one’s own life for the people and the nation. Western democracies have no such political parties.” \n\nRead an assortment of Chinese reflections on the CPC centenary here: \n\nhttps://t.co/LCBBjSKw5C"},{"public_metrics":{"retweet_count":10,"reply_count":0,"like_count":0,"quote_count":0},"created_at":"2021-09-03T23:25:54.000Z","id":"1433934305353519106","text":"RT @RadDesai: HOME https://t.co/0qWVdlLTek A critically important manifesto for our times: read, sign and disseminate...."},{"public_metrics":{"retweet_count":20,"reply_count":0,"like_count":0,"quote_count":0},"created_at":"2021-09-03T22:45:06.000Z","id":"1433924036682211331","text":"RT @tri_continental: #LetCubaLive"},{"public_metrics":{"retweet_count":4,"reply_count":2,"like_count":9,"quote_count":0},"created_at":"2021-09-03T21:00:27.000Z","id":"1433897700924219393","text":"In our latest translation, Chinese blogger Red Defender reflects on India's COVID-19 crisis, calling for Chinese solidarity with India's working class and lower caste peoples despite the Modi regime's hostile posture towards China. \n\nRead more:\n\nhttps://t.co/mZ4f1vQuyz"},{"public_metrics":{"retweet_count":6,"reply_count":0,"like_count":19,"quote_count":0},"created_at":"2021-09-03T18:46:26.000Z","id":"1433863977205968902","text":"Excited for the @NoColdWar  webinar: an international peace forum with some wonderful speakers.\n\n\uD83D\uDCE2 @SachaLlorenti \n\uD83D\uDCE2 @IssaShivji \n\uD83D\uDCE2 @DrFredMmembe \n\uD83D\uDCE2 @RadDesai \n\uD83D\uDCE2 @kate4peace2021 \n\uD83D\uDCE2 @vijayprashad \n\uD83D\uDCE2 @ajamubaraka \n\uD83D\uDCE2 @JennyClegg1 \n\uD83D\uDCE2 @MikaelaNhondo \n\nhttps://t.co/THLJnxp6RP"},{"public_metrics":{"retweet_count":40,"reply_count":0,"like_count":0,"quote_count":0},"created_at":"2021-09-03T18:45:49.000Z","id":"1433863819542110210","text":"RT @NoColdWar: Excited to announce our next webinar: an international peace forum with some wonderful speakers.\n\n\uD83D\uDCE2 @SachaLlorenti \n\uD83D\uDCE2 @IssaS…"},{"public_metrics":{"retweet_count":18,"reply_count":0,"like_count":40,"quote_count":2},"created_at":"2021-09-03T18:45:02.000Z","id":"1433863623605112834","text":"Ending US aggression on #Cuba is Key to World Peace. Watch this important webinar/meeting which was organised on 29th August by @NoColdWar, @Blacks4Peace, @tri_continental &amp; International Manifesto Group.\n\n#LetCubaLive \n\nhttps://t.co/sVy0oh4vA9"},{"public_metrics":{"retweet_count":0,"reply_count":0,"like_count":2,"quote_count":0},"created_at":"2021-09-02T23:19:47.000Z","id":"1433570377637236744","text":"Argentina e China retomam acordo para construção da quarta usina nuclear no país sul-americano, com tecnologia chinesa Hualong\n#Geopolítica #NotíciasDaChina\n\nLeia Notícias da China No.65 @DongshengNewsBR: https://t.co/ys39QmxVGv https://t.co/ksrUqDtkuz"},{"public_metrics":{"retweet_count":2,"reply_count":0,"like_count":4,"quote_count":0},"created_at":"2021-09-02T23:19:28.000Z","id":"1433570299006660614","text":"Argentina y China retoman acuerdo para construcción de la cuarta planta nuclear del país sudamericano, con tecnología china Hualong\n#Geopolítica #NoticiasDeChina \n\nLea Noticias de China No. 65 @DongshengNewsES: https://t.co/eu4PGBYYkY https://t.co/N7KbmWs61J"},{"public_metrics":{"retweet_count":4,"reply_count":0,"like_count":24,"quote_count":0},"created_at":"2021-09-02T23:19:00.000Z","id":"1433570181796843520","text":"Argentina and China reactivate agreement to build the fourth nuclear plant in the South American country, using Chinese technology Hualong\n#GeoPolitics #NewsOnChina\n\nRead News on China No.65 @DongshengNews: https://t.co/6Wwim7AXik https://t.co/Izs1jToLIp"},{"public_metrics":{"retweet_count":5,"reply_count":0,"like_count":18,"quote_count":0},"created_at":"2021-09-02T15:58:24.000Z","id":"1433459303445315590","text":"Excited to announce our full conference program for CHINA AND THE LEFT.\n\nClick below for our full list of panels, talks, keynote speakers, and social mixer details.\n\nSEPTEMBER 18: 10 am to 8 pm\n\nHYBRID: In Person &amp; Livestreamed\n\nDETAILS &amp; RSVP ⤵️ https://t.co/HcIEJ33FUJ https://t.co/T963tNO2B8"},{"public_metrics":{"retweet_count":21,"reply_count":0,"like_count":0,"quote_count":0},"created_at":"2021-09-02T13:50:23.000Z","id":"1433427084668329989","text":"RT @QiushiJournal: #China will make basic public services more equally accessible by increasing inclusive #humanresources investment and im…"},{"public_metrics":{"retweet_count":35,"reply_count":0,"like_count":0,"quote_count":0},"created_at":"2021-09-01T21:58:27.000Z","id":"1433187522558013445","text":"RT @codepink: Over the past 20 years, top weapons companies have increased their campaign donations to our Congressmembers &amp; have managed t…"},{"public_metrics":{"retweet_count":1,"reply_count":1,"like_count":5,"quote_count":0},"created_at":"2021-09-01T21:36:54.000Z","id":"1433182097766760457","text":"Presidente Xi anuncia novo ciclo de reformas para combater as desigualdades sociais no país e construir a “prosperidade comum”\n#ProsperidadeComum #NotíciasDaChina\n\nLeia Notícias da China No.65 @DongshengNewsBR: https://t.co/ys39QmxVGv https://t.co/qJsBB8fByz"},{"public_metrics":{"retweet_count":0,"reply_count":0,"like_count":1,"quote_count":0},"created_at":"2021-09-01T21:36:34.000Z","id":"1433182017097805828","text":"Presidente Xi anuncia nuevo ciclo de reformas para combatir las desigualdades sociales en el país y construir la “prosperidad común”\n#ProsperidadComún #NoticiasDeChina\n\nLea Noticias de China No.65 @DongshengNewsES: https://t.co/eu4PGBYYkY https://t.co/fDEyaSVMKV"},{"public_metrics":{"retweet_count":3,"reply_count":1,"like_count":16,"quote_count":0},"created_at":"2021-09-01T21:36:18.000Z","id":"1433181947233292293","text":"President Xi announces a new cycle of reforms to address social inequalities in the country and build “common prosperity”\n#CommonProsperity #NewsOnChina\n\nRead News on China No.65 @DongshengNews: https://t.co/6Wwim7AXik https://t.co/65rG8qHg2G"},{"public_metrics":{"retweet_count":34,"reply_count":0,"like_count":0,"quote_count":0},"created_at":"2021-09-01T20:41:23.000Z","id":"1433168128905723907","text":"RT @ruima: Why do regulations that prevent discriminatory pricing, prohibit 996 overwork, give social benefits to laborers, prevent consume…"},{"public_metrics":{"retweet_count":92,"reply_count":0,"like_count":0,"quote_count":0},"created_at":"2021-09-01T19:18:20.000Z","id":"1433147226583351296","text":"RT @nickwestes: Biden wants to end the “endless war” with Afghanistan to focus on “serious competition with China” — for a new (endless) Co…"},{"public_metrics":{"retweet_count":1185,"reply_count":0,"like_count":0,"quote_count":0},"created_at":"2021-09-01T19:16:56.000Z","id":"1433146876182859777","text":"RT @BTnewsroom: Why are Cubans 15 times less likely to die from hurricanes than U.S. citizens? \n\nPopular educator @manolo_realengo, who liv…"},{"public_metrics":{"retweet_count":36,"reply_count":1,"like_count":114,"quote_count":0},"created_at":"2021-09-01T19:05:51.000Z","id":"1433144086442172416","text":"An excellent statement from @DSA_Intl_Comm condemning the latest imperialist proposed bill US Innovation and Competition Act that's clearly aimed at targeting China.\n\nGreat to see groups coming out and staking clear anti-imperialist stances on China. https://t.co/ALfy4xXQYX"},{"public_metrics":{"retweet_count":5,"reply_count":1,"like_count":24,"quote_count":0},"created_at":"2021-09-01T17:24:46.000Z","id":"1433118647942320131","text":"@codepink @chinanotenemy Say NO to the militarization of Asia and the Pacific! \n\nSign the @codepink &amp; @chinanotenemy petition calling on Congress to stop the sale of $750 million dollars worth of weapons systems to Taiwan. \n\nSay NO to Taiwan's support of the US Pivot to Asia.\nhttps://t.co/b85WPNU5p0"},{"public_metrics":{"retweet_count":22,"reply_count":2,"like_count":69,"quote_count":1},"created_at":"2021-09-01T17:24:45.000Z","id":"1433118645027225600","text":"Help us Stop the Sale of $750 Million of weapons to Taiwan! \n\nThis deal will deepen Taiwan's military ties with the US while aggressively undermining China's sovereignty and moving the US closer to war on China. #NoWaronChina @codepink\n@chinanotenemy\nhttps://t.co/z6Gw1DlKc0"},{"public_metrics":{"retweet_count":5,"reply_count":1,"like_count":20,"quote_count":1},"created_at":"2021-09-01T16:06:15.000Z","id":"1433098888974671875","text":"Read Qiao Collective's August newsletter hot off the press! We write about our suggested resources on Afghanistan, our upcoming conference, our latest writings, our suggested shows and entertainment, and much more!\n\nRead here ⤵️\nhttps://t.co/eozbgscKL6"},{"public_metrics":{"retweet_count":0,"reply_count":0,"like_count":2,"quote_count":0},"created_at":"2021-09-01T13:54:13.000Z","id":"1433065660326744070","text":"@socialist_china @eliasjabbour @rdunbaro @vijayprashad @RadDesai @maxajl @chematlhako @t_ings @manuvimalassery @sheilaxofficial Thank you!"},{"public_metrics":{"retweet_count":20,"reply_count":0,"like_count":0,"quote_count":0},"created_at":"2021-09-01T13:53:58.000Z","id":"1433065597311635459","text":"RT @socialist_china: We're excited about this one-day forum organized by @qiaocollective on Saturday 18 September. An all-star lineup of sp…"}],"meta":{"oldest_id":"1433065597311635459","newest_id":"1437894662715580417","result_count":95}}