{"data":[{"id":"1454175050270130178","created_at":"2021-10-29T19:55:23.000Z","text":"I knew I needed @zanelowe on THE ATLAS UNDERGROUND FIRE... with him \"The Achilles List\" was born (featuring @damianmarley.) \nHave you tried this riff yet? Stream the song now: \n\nhttps://t.co/78sEuzWvOB https://t.co/p16jszJ4ki","public_metrics":{"retweet_count":29,"reply_count":14,"like_count":311,"quote_count":3}},{"id":"1454129165318324224","created_at":"2021-10-29T16:53:04.000Z","text":"A VERY happy Halloween to this lad and his prize winning costume! https://t.co/hO5XZiSXCZ","public_metrics":{"retweet_count":296,"reply_count":35,"like_count":6015,"quote_count":9}},{"id":"1453846084275503106","created_at":"2021-10-28T22:08:12.000Z","text":"RT @radicaldaily: Oct 28 1954 – Enrique Flores Magón dies. Mexican revolutionary, established short-lived communes with IWW help during 191…","public_metrics":{"retweet_count":56,"reply_count":0,"like_count":0,"quote_count":0}},{"id":"1453821758188965890","created_at":"2021-10-28T20:31:32.000Z","text":"THE CHILDREN WILL RISE UP by @Nandi_Bushell featuring my son Roman killing it on the guitar – out now. \nWatch here: \nhttps://t.co/DYLKaT3BoN https://t.co/8PTHeiprj9","public_metrics":{"retweet_count":141,"reply_count":55,"like_count":1957,"quote_count":21}},{"id":"1453471762667253760","created_at":"2021-10-27T21:20:47.000Z","text":"Today I sit down with award-winning documentary filmmaker, activist, and author @MMFlint. In part 1 of this discussion, we talk about how Michael got started in both film and activism, and how he’s been stirring up trouble since the cradle. Listen here: \nhttps://t.co/T1NRoE6T53 https://t.co/mSBjaI9sIh","public_metrics":{"retweet_count":68,"reply_count":41,"like_count":736,"quote_count":14}},{"id":"1453190057314045954","created_at":"2021-10-27T02:41:23.000Z","text":"Hollywood elite at it again!! https://t.co/fuDfuiUpnX","public_metrics":{"retweet_count":88,"reply_count":105,"like_count":1450,"quote_count":6}},{"id":"1453113358010310664","created_at":"2021-10-26T21:36:36.000Z","text":"Hey you!  THE ATLAS UNDERGROUND FIRE is out everywhere! Fave track/lyric/solo?? https://t.co/gMqQbQIeUs","public_metrics":{"retweet_count":59,"reply_count":22,"like_count":1167,"quote_count":5}},{"id":"1453111887801950216","created_at":"2021-10-26T21:30:46.000Z","text":"A real hero, this one. https://t.co/pwRGSO5OGW","public_metrics":{"retweet_count":21,"reply_count":5,"like_count":391,"quote_count":0}},{"id":"1453026502010884106","created_at":"2021-10-26T15:51:28.000Z","text":"Help end ALS and celebrate a legend, Baron Wolman. The man photographed Jimi, Janis, Johnny and more. #ALS \nhttps://t.co/O8SSvFQ023 https://t.co/tUjMjWD7OO","public_metrics":{"retweet_count":28,"reply_count":3,"like_count":276,"quote_count":6}},{"id":"1452775685131366405","created_at":"2021-10-25T23:14:49.000Z","text":"RT @amnestypress: #BREAKING: Ahead of tomorrow’s appeal hearing against the decision by a UK court not to extradite #JulianAssange to the U…","public_metrics":{"retweet_count":405,"reply_count":0,"like_count":0,"quote_count":0}},{"id":"1452760565936492552","created_at":"2021-10-25T22:14:44.000Z","text":"Add a $50 guitar recorded on the voice memo of my phone, 3 generations of Morellos on vocals, and you’ve got this here audio avalanche.","public_metrics":{"retweet_count":2,"reply_count":2,"like_count":70,"quote_count":1}},{"id":"1452760412496224259","created_at":"2021-10-25T22:14:07.000Z","text":"Check out CHARMED I’M SURE off my new album THE ATLAS UNDERGROUND FIRE! Song features @Protohype, a great young firebrand of an artist who just destroys in the world of futuristic dubstep.\n\nhttps://t.co/llCzt3nsUc https://t.co/4vrGK2ywex","public_metrics":{"retweet_count":14,"reply_count":7,"like_count":139,"quote_count":0}},{"id":"1452665662657073152","created_at":"2021-10-25T15:57:37.000Z","text":"RT @1015WKKG: Chris Stapleton, Tom Morello Team Up On Morello’s New Solo Project https://t.co/2xHecHXt0t","public_metrics":{"retweet_count":6,"reply_count":0,"like_count":0,"quote_count":0}},{"id":"1452664321071149056","created_at":"2021-10-25T15:52:17.000Z","text":"RT @indierocks: [#ReseñaIR] El nuevo álbum solista de @tmorello está lleno de repercusiones y buenas vibras. 'The Atlas Underground Fire' e…","public_metrics":{"retweet_count":5,"reply_count":0,"like_count":0,"quote_count":0}},{"id":"1452440934583455748","created_at":"2021-10-25T01:04:38.000Z","text":"RT @MazMHussain: I wrote something about the psychology of drone strikes, based on two recent books looking at things from the perspective…","public_metrics":{"retweet_count":127,"reply_count":0,"like_count":0,"quote_count":0}},{"id":"1452440590814113795","created_at":"2021-10-25T01:03:16.000Z","text":"RT @Tony_Tracy: The songs of the Industrial Workers of the World (I.W.W.) “live on wherever working people stand up for their rights, dream…","public_metrics":{"retweet_count":15,"reply_count":0,"like_count":0,"quote_count":0}},{"id":"1452440473973313542","created_at":"2021-10-25T01:02:48.000Z","text":"RT @SPIN: .@tmorello tells us the 5 albums he can't live without https://t.co/dfZwTzDdHN","public_metrics":{"retweet_count":6,"reply_count":0,"like_count":0,"quote_count":0}},{"id":"1452303896366419983","created_at":"2021-10-24T16:00:06.000Z","text":"RT @nytopinion: The Industrial Workers of the World's songs \"have an unapologetic mission,” writes @TMorello, “to fan the flames of discont…","public_metrics":{"retweet_count":34,"reply_count":0,"like_count":0,"quote_count":0}},{"id":"1452014082282852353","created_at":"2021-10-23T20:48:28.000Z","text":"RT @RATMofficial: California State University, Northridge / October 23rd, 1991 https://t.co/om7jD4FRrI","public_metrics":{"retweet_count":346,"reply_count":0,"like_count":0,"quote_count":0}},{"id":"1451979187737088002","created_at":"2021-10-23T18:29:49.000Z","text":"Love this https://t.co/ZV6Nyo6Jx1","public_metrics":{"retweet_count":74,"reply_count":16,"like_count":1114,"quote_count":2}},{"id":"1451964312726097920","created_at":"2021-10-23T17:30:43.000Z","text":"RT @ProGloCommons: Chris Stapleton, Tom Morello Team Up to Fight ‘The War Inside’ [Listen] https://t.co/2LfMw3GT5h @tasteofcountry","public_metrics":{"retweet_count":10,"reply_count":0,"like_count":0,"quote_count":0}},{"id":"1451939637207834626","created_at":"2021-10-23T15:52:39.000Z","text":"RT @1037TheGator: Chris Stapleton, Tom Morello Team Up to Fight 'The War Inside' https://t.co/3gRu7YVW1p","public_metrics":{"retweet_count":10,"reply_count":0,"like_count":0,"quote_count":0}},{"id":"1451786319479197703","created_at":"2021-10-23T05:43:26.000Z","text":"RT @nytopinion: The Industrial Workers of the World's songs \"have an unapologetic mission,” writes @TMorello, “to fan the flames of discont…","public_metrics":{"retweet_count":19,"reply_count":0,"like_count":0,"quote_count":0}},{"id":"1451681246560411651","created_at":"2021-10-22T22:45:54.000Z","text":"RT @_ElizabethRB: stop calling it the \"defense\" budget","public_metrics":{"retweet_count":97,"reply_count":0,"like_count":0,"quote_count":0}},{"id":"1451680359154786304","created_at":"2021-10-22T22:42:23.000Z","text":"RT @US105fm: Chris Stapleton, Tom Morello Team Up to Fight ‘The War Inside’ [Listen] https://t.co/q0sVODf1B5","public_metrics":{"retweet_count":12,"reply_count":0,"like_count":0,"quote_count":0}},{"id":"1451641886972817412","created_at":"2021-10-22T20:09:30.000Z","text":"\uD83D\uDD25 \uD83D\uDD25 \uD83D\uDD25 https://t.co/sZcokV90nU","public_metrics":{"retweet_count":9,"reply_count":4,"like_count":172,"quote_count":1}},{"id":"1451620857118289920","created_at":"2021-10-22T18:45:56.000Z","text":"RT @ertmedias: Tom Morello ft. Bring Me The Horizon – Let’s Get The Party Started (lyric)(@tmorello) https://t.co/CBVUCgXcHe https://t.co/w…","public_metrics":{"retweet_count":6,"reply_count":0,"like_count":0,"quote_count":0}},{"id":"1451562612336967680","created_at":"2021-10-22T14:54:30.000Z","text":"RT @NMEJAPAN: トム・モレロ、グランドサンとのコラボ曲“Hold The Line”のミュージック・ビデオが公開 | NME Japan https://t.co/3VCQCTbwic #RATM #TomMorello","public_metrics":{"retweet_count":5,"reply_count":0,"like_count":0,"quote_count":0}},{"id":"1451561489702129675","created_at":"2021-10-22T14:50:02.000Z","text":"RT @LangweileDich: Musikvideo: @tmorello ft. @grandson - \"Hold The Line\" https://t.co/HCsrfGmEth https://t.co/HXFm4X8cZF","public_metrics":{"retweet_count":9,"reply_count":0,"like_count":0,"quote_count":0}},{"id":"1451560961521844233","created_at":"2021-10-22T14:47:56.000Z","text":"RT @TonyKaron: \"You ain't done nothin' if you ain't been called a Red...\" @tmorello reminds Americans who've not done much singing at prote…","public_metrics":{"retweet_count":16,"reply_count":0,"like_count":0,"quote_count":0}},{"id":"1451424120369926150","created_at":"2021-10-22T05:44:11.000Z","text":"RT @gekirock: Tom Morello（RAGE AGAINST THE MACHINE etc）、最新ソロ・アルバム『The Atlas Underground Fire』より「Hold The Line (feat. GRANDSON)」MV公開！ \nhttps…","public_metrics":{"retweet_count":13,"reply_count":0,"like_count":0,"quote_count":0}},{"id":"1451354051052859392","created_at":"2021-10-22T01:05:45.000Z","text":"RT @ORIONROCK935: Tom Morello - Hold The Line (feat. grandson) [Official Video] - https://t.co/CK25EPCrkT https://t.co/4nn82yL972","public_metrics":{"retweet_count":8,"reply_count":0,"like_count":0,"quote_count":0}},{"id":"1451353015730933762","created_at":"2021-10-22T01:01:38.000Z","text":"RT @guiadelrock: Tom Morello: The Atlas Underground fire - Rock The Best Music https://t.co/t4KJ7kPcwS https://t.co/vOsJHcVhKi","public_metrics":{"retweet_count":9,"reply_count":0,"like_count":0,"quote_count":0}},{"id":"1451282961484050454","created_at":"2021-10-21T20:23:16.000Z","text":"RT @The_NewArab: Guitarist Tom Morello appeared on a song with Palestinian DJ Sama Abdulhadi for his new album 'The Atlas Underground Fire'…","public_metrics":{"retweet_count":19,"reply_count":0,"like_count":0,"quote_count":0}},{"id":"1451256271626248194","created_at":"2021-10-21T18:37:12.000Z","text":"The music video for our new song \"Hold The Line\" (Ft. @grandson) off of THE ATLAS UNDERGROUND FIRE is out now \uD83E\uDD18 Watch it here:\n\nhttps://t.co/kYLveBsG2S https://t.co/sY6ZYvk2Fs","public_metrics":{"retweet_count":69,"reply_count":16,"like_count":406,"quote_count":4}},{"id":"1451247901846298625","created_at":"2021-10-21T18:03:57.000Z","text":"RT @LangweileDich: Nandi Bushell ft. Roman &amp; Tom Morello - \"The Children Will Rise Up!\" - Mit Jack Black &amp; Greta Thunberg im Video! https:/…","public_metrics":{"retweet_count":3,"reply_count":0,"like_count":0,"quote_count":0}},{"id":"1451241932886138880","created_at":"2021-10-21T17:40:14.000Z","text":"RT @TOWER_AbenoHoop: 【#TomMorello】\n\nレイジ・アゲインスト・ザ・マシーンのギタリスト\nトム・モレロ\nソロ・アルバム\n『The Atlas Underground Fire』\n国内盤CD 絶賛発売中！！\n\nオルタナティブ/ロック/EDMの枠を超え…","public_metrics":{"retweet_count":1,"reply_count":0,"like_count":0,"quote_count":0}},{"id":"1451241023837933568","created_at":"2021-10-21T17:36:37.000Z","text":"RT @rockbizzbrasil: Tom Morello lança novo álbum The Atlas Underground Fire. #Tommorello #RockBizz https://t.co/LbasUomPUv","public_metrics":{"retweet_count":4,"reply_count":0,"like_count":0,"quote_count":0}},{"id":"1451239880948797440","created_at":"2021-10-21T17:32:05.000Z","text":"RT @The_NewArab: Rage Against the Machine guitarist Tom Morello appeared on a song with Palestinian DJ Sama Abdulhadi for his new album 'Th…","public_metrics":{"retweet_count":20,"reply_count":0,"like_count":0,"quote_count":0}},{"id":"1451239834249416719","created_at":"2021-10-21T17:31:53.000Z","text":"RT @Rockthbestmusic: Tom Morello – The Atlas Underground Fire https://t.co/TvzaNv9qFs","public_metrics":{"retweet_count":8,"reply_count":0,"like_count":0,"quote_count":0}},{"id":"1451217449781710857","created_at":"2021-10-21T16:02:57.000Z","text":"TODAY- Catch @grandson and I live on my @YouTube channel at 10:00am PT ahead of the video premiere for our new song \"Hold The Line,\" off of THE ATLAS UNDERGROUND FIRE: \n\nhttps://t.co/qdlhckQaPX","public_metrics":{"retweet_count":12,"reply_count":4,"like_count":154,"quote_count":0}},{"id":"1451027532690563079","created_at":"2021-10-21T03:28:17.000Z","text":"RT @RBReich: I will never accept a system that enables 745 billionaires to add $2.1 trillion to their wealth in 19 months but doesn’t raise…","public_metrics":{"retweet_count":9900,"reply_count":0,"like_count":0,"quote_count":0}},{"id":"1450995596752392194","created_at":"2021-10-21T01:21:23.000Z","text":"RT @nytopinion: The Industrial Workers of the World's songs \"have an unapologetic mission,” writes @TMorello, “to fan the flames of discont…","public_metrics":{"retweet_count":41,"reply_count":0,"like_count":0,"quote_count":0}},{"id":"1450995204123619328","created_at":"2021-10-21T01:19:49.000Z","text":"RT @rollingstoneaus: Needing a creative lifeline in the midst of the COVID pandemic, Tom Morello turned to his musical friends, and emerged…","public_metrics":{"retweet_count":13,"reply_count":0,"like_count":0,"quote_count":0}},{"id":"1450951891651678214","created_at":"2021-10-20T22:27:43.000Z","text":"If you enjoy things that are good: https://t.co/nfR2De1dqB","public_metrics":{"retweet_count":200,"reply_count":28,"like_count":1964,"quote_count":10}},{"id":"1450950424811474947","created_at":"2021-10-20T22:21:53.000Z","text":"@grandson and I will be going live tomorrow on @YouTube at 10:00am PT ahead of the premiere of our video for \"Hold The Line.”\n\nTune in here: \nhttps://t.co/qdlhckQaPX https://t.co/LyW66RhkaO","public_metrics":{"retweet_count":17,"reply_count":2,"like_count":160,"quote_count":1}},{"id":"1450931468402774021","created_at":"2021-10-20T21:06:33.000Z","text":"RT @grandsonnews: “You may know Blood//Water ... but do you know Hold The Line with Tom Morello?”\n\ngrandson via TikTok https://t.co/VwCdqHP…","public_metrics":{"retweet_count":20,"reply_count":0,"like_count":0,"quote_count":0}},{"id":"1450931141641314308","created_at":"2021-10-20T21:05:15.000Z","text":"RT @moreben73: “The Atlas Underground Fire” de Tom Morello es un viaje intenso musical https://t.co/pgwifHGsTV","public_metrics":{"retweet_count":3,"reply_count":0,"like_count":0,"quote_count":0}},{"id":"1450925936598265856","created_at":"2021-10-20T20:44:34.000Z","text":"MAXIMUM FIREPOWER Ep. 34: My friend Nora Guthrie joins me today to discuss the brand new book \"Woody Guthrie: Songs and Art • Words and Wisdom\" that she has curated about her father's powerful work and his lasting legacy in this world. Listen here: https://t.co/T1NRoE6T53 https://t.co/oaQovCFFig","public_metrics":{"retweet_count":21,"reply_count":5,"like_count":124,"quote_count":2}},{"id":"1450853760163454981","created_at":"2021-10-20T15:57:46.000Z","text":"RT @mdiscosqamigos: \"Obrigado, camaradas\": Tom Morello se declara ao Brasil e celebra shows no país &gt; https://t.co/JnITAMIXLr https://t.co/…","public_metrics":{"retweet_count":11,"reply_count":0,"like_count":0,"quote_count":0}},{"id":"1450853674750648326","created_at":"2021-10-20T15:57:26.000Z","text":"RT @diskunion_DKI: 入荷しました！\nTOM MORELLO / トム・モレロ / ジ・アトラス・アンダーグラウンド・ファイア (帯・解説付き国内仕様) / 国内CD\n★レイジ・アゲインスト・ザ・マシーンのギタリスト、超豪華ゲストが大挙参加した最新作が完成! h…","public_metrics":{"retweet_count":4,"reply_count":0,"like_count":0,"quote_count":0}},{"id":"1450853272839806980","created_at":"2021-10-20T15:55:50.000Z","text":"RT @visualmusicorg: Tom Morello, Chris Stapleton: La collab https://t.co/T7JQJdnQnY","public_metrics":{"retweet_count":5,"reply_count":0,"like_count":0,"quote_count":0}},{"id":"1450803141302177797","created_at":"2021-10-20T12:36:38.000Z","text":"The Atlas Underground Fire is OUT NOW. I’ll be going LIVE on Instagram with @MikePosner TODAY at 1:30pm PT.\n\nListen to our song Naraka: https://t.co/DHOvhcylVM\n\nSee you there.","public_metrics":{"retweet_count":11,"reply_count":4,"like_count":75,"quote_count":1}},{"id":"1450640041575804933","created_at":"2021-10-20T01:48:32.000Z","text":"RT @Fumu69R: GET THE PARTY STARTED！\n大暴れはしないけど\nバカデカい声で叫びたい⚡️\nこの曲はじめて聴いたけどRAGEみ強いですね⚡️\nおはようございます\uD83C\uDF1E\n\n\"Let’s Get The Party Started\" by Tom Morel…","public_metrics":{"retweet_count":3,"reply_count":0,"like_count":0,"quote_count":0}},{"id":"1450597489556398080","created_at":"2021-10-19T22:59:26.000Z","text":"RT @outsider: \uD83C\uDFB6Chris Stapleton continues to bless us with good tunes, this time pairing up with Tom Morello for a smooth-riding ‘The War In…","public_metrics":{"retweet_count":8,"reply_count":0,"like_count":0,"quote_count":0}},{"id":"1450595560344461322","created_at":"2021-10-19T22:51:47.000Z","text":"As a wave of workers’ strikes sweep the nation “SONGS OF JUSTICE AND POWER” my first opinion newsletter with @nytimes debuts tomorrow. Read more here: \n\nhttps://t.co/J6TQcfim1j","public_metrics":{"retweet_count":44,"reply_count":18,"like_count":314,"quote_count":3}},{"id":"1450544255303311364","created_at":"2021-10-19T19:27:54.000Z","text":"Listen now: \n\nhttps://t.co/wA5kBMRSj1","public_metrics":{"retweet_count":12,"reply_count":5,"like_count":105,"quote_count":2}},{"id":"1450544133685317636","created_at":"2021-10-19T19:27:25.000Z","text":"@ChrisStapleton and I wrote “The War Inside” about the emotions and experiences we were both facing during the height of the pandemic. Though we were all in lockdown and felt quite isolated,we knew the thesis \"It's really tough to win the war inside” spoke to a universal feeling. https://t.co/QFpJEyy1lv","public_metrics":{"retweet_count":8,"reply_count":6,"like_count":152,"quote_count":2}},{"id":"1450496426111213574","created_at":"2021-10-19T16:17:51.000Z","text":"RT @anti_flag: if the workers take a notion, they can stop all speeding trains. every ship ion the oceans, they can tie with mighty chains.…","public_metrics":{"retweet_count":62,"reply_count":0,"like_count":0,"quote_count":0}},{"id":"1450495858156339205","created_at":"2021-10-19T16:15:36.000Z","text":"RT @HaiMagazine: The Atlas Underground Fire, Album yang Menyelamatkan Tom Morello Saat Pandemi https://t.co/amoxelie18","public_metrics":{"retweet_count":3,"reply_count":0,"like_count":0,"quote_count":0}},{"id":"1450495229501403145","created_at":"2021-10-19T16:13:06.000Z","text":"RT @DragonDoor9: Tom Morello 『THE ATLAS UNDERGROUND FIRE』\n前作はダンスよりだったが今回はロックより。久しぶりにガツンと来た「Let’s Get The Party Started』をヘビーローテーション中。Rage Ag…","public_metrics":{"retweet_count":3,"reply_count":0,"like_count":0,"quote_count":0}},{"id":"1450479098518818834","created_at":"2021-10-19T15:09:00.000Z","text":"https://t.co/2JwtqqnWI2","public_metrics":{"retweet_count":68,"reply_count":15,"like_count":574,"quote_count":3}},{"id":"1450479033779736588","created_at":"2021-10-19T15:08:44.000Z","text":"Reposted from @redfishstream  • \nU.S. war criminal, liar, and killer of hundreds of thousands of innocent people Colin Powell has died today. Here are some highlights of his legacy. https://t.co/8V0rnlZ2Gs","public_metrics":{"retweet_count":370,"reply_count":50,"like_count":1486,"quote_count":37}},{"id":"1450295891760271360","created_at":"2021-10-19T03:01:00.000Z","text":"RT @AMNplify: TOM MORELLO's new album came out yesterday, and we are on the job. Check out Brandon's review. Fresh!\n\n@tmorello @BrandonVala…","public_metrics":{"retweet_count":7,"reply_count":0,"like_count":0,"quote_count":0}},{"id":"1450294634647670789","created_at":"2021-10-19T02:56:00.000Z","text":"RT @AlejandroFranco: \"The Atlas Underground Fire\" de @tmorello es nuestro disco de la semana y recién lo tuvimos al aire en @WFM_Wradio. Pa…","public_metrics":{"retweet_count":2,"reply_count":0,"like_count":0,"quote_count":0}},{"id":"1450265212771262471","created_at":"2021-10-19T00:59:06.000Z","text":"Last week I joined @zanelowe on @AppleMusic’s New Music Daily to discuss my new album THE ATLAS UNDERGROUND FIRE. \uD83D\uDD25 \uD83D\uDD25\nCheck out the interview here: \n\nhttps://t.co/UrrQ4l9EwI https://t.co/UdfqUFAGOq","public_metrics":{"retweet_count":7,"reply_count":6,"like_count":65,"quote_count":1}},{"id":"1450126871308476416","created_at":"2021-10-18T15:49:22.000Z","text":"Thanks @Deezer for the playlist cover of Hot New Rock. Listen to \"Save Our Souls\" (Ft. Dennis Lyxzén) on Hot New Rock NOW:\n\nhttps://t.co/AAD29D3Nt9 https://t.co/s5nY7SDTbd","public_metrics":{"retweet_count":10,"reply_count":4,"like_count":159,"quote_count":0}},{"id":"1449942998163197955","created_at":"2021-10-18T03:38:44.000Z","text":"RT @fenforeveryone: Tom Morello - The War Inside ft. Chris Stapleton. See The Lyrics and Music Video on our website For Everyone Now\n \n#Tom…","public_metrics":{"retweet_count":18,"reply_count":0,"like_count":0,"quote_count":0}},{"id":"1449870178829971464","created_at":"2021-10-17T22:49:22.000Z","text":"Going LIVE on Instagram with @olobersyko of @bmthofficial TOMORROW at 11am PT. See you then. #TheAtlasUndergroundFire","public_metrics":{"retweet_count":17,"reply_count":7,"like_count":105,"quote_count":2}},{"id":"1449868296795435010","created_at":"2021-10-17T22:41:53.000Z","text":"Crank up \"LET\"S GET THE PARTY STARTED\" (Ft. @bmthofficial) on @youtubemusic’s Maximum Decibels. Check out the playlist here: \n\nhttps://t.co/hqYoUYGru0 https://t.co/moDa8LHwBy","public_metrics":{"retweet_count":19,"reply_count":6,"like_count":164,"quote_count":0}},{"id":"1449824117859893248","created_at":"2021-10-17T19:46:20.000Z","text":"RT @grandsonnews: “How my new song Hold The Line was made, featuring the legendary TOM MORELLO on \uD83C\uDFB8”\n\ngrandson via TikTok https://t.co/cAZr…","public_metrics":{"retweet_count":25,"reply_count":0,"like_count":0,"quote_count":0}},{"id":"1449810660070658048","created_at":"2021-10-17T18:52:52.000Z","text":"\"The War Inside\" (Ft. @ChrisStapleton) now on @amazonmusic's Rock Arena playlist. Listen here: \n\nhttps://t.co/JI528w5Yyb https://t.co/bztO9dFTlz","public_metrics":{"retweet_count":12,"reply_count":6,"like_count":103,"quote_count":1}},{"id":"1449758651367890959","created_at":"2021-10-17T15:26:12.000Z","text":"RT @im_PULSE: In Billy F. Gibbons' \"Hardware\" I thought I already had 2021's top rock record, but with @tmorello's \"Atlas Underground Fire\"…","public_metrics":{"retweet_count":5,"reply_count":0,"like_count":0,"quote_count":0}},{"id":"1449575277214924803","created_at":"2021-10-17T03:17:32.000Z","text":"How? I’m happy to repost the article right here 10 seconds after it hits the wire. Problem solved. Meanwhile refer to 3 decades of (free) interviews on this topic and my 21 albums that  I encourage you to download illegally to hold the workers over til then. https://t.co/84X2w4WECU","public_metrics":{"retweet_count":53,"reply_count":35,"like_count":1094,"quote_count":5}},{"id":"1449517069616259073","created_at":"2021-10-16T23:26:14.000Z","text":"“The War Inside” (Ft. @ChrisStapleton) now playing on @MusicChoice’s Adult Alternative Channel. Check it out here: \nhttps://t.co/ez8xt39qFH","public_metrics":{"retweet_count":7,"reply_count":6,"like_count":58,"quote_count":0}},{"id":"1449503556709470208","created_at":"2021-10-16T22:32:33.000Z","text":"The article is about the historical struggle of the IWW to overthrow the global system of wage slavery and music as a key cultural component of that struggle. Happy to send it to you for free, Throne Of Blood. https://t.co/ZuFyCD22vE","public_metrics":{"retweet_count":18,"reply_count":13,"like_count":228,"quote_count":1}},{"id":"1449500991242395652","created_at":"2021-10-16T22:22:21.000Z","text":"Thus guy is solid. @foofighters guitarist @ChrisShiflett71 right on man https://t.co/c474D0WwkT","public_metrics":{"retweet_count":62,"reply_count":3,"like_count":621,"quote_count":1}},{"id":"1449498419555229700","created_at":"2021-10-16T22:12:08.000Z","text":"RT @EoinHiggins_: Cops are really saying \"we're trying to figure out how she put herself in the police van\"","public_metrics":{"retweet_count":9212,"reply_count":0,"like_count":0,"quote_count":0}},{"id":"1449498032001617924","created_at":"2021-10-16T22:10:35.000Z","text":"Great new @IkeReilly album out now! Check it out! @LibertyvilleVOL @LibertyvilleD70 @MainStreetLvill #GoWildcats! https://t.co/SrZbyAlchs","public_metrics":{"retweet_count":7,"reply_count":0,"like_count":47,"quote_count":2}},{"id":"1449431866965037056","created_at":"2021-10-16T17:47:40.000Z","text":"RT @AfghansTomorrow: No admission of guilt. No compensation for all the other families of imperialist violence that was inflicted upon Afgh…","public_metrics":{"retweet_count":40,"reply_count":0,"like_count":0,"quote_count":0}},{"id":"1449419623514849281","created_at":"2021-10-16T16:59:01.000Z","text":"RT @RATMofficial: Testify - from the Live at Finsbury Park DVD https://t.co/nbtIGr7WCj","public_metrics":{"retweet_count":915,"reply_count":0,"like_count":0,"quote_count":0}},{"id":"1449419098966790149","created_at":"2021-10-16T16:56:56.000Z","text":"RT @Nixnives1: “I believe that all music, all art is political,  every single note of it...I happen to be a guitar player. So it’s been my…","public_metrics":{"retweet_count":33,"reply_count":0,"like_count":0,"quote_count":0}},{"id":"1449415347346362369","created_at":"2021-10-16T16:42:02.000Z","text":"RT @springsteen: Congratulations to @tmorello on his new album 'The Atlas Underground Fire' featuring Bruce (and Eddie Vedder!) on \"Highway…","public_metrics":{"retweet_count":177,"reply_count":0,"like_count":0,"quote_count":0}},{"id":"1449415060065902600","created_at":"2021-10-16T16:40:53.000Z","text":"RT @1037TheGator: Chris Stapleton Howls, Tom Morello Shreds in Dark New Song ‘The War Inside’ https://t.co/kdcfDAdfgD","public_metrics":{"retweet_count":9,"reply_count":0,"like_count":0,"quote_count":0}},{"id":"1449379533673705479","created_at":"2021-10-16T14:19:43.000Z","text":"I am featured on this week's episode of @Spotify’s [X] on [Y], talking about one of my favorite artists, @springsteen. Listen to the episode now: \nhttps://t.co/OgkJx3IK9q https://t.co/bArpOReccd","public_metrics":{"retweet_count":11,"reply_count":1,"like_count":66,"quote_count":1}},{"id":"1449290165608857607","created_at":"2021-10-16T08:24:36.000Z","text":"Well that’s the whole thing right there is it not? https://t.co/5D6zcxxpLi","public_metrics":{"retweet_count":100,"reply_count":17,"like_count":915,"quote_count":2}},{"id":"1449256728571219969","created_at":"2021-10-16T06:11:44.000Z","text":"Love you guys https://t.co/QoNXRJqDST","public_metrics":{"retweet_count":10,"reply_count":6,"like_count":148,"quote_count":2}},{"id":"1449256377365327875","created_at":"2021-10-16T06:10:20.000Z","text":"WITH YOU. Blast that shit on the picket line brother!! #Solidarity @grandson https://t.co/ZgDJIvcivR","public_metrics":{"retweet_count":23,"reply_count":2,"like_count":322,"quote_count":2}},{"id":"1449255985663528964","created_at":"2021-10-16T06:08:47.000Z","text":"RT @rockaxisoficial: El fuego sagrado: Tom Morello editó hoy \"The Atlas Underground Fire\", su nuevo trabajo solista.\n\nCon invitados que van…","public_metrics":{"retweet_count":14,"reply_count":0,"like_count":0,"quote_count":0}},{"id":"1449222101575995396","created_at":"2021-10-16T03:54:08.000Z","text":"RT @X_3_1_: \uD83D\uDE33\uD83E\uDD18\uD83C\uDFFCTom Morello - Charmed I'm Sure (feat. Protohype) [Official Audio] https://t.co/9pFskQWuPi via @YouTube @tmorello","public_metrics":{"retweet_count":3,"reply_count":0,"like_count":0,"quote_count":0}},{"id":"1449202214254223364","created_at":"2021-10-16T02:35:07.000Z","text":"RT @FormedNotice: Guitarrista Tom Morello fala de sua militância esquerdista e do novo disco solo, que tem uma cover de AC/DC com Bruce Spr…","public_metrics":{"retweet_count":44,"reply_count":0,"like_count":0,"quote_count":0}},{"id":"1449183269631639555","created_at":"2021-10-16T01:19:50.000Z","text":"Thanks Bruce! You sound like the damn KING OF ROCK N ROLL on our track!! https://t.co/OK3Ff8sVBA","public_metrics":{"retweet_count":56,"reply_count":11,"like_count":718,"quote_count":0}},{"id":"1449163644755800068","created_at":"2021-10-16T00:01:51.000Z","text":"RT @98Rock: Listen to Tom Morello's new collaboration with grandson, “Hold the Line” https://t.co/bSTKcuv6Wr","public_metrics":{"retweet_count":18,"reply_count":0,"like_count":0,"quote_count":0}},{"id":"1449163620718301184","created_at":"2021-10-16T00:01:45.000Z","text":"RT @Tomoki_in_OC: Rage Against The MachineのギタリストTom MorelloがリリースしたソロアルバムThe Atlas Underground Fireが全曲試聴可能に。ゲストにBruce Springsteen/Eddie Vedd…","public_metrics":{"retweet_count":17,"reply_count":0,"like_count":0,"quote_count":0}}],"meta":{"oldest_id":"1449163620718301184","newest_id":"1454175050270130178","result_count":94}}