{"data":[{"created_at":"2021-11-29T22:24:59.000Z","text":"Solidarity! https://t.co/rNYGIz8cb1","id":"1465446720079204357","public_metrics":{"retweet_count":39,"reply_count":3,"like_count":421,"quote_count":3}},{"created_at":"2021-11-29T16:43:36.000Z","text":"Great cause, great city. Get yourself some #SoulPower https://t.co/1B7TtuGqBP","id":"1465360809899425800","public_metrics":{"retweet_count":31,"reply_count":5,"like_count":196,"quote_count":0}},{"created_at":"2021-11-28T22:33:47.000Z","text":"Hot jam right here fellas! https://t.co/4vSTxz30Vc","id":"1465086547607228416","public_metrics":{"retweet_count":4,"reply_count":6,"like_count":114,"quote_count":3}},{"created_at":"2021-11-28T19:59:27.000Z","text":"Jim Morrison predicts the future of music  https://t.co/hMLMgsyMAx","id":"1465047707567853568","public_metrics":{"retweet_count":48,"reply_count":17,"like_count":329,"quote_count":3}},{"created_at":"2021-11-27T16:26:15.000Z","text":"#BlackSpartacusSaturday https://t.co/ZRlGv1QqUQ","id":"1464631665502736387","public_metrics":{"retweet_count":50,"reply_count":17,"like_count":1091,"quote_count":4}},{"created_at":"2021-11-27T06:08:33.000Z","text":"RT @VetsAboutFace: come for the amenities, grab a burger and enjoy the college campus vibes, don’t mind the torture, rendition and indefini…","id":"1464476218258964483","public_metrics":{"retweet_count":90,"reply_count":0,"like_count":0,"quote_count":0}},{"created_at":"2021-11-26T17:18:59.000Z","text":"ONE WEEK until the new album is released. “RAISING HELL” (ft. @BenHarper) out now everywhere! #TheAltasUndergroundFlood\n\nhttps://t.co/Ada6mwiZnY https://t.co/rjV7IimMRl","id":"1464282548868202498","public_metrics":{"retweet_count":24,"reply_count":5,"like_count":252,"quote_count":4}},{"created_at":"2021-11-25T00:05:51.000Z","text":"Hmm. Not so sure about that. Yours? https://t.co/RxsgGZqZft","id":"1463660166348361732","public_metrics":{"retweet_count":139,"reply_count":1895,"like_count":3086,"quote_count":537}},{"created_at":"2021-11-24T21:52:16.000Z","text":"On today’s podcast episode I sit down with @BarnsCourtney to talk about the journey of our song \"Human\" off of my upcoming album, The Atlas Underground Flood. Listen wherever you get your podcasts:\n\nhttps://t.co/T1NRoE6T53 https://t.co/XrkZerDyBO","id":"1463626548645347332","public_metrics":{"retweet_count":13,"reply_count":13,"like_count":111,"quote_count":5}},{"created_at":"2021-11-24T20:19:44.000Z","text":"It took the outrage and actions of millions to get to today. Rest In Peace, Ahmaud. https://t.co/DOyEUFSCyB","id":"1463603260573425664","public_metrics":{"retweet_count":724,"reply_count":55,"like_count":5276,"quote_count":14}},{"created_at":"2021-11-24T16:36:03.000Z","text":"Let’s goooo! https://t.co/XN2B5JzYdn","id":"1463546968316145667","public_metrics":{"retweet_count":63,"reply_count":7,"like_count":522,"quote_count":1}},{"created_at":"2021-11-24T04:36:23.000Z","text":"When white people stand up for black people they’re sometimes killed by white people who are not into that sort of thing. That’s what I’d say. https://t.co/rCpj7AIf45 https://t.co/SIosWARnPC","id":"1463365860999843840","public_metrics":{"retweet_count":245,"reply_count":41,"like_count":2137,"quote_count":9}},{"created_at":"2021-11-24T04:26:51.000Z","text":"That was a good time! https://t.co/kgaTH70rfv","id":"1463363461333745664","public_metrics":{"retweet_count":41,"reply_count":4,"like_count":925,"quote_count":0}},{"created_at":"2021-11-24T00:06:31.000Z","text":"All proceeds will go towards supplies for the thousands of striking union workers who are holding the line right now as they fight for living wages and benefits across America. To learn more and to enter to win now through 11/30, visit: https://t.co/eLEvdttMKB","id":"1463297947056185345","public_metrics":{"retweet_count":19,"reply_count":2,"like_count":119,"quote_count":0}},{"created_at":"2021-11-24T00:06:31.000Z","text":"HOLD THE LINE sweepstakes – One more week to enter to win my signature guitar signed by both @grandson and I that I rocked on @FallonTonight. https://t.co/RdEB8slKHK","id":"1463297945307164673","public_metrics":{"retweet_count":35,"reply_count":5,"like_count":495,"quote_count":2}},{"created_at":"2021-11-23T23:18:15.000Z","text":"My dude! https://t.co/zxwts3hM3S","id":"1463285798623539201","public_metrics":{"retweet_count":32,"reply_count":8,"like_count":490,"quote_count":2}},{"created_at":"2021-11-23T20:06:29.000Z","text":"RT @Angelsfeartogo: Worth a thought… https://t.co/Rxkndd1Hys","id":"1463237537116213252","public_metrics":{"retweet_count":7614,"reply_count":0,"like_count":0,"quote_count":0}},{"created_at":"2021-11-23T19:40:53.000Z","text":"Great interview with fellow Libertyville survivor, good pal, and #BabesInToyland bassist @maureenherman. Check it: https://t.co/70uNd9dgxK","id":"1463231094497574913","public_metrics":{"retweet_count":10,"reply_count":1,"like_count":75,"quote_count":4}},{"created_at":"2021-11-23T16:52:00.000Z","text":"Check out “Hard Times” featuring @NRateliff, @jimjonescapo, and Chipotle Joe now on @amazonmusic’s “Rock Arena” \uD83C\uDFB8 playlist:\n\nhttps://t.co/JI528w5Yyb https://t.co/E0KUkWinWF","id":"1463188595305558019","public_metrics":{"retweet_count":16,"reply_count":6,"like_count":91,"quote_count":1}},{"created_at":"2021-11-23T15:51:52.000Z","text":"“One guitar to rule them all/One guitar to find them/One guitar to bring them all/And in the darkness bind them” #TheAtlasUndergroundFlood OUT DEC. 3rd!! https://t.co/cxm3YKWnq2","id":"1463173460822274058","public_metrics":{"retweet_count":94,"reply_count":39,"like_count":1953,"quote_count":14}},{"created_at":"2021-11-23T00:59:11.000Z","text":"@DrFresch, @andrewmcmahon, @jimjonescapo and @breakcodeoffici. Pre-save or pre-order the new album here: \n\nhttps://t.co/8WpgWD9Eve","id":"1462948811664465922","public_metrics":{"retweet_count":5,"reply_count":0,"like_count":37,"quote_count":0}},{"created_at":"2021-11-23T00:59:10.000Z","text":"THE ATLAS UNDERGROUND FLOOD \uD83C\uDF0A - out Fri. Dec. 3!!Collaborators include @KirkHammett, Alex Lifeson, @idlesband, @jimjames, @XAmbassadors, @ManchesterOrch, @BenHarper, @rodgab, @sanholobeats, @BarnsCourtney, @NRateliff, https://t.co/DiWKxMUbRP","id":"1462948807503761410","public_metrics":{"retweet_count":38,"reply_count":14,"like_count":302,"quote_count":3}},{"created_at":"2021-11-23T00:27:42.000Z","text":"Solid https://t.co/XCelShWJLd","id":"1462940886929604614","public_metrics":{"retweet_count":13,"reply_count":5,"like_count":143,"quote_count":0}},{"created_at":"2021-11-23T00:26:53.000Z","text":"RT @iww: \"It’s a tradition stretching as far back as the Industrial Workers of the World, where songs like “Solidarity Forever” demonstrate…","id":"1462940681018638339","public_metrics":{"retweet_count":84,"reply_count":0,"like_count":0,"quote_count":0}},{"created_at":"2021-11-22T22:29:02.000Z","text":"Hold the line!! https://t.co/IhCcHxZCDc","id":"1462911024705597440","public_metrics":{"retweet_count":47,"reply_count":6,"like_count":491,"quote_count":1}},{"created_at":"2021-11-22T15:48:26.000Z","text":"RT @jeremyscahill: The War Party: While there is much media focus on the intensely polarized dynamic on Capitol Hill, none of this has stop…","id":"1462810208984436741","public_metrics":{"retweet_count":123,"reply_count":0,"like_count":0,"quote_count":0}},{"created_at":"2021-11-22T15:38:46.000Z","text":"RT @PearlJam: .@tmorello's #RadioComandante comes to @SiriusXM's @PJRadio starting today at 11am ET: https://t.co/EQYSc0RNol https://t.co/u…","id":"1462807777550561280","public_metrics":{"retweet_count":36,"reply_count":0,"like_count":0,"quote_count":0}},{"created_at":"2021-11-22T06:12:32.000Z","text":"Watching even the slightest bit of the American Music Awards makes one consider that there is likely very little hope for either America, or music.","id":"1462665282015535104","public_metrics":{"retweet_count":629,"reply_count":289,"like_count":8254,"quote_count":91}},{"created_at":"2021-11-21T20:54:01.000Z","text":"Thanks to @Spotify for adding “Human” featuring @BarnsCourtney to the “Rock This” playlist. Listen here: \n\nhttps://t.co/a9CShI60q9 https://t.co/6XZFdOYwR8","id":"1462524726807605254","public_metrics":{"retweet_count":19,"reply_count":6,"like_count":303,"quote_count":1}},{"created_at":"2021-11-21T16:34:49.000Z","text":"RT @rockmylifeita: RT@ VirginRadioIT Tom Morello pubblica il nuovo inedito Raising Hell registrato insieme a Ben Harper \uD83D\uDD34 Ascoltalo qui e g…","id":"1462459494596628481","public_metrics":{"retweet_count":9,"reply_count":0,"like_count":0,"quote_count":0}},{"created_at":"2021-11-21T16:29:04.000Z","text":"RT @takhar_: Tom Morello and John Oliver give unions a big week on TV, this week in the war on workers https://t.co/PAZG8UeiT9","id":"1462458046332882948","public_metrics":{"retweet_count":28,"reply_count":0,"like_count":0,"quote_count":0}},{"created_at":"2021-11-21T06:06:41.000Z","text":"Congrats to #RandyRhoads on his induction into the @rockhall! Was an honor to induct my #1 guitar hero. Great job @KirkHammett &amp; @ZakkWyldeBLS singing his praises as well. https://t.co/xwBefMuSd5","id":"1462301420082774018","public_metrics":{"retweet_count":307,"reply_count":76,"like_count":3561,"quote_count":17}},{"created_at":"2021-11-21T03:10:13.000Z","text":"#Strikesgiving #StrikesChristmas https://t.co/NPizmQxTUp","id":"1462257009336614912","public_metrics":{"retweet_count":27,"reply_count":7,"like_count":243,"quote_count":1}},{"created_at":"2021-11-20T18:44:07.000Z","text":"RT @grandson: Just a reminder you can donate to give striking workers a morale boost and have a chance to win the guitar @tmorello played w…","id":"1462129647869566982","public_metrics":{"retweet_count":29,"reply_count":0,"like_count":0,"quote_count":0}},{"created_at":"2021-11-20T17:26:20.000Z","text":"RT @3vanSutton: I have never seen anything like what happens starting at 2:01 in this video. I actually started tearing up. @tmorello is th…","id":"1462110073379901440","public_metrics":{"retweet_count":18,"reply_count":0,"like_count":0,"quote_count":0}},{"created_at":"2021-11-20T17:24:47.000Z","text":"RT @FAUGewerkschaft: Medialen Support für den #Strikesgiving, die aktuelle Welle von #Streiks in den #USA, gibt es wieder mal stabil auch v…","id":"1462109681858449412","public_metrics":{"retweet_count":2,"reply_count":0,"like_count":0,"quote_count":0}},{"created_at":"2021-11-20T02:31:35.000Z","text":"Love ya @BenHarper!! https://t.co/5cianC9EpY","id":"1461884902068998146","public_metrics":{"retweet_count":14,"reply_count":5,"like_count":355,"quote_count":1}},{"created_at":"2021-11-19T23:57:32.000Z","text":"And…there you have it. https://t.co/ke9ej1a0mb","id":"1461846131747352576","public_metrics":{"retweet_count":279,"reply_count":48,"like_count":2342,"quote_count":6}},{"created_at":"2021-11-19T22:49:45.000Z","text":"When the courts do what they were designed to do and protect and enforce white supremacy: don’t mourn, organize. https://t.co/G75QF9iEqg","id":"1461829074725130246","public_metrics":{"retweet_count":681,"reply_count":210,"like_count":3738,"quote_count":29}},{"created_at":"2021-11-19T21:07:18.000Z","text":"“Raising Hell”  featuring @BenHarper is out now off of The Atlas Underground Flood \uD83E\uDD18\uD83C\uDFFE. \n \nCheck out the full lyric video here:\n\nhttps://t.co/Ada6mwiZnY https://t.co/wqZ4RHEVio","id":"1461803291168411656","public_metrics":{"retweet_count":28,"reply_count":4,"like_count":239,"quote_count":5}},{"created_at":"2021-11-19T18:40:13.000Z","text":"My great grandfather and his 4 brothers were coal miners in Marseilles, IL. To this day whenever I’m passing through I drive by the old mine where they spent much of their lives and think of them and their struggles. https://t.co/Hx4kr3vFwk","id":"1461766277433757700","public_metrics":{"retweet_count":96,"reply_count":5,"like_count":918,"quote_count":5}},{"created_at":"2021-11-19T18:36:37.000Z","text":"I’m with ya! Solid. https://t.co/Hx4kr3vFwk","id":"1461765370117644293","public_metrics":{"retweet_count":8,"reply_count":2,"like_count":202,"quote_count":0}},{"created_at":"2021-11-19T00:06:26.000Z","text":"“Human” featuring @BarnsCourtney off of my upcoming album THE ATLAS UNDERGROUND FLOOD is out now.\n\nWatch here: \nhttps://t.co/C4VZ113ufy https://t.co/mF768fBfPu","id":"1461485983925473280","public_metrics":{"retweet_count":23,"reply_count":4,"like_count":165,"quote_count":0}},{"created_at":"2021-11-18T22:06:05.000Z","text":"RT @CWA4900: Tom Morello releases music video, 'Hold the Line,' supporting striking workers https://t.co/AsTthd7XtN","id":"1461455697539862529","public_metrics":{"retweet_count":51,"reply_count":0,"like_count":0,"quote_count":0}},{"created_at":"2021-11-18T20:21:57.000Z","text":"RT @TheBlackTimesOK: #Breaking #News \n@GovStitt has granted Julius Jones clemency, hearing that he commuted his sentence to life without pa…","id":"1461429491029266435","public_metrics":{"retweet_count":354,"reply_count":0,"like_count":0,"quote_count":0}},{"created_at":"2021-11-18T20:11:15.000Z","text":"RT @CPUSALongIsland: \uD83C\uDFB6 Tom Morello's new song; \"Hold the Line\" honors \"every working person fighting for their rights on the picket line.\"…","id":"1461426796977483778","public_metrics":{"retweet_count":49,"reply_count":0,"like_count":0,"quote_count":0}},{"created_at":"2021-11-18T19:35:08.000Z","text":"Badass artist @phem4evr joins me from the road to talk about how our song off The Atlas Underground Fire came to life. We also dive into self-expression in music and the importance of discussing mental health as artists.  Listen here: https://t.co/T1NRoE6T53 https://t.co/TVMjiOimYP","id":"1461417710890455048","public_metrics":{"retweet_count":11,"reply_count":2,"like_count":88,"quote_count":1}},{"created_at":"2021-11-18T16:37:12.000Z","text":"RT @NMEJAPAN: レイジ・アゲインスト・ザ・マシーンのトム・モレロ、コラボの新作を来月もリリースすることを発表 | NME Japan https://t.co/7IjS8oXFwy #TomMorello","id":"1461372929338269696","public_metrics":{"retweet_count":14,"reply_count":0,"like_count":0,"quote_count":0}},{"created_at":"2021-11-18T04:55:38.000Z","text":"RT @tonedeaf: Tom Morello and Grandson debuted “Hold the Line” – off ‘Atlas Underground Fire’ on ‘The Tonight Show’\n\nhttps://t.co/eBsNu2l43k","id":"1461196377065603072","public_metrics":{"retweet_count":8,"reply_count":0,"like_count":0,"quote_count":0}},{"created_at":"2021-11-18T03:03:45.000Z","text":"RT @FallonTonight: \uD83C\uDFB6 #FallonTonight Tunes \uD83C\uDFB6\n\n@tmorello ft. @Grandson close out the show in this performance of “Hold The Line”\n\nWATCH ▶️  h…","id":"1461168218547052550","public_metrics":{"retweet_count":77,"reply_count":0,"like_count":0,"quote_count":0}},{"created_at":"2021-11-18T01:32:14.000Z","text":"Solid!! https://t.co/rTgdPwW1IZ","id":"1461145190421303296","public_metrics":{"retweet_count":61,"reply_count":4,"like_count":470,"quote_count":1}},{"created_at":"2021-11-18T01:31:58.000Z","text":"RT @HumoNegro: .@tmorello anuncia nuevo álbum de estudio: “The Atlas Underground Flood” https://t.co/SZcmUELT7I https://t.co/WDAEWvdA1O","id":"1461145120082825218","public_metrics":{"retweet_count":8,"reply_count":0,"like_count":0,"quote_count":0}},{"created_at":"2021-11-18T01:13:58.000Z","text":"#LetThemEatCake https://t.co/NMY5edl1OE","id":"1461140591002091522","public_metrics":{"retweet_count":10,"reply_count":14,"like_count":458,"quote_count":0}},{"created_at":"2021-11-17T19:49:04.000Z","text":"Solid https://t.co/k6HbfpGAeB","id":"1461058826300313600","public_metrics":{"retweet_count":27,"reply_count":7,"like_count":437,"quote_count":0}},{"created_at":"2021-11-17T19:48:28.000Z","text":"RT @RockCellarMag: Fresh off his new album just *last month*, @TMorello has another new one, 'The Atlas Underground Flood,' coming 12/3 fea…","id":"1461058675322208260","public_metrics":{"retweet_count":7,"reply_count":0,"like_count":0,"quote_count":0}},{"created_at":"2021-11-17T19:48:08.000Z","text":"RT @rstlssradio: TOM MORELLO @tmorello annonce un nouvel album et sort 3 singles d'un coup.\nRetrouvez toutes les informations sur notre sit…","id":"1461058594493714433","public_metrics":{"retweet_count":6,"reply_count":0,"like_count":0,"quote_count":0}},{"created_at":"2021-11-17T19:46:57.000Z","text":"Great music coming toward you right here, don’t miss it: https://t.co/0QRnYkOD8N","id":"1461058297058840580","public_metrics":{"retweet_count":5,"reply_count":1,"like_count":71,"quote_count":0}},{"created_at":"2021-11-17T16:33:19.000Z","text":"RT @Guitarist_Mag: Tom Morello announces star-studded new album The Atlas Underground Flood, featuring Kirk Hammett, Alex Lifeson, Ben Harp…","id":"1461009566930329611","public_metrics":{"retweet_count":19,"reply_count":0,"like_count":0,"quote_count":0}},{"created_at":"2021-11-17T16:32:37.000Z","text":"RT @iHeartTrending: Tom Morello &amp; Grandson Stand With Workers In Performance Of 'Hold the Line' https://t.co/pvCnSz2rUR","id":"1461009391281262595","public_metrics":{"retweet_count":12,"reply_count":0,"like_count":0,"quote_count":0}},{"created_at":"2021-11-17T16:10:03.000Z","text":"RT @RollingStone: Hours after Tom Morello performed \"Hold the Line\" on #FallonTonight, the guitarist announced his second LP of 2021, 'The…","id":"1461003711124148228","public_metrics":{"retweet_count":19,"reply_count":0,"like_count":0,"quote_count":0}},{"created_at":"2021-11-17T15:36:40.000Z","text":"RT @SPIN: One Atlas Underground wasn't enough. @tmorello announced a second one will be out later this year \nhttps://t.co/LOrQkq5OqN","id":"1460995309845168129","public_metrics":{"retweet_count":9,"reply_count":0,"like_count":0,"quote_count":0}},{"created_at":"2021-11-17T15:36:24.000Z","text":"RT @HumoNegro: \"The Atlas Underground Flood\": @tmorello anuncia el lanzamiento de un nuevo álbum que incluye colaboraciones con @IDLESband,…","id":"1460995244518821889","public_metrics":{"retweet_count":6,"reply_count":0,"like_count":0,"quote_count":0}},{"created_at":"2021-11-17T15:16:33.000Z","text":"RT @rocksound: grandson performed 'Hold The Line' alongside Tom Morello live on The Tonight Show last night, and it was a powerful and pass…","id":"1460990248318484485","public_metrics":{"retweet_count":18,"reply_count":0,"like_count":0,"quote_count":0}},{"created_at":"2021-11-17T15:03:35.000Z","text":"@sanholobeats \n@BarnsCourtney \n@NRateliff \n@jimjonescapo \n@XAmbassadors \n@KirkHammett \n@DrFresch \n@ManchesterOrch \n@andrewmcmahon \n@breakcodeoffici \n@BenHarper \n@idlesband \n@jimjames \n@rodgab","id":"1460986985624051716","public_metrics":{"retweet_count":4,"reply_count":6,"like_count":66,"quote_count":0}},{"created_at":"2021-11-17T15:03:34.000Z","text":"THE ATLAS UNDERGROUND FLOOD coming December 3.\n\n“Human” | “Hard Times” | “Raising Hell” all out now. Pre-save and listen now at the link in bio. https://t.co/fQzSJw4jCk","id":"1460986980423147524","public_metrics":{"retweet_count":34,"reply_count":5,"like_count":269,"quote_count":6}},{"created_at":"2021-11-17T05:37:35.000Z","text":"All proceeds will go towards supplies for striking union workers who are holding the line right now.\nTo learn more and to enter to win now through 11/30, visit https://t.co/eLEvdttMKB","id":"1460844545516703745","public_metrics":{"retweet_count":35,"reply_count":3,"like_count":234,"quote_count":3}},{"created_at":"2021-11-17T05:37:35.000Z","text":"With the HOLD THE LINE sweepstakes, @grandson and I are aiming to boost the morale on the frontlines with a show of support from our fans worldwide! Through the sweepstakes, you can enter to win my signature guitar, signed by both grandson and I, that I rocked on @FallonTonight.","id":"1460844544031866882","public_metrics":{"retweet_count":21,"reply_count":2,"like_count":273,"quote_count":2}},{"created_at":"2021-11-17T05:37:34.000Z","text":"There are currently over 28,000 striking workers across America, fighting for living wages and benefits in an unprecedented display of solidarity for working class Americans in our lifetime. https://t.co/HkTeQh3J9p","id":"1460844540877754371","public_metrics":{"retweet_count":314,"reply_count":30,"like_count":1899,"quote_count":21}},{"created_at":"2021-11-16T21:05:01.000Z","text":"Don't miss @grandson and I performing on @FallonTonight TONIGHT starting at 11:35PM ET / 10:35 CT #HoldTheLine\n\n\uD83D\uDCF8: @CameronNunez https://t.co/aGTvRwqEW7","id":"1460715555627884547","public_metrics":{"retweet_count":30,"reply_count":10,"like_count":291,"quote_count":2}},{"created_at":"2021-11-16T20:54:11.000Z","text":"Please tell me this is cause you honestly hate my guitar playing (totally fine, you’re not alone), and not just cause you love Trump (Randy deserves better, bro). https://t.co/WuK70gXDFI","id":"1460712826415161344","public_metrics":{"retweet_count":35,"reply_count":88,"like_count":1224,"quote_count":2}},{"created_at":"2021-11-16T18:37:58.000Z","text":"RT @shayne_akl: capitalism... \"you'll die before you beat us in court\"\n@tmorello @TLImusic \nhttps://t.co/RuQfIcwp9u","id":"1460678546188214272","public_metrics":{"retweet_count":14,"reply_count":0,"like_count":0,"quote_count":0}},{"created_at":"2021-11-16T17:28:27.000Z","text":"RT @INAFLCIO: Have you listened to @tmorello’s new \uD83D\uDD25 track with his grandson?! \n\nAn anthem for #Strikesgiving! \n\n#HoldTheLine \n\n https://t.…","id":"1460661052945821696","public_metrics":{"retweet_count":33,"reply_count":0,"like_count":0,"quote_count":0}},{"created_at":"2021-11-16T17:17:15.000Z","text":"Join me this Saturday November 20 at 8pm on HBO as I induct the great Randy Rhoads into the Rock and Roll Hall of Fame!!! https://t.co/LENlqJtalH","id":"1460658236076478465","public_metrics":{"retweet_count":181,"reply_count":64,"like_count":2468,"quote_count":33}},{"created_at":"2021-11-16T07:44:54.000Z","text":"RT @JoeStrummer: On this day, 15th November, 2002, Joe reunited on stage with Mick Jones of @TheClash for the first time since 1983 in aid…","id":"1460514196563521549","public_metrics":{"retweet_count":241,"reply_count":0,"like_count":0,"quote_count":0}},{"created_at":"2021-11-16T07:35:52.000Z","text":"This is a highlight of my life. @fergieajenkins @Cubs https://t.co/2sCHNw3uqn","id":"1460511926769700867","public_metrics":{"retweet_count":22,"reply_count":12,"like_count":659,"quote_count":1}},{"created_at":"2021-11-16T07:33:29.000Z","text":"@iamjohnoliver explains it for you. #HoldTheLine https://t.co/qpirc9sY7j","id":"1460511324669054980","public_metrics":{"retweet_count":21,"reply_count":2,"like_count":103,"quote_count":0}},{"created_at":"2021-11-16T02:51:33.000Z","text":"RT @NCStateAFLCIO: This track is\uD83D\uDD25\uD83D\uDD25\uD83D\uDD25! Check out Tom Morello (feat. grandson) - Hold the Line: Union Strong Edit https://t.co/s04LseS57A via…","id":"1460440372933378054","public_metrics":{"retweet_count":9,"reply_count":0,"like_count":0,"quote_count":0}}],"meta":{"oldest_id":"1460440372933378054","newest_id":"1465446720079204357","result_count":77}}