{"data":[{"text":"Strikes me as largely correct, and not only in Afghanistan. In the Middle East as well the whole narrative of \"what's bad for America is good for China\" is oversimplified and inaccurate. https://t.co/bgWHWZXMbO","id":"1437696759929638913","created_at":"2021-09-14T08:36:33.000Z","public_metrics":{"retweet_count":14,"reply_count":1,"like_count":46,"quote_count":2}},{"text":"\"Much has been written about what people wore on Zoom calls during lockdowns (and what they did not wear: some retailers report that tops significantly outsold trousers in the past year and a half).\" https://t.co/tR2nGVdIe2","id":"1437691739062603776","created_at":"2021-09-14T08:16:36.000Z","public_metrics":{"retweet_count":1,"reply_count":0,"like_count":10,"quote_count":0}},{"text":"The \"conditions\" here look designed to be the lowest bar imaginable for Sisi to clear. The Biden administration gets to claim that it's taking a stand on human rights, when in fact the whole exercise is pretty meaningless. https://t.co/0NhQxKAuAg","id":"1437679046238916609","created_at":"2021-09-14T07:26:10.000Z","public_metrics":{"retweet_count":17,"reply_count":2,"like_count":18,"quote_count":0}},{"text":"\"Bennett got an exceptional reception at Sharm el-Sheikh... his predecessor, Benjamin Netanyahu, met many times with Sisi, with some of the meetings on Egyptian soil, but generally these encounters were kept secret at the president's request.\" https://t.co/v3fWGBcVFr","id":"1437677106922668037","created_at":"2021-09-14T07:18:27.000Z","public_metrics":{"retweet_count":6,"reply_count":0,"like_count":4,"quote_count":0}},{"text":"I think last year the optimistic estimate was about $6bn in annual business? At its current rate of inflation, the projected size of UAE-Israel trade will exceed the GDP of the entire planet by summer 2023 https://t.co/adGoD9gqYo","id":"1437650900911280136","created_at":"2021-09-14T05:34:19.000Z","public_metrics":{"retweet_count":16,"reply_count":6,"like_count":92,"quote_count":2}},{"text":"\"It has long been known that a flood of international aid can incentivize corruption—with corrupt officials trying to grab at as much of the financial inflow as possible—but Washington apparently missed the memo.\" https://t.co/bjl4g7Vjq9","id":"1437646029969571841","created_at":"2021-09-14T05:14:58.000Z","public_metrics":{"retweet_count":14,"reply_count":4,"like_count":55,"quote_count":1}},{"text":"RT @yarotrof: Afghan embassy in D.C. took down Ghani’s portraits after his “betrayal” but kept the republic’s tricolor flag flying high. Di…","id":"1437455427009187851","created_at":"2021-09-13T16:37:35.000Z","public_metrics":{"retweet_count":103,"reply_count":0,"like_count":0,"quote_count":0}},{"text":"@HafsaHalawa I'll kind of miss the unmarked planes. Closest I'll ever come to a private jet ride","id":"1437379877498499075","created_at":"2021-09-13T11:37:22.000Z","public_metrics":{"retweet_count":0,"reply_count":1,"like_count":3,"quote_count":0}},{"text":"RT @ZiadMDaoud: UAE: The government will spend $6.5 billion on benefits and wage subsidies over the next 5 years. The aim is to absorb 75k…","id":"1437321991061712899","created_at":"2021-09-13T07:47:21.000Z","public_metrics":{"retweet_count":23,"reply_count":0,"like_count":0,"quote_count":0}},{"text":"@nabihbulos Maybe one of his five major lessons is that no amount of mistakes will ever discredit you","id":"1437305149236654083","created_at":"2021-09-13T06:40:26.000Z","public_metrics":{"retweet_count":0,"reply_count":0,"like_count":9,"quote_count":0}},{"text":"It's effective brinkmanship. Walk right up to the edge of a diplomatic crisis, then toss the IAEA the tiniest of bones; you thus manage to avoid censure, even though you're still not really cooperating with the nuclear agency. https://t.co/t5uFjYP7yT","id":"1437275031944540162","created_at":"2021-09-13T04:40:45.000Z","public_metrics":{"retweet_count":11,"reply_count":0,"like_count":17,"quote_count":1}},{"text":"Thoughtful by @hxhassan, and I would broadly agree with this: \"The success of groups that turned to local militancy instead of global terrorism have underscored the defects of ideologies that focused on waging ruinous global battles.\" https://t.co/q3o7wjOTqv","id":"1436963711231614977","created_at":"2021-09-12T08:03:40.000Z","public_metrics":{"retweet_count":14,"reply_count":5,"like_count":43,"quote_count":2}},{"text":"As @Dr_Ulrichsen notes here, you've had three consecutive American presidents who, in their own ways, weren't enthusiastic about being the GCC's security guarantor. It's now a more or less permanent attitude in American foreign policy. https://t.co/ISCynTkTGM","id":"1436943546217648135","created_at":"2021-09-12T06:43:33.000Z","public_metrics":{"retweet_count":19,"reply_count":2,"like_count":34,"quote_count":1}},{"text":"Doesn't sound like anyone did their due diligence on Lebanon's new energy minister (surprise!) but, on the other hand, allegedly scheming to rip off your employer for your own personal benefit is the perfect qualification for a Lebanese cabinet post https://t.co/UWxApSIGTG","id":"1436936446477230080","created_at":"2021-09-12T06:15:20.000Z","public_metrics":{"retweet_count":44,"reply_count":20,"like_count":138,"quote_count":5}},{"text":"\"Twenty years after the 9/11 attacks, with trillions of dollars spent and countless lives lost, U.S. influence has been systematically dismantled across much of the Muslim world, a process abetted by America's own mistakes.\" https://t.co/Ksea5L8s29","id":"1436932963795623936","created_at":"2021-09-12T06:01:30.000Z","public_metrics":{"retweet_count":13,"reply_count":0,"like_count":28,"quote_count":0}},{"text":"I get the complaints about the lack of women in the Lebanese cabinet, but given that it's largely a government of political hacks and shameless opportunists meant to prop up an utterly failed establishment, I'm also reminded of this @TheOnion classic https://t.co/djizFPZohL","id":"1436351819140194305","created_at":"2021-09-10T15:32:14.000Z","public_metrics":{"retweet_count":7,"reply_count":2,"like_count":38,"quote_count":0}},{"text":"RT @LayalAFP: A #Lebanese government has been formed, the presidency announced Friday, ending a 13-month impasse as the country grapples wi…","id":"1436336978719645697","created_at":"2021-09-10T14:33:16.000Z","public_metrics":{"retweet_count":6,"reply_count":0,"like_count":0,"quote_count":0}},{"text":"Six weeks after Kais Saied sidelined parliament and seized sole power in Tunisia, one of his advisers says he soon plans \"to suspend the constitution and may amend the political system via a referendum.\" https://t.co/wrTA5eJbw7","id":"1436280848135884804","created_at":"2021-09-10T10:50:13.000Z","public_metrics":{"retweet_count":5,"reply_count":0,"like_count":9,"quote_count":2}},{"text":"RT @timourazhari: The Lebanese govt announced later today will likely have senior central bank official Youssef Khalil as it's finance mini…","id":"1436278227018919936","created_at":"2021-09-10T10:39:48.000Z","public_metrics":{"retweet_count":34,"reply_count":0,"like_count":0,"quote_count":0}},{"text":"RT @margheritamvs: Afghanistan is on the brink of a humanitarian catastrophe. Food prices have surged, banks are out of cash and there’s no…","id":"1436210968019808258","created_at":"2021-09-10T06:12:32.000Z","public_metrics":{"retweet_count":27,"reply_count":0,"like_count":0,"quote_count":0}},{"text":"\"The new cabinet is not as coherent as it might appear. It includes free-marketeers and socialists, populists, realists and ideologues. With Khamenei ailing, Raisi may be trying to woo a broad range of those who would determine the future supreme leader.\" https://t.co/RFNkAESoig","id":"1436206487798431748","created_at":"2021-09-10T05:54:44.000Z","public_metrics":{"retweet_count":5,"reply_count":0,"like_count":6,"quote_count":0}},{"text":"Minor details: \"Payouts are set to begin in October, but the final funding source still remains unclear.\" https://t.co/0nvee44bTq","id":"1436199002865868800","created_at":"2021-09-10T05:25:00.000Z","public_metrics":{"retweet_count":1,"reply_count":0,"like_count":4,"quote_count":0}},{"text":"A big shakeup in Moroccan politics. You can chalk some of this up to the palace, but the scale of the defeat also suggests a real popular dissatisfaction with Islamist parties (see also: Tunisia) https://t.co/LClQ5xZyM5","id":"1436194992582762496","created_at":"2021-09-10T05:09:04.000Z","public_metrics":{"retweet_count":11,"reply_count":1,"like_count":16,"quote_count":0}},{"text":"@yarotrof Yes, that's the hope in Doha. I think for all the Gulf states their relationship with Afghanistan going forward depends somewhat on how Biden chooses to approach the Taliban government","id":"1436194570799308808","created_at":"2021-09-10T05:07:23.000Z","public_metrics":{"retweet_count":0,"reply_count":0,"like_count":2,"quote_count":0}},{"text":"You can draw some parallels to Qatar's bet on Islamists during the Arab spring. In the early days, the bet seemed to pay off. Within a few years, though, most of its regional assets had turned into major liabilities. https://t.co/dAMVfwNPBu","id":"1436182761786777600","created_at":"2021-09-10T04:20:28.000Z","public_metrics":{"retweet_count":5,"reply_count":0,"like_count":15,"quote_count":0}},{"text":"Much of Qatar's leverage over the Taliban stemmed from its role as mediator and host. But with the swift collapse of the Afghan government, there are no talks left to mediate: Qatari influence with the group may already be in decline. https://t.co/dAMVfwNPBu","id":"1436182759744196608","created_at":"2021-09-10T04:20:27.000Z","public_metrics":{"retweet_count":17,"reply_count":3,"like_count":43,"quote_count":2}},{"text":"Khalifa Haftar hiring Lanny Davis to try and convince the White House he's not a warlord, paid for with nearly $1m that he presumably acquired through warlording, is just a delightful dose of Washington magical realism https://t.co/0OyG4CsNjh","id":"1435897573647192067","created_at":"2021-09-09T09:27:13.000Z","public_metrics":{"retweet_count":94,"reply_count":6,"like_count":253,"quote_count":13}},{"text":"\"Districts that have traditionally supported Hizbollah are estimated to be among the areas worst-hit by deprivation. A study by a UN economic agency last week cited the Bekaa, Baalbek-Hermel and Nabatiyeh as particularly badly affected.\" https://t.co/9hn433wZG4","id":"1435883348333928448","created_at":"2021-09-09T08:30:42.000Z","public_metrics":{"retweet_count":2,"reply_count":0,"like_count":21,"quote_count":0}},{"text":"\"The guard on a tower right above the shaft had fallen asleep.\" https://t.co/qkfThiOAQn","id":"1435880040642850818","created_at":"2021-09-09T08:17:33.000Z","public_metrics":{"retweet_count":6,"reply_count":3,"like_count":15,"quote_count":0}},{"text":"\"The Taliban, who witnesses say crushed several small protests around the country, have been rounding up scores of demonstrators and subjecting them to abuse in overcrowded jails... several journalists said they had been arrested and beaten in custody.\" https://t.co/HOBOjkQsW1","id":"1435836759275868160","created_at":"2021-09-09T05:25:34.000Z","public_metrics":{"retweet_count":13,"reply_count":0,"like_count":13,"quote_count":1}},{"text":"This might be peak European Union foreign policy https://t.co/mJekmn6yX2","id":"1435550358684766208","created_at":"2021-09-08T10:27:31.000Z","public_metrics":{"retweet_count":93,"reply_count":13,"like_count":434,"quote_count":3}},{"text":"Brutally honest assessment of the EU hand-wringing over Afghanistan: \"Although the US has certainly retrenched over the past decade, following the failed years of intervention after 2001, Europe remains trapped in a state of Peter Pan–like infancy.\" https://t.co/3rVBaT55rB","id":"1435523767187410947","created_at":"2021-09-08T08:41:51.000Z","public_metrics":{"retweet_count":11,"reply_count":1,"like_count":33,"quote_count":1}},{"text":"Unsurprising news. With the expo coming up in Dubai in October it always seemed unlikely this travel ban was going to stay in force for very long https://t.co/Sgb5c4QIZX","id":"1435500312274608128","created_at":"2021-09-08T07:08:39.000Z","public_metrics":{"retweet_count":8,"reply_count":1,"like_count":17,"quote_count":0}},{"text":"Wasta or wads of cash: Lebanon has long been a strikingly unequal country, but the economic collapse means a privileged few need to bribe their way to even basic goods and services which everyone else goes without. https://t.co/VIkkURtY0Z","id":"1435479546506186752","created_at":"2021-09-08T05:46:08.000Z","public_metrics":{"retweet_count":7,"reply_count":0,"like_count":28,"quote_count":0}},{"text":"Time is a flat circle and we're once again back to stories about tiny, wealthy Qatar, a country smaller than Connecticut, punching above its weight in foreign affairs https://t.co/9DUYwdkSdT","id":"1435439291006603271","created_at":"2021-09-08T03:06:10.000Z","public_metrics":{"retweet_count":10,"reply_count":6,"like_count":70,"quote_count":2}},{"text":"RT @idreesali114: Reuters- Taliban spokesman says Hassan Akhund is appointed acting prime minister in new afghan government, Mullah Abdul G…","id":"1435252053882847239","created_at":"2021-09-07T14:42:09.000Z","public_metrics":{"retweet_count":33,"reply_count":0,"like_count":0,"quote_count":0}},{"text":"RT @yarotrof: My return to Kabul, into a different country.  https://t.co/15jGjKx6lw","id":"1435229031562194945","created_at":"2021-09-07T13:10:41.000Z","public_metrics":{"retweet_count":36,"reply_count":0,"like_count":0,"quote_count":0}},{"text":"\"One source says that as the fighting intensified, Mr Saleh fled abroad, taking the commandos with him. Mr Masoud conscripted and armed callow young men, including emerald miners, who were mown down.\" https://t.co/gEDelU5nzg","id":"1435115454587154432","created_at":"2021-09-07T05:39:22.000Z","public_metrics":{"retweet_count":1,"reply_count":0,"like_count":5,"quote_count":1}},{"text":"Lebanon is buying high-sulfur fuel oil (which it can't use) worth $300-400m (which it can't afford) via a vague barter deal for health services (which are collapsing) and, when asked about all this, an MP said \"we shouldn't get into the plan's details\"\nhttps://t.co/q815t8MyGK","id":"1435112662057295877","created_at":"2021-09-07T05:28:16.000Z","public_metrics":{"retweet_count":68,"reply_count":9,"like_count":136,"quote_count":8}},{"text":"@John_Hudson Yeah you missed summer by a couple of weeks. Hope you packed sweaters","id":"1434925137422340108","created_at":"2021-09-06T17:03:07.000Z","public_metrics":{"retweet_count":0,"reply_count":0,"like_count":3,"quote_count":0}},{"text":"It's not just that Lebanon's old economic model is broken. In the absence of sensible policy, a temporary crisis turns into a vicious cycle, a generation-long collapse that makes it impossible to rebuild the economy. https://t.co/6CFdNHs6uu","id":"1434753785226801155","created_at":"2021-09-06T05:42:13.000Z","public_metrics":{"retweet_count":17,"reply_count":1,"like_count":37,"quote_count":0}},{"text":"New boss, new tone, same substance: the Bennett-Lapid government sounds different than its predecessor, but on the most important issue facing any Israeli government, it's unlikely to do anything different. https://t.co/YSw05Xb1aA","id":"1434749934935359489","created_at":"2021-09-06T05:26:55.000Z","public_metrics":{"retweet_count":6,"reply_count":1,"like_count":27,"quote_count":0}},{"text":"\"The appeal of conspiracy theories is partly rooted in human psychology. Studies show that people consistently overestimate their ability to understand complicated systems... conspiracy theories help people to find meaning in a disturbingly random world.\" https://t.co/jfNPW9KX9f","id":"1434720590955433990","created_at":"2021-09-06T03:30:19.000Z","public_metrics":{"retweet_count":22,"reply_count":2,"like_count":39,"quote_count":1}},{"text":"The medical team at an Israeli hospital had to reopen their covid ward much earlier than expected. Their patients share one characteristic. You'll never guess what it is: \"Most people here are unvaccinated.\" https://t.co/kMGxTOzJ0N","id":"1434717917552254982","created_at":"2021-09-06T03:19:41.000Z","public_metrics":{"retweet_count":15,"reply_count":1,"like_count":30,"quote_count":2}},{"text":"Stuff like this is a positive offshoot of intra-Gulf economic competition: it'll encourage needed reforms. Although some of it may be sui generis to the UAE, which has a first-mover advantage and a more attractive business climate than the neighbors. https://t.co/1y9H9rZ8hG","id":"1434715505571549188","created_at":"2021-09-06T03:10:06.000Z","public_metrics":{"retweet_count":3,"reply_count":0,"like_count":11,"quote_count":0}},{"text":"This certainly captures the mood in Europe, but if anyone wants to bet that the EU will have acted to create a meaningful independent foreign and security policy apparatus in 2-3 years' time, I'll gladly take the other side https://t.co/WjeAwW7f5e","id":"1434454728696639489","created_at":"2021-09-05T09:53:52.000Z","public_metrics":{"retweet_count":7,"reply_count":0,"like_count":15,"quote_count":1}},{"text":"Failing upwards, into million-dollar paydays: \"The eight generals who commanded American forces in Afghanistan between 2008 and 2018 have gone on to serve on more than 20 corporate boards.\" https://t.co/q3fzWCbWh3","id":"1434373148850507776","created_at":"2021-09-05T04:29:42.000Z","public_metrics":{"retweet_count":46,"reply_count":2,"like_count":65,"quote_count":3}},{"text":"Kudos to the unnamed FCO official who coined the phrase \"five i's\" (insular, imperious, idle, irascible and ignorant) to describe Dominic Raab. Top marks for creativity https://t.co/RFQZduQPOG","id":"1434370915660443652","created_at":"2021-09-05T04:20:50.000Z","public_metrics":{"retweet_count":4,"reply_count":0,"like_count":22,"quote_count":0}},{"text":"Horrifying figures from Lebanon: the UN estimates that 82% of the population lives in poverty, up from 42% two years ago; 34% are in extreme poverty; and more than half of households don't have access to medicine. https://t.co/yIYGDRapMU","id":"1434367489857802242","created_at":"2021-09-05T04:07:13.000Z","public_metrics":{"retweet_count":421,"reply_count":24,"like_count":514,"quote_count":30}},{"text":"The logical takeaway from this piece is that America should get out of the business of \"creating foreign armies\" because, regardless of who oversees the project, it's a goat rodeo","id":"1433694151980224512","created_at":"2021-09-03T07:31:37.000Z","public_metrics":{"retweet_count":4,"reply_count":3,"like_count":29,"quote_count":0}},{"text":"So the argument here is that Pentagon train-and-equip efforts are bloated and ineffective, while the CIA gets it right with... leaner efforts that arm \"predatory warlords and strongmen\" who are often organized along sectarian lines and undermine the state? https://t.co/VEHdVrw0eh","id":"1433694150000586752","created_at":"2021-09-03T07:31:36.000Z","public_metrics":{"retweet_count":23,"reply_count":3,"like_count":92,"quote_count":4}},{"text":"Going out on a limb here to predict that a group of visiting senators will not, in fact, find \"a solution to the political and economic crisis in Lebanon\" https://t.co/zXb4zr8zpo","id":"1432996376183517197","created_at":"2021-09-01T09:18:54.000Z","public_metrics":{"retweet_count":45,"reply_count":17,"like_count":379,"quote_count":3}}],"meta":{"oldest_id":"1432996376183517197","newest_id":"1437696759929638913","result_count":52}}