{"data":[{"created_at":"2021-10-14T13:07:16.000Z","text":"Nabih Berri meeting with the American ambassador to Lebanon at the same time as Nabih Berri's party was holding a protest-turned-shootout over (thoroughly unfounded) claims of \"American interference\" in the port investigation is sort of peak Nabih Berri https://t.co/7PLdL7nyNP","id":"1448636524237627392","public_metrics":{"retweet_count":37,"reply_count":7,"like_count":128,"quote_count":1}},{"created_at":"2021-10-14T12:08:15.000Z","text":"RT @timourazhari: Gunfire has halted in Beirut for about 30 mins now.","id":"1448621674333605892","public_metrics":{"retweet_count":32,"reply_count":0,"like_count":0,"quote_count":0}},{"created_at":"2021-10-14T11:15:58.000Z","text":"At least six now dead and 16 injured in the ongoing clashes in Beirut https://t.co/zSd2sYl58d","id":"1448608516990722049","public_metrics":{"retweet_count":8,"reply_count":0,"like_count":10,"quote_count":1}},{"created_at":"2021-10-14T10:44:17.000Z","text":"RT @Aya_Majzoub: Another casualty in #Beirut today. \n\nResidents in the areas nearby are terrorized, trapped between a large fire and active…","id":"1448600541236502528","public_metrics":{"retweet_count":31,"reply_count":0,"like_count":0,"quote_count":0}},{"created_at":"2021-10-14T10:21:29.000Z","text":"RT @RobaHusseini: 3 killed, 20 wounded at a Beirut rally organised by Hezbollah and Amal movements against the Beirut blast lead investigat…","id":"1448594805919989765","public_metrics":{"retweet_count":37,"reply_count":0,"like_count":0,"quote_count":0}},{"created_at":"2021-10-14T08:55:10.000Z","text":"RT @LayalAFP: عاجل @AFPar  قتيل وثمانية جرحى في إطلاق نار خلال تظاهرة ضد المحقق العدلي في انفجار مرفأ #بيروت (مستشفى)\nGunfire kills one, wo…","id":"1448573079609806851","public_metrics":{"retweet_count":11,"reply_count":0,"like_count":0,"quote_count":0}},{"created_at":"2021-10-14T08:46:06.000Z","text":"RT @SarahDadouch: Loud gunfire heard fired at Hezbollah and Amal protesters today, who went out to demand the end of the politicization of…","id":"1448570800773242881","public_metrics":{"retweet_count":64,"reply_count":0,"like_count":0,"quote_count":0}},{"created_at":"2021-10-14T05:46:26.000Z","text":"The beatings will continue until morale improves https://t.co/RekNgJ98Ib","id":"1448525584913604611","public_metrics":{"retweet_count":5,"reply_count":0,"like_count":17,"quote_count":0}},{"created_at":"2021-10-13T12:50:57.000Z","text":"@thecynicist Going to need a much bigger Ritz","id":"1448270029187911683","public_metrics":{"retweet_count":0,"reply_count":0,"like_count":5,"quote_count":0}},{"created_at":"2021-10-13T11:29:29.000Z","text":"@DaliaHatuqa Trump is going to run again in 2024 just so he can stay there on a state visit","id":"1448249528990187524","public_metrics":{"retweet_count":0,"reply_count":0,"like_count":1,"quote_count":0}},{"created_at":"2021-10-13T10:35:34.000Z","text":"Wonder if this $136m cocaine haul will count towards the post-Abraham Accords bilateral trade figures https://t.co/HHVUq27DLm","id":"1448235961133973506","public_metrics":{"retweet_count":14,"reply_count":3,"like_count":64,"quote_count":3}},{"created_at":"2021-10-13T09:49:31.000Z","text":"Because nothing says \"end the politicization\" like a protest organized by two political parties https://t.co/Czv9rBuRnM","id":"1448224371374497793","public_metrics":{"retweet_count":8,"reply_count":0,"like_count":69,"quote_count":0}},{"created_at":"2021-10-13T09:04:39.000Z","text":"This makes no sense for a multitude of reasons and an alternate headline would be \"Gianni Infantino nominates self for long-shot vanity bid for 2030 Nobel Peace Prize\" https://t.co/8Q7p3aN94A","id":"1448213079599243264","public_metrics":{"retweet_count":0,"reply_count":0,"like_count":11,"quote_count":0}},{"created_at":"2021-10-13T08:25:12.000Z","text":"Saudi Arabia wanted to attract $10bn in annual FDI by 2020. It missed that target by more than half. So now the plan is to draw $103bn (!) a year by 2030, a sum it's not even clear the economy can usefully absorb https://t.co/QET5NlQhos","id":"1448203154303115269","public_metrics":{"retweet_count":12,"reply_count":5,"like_count":31,"quote_count":2}},{"created_at":"2021-10-13T07:59:59.000Z","text":"I think a simple dividing line is between people who believe America needs a foreign policy for every perceived global ill—the impulse to always \"do something,\" whatever that something is—and people who accept that capabilities, influence and interests are not infinite https://t.co/9pHQSWEhRv","id":"1448196806207225858","public_metrics":{"retweet_count":5,"reply_count":4,"like_count":40,"quote_count":1}},{"created_at":"2021-10-13T07:40:51.000Z","text":"It's not only that pouring resources and effort into Lebanon has been futile for Saudi Arabia. It's also that Saudi is recalibrating its sense of national interest, and Lebanon just doesn't seem that consequential anymore. https://t.co/OZfpwpBgJs","id":"1448191993289617408","public_metrics":{"retweet_count":17,"reply_count":3,"like_count":39,"quote_count":4}},{"created_at":"2021-10-13T05:52:46.000Z","text":"\"In fact, Bennett made it clear that Israel, or at least its current government, is no longer pleased that Trump, at Netanyahu's urging, withdrew from the Iran deal in 2018... it's probably the new government's most major policy change.\" https://t.co/JcHs0bIYhg","id":"1448164790560505856","public_metrics":{"retweet_count":7,"reply_count":1,"like_count":15,"quote_count":1}},{"created_at":"2021-10-13T05:14:30.000Z","text":"\"The risk is that the newly-formed government will follow the lead of its predecessors and deplete Lebanon's shrinking reserves, not on implementing reforms, but to maintain the status quo, eventually making it impossible to fix the power sector.\" https://t.co/i4hzsH6kF2","id":"1448155163122929667","public_metrics":{"retweet_count":3,"reply_count":0,"like_count":15,"quote_count":0}},{"created_at":"2021-10-13T05:05:48.000Z","text":"This only works if either a) Iran has complete command and control over the Houthis or b) the Houthis feel it would be in their own interests to end the war in Yemen. Neither really seems to be the case. https://t.co/AIUhN3EDQD","id":"1448152973394288647","public_metrics":{"retweet_count":6,"reply_count":0,"like_count":22,"quote_count":1}},{"created_at":"2021-10-12T12:52:29.000Z","text":"\"One in three young people across the Middle East and North Africa said they, or someone in their family, lost their job due to coronavirus... and most, just under two thirds, have yet to find another one.\" https://t.co/jkkMb8H9HJ","id":"1447908028443942913","public_metrics":{"retweet_count":5,"reply_count":0,"like_count":7,"quote_count":0}},{"created_at":"2021-10-12T08:04:22.000Z","text":"\"So desperate was Jamal, a businessman, to get his cash out of his bank account in Lebanon that he agreed to a transaction that would make no sense anywhere else in the world. He sold a cheque for half of its face value.\" https://t.co/HVx9QPJ1xN","id":"1447835522236301312","public_metrics":{"retweet_count":12,"reply_count":0,"like_count":13,"quote_count":1}},{"created_at":"2021-10-12T07:58:32.000Z","text":"RT @Aya_Majzoub: Judge Tarek Bitar issues an arrest warrant for MP and former minister Ali Hassan Khalil, who did not show up for his inter…","id":"1447834054200541184","public_metrics":{"retweet_count":7,"reply_count":0,"like_count":0,"quote_count":0}},{"created_at":"2021-10-12T07:55:02.000Z","text":"Either the organizers have a very well-honed sense of irony or they completely missed the show's underlying critique https://t.co/XCBVSHJCm9","id":"1447833174646697988","public_metrics":{"retweet_count":1,"reply_count":1,"like_count":10,"quote_count":0}},{"created_at":"2021-10-12T07:40:24.000Z","text":"This could be interesting if some actual Likud heavyweights jump into the race next. But if it's just Edelstein, it's kind of a \"you come at the king, you best not miss\" situation, and he's going to whiff https://t.co/obC6jasq0r","id":"1447829489178890241","public_metrics":{"retweet_count":0,"reply_count":0,"like_count":1,"quote_count":0}},{"created_at":"2021-10-12T07:11:35.000Z","text":"@Taylor_Luck If someone gifted me one of those super-comfortable plush fake cheetah blankets I would totally ignore ethics laws and keep it","id":"1447822237722161153","public_metrics":{"retweet_count":0,"reply_count":1,"like_count":1,"quote_count":0}},{"created_at":"2021-10-12T07:10:34.000Z","text":"Syria is, for a long list of reasons, a terrible investment. Assad will get some economic benefits, and he'll be welcomed back into the regional dictators club. But I wouldn't expect to see a flood of money pouring into regime-held Syria anytime soon. https://t.co/iasHkBZKiH","id":"1447821983413059584","public_metrics":{"retweet_count":1,"reply_count":1,"like_count":13,"quote_count":0}},{"created_at":"2021-10-12T07:10:34.000Z","text":"American official on Bashar's rehabilitation: \"'We are actively telling the UAE/Saudi, don't go building shopping malls, don't unfreeze Bashar's assets'... but allowing flexibility on issues like provision of electricity to Lebanon and some kinds of aid.\" https://t.co/iasHkBZKiH","id":"1447821981475344384","public_metrics":{"retweet_count":5,"reply_count":1,"like_count":12,"quote_count":0}},{"created_at":"2021-10-12T05:32:46.000Z","text":"Can't say I'm shocked that Mohamed Fahmy's post-imprisonment \"journalism\" venture apparently turned out to be an Emirati-backed cutout devoted to attacking the country's political opponents https://t.co/2Kq8JXB4di","id":"1447797371652481025","public_metrics":{"retweet_count":7,"reply_count":2,"like_count":19,"quote_count":3}},{"created_at":"2021-10-12T04:59:32.000Z","text":"\"The inspector general continues to pursue the whereabouts of a $5,800 bottle of Japanese whiskey given to Mike Pompeo... in addition, the Trump administration never disclosed that Jared Kushner received two swords and a dagger from the Saudis.\" https://t.co/lcoMgdwRgU","id":"1447789004972253184","public_metrics":{"retweet_count":3,"reply_count":1,"like_count":11,"quote_count":0}},{"created_at":"2021-10-12T04:59:31.000Z","text":"Saudi Arabia gifted Trump three robes \"made with white tiger and cheetah fur.\" Keeping them would have violated the Endangered Species Act—except they turned out to be fakes that were just dyed to look like rare cats. https://t.co/lcoMgdwRgU","id":"1447789003005120516","public_metrics":{"retweet_count":11,"reply_count":1,"like_count":28,"quote_count":5}},{"created_at":"2021-10-11T09:04:42.000Z","text":"From the official Syria pavilion at Dubai's expo. Can't decide which bit of text is more surreal, \"we believe that every human is part of the collective conscience\" or \"share your dreams and wishes\" https://t.co/5BPTr5rHW0","id":"1447488318002827268","public_metrics":{"retweet_count":15,"reply_count":2,"like_count":68,"quote_count":4}},{"created_at":"2021-10-11T06:15:09.000Z","text":"RT @chehayebk: Large fire breaks out in Zahrani oil facilities in southern #Lebanon in a fuel tank. \n\nThe army is now evacuating area, whil…","id":"1447445648744271872","public_metrics":{"retweet_count":23,"reply_count":0,"like_count":0,"quote_count":0}},{"created_at":"2021-10-11T05:23:02.000Z","text":"\"People don’t necessarily support Saied, they just hated what Saied broke... that's going to be gone pretty quickly when they find he's not delivering for them, either.\" https://t.co/E6L7d4w8jP","id":"1447432533952581633","public_metrics":{"retweet_count":6,"reply_count":2,"like_count":23,"quote_count":1}},{"created_at":"2021-10-11T05:12:02.000Z","text":"The @WorldBank estimates that covid-19 will have cost the Middle East $200bn by the end of this year, and that 13 of 16 countries in the region will emerge from 2021 with lower living standards than before the pandemic. https://t.co/q30y9azZm6","id":"1447429763992330245","public_metrics":{"retweet_count":53,"reply_count":1,"like_count":69,"quote_count":1}},{"created_at":"2021-10-11T04:30:26.000Z","text":"Put those two together, and you have an emerging attitude in Tehran that augurs poorly for the deal: that Iran can weather sanctions with a \"resistance economy\" and trade elsewhere, and that there is no point dealing with an untrustworthy America. https://t.co/6je431IpBv","id":"1447419297085763592","public_metrics":{"retweet_count":1,"reply_count":0,"like_count":5,"quote_count":0}},{"created_at":"2021-10-11T04:30:26.000Z","text":"Rouhani oversold the benefits of the JCPOA, which were short-lived anyway. Then Trump did the same with \"maximum pressure\": brutal as it has been for millions of Iranians, it has not threatened a regime that instead has consolidated power. https://t.co/6je431IpBv","id":"1447419295059922945","public_metrics":{"retweet_count":3,"reply_count":1,"like_count":6,"quote_count":1}},{"created_at":"2021-10-11T03:59:44.000Z","text":"Iraq's electoral commission says the \"initial\" voter turnout in yesterday's election was 41%, which (even if accurate) would be the lowest figure on record. https://t.co/KrA3Vgvdge","id":"1447411569772703744","public_metrics":{"retweet_count":7,"reply_count":0,"like_count":7,"quote_count":0}},{"created_at":"2021-10-10T11:21:23.000Z","text":"\"'At times during the podcast, Callimachi expressly encouraged Chaudhry to discuss violent acts,' the statement says. 'When Chaudhry expressed reluctance to do so, she responded, 'You need to talk about the killings.'\" https://t.co/Kgq641z7PA","id":"1447160328832405504","public_metrics":{"retweet_count":16,"reply_count":3,"like_count":49,"quote_count":2}},{"created_at":"2021-10-10T11:16:11.000Z","text":"So back to a luxurious one or two hours of state electricity a day https://t.co/L1KjTINK8m","id":"1447159017856552964","public_metrics":{"retweet_count":1,"reply_count":0,"like_count":19,"quote_count":0}},{"created_at":"2021-10-10T11:12:21.000Z","text":"Interesting piece on young people in Israel, the first country to do mandatory Pfizer boosters, being reluctant to take one—not because they're against vaccines, but because they haven't been convinced it's necessary or beneficial. https://t.co/QexXvshimY","id":"1447158053112094723","public_metrics":{"retweet_count":2,"reply_count":2,"like_count":9,"quote_count":0}},{"created_at":"2021-10-10T11:10:18.000Z","text":"RT @ibrahimhamidi: The first verified photos of #Rifaaf Al- Assad in #Damascus with his son Douriad and grandchildren. They were posted on…","id":"1447157535849566218","public_metrics":{"retweet_count":23,"reply_count":0,"like_count":0,"quote_count":0}},{"created_at":"2021-10-10T04:46:48.000Z","text":"At the UN last month Biden said that America, for the first time in decades, was \"not at war.\" In fact his plans for drone strikes amount to \"the formula for a more sustainable, but no less brutal, war on terror.\" https://t.co/t38ZuqsHJK","id":"1447061027040989186","public_metrics":{"retweet_count":30,"reply_count":8,"like_count":73,"quote_count":3}},{"created_at":"2021-10-10T04:24:47.000Z","text":"A currency collapse should be good for local industry. But for that to happen businesses need reliable energy, hard currency to import raw materials and access to credit to expand their operations. Lebanon has none of those. https://t.co/YGkdgkvSp0","id":"1447055485627244545","public_metrics":{"retweet_count":16,"reply_count":2,"like_count":35,"quote_count":2}},{"created_at":"2021-10-10T04:12:55.000Z","text":"The definition of insanity is doing the same thing over and over and expecting different results https://t.co/6nGYkwwpay","id":"1447052498448027648","public_metrics":{"retweet_count":17,"reply_count":4,"like_count":35,"quote_count":0}},{"created_at":"2021-10-10T04:01:36.000Z","text":"Election day in Iraq, and the main questions are how many people will boycott what is widely seen as a worthless vote, and how militias and other corrupt actors will divide up the spoils afterwards. https://t.co/eGEln8flXu","id":"1447049651715203077","public_metrics":{"retweet_count":9,"reply_count":0,"like_count":11,"quote_count":0}},{"created_at":"2021-10-09T15:24:40.000Z","text":"\"A senior employee at EdL said he was 'shocked that people are shocked' at the news\" (of the Lebanese state electric grid going totally offline) https://t.co/nlrIOcH5JV","id":"1446859163745804293","public_metrics":{"retweet_count":10,"reply_count":6,"like_count":29,"quote_count":3}},{"created_at":"2021-10-09T11:07:04.000Z","text":"The electric grid in Lebanon has shut down entirely this afternoon after the two main power stations ran out of fuel https://t.co/MjFlgxX3tE","id":"1446794335777959937","public_metrics":{"retweet_count":26,"reply_count":0,"like_count":34,"quote_count":0}},{"created_at":"2021-10-09T08:02:13.000Z","text":"\"Erdogan himself describes the canal as a 'crazy project,' presumably in a good way. Critics describe it as the biggest rent-seeking exercise in Turkey's history and a recipe for an environmental disaster.\" https://t.co/WMJmcVUNMw","id":"1446747818157387777","public_metrics":{"retweet_count":8,"reply_count":1,"like_count":18,"quote_count":0}},{"created_at":"2021-10-09T05:10:03.000Z","text":"\"Owning a high-profile European club also gives regimes more clout within FIFA, the game's governing body. That may have proved useful when Russia successfully bid for the 2018 World Cup. The same goes for Qatar, which in 2011 bought Paris St Germain.\" https://t.co/dZyE6C8jOI","id":"1446704490221084675","public_metrics":{"retweet_count":12,"reply_count":0,"like_count":20,"quote_count":2}},{"created_at":"2021-10-09T04:55:39.000Z","text":"Just a heartwarming tale of a family coming together and reconciling to prevent a corrupt uncle who also oversaw the massacre of a few thousand people from facing even a modicum of accountability in his life https://t.co/cszNJfi083","id":"1446700866984099843","public_metrics":{"retweet_count":50,"reply_count":2,"like_count":105,"quote_count":3}},{"created_at":"2021-10-08T12:50:05.000Z","text":"\"The son of Afghanistan's former defense minister bought a $20m Beverly Hills mansion previously owned by a securities firm that ran a $1.2bn Ponzi scheme\" tidily sums up so much about 21st-century America https://t.co/tNBcf2bXoa","id":"1446457872276131856","public_metrics":{"retweet_count":136,"reply_count":23,"like_count":292,"quote_count":22}},{"created_at":"2021-10-08T09:30:42.000Z","text":"If you've just crashed your fourth car in three years, the problem may in fact be with your driving, not the car manufacturers https://t.co/woL5LbROAJ","id":"1446407697541308417","public_metrics":{"retweet_count":20,"reply_count":3,"like_count":61,"quote_count":1}},{"created_at":"2021-10-08T09:28:13.000Z","text":"RT @aronlund: Syria-Jordan normalization has been accompanied by increasing Jordanian regime pressure on Syrian refugee activists and journ…","id":"1446407073768648707","public_metrics":{"retweet_count":11,"reply_count":0,"like_count":0,"quote_count":0}},{"created_at":"2021-10-08T06:09:24.000Z","text":"\"A sophisticated South Korean-made component found on drones used against coalition forces in Yemen was tracked to a Tehran toy shop that sold remote-controlled model aircraft including miniature replicas of US jet fighters.\" https://t.co/7PsWXGxgZY","id":"1446357039194779648","public_metrics":{"retweet_count":21,"reply_count":3,"like_count":30,"quote_count":1}},{"created_at":"2021-10-07T12:37:56.000Z","text":"@shashj Indeed. The UAE in particular can't even sell it to America in terms of competition with China because they have no desire to choose between the two","id":"1446092429363453953","public_metrics":{"retweet_count":0,"reply_count":1,"like_count":0,"quote_count":0}},{"created_at":"2021-10-07T12:31:34.000Z","text":"Not quite sure how this would work. Hard to see much support in America for a binding defense pact with the Gulf states. And a lesser agreement, something like major non-NATO ally status, wouldn't actually assuage Gulf concerns about American reliability https://t.co/1yOZYp3yPG https://t.co/Nejdt5u4dn","id":"1446090823687450631","public_metrics":{"retweet_count":2,"reply_count":4,"like_count":9,"quote_count":1}},{"created_at":"2021-10-07T12:18:44.000Z","text":"Wild details here about how the ruler of Dubai used spyware from Israel's notorious NSO Group to spy on his ex-wife, and how she and her lawyer found out after a phone call from Cherie Blair, the wife of Britain's former PM, who advises the spyware firm https://t.co/OeIHCjABKz","id":"1446087597395218434","public_metrics":{"retweet_count":20,"reply_count":1,"like_count":44,"quote_count":0}},{"created_at":"2021-10-06T15:04:11.000Z","text":"RT @Ryan_Bohl: Abu Dhabi's Mohammed bin Zayed receives Qatar's Deputy Prime Minister as Emirati-Qatari ties continue to warm.  Bygones shal…","id":"1445766846322393104","public_metrics":{"retweet_count":8,"reply_count":0,"like_count":0,"quote_count":0}},{"created_at":"2021-10-05T05:28:42.000Z","text":"A bit surreal that while America is staring at a looming deadline that would trigger a default, lawmakers are spending some of their time and energy on a debate over whether to send $1bn in aid to a high-income foreign country https://t.co/YzNtgpukx9","id":"1445259632570736641","public_metrics":{"retweet_count":12,"reply_count":6,"like_count":24,"quote_count":1}},{"created_at":"2021-10-05T05:03:42.000Z","text":"Feel like I've seen this movie before: \"Kais Saied said that 1.8m people had come onto the streets on Sunday during rallies in support of him,\" while @Reuters puts the attendance at the main rally closer to, um, 8,000. https://t.co/WOWAzCxI8Q","id":"1445253341236416512","public_metrics":{"retweet_count":41,"reply_count":8,"like_count":74,"quote_count":3}},{"created_at":"2021-10-04T18:05:52.000Z","text":"Am I the only person on here who didn't have a joke saved in his drafts ready to go the next time there was a WhatsApp outage","id":"1445087792397180929","public_metrics":{"retweet_count":5,"reply_count":5,"like_count":72,"quote_count":1}},{"created_at":"2021-10-04T10:57:56.000Z","text":"@Taylor_Luck I like the idea that he has a side hustle driving an Uber or something for his pocket money","id":"1444980097048526855","public_metrics":{"retweet_count":0,"reply_count":0,"like_count":1,"quote_count":0}},{"created_at":"2021-10-04T09:26:39.000Z","text":"RT @chehayebk: Judge Tarek Bitar will continue investigating the #BeirutBlast after the Appeals Court dismissed the complaint lodged by cha…","id":"1444957124988219396","public_metrics":{"retweet_count":36,"reply_count":0,"like_count":0,"quote_count":0}},{"created_at":"2021-10-04T05:40:00.000Z","text":"Macron increasingly giving Erdogan a run for his money in the \"let's see how many foreign-policy rows I can accumulate at once\" contest https://t.co/LbGHIDkoco","id":"1444900087541403650","public_metrics":{"retweet_count":31,"reply_count":1,"like_count":77,"quote_count":0}},{"created_at":"2021-10-04T04:59:44.000Z","text":"\"None of the 28 women among 284 candidates was elected.\" https://t.co/hLLUWr6d94","id":"1444889954342084608","public_metrics":{"retweet_count":9,"reply_count":1,"like_count":18,"quote_count":0}},{"created_at":"2021-10-04T04:52:06.000Z","text":"Every one of these leaks underscores the utter hypocrisy of Western governments when they bang on about corruption in the developing world. They facilitate it, they embrace many of its perpetrators, and they have zero interest in really trying to stop it","id":"1444888031148773376","public_metrics":{"retweet_count":69,"reply_count":4,"like_count":177,"quote_count":6}},{"created_at":"2021-10-04T04:51:35.000Z","text":"This is a jaw-dropping figure: \"The most popular destination has been South Dakota, where the past decade has seen the value of assets held in trusts reach more than $360bn.\" (That is about 6x the state's entire GDP.) https://t.co/9lzMGxsg4J","id":"1444887905244176384","public_metrics":{"retweet_count":140,"reply_count":8,"like_count":236,"quote_count":12}},{"created_at":"2021-10-04T04:29:24.000Z","text":"Unsurprisingly, Lebanon shows up often in the Pandora papers: the prime minister, Najib Mikati, has offshore holdings, as do his predecessor Hassan Diab and central-bank chief Riad Salameh, among many others. https://t.co/5lb23qicxn","id":"1444882321577070594","public_metrics":{"retweet_count":20,"reply_count":0,"like_count":31,"quote_count":1}},{"created_at":"2021-10-03T17:03:17.000Z","text":"\"Advisers to the monarch, who awards an annual prize for transparency in his name, spared no effort to conceal his real estate holdings... lawyers formed shell companies and concocted plans to shield his name from public and even confidential registries.\" https://t.co/mfdTzuDEVW","id":"1444709654915919877","public_metrics":{"retweet_count":41,"reply_count":10,"like_count":86,"quote_count":4}},{"created_at":"2021-10-03T13:36:37.000Z","text":"RT @Taylor_Luck: Phone call between #Syria's Bashar al Assad and #Jordan's King Abdullah marks the first publicly-known communications betw…","id":"1444657645625937920","public_metrics":{"retweet_count":28,"reply_count":0,"like_count":0,"quote_count":0}},{"created_at":"2021-10-03T06:37:15.000Z","text":"RT @MairavZ: “In the first half of 2021, 416 anti-Palestinian incidents were reported – more than double the figure for the first half of 2…","id":"1444552109307928576","public_metrics":{"retweet_count":74,"reply_count":0,"like_count":0,"quote_count":0}},{"created_at":"2021-10-03T06:34:08.000Z","text":"It's been 16 days since Iranian diesel started arriving in Lebanon. Where is it going? Interesting piece on who has (or has not) received or accepted fuel from Hezbollah so far. https://t.co/MJ6ceXK2yz","id":"1444551320938156041","public_metrics":{"retweet_count":7,"reply_count":0,"like_count":12,"quote_count":1}},{"created_at":"2021-10-03T06:01:41.000Z","text":"Breathless headlines lately about Iran's nuclear work. This is far more sober: \"There is [enriched uranium] in volumes that we have not seen before and it is disturbing. At the same time, in all other aspects of the nuclear project, we see no progress.\" https://t.co/oA7UGOtWqf","id":"1444543154783494146","public_metrics":{"retweet_count":7,"reply_count":0,"like_count":8,"quote_count":0}},{"created_at":"2021-10-03T05:38:00.000Z","text":"\"Israel will strip more than a million citizens of their vaccine passports on Sunday, becoming the first country to regulate booster shots as evidence of fully immunised status.\" https://t.co/XXyfDzGAJR","id":"1444537196787249153","public_metrics":{"retweet_count":4,"reply_count":1,"like_count":9,"quote_count":0}},{"created_at":"2021-10-02T07:44:21.000Z","text":"Not even sure how it's possible for Lebanon's electric supply to decrease by \"several more hours,\" unless they've found a way to produce a negative number of hours of electricity https://t.co/1w4SvBxCg3","id":"1444206607626379268","public_metrics":{"retweet_count":21,"reply_count":9,"like_count":117,"quote_count":1}},{"created_at":"2021-10-02T06:30:48.000Z","text":"Bleak dispatch from @siobhan_ogrady on the battle for Marib, the main front line in Yemen, where both sides have taken heavy casualties and some 1m internally-displaced people risk being displaced by fighting yet again. https://t.co/k0YOOIjk0m","id":"1444188097193852930","public_metrics":{"retweet_count":4,"reply_count":0,"like_count":8,"quote_count":0}},{"created_at":"2021-10-01T06:32:02.000Z","text":"Unemployment and inflation are high and Tunisia looks stuck in a debt trap. Two months after he suspended parliament, Saied hasn't offered a plan for addressing any of this, and neither he nor his new prime minister have experience with the economy. https://t.co/YTagzwiLXK","id":"1443826018251386882","public_metrics":{"retweet_count":16,"reply_count":1,"like_count":27,"quote_count":0}},{"created_at":"2021-10-01T06:32:01.000Z","text":"Kais Saied had popular support for his power grab, but it comes with an expiration date. There's a disconnect between his plan for a long, contentious overhaul of the political system and the desires of his constituents, who want progress on the economy. https://t.co/YTagzwiLXK","id":"1443826016108097537","public_metrics":{"retweet_count":24,"reply_count":4,"like_count":25,"quote_count":1}}],"meta":{"oldest_id":"1443826016108097537","newest_id":"1448636524237627392","result_count":78}}