{"data":[{"text":"RT @fatimalmahmoud: Beirut’s leading public hospital in the fight against #Covid19 is running on 2 out of 7 generators due to power cuts an…","id":"1426413830029119488","created_at":"2021-08-14T05:22:13.000Z","public_metrics":{"retweet_count":10,"reply_count":0,"like_count":0,"quote_count":0}},{"text":"The \"credibility\" argument never reckons with how America's post-9/11 military adventurism damaged its credibility in the first place. If there's a sense that \"US power is in decline,\" it stems more from outcomes on the ground than from belated withdrawal. https://t.co/b2T0fOsxpg","id":"1426407655233527808","created_at":"2021-08-14T04:57:41.000Z","public_metrics":{"retweet_count":43,"reply_count":6,"like_count":136,"quote_count":3}},{"text":"RT @sewella: As the subsidy program continues to collapse, a World Bank funded program to provide aid to Lebanon's poorest families remains…","id":"1426404281876373508","created_at":"2021-08-14T04:44:16.000Z","public_metrics":{"retweet_count":19,"reply_count":0,"like_count":0,"quote_count":0}},{"text":"This by @Abdulkhaleq_UAE is an honest (and unsurprising) assessment of the Abraham Accords at one. They were always a pragmatic agreement meant to serve specific national interests; the \"lofty promises\" of regional peace and stability were a sales pitch. https://t.co/h9yWSxkEfO","id":"1426401140715950081","created_at":"2021-08-14T04:31:47.000Z","public_metrics":{"retweet_count":23,"reply_count":5,"like_count":58,"quote_count":1}},{"text":"The Lebanese government continues to offer a masterclass in how not to handle crisis: BdL abruptly lifted fuel subsidies, but the energy ministry hasn't repriced fuel yet, so importers are refusing to deliver the stuff to gas stations. https://t.co/mbQItisIT8","id":"1426397190453440513","created_at":"2021-08-14T04:16:06.000Z","public_metrics":{"retweet_count":5,"reply_count":1,"like_count":19,"quote_count":0}},{"text":"\"On one frontline in Kandahar last week, the Afghan security forces' seeming inability to fend off the Taliban came down to potatoes. After weeks of fighting, one cardboard box full of slimy potatoes was supposed to pass as a police unit's daily rations.\" https://t.co/pDVrtmM0kT","id":"1426389340771475462","created_at":"2021-08-14T03:44:54.000Z","public_metrics":{"retweet_count":19,"reply_count":1,"like_count":28,"quote_count":0}},{"text":"An Iranian health official admitted that the country lied about its covid-19 death toll to the WHO and refused foreign aid in a bid to look \"self-sufficient.\" As many as 1,000 Iranians a day are dying from the virus, and the vaccine program is a fiasco. https://t.co/muLXMy8tmE","id":"1426382048198070280","created_at":"2021-08-14T03:15:55.000Z","public_metrics":{"retweet_count":51,"reply_count":2,"like_count":59,"quote_count":4}},{"text":"RT @ChloeNCornish: Circulating on social media: Bank Audi, Lebanon's biggest bank, is shutting off air-conditioning in its HQ from Monday;…","id":"1426172299565207558","created_at":"2021-08-13T13:22:27.000Z","public_metrics":{"retweet_count":23,"reply_count":0,"like_count":0,"quote_count":0}},{"text":"\"All of Afghanistan's neighbours have already accepted that there will be a Taliban takeover... the trouble is that while few in the region relish having the Taliban move in next door, they cannot agree what to do about it.\" https://t.co/4mfgqR699P","id":"1426127265809801221","created_at":"2021-08-13T10:23:30.000Z","public_metrics":{"retweet_count":2,"reply_count":0,"like_count":15,"quote_count":0}},{"text":"Excellent read on the political dynamics inside Iran, how the \"parallel state\" seems to have won a decisive victory against elected presidents, and what this means for Raisi's domestic and foreign agenda. https://t.co/fOmxONLgIP","id":"1426121950838108162","created_at":"2021-08-13T10:02:23.000Z","public_metrics":{"retweet_count":12,"reply_count":1,"like_count":37,"quote_count":0}},{"text":"\"The loss is made more galling by rules that often make no sense. A year and a half into the pandemic, policymakers finally acknowledge what epidemiologists have long known: there is no straight line between curbing travel and curbing infections.\" https://t.co/S4F70bd4u8","id":"1426060563000475655","created_at":"2021-08-13T05:58:27.000Z","public_metrics":{"retweet_count":1,"reply_count":0,"like_count":8,"quote_count":0}},{"text":"Question for Russia experts: Is the narrative that Putin thinks of Gaddafi's death as a \"deeply personal issue\" correct? Because from a Russian perspective, the past decade in Libya has worked out okay (and Putin doesn't strike me as the sentimental type). https://t.co/UFuavTq15T","id":"1426058553245245444","created_at":"2021-08-13T05:50:28.000Z","public_metrics":{"retweet_count":4,"reply_count":1,"like_count":13,"quote_count":0}},{"text":"You can bookend the past two decades of deluded American foreign policy with that old Karl Rove quote about how \"we're an empire now, and when we act, we create our own reality\" and this truly surreal headline https://t.co/pXHhPuE80y","id":"1426050632142704645","created_at":"2021-08-13T05:19:00.000Z","public_metrics":{"retweet_count":63,"reply_count":4,"like_count":126,"quote_count":5}},{"text":"It bears repeating, again and again, that the almost cartoonish level of corruption at Lebanon's central bank was abetted by Western countries that both defended Salameh politically and let him park his money in Europe with apparently very few questions about its provenance","id":"1425686320697970703","created_at":"2021-08-12T05:11:21.000Z","public_metrics":{"retweet_count":86,"reply_count":4,"like_count":269,"quote_count":7}},{"text":"Around 2005 Riad Salameh had a daughter with a Ukrainian woman. In 2007 he recognized the child was his. Soon after that, the child's mother took control of a company that has acquired more than €10m worth of real estate in France. https://t.co/NLOo5A4esA","id":"1425686318969991171","created_at":"2021-08-12T05:11:21.000Z","public_metrics":{"retweet_count":168,"reply_count":15,"like_count":373,"quote_count":53}},{"text":"A diplomat with an \"IRGC attitude\": Unsurprisingly, Raisi chose a hawkish foreign minister who's been deeply involved with Iran's regional policies. And he chose several actual members of the Guards for other cabinet posts. https://t.co/atHZCqrkDI","id":"1425676797035876353","created_at":"2021-08-12T04:33:30.000Z","public_metrics":{"retweet_count":14,"reply_count":5,"like_count":21,"quote_count":2}},{"text":"As @AzarsTweets notes, since BdL is still providing dollars for fuel imports, it's still effectively subsidizing those purchases (albeit at a far lower level). Short-term effect will be to collapse demand because fuel is literally unaffordable for many https://t.co/x1mVE28xDV","id":"1425667002430070785","created_at":"2021-08-12T03:54:35.000Z","public_metrics":{"retweet_count":1,"reply_count":1,"like_count":2,"quote_count":0}},{"text":"\"The cost of fuel looks poised to jump by as much as five times or more.\" For perspective, that means 20 liters of petrol would cost about half the monthly minimum wage. Lebanon already has triple-digit inflation; this will send it soaring much higher. https://t.co/EDag18ljCa","id":"1425667000693673986","created_at":"2021-08-12T03:54:35.000Z","public_metrics":{"retweet_count":14,"reply_count":3,"like_count":29,"quote_count":0}},{"text":"RT @chehayebk: #Lebanon's fuel crisis takes a turn for the worse: \n\n- Central Bank Governor Riad Salame says he cannot open anymore lines o…","id":"1425456443784941572","created_at":"2021-08-11T13:57:54.000Z","public_metrics":{"retweet_count":100,"reply_count":0,"like_count":0,"quote_count":0}},{"text":"@shashj Maybe we can all take next week off and let him write the whole paper","id":"1425422893991743496","created_at":"2021-08-11T11:44:35.000Z","public_metrics":{"retweet_count":1,"reply_count":1,"like_count":10,"quote_count":0}},{"text":"Will be interesting to see who shows up for this and at what level of representation. But yes, limited expectations, with Raisi having just taken office, the JCPOA's future still up in the air and Kadhimi staring at an election https://t.co/nKHuN0xFfE","id":"1425334372010536963","created_at":"2021-08-11T05:52:50.000Z","public_metrics":{"retweet_count":6,"reply_count":0,"like_count":9,"quote_count":1}},{"text":"\"Just under 5% of coronavirus tests were coming back positive, in a sign that the nation was in the midst of a major Covid increase... 90% of new infections were in people aged 50 and above.\" https://t.co/4cOSMgJOhK","id":"1425310111380148229","created_at":"2021-08-11T04:16:26.000Z","public_metrics":{"retweet_count":6,"reply_count":1,"like_count":8,"quote_count":0}},{"text":"Lebanon's latest looming shortage: cooking gas. There were long queues for the stuff yesterday after suppliers warned their stock would only last for a week. Another basic import the central bank is running out of money to finance. https://t.co/MctYxyh57P","id":"1425305251851165701","created_at":"2021-08-11T03:57:07.000Z","public_metrics":{"retweet_count":8,"reply_count":2,"like_count":19,"quote_count":0}},{"text":"Even if you support the withdrawal, this kind of messaging is vapid and embarrassing https://t.co/nIoaSMi03w","id":"1425092888841662476","created_at":"2021-08-10T13:53:16.000Z","public_metrics":{"retweet_count":4,"reply_count":0,"like_count":28,"quote_count":0}},{"text":"RT @arisroussinos: Taking my family back to my ancestral village for the first time in years, for the first time I realised climate catastr…","id":"1425047572406804489","created_at":"2021-08-10T10:53:12.000Z","public_metrics":{"retweet_count":170,"reply_count":0,"like_count":0,"quote_count":0}},{"text":"If you've ever actually been shot at in your life you are unlikely to share Tucker's enthusiasm for bullet-riddled architecture","id":"1424991573427773455","created_at":"2021-08-10T07:10:40.000Z","public_metrics":{"retweet_count":8,"reply_count":5,"like_count":74,"quote_count":0}},{"text":"My only contribution to Tucker/Hungary discourse: the revealing bit of this speech is \"I wish I lived in a city full of bullet holes in the buildings.\" So much of the angst in America today seems like bored, comfortable people wanting to feel part of some grand cause https://t.co/HNwOQEo2eU","id":"1424989957932920858","created_at":"2021-08-10T07:04:15.000Z","public_metrics":{"retweet_count":39,"reply_count":15,"like_count":173,"quote_count":3}},{"text":"@Beirutspring But the author isn't doing that. She's saying a summer of awful weather incidents made it *feel* real in a way that no scientific report can—a question of perception, not science—and I think this summer has made it feel real for quite a few people","id":"1424984419958468635","created_at":"2021-08-10T06:42:15.000Z","public_metrics":{"retweet_count":1,"reply_count":1,"like_count":3,"quote_count":0}},{"text":"@Beirutspring How so?","id":"1424980807379267589","created_at":"2021-08-10T06:27:53.000Z","public_metrics":{"retweet_count":0,"reply_count":1,"like_count":0,"quote_count":0}},{"text":"\"'Environmentalism' sounded woolly and tree-hugging when I read it or wrote it. 'Climate change' sounded antiseptic and bloodless. 'Look at that 50-foot wall of fire' might just do the trick.\" https://t.co/wd70Mdvqsv","id":"1424958805197082640","created_at":"2021-08-10T05:00:28.000Z","public_metrics":{"retweet_count":28,"reply_count":3,"like_count":68,"quote_count":1}},{"text":"Thoughtful piece on why years-long, hugely expensive efforts to bolster foreign armies don't work: Leaders facing insurgency and civil war are often more interested in coup-proofing, theft or personal survival than in building an effective military. https://t.co/efUGca71dO","id":"1424953913904615453","created_at":"2021-08-10T04:41:02.000Z","public_metrics":{"retweet_count":14,"reply_count":1,"like_count":52,"quote_count":0}},{"text":"\"While some Western firms have pledged to cut exploration as part of a push to lower carbon emissions, the Saudi government has tasked Aramco with pumping more oil... increasing daily oil-production capacity to 13m barrels from 12m.\" https://t.co/oWx2OtRqIW","id":"1424947339937075204","created_at":"2021-08-10T04:14:54.000Z","public_metrics":{"retweet_count":7,"reply_count":0,"like_count":5,"quote_count":0}},{"text":"This should be obvious: China's interests in the Middle East are primarily economic, it has no desire to be a political-military hegemon in the region, and it benefits from not being one. People arguing otherwise do so based on ideology, not evidence. https://t.co/2UowJPi1si","id":"1424944479526604824","created_at":"2021-08-10T04:03:32.000Z","public_metrics":{"retweet_count":25,"reply_count":10,"like_count":82,"quote_count":7}},{"text":"@arash_tehran We haven't had that spirit here since, nineteen seventy-nine \uD83C\uDFB5","id":"1424784469584666629","created_at":"2021-08-09T17:27:43.000Z","public_metrics":{"retweet_count":0,"reply_count":0,"like_count":15,"quote_count":0}},{"text":"Old enough to remember when the Darwin Awards were an occasional tongue-in-cheek gag on the early internet and not, like, an entire genre of the daily news https://t.co/F2GSZvf7Jc","id":"1424687625303207943","created_at":"2021-08-09T11:02:53.000Z","public_metrics":{"retweet_count":16,"reply_count":1,"like_count":78,"quote_count":1}},{"text":"@deebashadnia Hotel California, the official theme song of the Iranian judiciary","id":"1424686599447748608","created_at":"2021-08-09T10:58:49.000Z","public_metrics":{"retweet_count":0,"reply_count":0,"like_count":6,"quote_count":0}},{"text":"@Lghara93 Misread this as \"Abu Dhabi pups\" and was about to yell at mine for her lack of musical talent","id":"1424678341056024576","created_at":"2021-08-09T10:26:00.000Z","public_metrics":{"retweet_count":0,"reply_count":1,"like_count":1,"quote_count":0}},{"text":"\"There is no remaining scientific doubt that humans are fueling climate change... the only real uncertainty that remains, its authors say, is whether the world can muster the will to stave off a darker future than the one it already has carved in stone.\" https://t.co/Xx3r4YJvR0","id":"1424649174495240194","created_at":"2021-08-09T08:30:06.000Z","public_metrics":{"retweet_count":16,"reply_count":1,"like_count":21,"quote_count":3}},{"text":"The UN estimates that 78% of people in Lebanon are now living in poverty, up from 55% in its previous report last year. The rate of extreme poverty, people who lack access to even basic needs like food, has soared as well. https://t.co/LEx3pbsQNS","id":"1424643982907387907","created_at":"2021-08-09T08:09:28.000Z","public_metrics":{"retweet_count":39,"reply_count":3,"like_count":51,"quote_count":5}},{"text":"Studies suggest that incentives for vaccines don't help. But the Delta variant may do the job: \"Vaccination rates have been increasing in the hardest-hit regions, including some of those least likely, for reasons of politics, ever to embrace mandates.\" https://t.co/LbcoHAQOvx","id":"1424623328153714692","created_at":"2021-08-09T06:47:24.000Z","public_metrics":{"retweet_count":2,"reply_count":0,"like_count":11,"quote_count":0}},{"text":"Nasrallah's stance on the Beirut blast investigation has settled on the wonderfully circular position of \"we won't let you question officials to gather evidence until you present evidence that lets you question officials\" https://t.co/mHvhs1z1nW","id":"1424619571575676931","created_at":"2021-08-09T06:32:28.000Z","public_metrics":{"retweet_count":32,"reply_count":7,"like_count":147,"quote_count":6}},{"text":"What Iran controls, it cannot govern: its arc of influence is a dumpster fire. But it won't negotiate away that influence. The best the Saudis can hope for in talks is to safeguard their own security, but that's hardly a formula for regional peace or stability.","id":"1424601108748644353","created_at":"2021-08-09T05:19:06.000Z","public_metrics":{"retweet_count":5,"reply_count":2,"like_count":28,"quote_count":2}},{"text":"Which gets at a bigger problem. It's becoming less useful, analytically, to see the region through the lens of Saudi-Iranian conflict—because the Saudis lost. They're still fighting a rearguard action in Yemen, but otherwise they've largely ceded the field.","id":"1424601107091927041","created_at":"2021-08-09T05:19:06.000Z","public_metrics":{"retweet_count":5,"reply_count":1,"like_count":18,"quote_count":2}},{"text":"It's good to call for negotiations and a regional security architecture. But then you get to the policy recommendations here, which include \"an explicit US commitment to try to prevent the fall of Marib to the Houthis.\" How on earth can it deliver that? https://t.co/sBJSui4UZ3","id":"1424601105363841028","created_at":"2021-08-09T05:19:05.000Z","public_metrics":{"retweet_count":3,"reply_count":3,"like_count":17,"quote_count":0}},{"text":"\"The same tools that destabilized foreign countries were bound to destabilize America. Trump was the War on Terror's lagging indicator, the promise of what George W. Bush unleashed and what Barack Obama nurtured.\" https://t.co/NsvZJQDI5M","id":"1424594041975578628","created_at":"2021-08-09T04:51:01.000Z","public_metrics":{"retweet_count":15,"reply_count":1,"like_count":24,"quote_count":1}},{"text":"Raisi has little experience with politics or diplomacy, a list of mostly vague policy positions and an abysmal record on human rights. This is a good primer on the dynamics that will shape his presidency, both at home and abroad. https://t.co/3OiVVgPRiZ","id":"1424586857308987392","created_at":"2021-08-09T04:22:28.000Z","public_metrics":{"retweet_count":8,"reply_count":1,"like_count":17,"quote_count":0}},{"text":"The never-ending covid rollercoaster: months after Israel had an early, successful vaccine rollout and reopened its economy, \"an increasing number of experts are recommending a lockdown, probably from the beginning of September.\" https://t.co/1dLDQyKvCF","id":"1423872050482057216","created_at":"2021-08-07T05:02:05.000Z","public_metrics":{"retweet_count":5,"reply_count":1,"like_count":12,"quote_count":1}},{"text":"The G7 formally says that Iran was responsible for the deadly attack on the Mercer Street, and Pentagon investigators say drone fragments recovered from the ship match those used in previous Iranian UAV attacks. https://t.co/KTdRbIdjHK","id":"1423858699261595649","created_at":"2021-08-07T04:09:02.000Z","public_metrics":{"retweet_count":5,"reply_count":1,"like_count":6,"quote_count":0}},{"text":"RT @RobaHusseini: Lebanon's Hezbollah on Friday said it fired dozens of rockets on open territory in the Shebaa farms region in response to…","id":"1423578115989704710","created_at":"2021-08-06T09:34:06.000Z","public_metrics":{"retweet_count":5,"reply_count":0,"like_count":0,"quote_count":0}},{"text":"RT @Leila_MA: Video of incoming rocket barrage fired from south #Lebanon. #Israel now appears to be shelling back over the border in respon…","id":"1423563322729840641","created_at":"2021-08-06T08:35:19.000Z","public_metrics":{"retweet_count":5,"reply_count":0,"like_count":0,"quote_count":0}},{"text":"\"Nearly 160,000 hectares of forest have burned in Turkey this year, according to the European Forest Fire Information System, four times the average between 2008 and 2020.\" https://t.co/MPp1ccJu19","id":"1423523832682459140","created_at":"2021-08-06T05:58:24.000Z","public_metrics":{"retweet_count":14,"reply_count":1,"like_count":18,"quote_count":0}},{"text":"\"Made some progress, albeit slow\" is what I tell my editors when in fact I have not written a single paragraph yet https://t.co/hwYOElG4r9","id":"1423284654807740430","created_at":"2021-08-05T14:07:59.000Z","public_metrics":{"retweet_count":5,"reply_count":6,"like_count":108,"quote_count":2}},{"text":"RT @DEsfandiary: A real who’s who of the best of the worst in the region… https://t.co/jVlxaDSFDm","id":"1423284316864319494","created_at":"2021-08-05T14:06:39.000Z","public_metrics":{"retweet_count":14,"reply_count":0,"like_count":0,"quote_count":0}},{"text":"Honestly, I know it's against the law, but if Pompeo did swipe a $5,800 bottle of Japanese whiskey it is by far the most rational and defensible decision he made as secretary of state https://t.co/T4hfZFvbUo","id":"1423163680234016770","created_at":"2021-08-05T06:07:17.000Z","public_metrics":{"retweet_count":33,"reply_count":20,"like_count":341,"quote_count":6}},{"text":"This is basically akin to putting a terminal patient on a morphine drip. Telling that three years ago foreign donors were willing to pledge $11bn for Lebanon and today that sum has been whittled down to $370m https://t.co/e4Rr1VjaRe","id":"1423153250598072320","created_at":"2021-08-05T05:25:50.000Z","public_metrics":{"retweet_count":14,"reply_count":4,"like_count":35,"quote_count":0}},{"text":"If Sisi wants to raise bread prices it needs to be paired with an expansion of Egypt's inadequate social safety net. Millions of people have been hurt by rising prices and a stagnant private sector but still aren't covered by welfare schemes. https://t.co/2hcRY96VWl","id":"1423129678110498816","created_at":"2021-08-05T03:52:10.000Z","public_metrics":{"retweet_count":4,"reply_count":0,"like_count":9,"quote_count":1}},{"text":"The country is literally on fire, let's see if we can't also tank the economy further at the same time https://t.co/7Nncu7ouWg","id":"1423123888695877634","created_at":"2021-08-05T03:29:10.000Z","public_metrics":{"retweet_count":4,"reply_count":0,"like_count":10,"quote_count":0}},{"text":"Lebanon is rationing water and running out of hard currency to finance basic necessities, but the police are still managing to fill up their water cannons and import tear gas https://t.co/TMP4eQ7avn","id":"1423121140558536708","created_at":"2021-08-05T03:18:14.000Z","public_metrics":{"retweet_count":54,"reply_count":4,"like_count":113,"quote_count":0}},{"text":"More on this week's bizarre bit of piracy in the Gulf: @ArgusMedia got a recording of the Asphalt Princess crew telling the Omani coast guard that they were boarded by \"five or six\" armed Iranians. https://t.co/1tUnN86pCb","id":"1423117831579840514","created_at":"2021-08-05T03:05:05.000Z","public_metrics":{"retweet_count":2,"reply_count":0,"like_count":4,"quote_count":0}},{"text":"RT @cjchivers: slipping out the door and hoping no one speaks of the grand waste and shame. the pentagon and armed forces have arguably the…","id":"1423110460342259714","created_at":"2021-08-05T02:35:48.000Z","public_metrics":{"retweet_count":64,"reply_count":0,"like_count":0,"quote_count":0}},{"text":"RT @shashj: \"Iranians stormed an asphalt tanker and tried to take it to their home country but the crew sabotaged the engines of the vessel…","id":"1422933520922644482","created_at":"2021-08-04T14:52:42.000Z","public_metrics":{"retweet_count":68,"reply_count":0,"like_count":0,"quote_count":0}},{"text":"\"A local AKP official sparked widespread anger by claiming that loan terms for rebuilding would be so generous that 'others whose houses didn't burn down might wish theirs had burned too.'\" https://t.co/mzmGJ8ceDF","id":"1422839844607307777","created_at":"2021-08-04T08:40:28.000Z","public_metrics":{"retweet_count":17,"reply_count":2,"like_count":17,"quote_count":1}},{"text":"\"The blast left up to 800,000 tons of rubble and debris strewn throughout the city. Of this amount, only about 40% has been disposed of... the remaining debris contains hazardous material, such as asbestos, but there is no money to clean it up.\" https://t.co/6uyb2qJZmE","id":"1422803485230305281","created_at":"2021-08-04T06:15:59.000Z","public_metrics":{"retweet_count":21,"reply_count":0,"like_count":43,"quote_count":0}},{"text":"\"The institution that held about 12,000 of the items was the Museum of the Bible, a four-year-old Washington museum founded and funded by the Christian evangelical family that owns the Hobby Lobby craft store chain.\" https://t.co/er0yDJN2ji","id":"1422800395697537027","created_at":"2021-08-04T06:03:43.000Z","public_metrics":{"retweet_count":10,"reply_count":1,"like_count":12,"quote_count":1}},{"text":"RT @Lloydslisted: Confirmation here that boarders have left the Asphalt Princess. @LLIntelligence AIS tracking sees the vessel heading back…","id":"1422798506557906945","created_at":"2021-08-04T05:56:12.000Z","public_metrics":{"retweet_count":7,"reply_count":0,"like_count":0,"quote_count":0}},{"text":"Soon after the blast, Lebanon's cabinet promised to investigate and share its findings within five days. It has had that, and 360 more, yet today even the basic facts remain a mystery: there has been no accountability, let alone justice for the victims. https://t.co/TPHsWSWYa5","id":"1422784633683562496","created_at":"2021-08-04T05:01:05.000Z","public_metrics":{"retweet_count":97,"reply_count":7,"like_count":241,"quote_count":5}},{"text":"NSO Group: We have a thorough process for vetting all of our clients\nAlso NSO Group: Our first business partner in Mexico was a guy known as \"Mr. Lambo\" who was under investigation by the FBI for drug smuggling and later served time in federal prison https://t.co/BkrmbkB7F3","id":"1422781424877330432","created_at":"2021-08-04T04:48:20.000Z","public_metrics":{"retweet_count":27,"reply_count":0,"like_count":45,"quote_count":1}},{"text":"If you're MbS the decision to recognize Israel is basically a trump card (no pun intended) that you can play for a big diplomatic boost. But you only get to play it once, and this isn't an opportune moment to do so. https://t.co/B9oLd5gzyK","id":"1422779627748139013","created_at":"2021-08-04T04:41:11.000Z","public_metrics":{"retweet_count":23,"reply_count":16,"like_count":88,"quote_count":8}},{"text":"\"The US is 'moving forces' to investigate a suspected hijacking of a tanker in the Gulf of Oman... maritime security sources said that at least five armed men were believed to have boarded and seized the tanker.\" https://t.co/2ffhhRBohX","id":"1422777067813343234","created_at":"2021-08-04T04:31:01.000Z","public_metrics":{"retweet_count":5,"reply_count":0,"like_count":6,"quote_count":0}},{"text":"One year later, the criminals in charge of Lebanon still refuse to properly answer this question https://t.co/QGJTNZmklT","id":"1422771649997332489","created_at":"2021-08-04T04:09:29.000Z","public_metrics":{"retweet_count":42,"reply_count":5,"like_count":184,"quote_count":1}},{"text":"The Turkish government would prefer that TV networks show documentaries about penguins instead of covering the wildfires ravaging large parts of the country's southwest https://t.co/MyjJ9GdnPX","id":"1422566550775681025","created_at":"2021-08-03T14:34:30.000Z","public_metrics":{"retweet_count":19,"reply_count":1,"like_count":40,"quote_count":1}},{"text":"\"A few low-ranking soldiers were suspended and then returned to their positions, while a battalion officer was moved to a training position. That was the sum of the conclusions drawn. No senior officer was even punished, let alone dismissed.\" https://t.co/GFXnbJuqQ9","id":"1422547107039350785","created_at":"2021-08-03T13:17:14.000Z","public_metrics":{"retweet_count":19,"reply_count":1,"like_count":20,"quote_count":0}},{"text":"\"Hard-line newspapers such as Vatanemrooz printed a black-and-white funeral-style image of Rouhani on Monday, offering this take on his presidency: 'We neither forgive nor forget.'\" https://t.co/IRlHSPmiY0","id":"1422457771958677514","created_at":"2021-08-03T07:22:15.000Z","public_metrics":{"retweet_count":4,"reply_count":0,"like_count":10,"quote_count":0}},{"text":"RT @hebamks: Weary Tunisians welcome president’s power grab via @FT Tunisians have been disappointed by the last decade but worth rememberi…","id":"1422457054766247945","created_at":"2021-08-03T07:19:24.000Z","public_metrics":{"retweet_count":12,"reply_count":0,"like_count":0,"quote_count":0}},{"text":"\"Bitar has so far identified who is responsible for shipping the ammonium nitrate to Beirut and who decided to unload it and store it at the port. 'But there are key questions that we still don't have answers to, most notably, what sparked the explosion?'\" https://t.co/AKUupGPf2l","id":"1422431989135724559","created_at":"2021-08-03T05:39:48.000Z","public_metrics":{"retweet_count":9,"reply_count":1,"like_count":32,"quote_count":1}},{"text":"https://t.co/hMOpR4AIXj https://t.co/xkFO9tiHk6","id":"1422427042788823048","created_at":"2021-08-03T05:20:09.000Z","public_metrics":{"retweet_count":1,"reply_count":0,"like_count":15,"quote_count":0}},{"text":"Aoun has a nap scheduled \uD83D\uDE34 https://t.co/nmCGQBpFFM","id":"1422184021971423232","created_at":"2021-08-02T13:14:28.000Z","public_metrics":{"retweet_count":4,"reply_count":13,"like_count":68,"quote_count":6}},{"text":"RT @MairavZ: The compromise does not guarantee they will not be evicted some time in the future, and ultimately bestows ownership to settle…","id":"1422162552755269634","created_at":"2021-08-02T11:49:09.000Z","public_metrics":{"retweet_count":220,"reply_count":0,"like_count":0,"quote_count":0}},{"text":"Somehow skeptical that the regime apparatchik installed in an election with historically low turnout will do much to \"restore trust\" in the system, but hey https://t.co/Wjm43aPR54","id":"1422067148453777411","created_at":"2021-08-02T05:30:03.000Z","public_metrics":{"retweet_count":6,"reply_count":0,"like_count":10,"quote_count":0}},{"text":"\"The losses are still piling up. Many have left the country or are laying plans to escape for good. That day was the definitive proof that there is no stable ground in this country anymore on which to build any kind of future.\" https://t.co/tlswHtIR8m","id":"1422055285192019969","created_at":"2021-08-02T04:42:55.000Z","public_metrics":{"retweet_count":11,"reply_count":1,"like_count":30,"quote_count":0}},{"text":"Think I'm contractually obligated to answer \"Did you know Indonesia is at a crossroads?\" https://t.co/VLjbOvM358","id":"1421751464762949632","created_at":"2021-08-01T08:35:38.000Z","public_metrics":{"retweet_count":1,"reply_count":1,"like_count":15,"quote_count":0}},{"text":"Twitter has a golden opportunity to launch a niche dating app aimed at insomniacs who obsess over the news https://t.co/O2DE7KeF5E","id":"1421707282560212993","created_at":"2021-08-01T05:40:04.000Z","public_metrics":{"retweet_count":13,"reply_count":6,"like_count":88,"quote_count":5}},{"text":"Is it just me or does the media coverage of this Provincetown study often read like anti-vax clickbait? The real headline seems to be that we had a \"super-spreader event\" with *zero deaths* because the vaccines did their job https://t.co/jGEgVPlJDs","id":"1421703276249194500","created_at":"2021-08-01T05:24:09.000Z","public_metrics":{"retweet_count":36,"reply_count":7,"like_count":149,"quote_count":1}},{"text":"\"Biden's aides make no secret of their concerns that the Iranians are learning so much from the [nuclear] work now underway that in the near future, perhaps as early as this fall, it may be impossible to return to the old accord.\" https://t.co/7CxjotOHyq","id":"1421686223102521344","created_at":"2021-08-01T04:16:23.000Z","public_metrics":{"retweet_count":8,"reply_count":3,"like_count":16,"quote_count":1}},{"text":"https://t.co/1Zl38IvsJG https://t.co/xy8zH1dgdH","id":"1421685758969122816","created_at":"2021-08-01T04:14:33.000Z","public_metrics":{"retweet_count":3,"reply_count":0,"like_count":7,"quote_count":0}}],"meta":{"oldest_id":"1421685758969122816","newest_id":"1426413830029119488","result_count":85}}