{"data":[{"created_at":"2021-11-29T15:31:39.000Z","id":"1465342703475085330","text":"RT @tomgara: The person with the most engagements on their thread or prompt tweet over the coming week will become Twitter CEO, it's a kind…","public_metrics":{"retweet_count":12,"reply_count":0,"like_count":0,"quote_count":0}},{"created_at":"2021-11-29T13:11:32.000Z","id":"1465307440388493316","text":"I'm sure the timing is a coincidence but Dubai has come up with a very creative way to celebrate Hanukkah https://t.co/vu9J7HwUBM","public_metrics":{"retweet_count":0,"reply_count":2,"like_count":5,"quote_count":0}},{"created_at":"2021-11-29T10:42:23.000Z","id":"1465269907310923776","text":"\"Nice place you got here, be a shame if anything happened to it\" https://t.co/nGCmtLeYnf","public_metrics":{"retweet_count":4,"reply_count":2,"like_count":18,"quote_count":0}},{"created_at":"2021-11-29T10:38:19.000Z","id":"1465268881300275203","text":"Whenever I get emails with subject lines like \"Omicron Entry Requirements\" I can't decide if it sounds more like an ominous dungeon or a secretive Berlin nightclub","public_metrics":{"retweet_count":18,"reply_count":5,"like_count":83,"quote_count":3}},{"created_at":"2021-11-29T09:40:31.000Z","id":"1465254337958064128","text":"Lebanese leaders still acting like the Gulf is an ATM that will spit out a few billion dollars if they can just remember their PIN code https://t.co/uLWp2ifjlb","public_metrics":{"retweet_count":40,"reply_count":9,"like_count":162,"quote_count":4}},{"created_at":"2021-11-29T09:26:16.000Z","id":"1465250748460109825","text":"@tom_nuttall Was struggling to come up with an answer to this and then realized that's because no one on my beat voluntarily leaves political office","public_metrics":{"retweet_count":0,"reply_count":0,"like_count":10,"quote_count":0}},{"created_at":"2021-11-29T06:10:22.000Z","id":"1465201451404349445","text":"\"Saied has yet to give an inkling of what his economic programme might look like... an IMF agreement is likely to include provisions such as reducing subsidies and capping the public sector wage bill—measures previous governments found hard to implement.\" https://t.co/jR0VqeP9RR","public_metrics":{"retweet_count":3,"reply_count":1,"like_count":5,"quote_count":0}},{"created_at":"2021-11-29T04:44:52.000Z","id":"1465179934738063362","text":"Looking more and more like Bashar al-Assad will get his chair back at the dictators' club: \"Nine Arab foreign ministers have informed us that they feel that Syria's absence has hurt joint Arab endeavours and that Syria must be back sooner than later.\" https://t.co/ErtxXO7zwc","public_metrics":{"retweet_count":46,"reply_count":14,"like_count":100,"quote_count":13}},{"created_at":"2021-11-29T04:30:35.000Z","id":"1465176339837820929","text":"Sober rundown of what we know so far about the omicron variant, or rather what we don't: it will be a few weeks before scientists work out if it will displace delta, whether it causes severe disease, and how well the existing vaccines work. https://t.co/Puv0pI0RQ8","public_metrics":{"retweet_count":3,"reply_count":0,"like_count":5,"quote_count":0}},{"created_at":"2021-11-28T04:02:28.000Z","id":"1464806874914697223","text":"\"Turks will be scratching their heads, wondering why, if a weak currency is desirable, their central bank has burned through at least $165bn in precious reserves to prop up the lira for more than two years.\" https://t.co/YNbJQoSv6v","public_metrics":{"retweet_count":18,"reply_count":1,"like_count":25,"quote_count":0}},{"created_at":"2021-11-27T13:21:10.000Z","id":"1464585090323865601","text":"Festivus begins with the airing of grievances https://t.co/axuMyMWiI0","public_metrics":{"retweet_count":1,"reply_count":3,"like_count":18,"quote_count":0}},{"created_at":"2021-11-27T11:42:37.000Z","id":"1464560286124421125","text":"Sharp piece from @amirtibon on the recent mea culpas from top officials and the \"shallow, compliant\" political and media climate in Israel that gave Netanyahu free rein to push an Iran policy many knew from the start was likely to be a disaster. https://t.co/PVqdOBiqkt","public_metrics":{"retweet_count":6,"reply_count":1,"like_count":23,"quote_count":1}},{"created_at":"2021-11-27T06:46:46.000Z","id":"1464485835512893444","text":"Riad Salameh will now spend his Saturday googling \"how to get a judge removed in Luxembourg\" https://t.co/c4i5OcQKaF","public_metrics":{"retweet_count":10,"reply_count":0,"like_count":36,"quote_count":0}},{"created_at":"2021-11-27T06:35:23.000Z","id":"1464482971054968834","text":"\"All in all, lots about Omicron remains to be discovered. What is clear, however, is that the world is better placed to resist it than when Delta emerged in India at the end of last year.\" https://t.co/mfbTYgCJIw","public_metrics":{"retweet_count":4,"reply_count":0,"like_count":5,"quote_count":0}},{"created_at":"2021-11-27T06:24:27.000Z","id":"1464480217053990913","text":"Midsized menaces: For all the talk of great-power competition, many parts of the world are in a non-polar moment that gives regional actors lots of room to toss their weight around. \"Middle-sized powers now have an enormous capacity for messing things up.\" https://t.co/Wwt5FIN9P5","public_metrics":{"retweet_count":14,"reply_count":5,"like_count":37,"quote_count":4}},{"created_at":"2021-11-27T06:11:55.000Z","id":"1464477064598364166","text":"Is there any hope for Lebanon's talks with the IMF? Would agree with @henrichaoul's pessimistic take that, so far, they seem \"just for show\" and likely to produce a repeat of last year. https://t.co/DuchhFKGK6","public_metrics":{"retweet_count":2,"reply_count":2,"like_count":19,"quote_count":0}},{"created_at":"2021-11-27T04:57:13.000Z","id":"1464458264368889870","text":"Erdogan is really in a league of his own, probably the only serving head of state where you can watch the national currency lose value in real time whenever he opens his mouth https://t.co/PJ6IdHXIZq","public_metrics":{"retweet_count":48,"reply_count":12,"like_count":142,"quote_count":9}},{"created_at":"2021-11-27T04:43:04.000Z","id":"1464454703719272453","text":"The controversial decision to release a new spike protein from her strategic reserves may help mother nature's poll numbers heading into the midterms https://t.co/rxgCwUBWmA","public_metrics":{"retweet_count":2,"reply_count":1,"like_count":11,"quote_count":0}},{"created_at":"2021-11-27T04:22:31.000Z","id":"1464449535011393541","text":"\"Qatar, whose leaders saw Kushner as an opponent in the administration, declined to invest in his firm... so did the main Emirati sovereign wealth funds; Emirati rulers saw Kushner as an ally but questioned his track record in business.\" https://t.co/ift0pGt8Vz","public_metrics":{"retweet_count":29,"reply_count":4,"like_count":58,"quote_count":1}},{"created_at":"2021-11-26T06:08:15.000Z","id":"1464113751951564800","text":"\"The variant stood out because it contains more than 30 changes to the spike protein — the SARS-CoV-2 protein that recognizes host cells and is the main target of the body’s immune responses.\" https://t.co/bQs920uUFV","public_metrics":{"retweet_count":18,"reply_count":1,"like_count":22,"quote_count":2}},{"created_at":"2021-11-25T14:16:01.000Z","id":"1463874115895500804","text":"@tom_nuttall I'd be fine with culturally appropriate names abroad. Niceonemategiving, etc.","public_metrics":{"retweet_count":0,"reply_count":2,"like_count":18,"quote_count":0}},{"created_at":"2021-11-25T14:05:47.000Z","id":"1463871540374691840","text":"@Ibishblog Which is a bit sad, since the turkey is the weakest part of the holiday","public_metrics":{"retweet_count":0,"reply_count":3,"like_count":6,"quote_count":0}},{"created_at":"2021-11-25T13:58:36.000Z","id":"1463869733741150214","text":"Every year I'm confused about how, for all of America's cultural influence, we haven't managed to make Thanksgiving catch on abroad. \"Take a four-day weekend to stuff yourself on comfort food\" is the platonic ideal of a holiday, nothing else anywhere in the world tops it","public_metrics":{"retweet_count":88,"reply_count":504,"like_count":1067,"quote_count":1063}},{"created_at":"2021-11-25T09:07:34.000Z","id":"1463796491089285121","text":"Yes, surely very bad news for Assad if Turkey pursues a detente with *checks notes* the country that just sent its foreign minister to visit Damascus and is actively, openly pushing for Assad's rehabilitation https://t.co/8V1NLvG0Uo","public_metrics":{"retweet_count":4,"reply_count":4,"like_count":46,"quote_count":0}},{"created_at":"2021-11-25T05:51:14.000Z","id":"1463747084037857282","text":"The firm hired to audit Lebanon's central bank quit last year because it couldn't get any information out of Riad Salameh, was rehired in September, and now may quit again because it still can't get any information out of Riad Salameh https://t.co/9rAxoAOHUT https://t.co/XBAVlFo8ZE","public_metrics":{"retweet_count":41,"reply_count":7,"like_count":117,"quote_count":9}},{"created_at":"2021-11-25T04:35:03.000Z","id":"1463727911400361987","text":"\"Deals are expected to include investments in energy, technology, health and ports... Turkey's central bank governor was also meeting Emirati officials to discuss the potential for a swap agreement that would boost the country's foreign currency reserves.\" https://t.co/Z7kfBUnYgl","public_metrics":{"retweet_count":3,"reply_count":1,"like_count":5,"quote_count":0}},{"created_at":"2021-11-24T11:43:32.000Z","id":"1463473352891322374","text":"RT @EdwardGLuce: The more Rittenhouse sinks in, the more unhinged today's America seems. Leave aside the debate over race narrative. No oth…","public_metrics":{"retweet_count":3955,"reply_count":0,"like_count":0,"quote_count":0}},{"created_at":"2021-11-24T11:18:57.000Z","id":"1463467168671145984","text":"\"Two diplomats said Iran declined to offer the agency access to Karaj unless Grossi dropped parts of a continuing IAEA probe into the discovery of undisclosed nuclear material in Iran over the past two years. Grossi declined.\" https://t.co/6ROhRGeF4p","public_metrics":{"retweet_count":2,"reply_count":2,"like_count":6,"quote_count":0}},{"created_at":"2021-11-24T11:13:03.000Z","id":"1463465681681362946","text":"I'm sure now that the president asked nicely Salameh will go ahead and open the books https://t.co/8lhC1zKutI","public_metrics":{"retweet_count":0,"reply_count":1,"like_count":17,"quote_count":0}},{"created_at":"2021-11-24T10:33:56.000Z","id":"1463455841533706244","text":"RT @seldeeb: we @AP spoke to #Lebanon's interior minister about the crisis with Gulf countries.while it seems no opening in sight, frustrat…","public_metrics":{"retweet_count":2,"reply_count":0,"like_count":0,"quote_count":0}},{"created_at":"2021-11-24T10:24:28.000Z","id":"1463453456363134977","text":"\"Since the beginning of the financial crisis in July 2019, the consumer price index has risen a total of 558.8 percent, meaning prices are more than six times higher than they were at the start of the crisis.\" https://t.co/3DozIWvvSA","public_metrics":{"retweet_count":1,"reply_count":0,"like_count":3,"quote_count":0}},{"created_at":"2021-11-24T10:23:04.000Z","id":"1463453105933197312","text":"RT @LayalAFP: #Syria's decade-long conflict forced 15 year old Mohamad out of the classroom and into a scrapyard, where he works 12 hours a…","public_metrics":{"retweet_count":11,"reply_count":0,"like_count":0,"quote_count":0}},{"created_at":"2021-11-24T06:54:39.000Z","id":"1463400656098766849","text":"\"The iPhone maker said it is also seeking to ban NSO Group from using any Apple software, services or devices to prevent further abuse.\" https://t.co/YbaBDfh8MZ","public_metrics":{"retweet_count":2,"reply_count":0,"like_count":9,"quote_count":0}},{"created_at":"2021-11-24T06:51:33.000Z","id":"1463399872862859267","text":"In which Turkey's ruling party, when it wasn't busy destroying the national currency, may have attempted to smear an opposition politician by framing the four-legged mascot of Istanbul municipality for pooping on a train (yes, this is a real story) https://t.co/zo2P5zIJVk","public_metrics":{"retweet_count":6,"reply_count":3,"like_count":18,"quote_count":1}},{"created_at":"2021-11-24T06:45:17.000Z","id":"1463398296051929096","text":"\uD83E\uDD21 https://t.co/nE6AXCA5wT","public_metrics":{"retweet_count":0,"reply_count":1,"like_count":26,"quote_count":0}},{"created_at":"2021-11-24T06:32:41.000Z","id":"1463395128480092163","text":"\"It is not impossible that Saudi Arabia could make another unilateral output cut, but probably it would prefer a united response from OPEC+, which refused to make a bigger-than-planned increase in November. That decision may prove to have been a mistake.\" https://t.co/ORMmLuGdr9","public_metrics":{"retweet_count":2,"reply_count":0,"like_count":8,"quote_count":0}},{"created_at":"2021-11-24T04:16:07.000Z","id":"1463360759816241156","text":"No rush, really, it's not like this is a prerequisite to secure international support for a country mired in one of the worst economic crises in world history or anything https://t.co/bwNwASWhO5","public_metrics":{"retweet_count":7,"reply_count":0,"like_count":25,"quote_count":0}},{"created_at":"2021-11-24T03:33:04.000Z","id":"1463349925450854402","text":"\"The thing that would stop the freefall is some sign of an independent central bank in Turkey. But there's not much prospect of that. Erdogan's the type of guy who likes to keep doubling down.\" https://t.co/W0G1tzpu34","public_metrics":{"retweet_count":8,"reply_count":2,"like_count":21,"quote_count":4}},{"created_at":"2021-11-23T13:31:54.000Z","id":"1463138237489233934","text":"Basically everyone in Washington these days seems to see their time in public service as a taxpayer-funded audition for a subsequent lucrative gig doing dodgy work on behalf of a foreign government https://t.co/UY8urGWQG9","public_metrics":{"retweet_count":65,"reply_count":6,"like_count":131,"quote_count":3}},{"created_at":"2021-11-23T12:29:56.000Z","id":"1463122643008331780","text":"\"SAMI is already looking to assemble Lockheed Martin's Blackhawk helicopters in Saudi Arabia with local labour, and armoured vehicles in partnership with a United Arab Emirates company.\" https://t.co/oMAFi9uBh2","public_metrics":{"retweet_count":20,"reply_count":3,"like_count":31,"quote_count":3}},{"created_at":"2021-11-23T10:30:53.000Z","id":"1463092683463868418","text":"Cue world's tiniest violin https://t.co/zO9muyWSRi","public_metrics":{"retweet_count":5,"reply_count":0,"like_count":54,"quote_count":0}},{"created_at":"2021-11-23T10:13:26.000Z","id":"1463088293898293249","text":"This seems like the Israeli prime minister responding to stuff the White House leaked to the @nytimes https://t.co/QjlFnStgAe","public_metrics":{"retweet_count":2,"reply_count":0,"like_count":7,"quote_count":0}},{"created_at":"2021-11-23T09:19:53.000Z","id":"1463074817163370502","text":"@mitchprothero Lifting the Qatar blockade was like the preseason","public_metrics":{"retweet_count":0,"reply_count":1,"like_count":4,"quote_count":0}},{"created_at":"2021-11-23T09:17:08.000Z","id":"1463074124654333954","text":"Thoughts and prayers with all of the state-backed media workers in both countries who are about to get a severe case of whiplash from the change in tone https://t.co/E4B09oXQLe","public_metrics":{"retweet_count":22,"reply_count":4,"like_count":139,"quote_count":3}},{"created_at":"2021-11-23T07:25:56.000Z","id":"1463046141050863618","text":"Titanic captain defends pursuit of icebergs as cruise ship sinks https://t.co/pAwE0lUWgb","public_metrics":{"retweet_count":29,"reply_count":6,"like_count":91,"quote_count":2}},{"created_at":"2021-11-23T03:28:33.000Z","id":"1462986400601710596","text":"\"Boris Johnson has urged people to return to the workplace for 'sound evolutionary reasons' in a disjointed speech to the UK's largest employer group where he referenced Peppa Pig, made car noises and lost his notes.\" https://t.co/phWFNKRlDH","public_metrics":{"retweet_count":8,"reply_count":1,"like_count":21,"quote_count":2}},{"created_at":"2021-11-22T09:47:59.000Z","id":"1462719502010003461","text":"@SameralAtrush A Samer food tweet we can all agree with","public_metrics":{"retweet_count":0,"reply_count":0,"like_count":0,"quote_count":0}},{"created_at":"2021-11-22T07:44:40.000Z","id":"1462688465817059333","text":"Shorter version: America should level with its partners, but it should also recognize why they're hedging—not just because of questions about credibility/commitment, but because they're belatedly realizing there is no American magic wand that will favorably transform the region.","public_metrics":{"retweet_count":3,"reply_count":2,"like_count":12,"quote_count":1}},{"created_at":"2021-11-22T07:44:39.000Z","id":"1462688463581499396","text":"Hence we're in this period of frantic diplomatic maneuver: throwing stuff at the wall to see what sticks, even when that stuff seems logically incoherent (e.g. isolating Lebanon while engaging Syria). And most of these efforts are still quite nascent.","public_metrics":{"retweet_count":0,"reply_count":1,"like_count":14,"quote_count":0}},{"created_at":"2021-11-22T07:44:39.000Z","id":"1462688461551505413","text":"The problem isn't just that regional partners are anxious about American commitment. It's also that they're starting to recognize the limits of even a fully committed America: the fundamental mismatch between available means and desired ends.","public_metrics":{"retweet_count":3,"reply_count":2,"like_count":18,"quote_count":1}},{"created_at":"2021-11-22T07:44:38.000Z","id":"1462688459471085572","text":"... they don't want a shooting war with Iran (because they're vulnerable). Nor do they privately believe that Iran will negotiate away its regional policy (they're correct) or that sanctions will achieve said goal (again, correct). What does that leave, then?","public_metrics":{"retweet_count":3,"reply_count":2,"like_count":19,"quote_count":1}},{"created_at":"2021-11-22T07:44:38.000Z","id":"1462688456744837121","text":"... as several people pointed out in private conversations, it's not exactly clear what America's regional partners *do* want from it. The Gulf states would like to see a curtailment of Iran's regional activities. When you get down to specifics, though...","public_metrics":{"retweet_count":0,"reply_count":2,"like_count":8,"quote_count":0}},{"created_at":"2021-11-22T07:44:37.000Z","id":"1462688453989216256","text":"To build on this after a few days at the Manama Dialogue. Michael is right that the \"reassurance tour\" didn't come off as terribly convincing. The American rhetoric felt like it was reheated from ~2014, when the region has obviously changed quite a bit since. But... https://t.co/ur8naDc5ks","public_metrics":{"retweet_count":5,"reply_count":1,"like_count":22,"quote_count":5}},{"created_at":"2021-11-22T05:34:39.000Z","id":"1462655747578376195","text":"\"Their return felt humiliating. As men, women and children trudged exhausted through the arrivals hall of Irbil airport, camera crews mobbed them... the repatriation flight brought them back to the place they had spent life savings trying to leave.\" https://t.co/Czeicq5884","public_metrics":{"retweet_count":23,"reply_count":2,"like_count":34,"quote_count":0}},{"created_at":"2021-11-22T04:46:55.000Z","id":"1462643734584213507","text":"\"The hallmark of Raisi's first 100 days in office has been his weekly visits to the provinces to talk to voters... but many of these people are growing impatient for recovery, including some hardliners.\" https://t.co/nNr5ACEo7c","public_metrics":{"retweet_count":2,"reply_count":2,"like_count":6,"quote_count":0}},{"created_at":"2021-11-22T04:36:24.000Z","id":"1462641088955568128","text":"Interesting @BeirutCalling interview with @ThomasPierret on Assad's decision to abrogate the position of grand mufti, and what it says about the religious landscape in Syria today. https://t.co/Z7dcWJ2nHU","public_metrics":{"retweet_count":1,"reply_count":0,"like_count":9,"quote_count":0}},{"created_at":"2021-11-22T04:29:26.000Z","id":"1462639334897721353","text":"\"A Western security official said the Saudis appear to be reinforcing the border, potentially in anticipation of the Houthis' capture of Marib, leaving only a smaller number of forces at a handful of bases in the interior.\" https://t.co/oPhW85xnGM","public_metrics":{"retweet_count":3,"reply_count":0,"like_count":5,"quote_count":1}},{"created_at":"2021-11-22T04:26:17.000Z","id":"1462638540018356227","text":"@Shirokazesan There are some valid complaints, like the cumbersome process for IAEA inspections of military sites and the number and duration of \"sunset clauses\" in the deal. But yes, much of the criticism was simply in bad faith","public_metrics":{"retweet_count":0,"reply_count":0,"like_count":2,"quote_count":0}},{"created_at":"2021-11-22T04:19:58.000Z","id":"1462636951669026817","text":"At this point I think the caseload of the Lebanese judicial system is 10% judges trying to investigate corrupt officials and 90% corrupt officials trying to remove the judges who are investigating them https://t.co/nLenFxnL3E","public_metrics":{"retweet_count":29,"reply_count":2,"like_count":92,"quote_count":1}},{"created_at":"2021-11-22T04:01:09.000Z","id":"1462632214794063877","text":"Nobody could have predicted that scrapping a successful if imperfect nuclear non-proliferation agreement would soon lead to a greatly increased risk of nuclear proliferation https://t.co/jwSNb0462c","public_metrics":{"retweet_count":105,"reply_count":8,"like_count":381,"quote_count":3}},{"created_at":"2021-11-22T03:49:52.000Z","id":"1462629377242447873","text":"\"As infection rates in Europe explode and governments tighten restrictions once more, Dubai's economy is rebounding faster than expected. Property sales are at decade highs, and streets so choked with traffic it's hard to find an empty taxi.\" https://t.co/HULZEsIirf","public_metrics":{"retweet_count":11,"reply_count":3,"like_count":46,"quote_count":2}},{"created_at":"2021-11-22T03:38:24.000Z","id":"1462626491066466307","text":"Efforts to sabotage Iran's nuclear program are tactically successful, but strategically ineffective: facilities soon go back online, and in some cases the work accelerates. \"One senior American official wryly called it Tehran's Build Back Better plan.\" https://t.co/h6VkxagTov","public_metrics":{"retweet_count":7,"reply_count":1,"like_count":16,"quote_count":1}},{"created_at":"2021-11-21T06:39:46.000Z","id":"1462309743960248320","text":"The military-coup version of that Seinfeld episode where George regrets quitting and shows up at the office the next day like nothing happened https://t.co/iFJ3o4rgCy","public_metrics":{"retweet_count":35,"reply_count":8,"like_count":117,"quote_count":0}},{"created_at":"2021-11-20T09:42:35.000Z","id":"1461993367097823233","text":"As George Orwell wrote, if you want a picture of the future, imagine a Starbucks cup raised to a human face—forever https://t.co/yvKrPEy1mq","public_metrics":{"retweet_count":0,"reply_count":2,"like_count":11,"quote_count":0}},{"created_at":"2021-11-20T09:39:53.000Z","id":"1461992685829562369","text":"@Mina_Aldroubi Glad that's sorted","public_metrics":{"retweet_count":0,"reply_count":0,"like_count":2,"quote_count":0}},{"created_at":"2021-11-20T07:23:40.000Z","id":"1461958405984301056","text":"Rare conference tweet: listening to Lloyd Austin at #IISSMD21 one gets the sense that America is interested neither in tangible disengagement from the Middle East nor creative policy thinking but rather mostly in reciting shibboleths that haven't been too credible for years","public_metrics":{"retweet_count":15,"reply_count":6,"like_count":55,"quote_count":5}},{"created_at":"2021-11-20T05:21:10.000Z","id":"1461927576948166656","text":"\"One way to pressure Iran to rejoin the original pact or, if that is not possible, to accept another arrangement would be to persuade Beijing and Moscow that Tehran, not Washington, is the obstacle.\" https://t.co/M7tjux2Xt4","public_metrics":{"retweet_count":1,"reply_count":1,"like_count":6,"quote_count":0}},{"created_at":"2021-11-20T03:45:28.000Z","id":"1461903493862723586","text":"Looking forward to the rest of this investigation by @MaucourantNada, on how a \"mafia bank\" in Africa that helped the president of Congo steal tens of millions also allowed a network of Lebanese to dodge American sanctions https://t.co/NhLuWTw9c2","public_metrics":{"retweet_count":3,"reply_count":0,"like_count":13,"quote_count":0}},{"created_at":"2021-11-20T03:34:07.000Z","id":"1461900636568576003","text":"Who among us hasn't occasionally overlooked a foreign power building a secret military facility at a major port in the capital of their high-tech surveillance state https://t.co/JvcWkaSnx4 https://t.co/8Etwge3oJ3","public_metrics":{"retweet_count":58,"reply_count":8,"like_count":187,"quote_count":2}},{"created_at":"2021-11-19T11:20:48.000Z","id":"1461655694877368320","text":"@declanwalsh @Gerjon_ Peace in our time","public_metrics":{"retweet_count":0,"reply_count":1,"like_count":4,"quote_count":0}},{"created_at":"2021-11-19T10:57:49.000Z","id":"1461649910114275334","text":"@halimshebaya الليرة بألف خير","public_metrics":{"retweet_count":0,"reply_count":1,"like_count":7,"quote_count":0}},{"created_at":"2021-11-19T08:16:44.000Z","id":"1461609370932891649","text":"He's not up for any more \"central banker of the year\" awards but Riad Salameh is definitely in the running to win the Guinness record for \"target of most concurrent money-laundering investigations in normally opaque tax havens\" https://t.co/XpKIngCajU","public_metrics":{"retweet_count":11,"reply_count":1,"like_count":56,"quote_count":0}},{"created_at":"2021-11-19T06:19:52.000Z","id":"1461579960381022210","text":"The \"Arab expectations\" for normalization with Damascus, outlined here by @ibrahimhamidi, can be mostly summarized as \"we hope Bashar al-Assad will agree to stop being Bashar al-Assad\" https://t.co/UyRIMo80vw","public_metrics":{"retweet_count":37,"reply_count":3,"like_count":88,"quote_count":5}},{"created_at":"2021-11-19T05:59:47.000Z","id":"1461574906529947654","text":"chutzpah (n.): the association of banks in Lebanon, which has spent the past two years fighting any equitable rescue plan and screwing small depositors, stressing the need for a rescue plan that \"protects the rights of depositors\" https://t.co/io8hDV7ZnL","public_metrics":{"retweet_count":15,"reply_count":4,"like_count":62,"quote_count":0}},{"created_at":"2021-11-19T05:40:59.000Z","id":"1461570177296961536","text":"From maximum pressure to maximum back-pedal https://t.co/mBv8Mjs2hu","public_metrics":{"retweet_count":8,"reply_count":1,"like_count":38,"quote_count":0}},{"created_at":"2021-11-19T05:17:11.000Z","id":"1461564187067527170","text":"\"Although the United States has made clear that it does not support the UAE's approaches to Assad, it has not tried to oppose them, said @Abdulkhaleq_UAE, offering what he called a 'yellow light' to Arab countries to proceed as they wish.\" https://t.co/mqKw0HOwwi","public_metrics":{"retweet_count":11,"reply_count":1,"like_count":20,"quote_count":4}},{"created_at":"2021-11-19T04:49:31.000Z","id":"1461557223088402433","text":"The final indictment of \"maximum pressure\" is that almost everyone who actually has to live in the region now wants the JCPOA back and is scrambling to make their own accommodations with Iran, independent of Washington https://t.co/wh0FxQ02Di","public_metrics":{"retweet_count":4,"reply_count":0,"like_count":13,"quote_count":0}},{"created_at":"2021-11-19T04:19:15.000Z","id":"1461549607507439619","text":"\"The latest IAEA reports show Iran will go into the nuclear talks with its stockpile of enriched uranium over 11 times what was allowed under the 2015 deal, including a large amount of 20% and 60% enriched uranium.\" https://t.co/cNkyHZKkSF","public_metrics":{"retweet_count":2,"reply_count":0,"like_count":6,"quote_count":3}},{"created_at":"2021-11-19T04:06:45.000Z","id":"1461546464333680641","text":"So not only do the American troops garrisoned at Tanf have no discernible strategic goal whatsoever, they're also now occasionally going to take incoming fire for the actions of an American dependent state https://t.co/Ej5DgV0EwX","public_metrics":{"retweet_count":18,"reply_count":4,"like_count":50,"quote_count":4}},{"created_at":"2021-11-19T03:59:33.000Z","id":"1461544649542275072","text":"RT @EvansRyan202: I am so struck by this line: \"We are not used to failure at State.\"\n\nReally? Or do you just not know how to recognize it?","public_metrics":{"retweet_count":52,"reply_count":0,"like_count":0,"quote_count":0}},{"created_at":"2021-11-19T03:55:02.000Z","id":"1461543512000937987","text":"RT @tomgara: You can imagine crypto people would put this on their billboard ads:\n\n“Has the potential for destabilizing nations” \n- Hillary…","public_metrics":{"retweet_count":15,"reply_count":0,"like_count":0,"quote_count":0}},{"created_at":"2021-11-18T11:12:20.000Z","id":"1461291177026592768","text":"\"The intelligence file Israel gave the United States concerning the airstrike on a Gaza high-rise building that housed foreign news agencies was retroactively edited... to justify Israel's claim that the bombing of the Al-Jalaa tower was necessary.\" https://t.co/WqPIfLOYdI","public_metrics":{"retweet_count":55,"reply_count":2,"like_count":77,"quote_count":7}},{"created_at":"2021-11-18T11:08:18.000Z","id":"1461290160683769861","text":"RT @p_zalewski: Turkey's central bank cuts rates by another 100 basis points.","public_metrics":{"retweet_count":5,"reply_count":0,"like_count":0,"quote_count":0}},{"created_at":"2021-11-18T11:00:25.000Z","id":"1461288177231138818","text":"You know a government is really determined to get to the truth when it takes them more than a year to even request satellite imagery of a man-made catastrophe https://t.co/tBWQqkhxdw","public_metrics":{"retweet_count":8,"reply_count":3,"like_count":19,"quote_count":0}},{"created_at":"2021-11-18T10:47:54.000Z","id":"1461285025194856459","text":"What is it about airport lounges that makes people behave as if this is the last time they will ever see food or alcoholic beverages","public_metrics":{"retweet_count":15,"reply_count":44,"like_count":355,"quote_count":6}},{"created_at":"2021-11-18T10:39:27.000Z","id":"1461282899941077002","text":"It's purely a thought experiment but it's sort of fascinating to ponder how various people and institutions would respond if Bashar offered to join the Abraham Accords in exchange for sanctions relief or reconstruction aid https://t.co/6j5AqfTICO","public_metrics":{"retweet_count":8,"reply_count":8,"like_count":38,"quote_count":7}},{"created_at":"2021-11-18T10:23:41.000Z","id":"1461278934130036740","text":"\"The company said it had identified six Iranian threat groups deploying ransomware in waves every six to eight weeks on average since September last year.\" https://t.co/L2fpSlWG9O","public_metrics":{"retweet_count":5,"reply_count":0,"like_count":6,"quote_count":0}},{"created_at":"2021-11-17T13:42:13.000Z","id":"1460966507220029444","text":"Sort of get the feeling that she's not in the mood to go for a walk https://t.co/KGaqFqiVAn","public_metrics":{"retweet_count":1,"reply_count":1,"like_count":71,"quote_count":1}},{"created_at":"2021-11-17T11:23:42.000Z","id":"1460931647382114308","text":"Riad Salameh says Riad Salameh has audited Riad Salameh and found nothing wrong with his finances https://t.co/LR6KEIlZTV","public_metrics":{"retweet_count":77,"reply_count":21,"like_count":524,"quote_count":12}},{"created_at":"2021-11-17T10:14:26.000Z","id":"1460914215192080400","text":"\uD83E\uDD26‍♂️ https://t.co/65C2vFqTtg","public_metrics":{"retweet_count":2,"reply_count":0,"like_count":15,"quote_count":0}},{"created_at":"2021-11-17T07:53:58.000Z","id":"1460878867787354135","text":"\"I would say 90 per cent of parents asking for baby formula today left my pharmacy empty-handed. They simply didn't have the money to pay for it.\" @Aya_Isk on skyrocketing drug prices in Lebanon after the government began lifting most subsidies. https://t.co/fUl3V4ASbS","public_metrics":{"retweet_count":21,"reply_count":1,"like_count":28,"quote_count":0}},{"created_at":"2021-11-17T07:48:18.000Z","id":"1460877440625131522","text":"Is there a point in adulthood when you stop having moments like \"huh I'm traveling for a conference soon but still haven't done my dry cleaning from the last trip\"? Asking for a friend","public_metrics":{"retweet_count":0,"reply_count":7,"like_count":27,"quote_count":0}},{"created_at":"2021-11-17T06:15:20.000Z","id":"1460854046303178753","text":"RT @ayaelb: \"Wall Street titans praised the local (Saudi) economy on stage, signed lucrative deals and walked away without committing any o…","public_metrics":{"retweet_count":33,"reply_count":0,"like_count":0,"quote_count":0}},{"created_at":"2021-11-17T05:57:15.000Z","id":"1460849495634231297","text":"Good piece by @BrewerEricM in response to that wild \"actually, an Iranian bomb is good\" take last month. The JCPOA may not be salvageable at this point. But it's worth a final effort because it remains very preferable to the alternative. https://t.co/kQburYDRSG","public_metrics":{"retweet_count":1,"reply_count":0,"like_count":7,"quote_count":0}},{"created_at":"2021-11-17T05:24:00.000Z","id":"1460841126202593282","text":"Congratulations to whichever consulting firm got paid a large sum of money to come up with this pie-in-the-sky idea: \"Neom didn't say how much the city would cost, or how the complex would be engineered to float.\" https://t.co/MPEkOK1imN","public_metrics":{"retweet_count":28,"reply_count":12,"like_count":97,"quote_count":7}},{"created_at":"2021-11-16T08:52:10.000Z","id":"1460531125730824197","text":"@SameralAtrush My name is Saddam, I'm unemployed and I live with my parents","public_metrics":{"retweet_count":0,"reply_count":0,"like_count":6,"quote_count":0}},{"created_at":"2021-11-16T06:21:16.000Z","id":"1460493151706177540","text":"\"While Saied is popular now, analysts say the honeymoon is likely to end because of the difficulty in delivering the quick economic boost that Tunisians want.\" @hebamks on the mood in Tunis four months after Saied's self-coup. https://t.co/Y91xF75emE","public_metrics":{"retweet_count":3,"reply_count":0,"like_count":13,"quote_count":0}},{"created_at":"2021-11-16T06:08:50.000Z","id":"1460490020238807043","text":"\"The decision to dismiss Ghaffari was taken by mid-October, a few days before the attack on al-Tanf garrison and three weeks before the visit of UAE's Foreign Minister Abdullah bin Zayed to Damascus.\" https://t.co/ptPUGwIQI4","public_metrics":{"retweet_count":2,"reply_count":1,"like_count":5,"quote_count":0}},{"created_at":"2021-11-16T05:52:14.000Z","id":"1460485844305915907","text":"Imagine how dodgy you have to be that both Switzerland *and* Luxembourg finally have to say okay fine guess we should look into where this guy got his money from https://t.co/oCi4BBIobi","public_metrics":{"retweet_count":26,"reply_count":3,"like_count":119,"quote_count":3}},{"created_at":"2021-11-16T05:31:59.000Z","id":"1460480750491508738","text":"\"None of the three officials said whether the forecasts would change if several OPEC+ members continue to pump below their targets. The group only managed to raise supply by around 250,000 barrels a day in October.\" https://t.co/ZMmCE0pfkP","public_metrics":{"retweet_count":2,"reply_count":1,"like_count":9,"quote_count":0}}],"meta":{"oldest_id":"1460480750491508738","newest_id":"1465342703475085330","result_count":100,"next_token":"7140dibdnow9c7btw3z3al3pg2cqhdl563vbvpmqcsm60"}}