{"data":[{"created_at":"2021-11-14T13:27:40.000Z","id":"1459875680481693697","text":"There should be an annual awards ceremony for the people with inscrutable profile pics and handles like \"87shK_3\" who show up, day in and day out, to post bizarre replies on tweets. A lot of people on this website don't take their trolling seriously. A few really put in the work.","public_metrics":{"retweet_count":3,"reply_count":6,"like_count":19,"quote_count":0}},{"created_at":"2021-11-14T13:12:16.000Z","id":"1459871807222304773","text":"By now I assume all of Al Jazeera's regional job postings include a line about how prior experience being detained in a coup (or willingness to learn) is a preferred qualification https://t.co/iiK1urUUJr","public_metrics":{"retweet_count":12,"reply_count":3,"like_count":58,"quote_count":1}},{"created_at":"2021-11-14T12:48:27.000Z","id":"1459865811846406144","text":"It's raining ash in Beirut, scorpions are washing into homes in Egypt and the Gulf just had an earthquake, apparently someone is shooting a direct-to-video apocalypse movie and didn't tell us https://t.co/tQALsesKAS","public_metrics":{"retweet_count":27,"reply_count":2,"like_count":79,"quote_count":1}},{"created_at":"2021-11-14T12:21:07.000Z","id":"1459858933896601600","text":"Apparently there was just an earthquake across the Strait of Hormuz in Iran, which I in Dubai mistook for me being overcaffeinated and slightly jittery https://t.co/sIkqGuh36t","public_metrics":{"retweet_count":5,"reply_count":4,"like_count":38,"quote_count":1}},{"created_at":"2021-11-14T09:56:08.000Z","id":"1459822450221453315","text":"Folks, we need to call time on that House of Gucci meme. It was funny for the first 24-36 hours but at this point it's just a last-gasp effort to string together any three random nouns and squeeze a little more life out of it","public_metrics":{"retweet_count":1,"reply_count":2,"like_count":30,"quote_count":2}},{"created_at":"2021-11-14T09:44:08.000Z","id":"1459819429638901762","text":"Saif al-Islam Qaddafi has submitted his candidacy to run for president in Libya next month https://t.co/lXO8NxiOXT","public_metrics":{"retweet_count":16,"reply_count":3,"like_count":21,"quote_count":5}},{"created_at":"2021-11-14T09:29:17.000Z","id":"1459815691905814535","text":"\"Withholding life-saving aid is reprehensible in almost any circumstances... demands for basic freedoms for Afghans are entirely justified, but allowing many of the intended beneficiaries to starve to death is not a good way to fulfil them.\" https://t.co/pAkCvVRevh","public_metrics":{"retweet_count":16,"reply_count":0,"like_count":34,"quote_count":0}},{"created_at":"2021-11-14T09:02:27.000Z","id":"1459808937541308419","text":"This is like some awful biblical plague: \"Scorpions are regularly washed into the streets by heavy rain, while snakes have also been disturbed.\" https://t.co/bAfvvUJPsE","public_metrics":{"retweet_count":9,"reply_count":0,"like_count":17,"quote_count":0}},{"created_at":"2021-11-14T08:46:12.000Z","id":"1459804850326286343","text":"@shashj Nothing better on a long-haul flight than a drunk seatmate sweating smoked fish from their pores","public_metrics":{"retweet_count":1,"reply_count":1,"like_count":8,"quote_count":0}},{"created_at":"2021-11-14T08:14:46.000Z","id":"1459796940095467524","text":"Indeed, hard to think of any legitimate reason why people might want to photograph *checks notes* a grand Ottoman-era palace that's in every tour guide about Istanbul https://t.co/cVf6gUIkzr","public_metrics":{"retweet_count":3,"reply_count":0,"like_count":24,"quote_count":0}},{"created_at":"2021-11-14T08:04:59.000Z","id":"1459794477124567044","text":"\"If you can deliver pizza with a drone, you can drop a grenade.\" They might be \"craptastic\" models, but rudimentary drones have become a major part of Iran's arsenal, and they're changing the military balance in the Middle East. https://t.co/pDAxwsXgqE","public_metrics":{"retweet_count":10,"reply_count":2,"like_count":21,"quote_count":0}},{"created_at":"2021-11-14T07:55:14.000Z","id":"1459792024509501440","text":"\"On Friday, in an effort to stem the crisis, several airlines took steps to limit the number of people flying to Belarus from the Middle East... but that mattered little to desperate Iraqis, who were already finding alternate routes through Dubai.\" https://t.co/QGRYdojWOC","public_metrics":{"retweet_count":1,"reply_count":0,"like_count":6,"quote_count":0}},{"created_at":"2021-11-14T07:00:47.000Z","id":"1459778320413954056","text":"\"Travel websites suggest workarounds. One proposes donning a wedding ring. 'The offer of an additional payment may carry some weight,' it adds. Another suggests 'the two-room method: rent single rooms, then scurry across the corridor after dark.'\" https://t.co/BdMW1B3t5V","public_metrics":{"retweet_count":6,"reply_count":2,"like_count":4,"quote_count":1}},{"created_at":"2021-11-14T06:52:18.000Z","id":"1459776186935087104","text":"Mikati hasn't actually shared the plan with the public and his government has been paralyzed by political disputes for more than half its time in office but, okay, sure https://t.co/iVPBQzzB80","public_metrics":{"retweet_count":2,"reply_count":1,"like_count":12,"quote_count":1}},{"created_at":"2021-11-14T06:06:19.000Z","id":"1459764611876638723","text":"40% of the country's doctors and 30% of its nurses have emigrated over the past two years. Hospitals have to ration everything from antibiotics to gauze. \"At one point, there were only three available pacemakers in all of Lebanon.\" https://t.co/A701J1BhD6","public_metrics":{"retweet_count":51,"reply_count":3,"like_count":91,"quote_count":7}},{"created_at":"2021-11-14T05:54:14.000Z","id":"1459761572163768323","text":"\"At nearly every step, the military made moves that concealed the catastrophic strike. The death toll was downplayed. Reports were delayed, sanitized and classified. Coalition forces bulldozed the blast site.\" https://t.co/vKNMP1qovR","public_metrics":{"retweet_count":7,"reply_count":1,"like_count":27,"quote_count":2}},{"created_at":"2021-11-12T12:06:12.000Z","id":"1459130404930207789","text":"RT @alialsalim: KPMG sued in Dubai for $600M over sloppy Abraaj audit.\n\nScreenshot of a Google search showing how failure seems to be a KPM…","public_metrics":{"retweet_count":38,"reply_count":0,"like_count":0,"quote_count":0}},{"created_at":"2021-11-12T11:39:54.000Z","id":"1459123785504800768","text":"If what Burhan really needs is a pliable civilian figurehead, maybe Sisi can offer to trade him Adly Mansour in exchange for a player to be named later https://t.co/TX1yxaxtEf","public_metrics":{"retweet_count":4,"reply_count":0,"like_count":6,"quote_count":0}},{"created_at":"2021-11-12T10:41:43.000Z","id":"1459109145928474645","text":"RT @heiko_wimmen: Exchange rate for \uD83C\uDDF1\uD83C\uDDE7 Lira crossed threshold of 23,000 to the $ today. That's how far it fell in mid-July when Saad Hariri…","public_metrics":{"retweet_count":8,"reply_count":0,"like_count":0,"quote_count":0}},{"created_at":"2021-11-12T09:03:42.000Z","id":"1459084478542929923","text":"A floating exchange rate with a couple of Erdogan-shaped cement blocks tied to its feet https://t.co/OUTWxqnXHZ","public_metrics":{"retweet_count":0,"reply_count":0,"like_count":8,"quote_count":0}},{"created_at":"2021-11-12T07:28:33.000Z","id":"1459060533752180736","text":"RT @p_zalewski: Turkey's aviation authority to suspend ticket sales to Iraqi, Syrian and Yemeni nationals headed to Belarus: Polish officia…","public_metrics":{"retweet_count":29,"reply_count":0,"like_count":0,"quote_count":0}},{"created_at":"2021-11-12T06:45:27.000Z","id":"1459049684916396060","text":"... and American oil output has declined. Fossil-fuel markets in general are bonkers at the moment. I'm sure MbS doesn't mind that high gas prices are making Biden squirm. But the idea that they're rising solely because of American politics is just silly.","public_metrics":{"retweet_count":2,"reply_count":1,"like_count":17,"quote_count":0}},{"created_at":"2021-11-12T06:45:26.000Z","id":"1459049682873770003","text":"This is another installment of \"actually, America, it's not all about you.\" Oil prices are high for a bunch of reasons. Demand has climbed but future demand is uncertain. OPEC+ members are having trouble meeting their production targets... https://t.co/wXynLIDmYC","public_metrics":{"retweet_count":9,"reply_count":1,"like_count":39,"quote_count":0}},{"created_at":"2021-11-12T06:17:22.000Z","id":"1459042618847944727","text":"It's like Fred Willard is in charge of this murder trial https://t.co/p7zPFmODXJ","public_metrics":{"retweet_count":3,"reply_count":2,"like_count":10,"quote_count":0}},{"created_at":"2021-11-11T11:58:29.000Z","id":"1458766073944281090","text":"Two days after his meeting with Assad, the Emirati foreign minister has a phone call with his Iranian counterpart https://t.co/M4TOU16Gpi","public_metrics":{"retweet_count":9,"reply_count":2,"like_count":24,"quote_count":2}},{"created_at":"2021-11-11T11:08:15.000Z","id":"1458753434413375491","text":"What an unexpected coincidence that this report appeared within hours of the Emirati foreign minister visiting Damascus, I'm sure it's not at all a transparent effort to spin the idea that the UAE has already succeeded in driving a wedge between Assad and Iran https://t.co/AnbJVazXho","public_metrics":{"retweet_count":12,"reply_count":3,"like_count":57,"quote_count":0}},{"created_at":"2021-11-11T10:55:52.000Z","id":"1458750315461812236","text":"How is it possible that we're in the year 2021 and tweets about Bernard-Henri Levy are still popping up in my timeline at least once a fortnight or so","public_metrics":{"retweet_count":0,"reply_count":4,"like_count":38,"quote_count":0}},{"created_at":"2021-11-11T10:43:50.000Z","id":"1458747287853834242","text":"\"One dhow carrying weapons which was seized by a US navy vessel had a GPS with stored points in Iran, southern Yemen and Somalia, including a small anchorage near Jask port, which hosts an Iranian naval base.\" https://t.co/9jor24orWp","public_metrics":{"retweet_count":3,"reply_count":0,"like_count":11,"quote_count":1}},{"created_at":"2021-11-11T10:40:25.000Z","id":"1458746426968707073","text":"The exuberance over Dubai's property market over the past year seems irrational for a bunch of different reasons and I think @NaguibSawiris is entirely correct about this https://t.co/6zyAsRhZ2I","public_metrics":{"retweet_count":4,"reply_count":1,"like_count":5,"quote_count":1}},{"created_at":"2021-11-11T10:30:00.000Z","id":"1458743809123274753","text":"RT @TalaRamadan: Series of systematic racism in #Lebanon ⬇️\nRas Baalbeck Municipality issued a circular introducing discriminatory restrict…","public_metrics":{"retweet_count":5,"reply_count":0,"like_count":0,"quote_count":0}},{"created_at":"2021-11-11T09:19:21.000Z","id":"1458726027778269189","text":"@deebashadnia Looks like they found the field and met there","public_metrics":{"retweet_count":0,"reply_count":0,"like_count":1,"quote_count":0}},{"created_at":"2021-11-11T08:26:11.000Z","id":"1458712648091152384","text":"RT @AliVaez: Iran's top JCPOA negotiator is asserting that when talks in resume in Vienna later this month, discussions will be only on san…","public_metrics":{"retweet_count":32,"reply_count":0,"like_count":0,"quote_count":0}},{"created_at":"2021-11-11T07:12:16.000Z","id":"1458694046252163078","text":"RT @seldeeb: How and why the #UAE's embrace of #Syria could lead to more Arab overtures, could stall or could be a flop. With @bmroue - shi…","public_metrics":{"retweet_count":10,"reply_count":0,"like_count":0,"quote_count":0}},{"created_at":"2021-11-11T07:06:26.000Z","id":"1458692579378274305","text":"RT @laure_khoury: @AFP Team gathered testimonies of people trying to leave Iraq's Kurdistan region, mainly because of economical difficulti…","public_metrics":{"retweet_count":7,"reply_count":0,"like_count":0,"quote_count":0}},{"created_at":"2021-11-11T07:03:04.000Z","id":"1458691732376375303","text":"Not surprising. High global prices and tight markets create a very strong incentive for China and Iran to keep the sanctions-busting fleet of ghost tankers moving https://t.co/88y7gBzjsP","public_metrics":{"retweet_count":4,"reply_count":1,"like_count":12,"quote_count":3}},{"created_at":"2021-11-11T06:39:37.000Z","id":"1458685828822097922","text":"But those in power, of course, must be the judiciary of the judiciary https://t.co/bTqeyP5sKG","public_metrics":{"retweet_count":1,"reply_count":0,"like_count":1,"quote_count":0}},{"created_at":"2021-11-11T06:25:43.000Z","id":"1458682333603762177","text":"\"Now, with US petrol prices having risen about 40 per cent since Biden's inauguration, Prince Mohammed controls a lever that has the power to help or hinder the White House.\" https://t.co/mut9JANTNB","public_metrics":{"retweet_count":8,"reply_count":5,"like_count":16,"quote_count":0}},{"created_at":"2021-11-11T06:17:12.000Z","id":"1458680186229170182","text":"\"In the quarter to August used cars, hotel rooms and airfares made up less than 5% of America's consumer-price index, but together accounted for the majority of overall inflation.\" https://t.co/9K6jHOefOu","public_metrics":{"retweet_count":3,"reply_count":1,"like_count":4,"quote_count":0}},{"created_at":"2021-11-11T05:38:59.000Z","id":"1458670568719405057","text":"This @StateDept comment on Arab efforts to normalize with Assad sounds honest. Syria is not a priority for this administration, and given the lack of any policy options that would advance America's previously-stated goals in Syria, that's understandable. https://t.co/TCRtMxENx3 https://t.co/CFJppIULfx","public_metrics":{"retweet_count":2,"reply_count":1,"like_count":12,"quote_count":0}},{"created_at":"2021-11-11T05:19:11.000Z","id":"1458665588759351303","text":"Turns out that even if you stage a self-coup and suspend parliament, you're still going to run into many of the same political-economic problems that paralyzed your predecessors https://t.co/kH4P7aetvT","public_metrics":{"retweet_count":3,"reply_count":1,"like_count":14,"quote_count":1}},{"created_at":"2021-11-11T05:03:32.000Z","id":"1458661650446401537","text":"When all you have is a hammer \uD83D\uDD28 https://t.co/nWNRCymPCz","public_metrics":{"retweet_count":2,"reply_count":1,"like_count":15,"quote_count":0}},{"created_at":"2021-11-10T15:59:15.000Z","id":"1458464279498219520","text":"@annmarie Interesting taste in holiday destinations","public_metrics":{"retweet_count":0,"reply_count":0,"like_count":1,"quote_count":0}},{"created_at":"2021-11-10T15:53:35.000Z","id":"1458462851442614273","text":"Some good points. But the whole \"sanctions review\" effort is still missing the forest for the trees, namely questions of whether sanctions actually advance strategic goals and whether they do more harm than good vis-a-vis a dollar-based financial system. https://t.co/ZNM17zvRyJ","public_metrics":{"retweet_count":3,"reply_count":1,"like_count":3,"quote_count":0}},{"created_at":"2021-11-10T15:29:13.000Z","id":"1458456719047147520","text":"Almost funny that rejoining the Arab League is dangled as some sort of carrot for Assad. Whenever I have to watch Arab League meetings, even the invited guests don't seem to want to be there https://t.co/Cy8RaaKVo8","public_metrics":{"retweet_count":10,"reply_count":5,"like_count":46,"quote_count":0}},{"created_at":"2021-11-10T11:58:40.000Z","id":"1458403734887751681","text":"Comical snapshot of European foreign policy: the EU paid to build a new HQ for Palestine's electoral commission and sent an envoy to inaugurate it with Mahmoud Abbas, who hasn't held a national election in 15 years and cancelled one meant for this spring. https://t.co/WrAxFa0XGM","public_metrics":{"retweet_count":21,"reply_count":4,"like_count":49,"quote_count":2}},{"created_at":"2021-11-10T11:03:01.000Z","id":"1458389729234272267","text":"Another escalation in the Gulf-Lebanon dispute https://t.co/UFGKrywDfH","public_metrics":{"retweet_count":2,"reply_count":0,"like_count":10,"quote_count":0}},{"created_at":"2021-11-10T09:12:28.000Z","id":"1458361906901704712","text":"One silver lining in all of this: the UAE recognizing and warmly embracing Israel while it simultaneously moves to rehabilitate Assad is going to put a lot of propagandists on all sides in a hilariously awkward position https://t.co/q31uNulJiD","public_metrics":{"retweet_count":39,"reply_count":13,"like_count":151,"quote_count":7}},{"created_at":"2021-11-10T06:58:01.000Z","id":"1458328074123190273","text":"@mgerrydoyle Building up to an ambitious crossover event where the whole GWOT cinematic universe decides to invade Iran","public_metrics":{"retweet_count":0,"reply_count":1,"like_count":10,"quote_count":0}},{"created_at":"2021-11-10T06:50:48.000Z","id":"1458326258174074889","text":"Tired: America's regional partners undertaking ruinous military adventures shows the decline of US hard power\n\nWired: America's regional partners making jingoistic Michael Bay-esque films about their ruinous military adventures shows the continued hegemony of US soft power https://t.co/KdcfHC6nIn","public_metrics":{"retweet_count":33,"reply_count":5,"like_count":103,"quote_count":0}},{"created_at":"2021-11-10T06:15:13.000Z","id":"1458317301267288065","text":"Sounds familiar: \"Turkish patients are finding it increasingly difficult to access key drugs, with producers blaming the shortages on an inflexible pricing system for medicines that exposes them to losses from the lira’s swift decline.\" https://t.co/ywnpzK2UrT","public_metrics":{"retweet_count":5,"reply_count":0,"like_count":14,"quote_count":1}},{"created_at":"2021-11-10T06:08:58.000Z","id":"1458315728793358338","text":"There has been no meaningful lifting of sanctions. A lot of this is simply a function of oil prices doubling over the past year, making Iran's exports to China—which continued under Trump too!—more lucrative. Also, the IMF has revised its 2020 estimate from $4bn to $12.4bn. https://t.co/CPF3jLWZmF","public_metrics":{"retweet_count":19,"reply_count":3,"like_count":66,"quote_count":1}},{"created_at":"2021-11-10T05:47:44.000Z","id":"1458310384205631493","text":"\"Bottomless pits of investors' cash went to subsidising rides and deliveries to juice demand. This reached absurd points: a pizzeria could make money by ordering its own food for a discounted price on DoorDash (which then paid back the regular amount).\" https://t.co/soiwsDm0RS","public_metrics":{"retweet_count":8,"reply_count":0,"like_count":18,"quote_count":0}},{"created_at":"2021-11-10T05:30:57.000Z","id":"1458306162303062019","text":"I guess Sudan's finance minister is the Mohamed ElBaradei of 2021, the technocratic guy they trot out to make delusional comments about how the army overthrowing a government and detaining the prime minister was not, in fact, a coup https://t.co/486qAg4RYP","public_metrics":{"retweet_count":5,"reply_count":1,"like_count":18,"quote_count":1}},{"created_at":"2021-11-10T05:01:50.000Z","id":"1458298833084063744","text":"Brimming with optimism about this month's meeting in Vienna: \"Holding nuclear talks is not our top priority as Iran's new strategy is not to count on the JCPOA any more and not to invest in something that has failed once.\" https://t.co/1yHBrMeEOV","public_metrics":{"retweet_count":3,"reply_count":2,"like_count":10,"quote_count":0}},{"created_at":"2021-11-09T12:38:48.000Z","id":"1458051443232059400","text":"Abdullah bin Zayed, the UAE's foreign minister, has reportedly arrived in Damascus for a visit \uD83E\uDDD0 https://t.co/coE9k2Y1z5","public_metrics":{"retweet_count":6,"reply_count":3,"like_count":9,"quote_count":1}},{"created_at":"2021-11-09T09:05:25.000Z","id":"1457997746049257473","text":"That question applies to the broader economy, too. For decades Saudi's selling points were enabled by oil: subsidies, low taxes, cheap foreign labor. Needed fiscal and labor reforms have eroded those advantages, and it's not yet clear what replaces them. https://t.co/kCl9TxuuRb","public_metrics":{"retweet_count":4,"reply_count":0,"like_count":11,"quote_count":1}},{"created_at":"2021-11-09T09:05:25.000Z","id":"1457997744036003844","text":"But the big unanswered question is what you might call Saudi's comparative advantage. The government has lofty targets. But what will convince a hoped-for 50m+ foreigners to holiday in Saudi each year instead of cheaper or better-established competitors? https://t.co/kCl9TxuuRb","public_metrics":{"retweet_count":2,"reply_count":1,"like_count":7,"quote_count":1}},{"created_at":"2021-11-09T09:05:24.000Z","id":"1457997742215778304","text":"It's striking to see a country that didn't even offer tourist visas until 2019 now make a big push for tourism. There's a lot of untapped potential. Tapping it will be good for the economy, and good for young Saudis starved for fun at home. https://t.co/kCl9TxuuRb","public_metrics":{"retweet_count":2,"reply_count":2,"like_count":18,"quote_count":2}},{"created_at":"2021-11-09T09:05:24.000Z","id":"1457997740202471426","text":"Some thoughts on the Saudi economy/Vision 2030 after a couple weeks road-tripping around the kingdom. There are some visible signs of progress: more citizens (especially women) in the private sector, big projects moving forward, social restrictions easing.\nhttps://t.co/kCl9TxuuRb","public_metrics":{"retweet_count":41,"reply_count":2,"like_count":75,"quote_count":2}},{"created_at":"2021-11-09T05:42:02.000Z","id":"1457946563469357058","text":"This is an incredible, heartbreaking piece of writing. And the one crime I would be totally okay having the death penalty for https://t.co/550pQZlvZW","public_metrics":{"retweet_count":9,"reply_count":0,"like_count":33,"quote_count":2}},{"created_at":"2021-11-09T04:37:36.000Z","id":"1457930348210409473","text":"\"Burhan has pressed ahead in overseeing a shakeup at government-owned media and the central bank. Meanwhile, Sudan's attorney general and the leaders of a committee probing illicit financial gains made during Bashir's reign have all been removed.\" https://t.co/R707IhLzLm","public_metrics":{"retweet_count":4,"reply_count":0,"like_count":9,"quote_count":1}},{"created_at":"2021-11-08T14:11:10.000Z","id":"1457712300475965443","text":"So if you take the Israeli army at face value, its intelligence was good enough to know that Hamas was running some kind of secret electronic-warfare program out of this tower but not good enough to know that the Associated Press openly had an office there https://t.co/hgZm9l3KzV","public_metrics":{"retweet_count":122,"reply_count":15,"like_count":326,"quote_count":10}},{"created_at":"2021-11-08T11:55:15.000Z","id":"1457678097239748612","text":"\"While Mikati struck an optimistic tone, his government has not met for nearly a month due to a row over the probe into the deadly August 2020 Beirut port blast and will lose decision-making powers after elections scheduled for spring next year.\" https://t.co/1Jo7FQ7l56","public_metrics":{"retweet_count":2,"reply_count":1,"like_count":19,"quote_count":0}},{"created_at":"2021-11-08T11:42:02.000Z","id":"1457674771949400066","text":"\"Producers who have spare capacity won't step in to make up the shortfalls from those who can't reach their targets, even though OPEC+ as a whole is now pumping about 700,000bpd below its target, with several countries simply unable to meet their targets.\" https://t.co/70Se1bq1Kv","public_metrics":{"retweet_count":9,"reply_count":2,"like_count":15,"quote_count":1}},{"created_at":"2021-11-08T09:57:45.000Z","id":"1457648528784859137","text":"\"To build the database used by Blue Wolf, [Israeli] soldiers competed last year in photographing Palestinians, including children and the elderly, with prizes for the most pictures collected by each unit.\" https://t.co/Rxdd8NnDe6","public_metrics":{"retweet_count":101,"reply_count":5,"like_count":92,"quote_count":10}},{"created_at":"2021-11-08T07:39:11.000Z","id":"1457613657676951555","text":"\"From exporters to property tycoons, those already doing well are cashing in as borrowing costs drop and the lira weakens, but runaway food inflation and skyrocketing rents are squeezing those at the bottom.\" https://t.co/4FsdhTmGE4","public_metrics":{"retweet_count":15,"reply_count":2,"like_count":26,"quote_count":1}},{"created_at":"2021-11-07T14:58:55.000Z","id":"1457361929668907012","text":"@DaliaHatuqa Would you have expected anything else","public_metrics":{"retweet_count":0,"reply_count":1,"like_count":10,"quote_count":0}},{"created_at":"2021-11-07T14:48:51.000Z","id":"1457359396082786309","text":"Again, quite a brief journey from \"the Abraham Accords will usher in an age of peace and prosperity for the region\" to \"the latest contestant on The Price Is Right: Abraham Accords is the authoritarian warlord who tried and failed to take over Libya\" https://t.co/1M1HmGxqsz","public_metrics":{"retweet_count":46,"reply_count":6,"like_count":110,"quote_count":5}},{"created_at":"2021-11-07T11:33:07.000Z","id":"1457310141003571201","text":"\"Security sources told The National that the drones used in the assault on the prime minister's residence were similar to Iranian-made drones that have been used in previous attacks in Iraq.\" https://t.co/UMhz9VXcU3","public_metrics":{"retweet_count":16,"reply_count":2,"like_count":14,"quote_count":3}},{"created_at":"2021-11-07T11:18:25.000Z","id":"1457306438527815684","text":"\uD83D\uDE43 https://t.co/4cHQUjROTj","public_metrics":{"retweet_count":4,"reply_count":0,"like_count":16,"quote_count":0}},{"created_at":"2021-11-07T08:29:26.000Z","id":"1457263915432304642","text":"\"Conservatives long argued that campus liberalism produces ambitious narcissists, not public servants. It is ironic that the best evidence for that (see the competitively unprincipled Mr Hawley and Ms Stefanik) is on the right.\" https://t.co/cnUXrXOC5I","public_metrics":{"retweet_count":6,"reply_count":0,"like_count":19,"quote_count":1}},{"created_at":"2021-11-07T08:17:10.000Z","id":"1457260827803852801","text":"\"The war is affecting the wider region in ways that are undeniable—most notably by feeding the rivalry between Morocco and Algeria, which supports Polisario... Algeria has stopped supplying natural gas to the kingdom through the Maghreb-Europe pipeline.\" https://t.co/mTt23x8N8d","public_metrics":{"retweet_count":21,"reply_count":1,"like_count":40,"quote_count":1}},{"created_at":"2021-11-07T07:45:34.000Z","id":"1457252875172777988","text":"\"Wake me up when you have a draft ready for me to edit\" https://t.co/Nv7nqQe6eh","public_metrics":{"retweet_count":0,"reply_count":3,"like_count":74,"quote_count":0}},{"created_at":"2021-11-07T07:20:48.000Z","id":"1457246641187065856","text":"Interesting interview with @ibrahimhamidi on Rifaat al-Assad's return to Syria and what it means (or doesn't mean). \"Syria has changed and Rifaat has changed with it. It is necessary to adapt our reading of Syria to this new reality.\" https://t.co/gjLuAkgzaM","public_metrics":{"retweet_count":8,"reply_count":1,"like_count":13,"quote_count":0}},{"created_at":"2021-11-07T07:05:18.000Z","id":"1457242741818150912","text":"\"Qatar has also rerouted four large [LNG] tankers to the UK over the past two weeks. A person familiar with the talks said the shipments came after Boris Johnson asked the Qatari emir at a recent meeting for help.\" https://t.co/s39BFGe1NY","public_metrics":{"retweet_count":16,"reply_count":1,"like_count":15,"quote_count":1}},{"created_at":"2021-11-07T06:55:23.000Z","id":"1457240246165377024","text":"How serious is the ban on Saudi imports from Lebanon? \"During the first three months of this year, Saudi Arabia rose to become Lebanon's second-largest market... the kingdom held at least 50% of the market share for dozens of different Lebanese goods.\" https://t.co/a2vTPVDS1G","public_metrics":{"retweet_count":13,"reply_count":2,"like_count":31,"quote_count":2}},{"created_at":"2021-11-07T06:42:27.000Z","id":"1457236991674916865","text":"RT @ChloeNCornish: Iraqi media is carrying these pictures of the damage  by a drone which blew up at the prime minister's residence in Bagh…","public_metrics":{"retweet_count":6,"reply_count":0,"like_count":0,"quote_count":0}},{"created_at":"2021-11-07T03:56:46.000Z","id":"1457195297583534083","text":"https://t.co/jJx2zQuZn9 https://t.co/iEDtvIn2uQ","public_metrics":{"retweet_count":8,"reply_count":1,"like_count":18,"quote_count":0}},{"created_at":"2021-11-07T02:14:08.000Z","id":"1457169466354188290","text":"RT @nafisehkBBC: •Iraqi PM Kadhimi has survived an “assassination attempt”, Iraqi security says.\n•Drone attack on his residence in Green Zo…","public_metrics":{"retweet_count":295,"reply_count":0,"like_count":0,"quote_count":0}},{"created_at":"2021-11-05T06:23:02.000Z","id":"1456507330808385541","text":"Maybe the brilliant minds behind this campaign can also set up a kiosk down by the port selling \"I survived the third-largest non-nuclear explosion in human history and all I got was this lousy t-shirt\" merchandise https://t.co/b4bwCPxPYX","public_metrics":{"retweet_count":17,"reply_count":9,"like_count":73,"quote_count":1}},{"created_at":"2021-11-05T06:15:23.000Z","id":"1456505403261521920","text":"Quite an announcement from Iran ahead of the next round of nuclear talks (albeit one not yet confirmed by the IAEA). And the highlighted bit, well, at least we're not pretending that this whole thing is just for medical isotopes anymore https://t.co/zVRtyI0FAu https://t.co/oG48Gt6MJt","public_metrics":{"retweet_count":5,"reply_count":4,"like_count":17,"quote_count":0}},{"created_at":"2021-11-04T15:16:13.000Z","id":"1456279119814021134","text":"RT @Aya_Majzoub: VERY worrying news in #BeirutBlast probe. Beirut Court of Appeals procedurally accepts case filed by wanted ex-minister Fe…","public_metrics":{"retweet_count":128,"reply_count":0,"like_count":0,"quote_count":0}},{"created_at":"2021-11-04T14:34:58.000Z","id":"1456268740295680012","text":"RT @annmarie: OPEC+ so far shrugs off POTUS demand to pump more. A panel is recommending the group sticks to their current pace of gradual…","public_metrics":{"retweet_count":13,"reply_count":0,"like_count":0,"quote_count":0}},{"created_at":"2021-11-04T14:00:10.000Z","id":"1456259983343980550","text":"Inquiring minds want to know whether there is a PFLP-GC breakaway dance studio https://t.co/Zu6LcRAkOu","public_metrics":{"retweet_count":6,"reply_count":4,"like_count":35,"quote_count":2}},{"created_at":"2021-11-04T07:52:36.000Z","id":"1456167481098244100","text":"Washington is going ever further into this navel-gazing place where its \"Middle East policy\" has no bearing at all on the actual Middle East and is merely another battleground for its bonkers domestic politics https://t.co/3p0Gh84qcw","public_metrics":{"retweet_count":13,"reply_count":1,"like_count":27,"quote_count":0}},{"created_at":"2021-11-04T06:35:08.000Z","id":"1456147987269292032","text":"Quad proliferation is becoming a major threat in US foreign policy. There's the one with Australia, India and Japan; the one with India, Israel and the UAE; and now one with Saudi Arabia, the UAE and the UK? We're nearing a dangerous quad of quads https://t.co/o2mAa7Wwy4","public_metrics":{"retweet_count":2,"reply_count":0,"like_count":10,"quote_count":1}},{"created_at":"2021-11-04T06:18:14.000Z","id":"1456143734568103938","text":"\"One reason for OPEC+ resistance is the risk that, if the extra oil were supplied, it could tip markets swiftly in the other direction. Supply is tight now, but the balance is expected to shift back into surplus early next year.\" https://t.co/d2OGB8qjI8","public_metrics":{"retweet_count":1,"reply_count":1,"like_count":8,"quote_count":0}},{"created_at":"2021-11-04T06:09:46.000Z","id":"1456141602678784003","text":"\"The idea that white horses will keep emerging from the Arabian Desert to save Lebanon's political elites from their folly is an enduring myth.\" https://t.co/dsvnpcZKT8","public_metrics":{"retweet_count":12,"reply_count":2,"like_count":35,"quote_count":0}},{"created_at":"2021-11-04T05:55:18.000Z","id":"1456137961368653828","text":"The latest from planet Lebanon: two MPs who unsuccessfully sued to remove the judge leading the Beirut port investigation have now sued to remove the judge who refused to remove the other judge https://t.co/wxKqfTKvoi","public_metrics":{"retweet_count":9,"reply_count":3,"like_count":16,"quote_count":0}},{"created_at":"2021-11-04T05:48:20.000Z","id":"1456136210112520194","text":"RT @TheEconomist: We're looking for a writer to join our team of China correspondents. You should be able to read and speak Chinese and wri…","public_metrics":{"retweet_count":11,"reply_count":0,"like_count":0,"quote_count":0}},{"created_at":"2021-11-04T05:46:15.000Z","id":"1456135683844808705","text":"Truly shocking that the Pentagon investigation of the Pentagon found that the Pentagon did nothing wrong https://t.co/EIcjU3q5HE","public_metrics":{"retweet_count":80,"reply_count":13,"like_count":240,"quote_count":5}},{"created_at":"2021-11-04T05:29:04.000Z","id":"1456131358141583365","text":"\"The dossier... contains no concrete evidence of involvement between any of the groups and violent PFLP activities, nor, contrary to assertions by Israel's defense ministry, evidence that any of the six groups directed funds to the PFLP.\" https://t.co/4mZBiRYm5E","public_metrics":{"retweet_count":14,"reply_count":2,"like_count":33,"quote_count":1}},{"created_at":"2021-11-03T14:15:00.000Z","id":"1455901325644996619","text":"Good: \"Being added to the entity list prohibits all exports from the US to NSO of any type of hardware or software, severing the company from a vital source of technology. It could also hinder it from future business arrangements.\" https://t.co/MncPpZDP8j","public_metrics":{"retweet_count":25,"reply_count":4,"like_count":43,"quote_count":0}},{"created_at":"2021-11-03T13:50:53.000Z","id":"1455895257187500032","text":"Are you a man in uniform? Looking to overthrow a pesky civilian government? Cairo is calling. Book your tour package today and get free access to a business center to draft بيان رقم واحد and a one-on-one meeting with top experts to discuss best practices https://t.co/msi3zAJB76 https://t.co/5msov2YSOo","public_metrics":{"retweet_count":17,"reply_count":4,"like_count":31,"quote_count":1}},{"created_at":"2021-11-03T11:42:37.000Z","id":"1455862981028425731","text":"RT @p_zalewski: Turkey launches investigation into social media posts on Erdoğan's health. \"30 persons have been identified and necessary l…","public_metrics":{"retweet_count":36,"reply_count":0,"like_count":0,"quote_count":0}},{"created_at":"2021-11-03T11:28:28.000Z","id":"1455859419045052418","text":"Not sure if American politics have become more inscrutable or I've just been gone a long time, but a good 75% of tweets about yesterday's election are utterly incomprehensible to me","public_metrics":{"retweet_count":1,"reply_count":3,"like_count":23,"quote_count":1}},{"created_at":"2021-11-03T08:08:41.000Z","id":"1455809142287896579","text":"Clearly time for another interest-rate cut https://t.co/w3SAwpKdhF","public_metrics":{"retweet_count":0,"reply_count":1,"like_count":2,"quote_count":1}},{"created_at":"2021-11-03T07:01:59.000Z","id":"1455792355202699270","text":"\"Public pressure brought on by an external threat does not displace dictatorial regimes, which are suffused with an ideology, a survival instinct and a hunger for power. Israel doesn't want to recognize that.\" https://t.co/GUllIN4Av5","public_metrics":{"retweet_count":1,"reply_count":0,"like_count":3,"quote_count":0}},{"created_at":"2021-11-03T06:42:26.000Z","id":"1455787435414200320","text":"\"In Washington, the conversation about Plan B against Iran has been gaining currency. But to the Islamic Republic, Plan B was in fact Plan A from the outset.\" Very clear outline of the Raisi government's posture vis-a-vis the JCPOA and America. https://t.co/Ydtw61ihMR","public_metrics":{"retweet_count":7,"reply_count":1,"like_count":18,"quote_count":2}},{"created_at":"2021-11-03T06:31:43.000Z","id":"1455784736861863941","text":"RT @HafsaHalawa: Was just discussing this very point with an Iranian colleague/friend today. Personally, in relation to the region, I don’t…","public_metrics":{"retweet_count":2,"reply_count":0,"like_count":0,"quote_count":0}}],"meta":{"oldest_id":"1455784736861863941","newest_id":"1459875680481693697","result_count":100,"next_token":"7140dibdnow9c7btw3z2vq6amz4xorbj015676tjh2uk1"}}