{"data":[{"created_at":"2021-08-29T07:47:33.000Z","id":"1431886222012596230","text":"And this is a remarkable anecdote: As Kabul fell, Baradar had a hasty meeting in Doha with the head of Centcom. The Americans said they only needed to control the airport; the Taliban took the rest. https://t.co/ygy4gHCTvJ","public_metrics":{"retweet_count":9,"reply_count":0,"like_count":31,"quote_count":0}},{"created_at":"2021-08-29T07:47:25.000Z","id":"1431886189083103232","text":"\"Ghani aides who had not been part of the hasty evacuation returned from lunch to find the president had vanished... nor did Ghani contact the US government, which was left to piece together the absent leader's movements from rumor and media reports.\" https://t.co/mMyF46z3i4","public_metrics":{"retweet_count":54,"reply_count":6,"like_count":93,"quote_count":5}},{"created_at":"2021-08-29T04:18:05.000Z","id":"1431833509149216770","text":"It's significant that this happened. Very premature to say anything else about what happens next or what it portends for the region. But just the act of talking like this would have been unthinkable two or three years ago. https://t.co/OfmczJh2x2","public_metrics":{"retweet_count":83,"reply_count":16,"like_count":266,"quote_count":6}},{"created_at":"2021-08-29T03:58:34.000Z","id":"1431828596017012741","text":"Any piece about the supposedly \"sustainable\" status quo ante in Afghanistan should perhaps include more than just one passing reference to ongoing Afghan casualties, both civilians and security forces https://t.co/puiuoIlMib","public_metrics":{"retweet_count":81,"reply_count":13,"like_count":405,"quote_count":6}},{"created_at":"2021-08-28T08:38:17.000Z","id":"1431536602313117699","text":"The Islamic Republic, of course, would never make threats against anyone https://t.co/bz3DT1Eugh","public_metrics":{"retweet_count":2,"reply_count":1,"like_count":19,"quote_count":0}},{"created_at":"2021-08-28T05:04:50.000Z","id":"1431482887350718465","text":"The case against withdrawal relies largely on glossing over the mess in Afghanistan over the past 20 years and focusing solely on the mess of the past 20 days https://t.co/ALtB7z9Iv5","public_metrics":{"retweet_count":221,"reply_count":38,"like_count":898,"quote_count":8}},{"created_at":"2021-08-28T04:57:45.000Z","id":"1431481104175968256","text":"At least four of the American troops killed in Afghanistan on Thursday were 20 years old—meaning they were infants when the war began. https://t.co/UTBlqpAfJK","public_metrics":{"retweet_count":16,"reply_count":5,"like_count":54,"quote_count":1}},{"created_at":"2021-08-28T04:45:14.000Z","id":"1431477954333323266","text":"Bizarre analogy for a number of reasons, not least of which is that America signed quite a few arms-control agreements with the Soviet Union https://t.co/KMs6jrzR3S https://t.co/EWLe8LesXR","public_metrics":{"retweet_count":6,"reply_count":0,"like_count":16,"quote_count":0}},{"created_at":"2021-08-27T09:40:50.000Z","id":"1431189958082154496","text":"RT @thomasjuneau: If the Ambassador thinks the withdrawal has been a morale boost for radicals, wait till he hears about what 20 years of o…","public_metrics":{"retweet_count":30,"reply_count":0,"like_count":0,"quote_count":0}},{"created_at":"2021-08-27T09:39:54.000Z","id":"1431189721439428615","text":"Awful story. An estimated 10% of cancer patients in Lebanon can't get drugs they need for treatment. The shortages are likely to get worse: a literal death sentence brought on by the economic crisis. https://t.co/2o9CSWLkqp","public_metrics":{"retweet_count":53,"reply_count":1,"like_count":99,"quote_count":5}},{"created_at":"2021-08-27T08:02:45.000Z","id":"1431165273416126464","text":"If you've ever wanted to buy some aging fighter jets or firefighting helicopters that haven't flown for years because of a lack of maintenance, the Lebanese army has a deal for you https://t.co/DlfTbsVeax","public_metrics":{"retweet_count":5,"reply_count":0,"like_count":22,"quote_count":0}},{"created_at":"2021-08-27T06:21:58.000Z","id":"1431139909352448000","text":"An opportunistic suicide bombing against a soft target 7,000 miles away from America, carried out by a group that killed hundreds of Afghans in grisly attacks while American troops were still deployed, offers zero analytical conclusions about whether withdrawal \"made us safer\" https://t.co/R8DAszc5Z5","public_metrics":{"retweet_count":49,"reply_count":5,"like_count":248,"quote_count":2}},{"created_at":"2021-08-27T05:39:27.000Z","id":"1431129211058655232","text":"The national oil company of Dubai won a contract to swap Iraqi fuel oil, incompatible with Lebanese power plants, for stuff Lebanon can use. Some details here, although (as with the original swap deal) the government is not being fully transparent. https://t.co/WwTlaMAhm9","public_metrics":{"retweet_count":2,"reply_count":1,"like_count":9,"quote_count":0}},{"created_at":"2021-08-27T05:32:03.000Z","id":"1431127347470737408","text":"RT @BBCYaldaHakim: \"U.S. officials in Kabul gave the Taliban a list of names of American citizens, green card holders &amp; Afghan allies to gr…","public_metrics":{"retweet_count":104,"reply_count":0,"like_count":0,"quote_count":0}},{"created_at":"2021-08-27T05:30:37.000Z","id":"1431126988102803456","text":"Very thoughtful piece by @Hegghammer on how the \"war on terror,\" coupled with modern technology, has super-charged state power in wealthy countries, leaving them all but \"immune to rebellion.\" https://t.co/vn4uVM0zfE","public_metrics":{"retweet_count":4,"reply_count":0,"like_count":22,"quote_count":0}},{"created_at":"2021-08-27T05:10:45.000Z","id":"1431121988899282947","text":"There's a whole genre of commentary and analysis that presupposes America has a magic wand to reshape the world, and that ignores how foreign leaders have their own interests and motivations (good or bad, right or wrong) which influence their behavior. https://t.co/NpstfZCXCa","public_metrics":{"retweet_count":6,"reply_count":1,"like_count":25,"quote_count":1}},{"created_at":"2021-08-27T05:10:44.000Z","id":"1431121983341740033","text":"Tunisia was never America's to \"lose.\" The White House certainly could have taken a tougher public line over Saied's power grab. But it's naive to think that would have been enough to make him change his course.\nhttps://t.co/NpstfZCXCa","public_metrics":{"retweet_count":15,"reply_count":4,"like_count":32,"quote_count":3}},{"created_at":"2021-08-27T04:55:45.000Z","id":"1431118212293345281","text":"Grim perspective on what's to come in one of the world's \"poorest and most aid-dependent countries\": one in three Afghans are hungry; 10% of the population is displaced; drought ruined 40% of this year's crops; and the health system is collapsing. https://t.co/ZeOUCJ0QxS","public_metrics":{"retweet_count":23,"reply_count":1,"like_count":28,"quote_count":3}},{"created_at":"2021-08-27T04:45:17.000Z","id":"1431115578031280128","text":"\"Just as the Taliban has been fighting American coalition forces in Afghanistan, it has been waging a separate but parallel war against its rival Islamist group.\" https://t.co/bE6kKUacih","public_metrics":{"retweet_count":21,"reply_count":2,"like_count":34,"quote_count":1}},{"created_at":"2021-08-27T04:34:21.000Z","id":"1431112825406201857","text":"\"After further large explosions were heard around the airport on August 26th, a Taliban spokesman clarified that America was destroying equipment.\" https://t.co/buLefbajNH","public_metrics":{"retweet_count":2,"reply_count":0,"like_count":6,"quote_count":0}},{"created_at":"2021-08-26T14:39:15.000Z","id":"1430902666276663299","text":"RT @CharlotteBellis: Just been at Kabul airport.. heard a second explosion, heavy smoke and constant gunfire. Witness tells me colleague th…","public_metrics":{"retweet_count":198,"reply_count":0,"like_count":0,"quote_count":0}},{"created_at":"2021-08-26T14:12:27.000Z","id":"1430895922846732291","text":"RT @idreesali114: U.S. official tells Reuters that initial report is that explosion outside Kabul airport was caused by a suicide bombing.","public_metrics":{"retweet_count":137,"reply_count":0,"like_count":0,"quote_count":0}},{"created_at":"2021-08-26T13:03:36.000Z","id":"1430878597598912517","text":"RT @nabihbulos: It seems that the #Kabul airlift is winding down. Two people say that only an hour remains.","public_metrics":{"retweet_count":22,"reply_count":0,"like_count":0,"quote_count":0}},{"created_at":"2021-08-26T11:12:08.000Z","id":"1430850545238122499","text":"RT @ChloeNCornish: Beirut irony - the traffic in this infamously congested city is no longer caused by people rushing around for business,…","public_metrics":{"retweet_count":14,"reply_count":0,"like_count":0,"quote_count":0}},{"created_at":"2021-08-26T05:22:47.000Z","id":"1430762629610496003","text":"If Nasser was the tribune of 20th-century Arab nationalism, Sisi is a fitting avatar for today. No stirring rhetoric, no grand ideology, only a narrow sense of national self-interest coupled with a desire to modernize and reinforce the autocratic state. https://t.co/EP62vu1BjY","public_metrics":{"retweet_count":18,"reply_count":3,"like_count":32,"quote_count":0}},{"created_at":"2021-08-26T05:22:46.000Z","id":"1430762624761974784","text":"The Arab League was set up with lofty aspirations—one of the first multilateral bodies. Today it is inarguably useless. The GCC has done better, but there too the recent trend is toward competition and division rather than regional unity. https://t.co/2sx17pdNkQ","public_metrics":{"retweet_count":6,"reply_count":1,"like_count":14,"quote_count":1}},{"created_at":"2021-08-26T05:22:45.000Z","id":"1430762620383072261","text":"The region's most powerful states are its non-Arab ones. Everyone else is sorted into camps, fighting battles that have led only to exhaustion. The onetime Saudi-Iranian cold war left the \"resistance axis\" a counter-revolutionary guardian of failed states. https://t.co/Y9AQfdHQeB","public_metrics":{"retweet_count":7,"reply_count":2,"like_count":18,"quote_count":1}},{"created_at":"2021-08-26T05:22:44.000Z","id":"1430762615576440842","text":"Alongside conflict and economic collapse, the Middle East is also mired in something of an identity crisis. In @TheEconomist this week we take a long look at the Arab world: what stitches it together when so many ideologies and institutions have failed? https://t.co/wTyD9DSno4","public_metrics":{"retweet_count":51,"reply_count":8,"like_count":163,"quote_count":4}},{"created_at":"2021-08-26T04:49:28.000Z","id":"1430754243376553990","text":"Water is the latest of Lebanon's endless shortages. Companies that bottle it don't have fuel to run their operations. Meanwhile, the stuff that comes out of the tap is unsafe to drink, and doesn't come out at all unless there's electricity to run pumps. https://t.co/KrB2rt9yt0","public_metrics":{"retweet_count":17,"reply_count":1,"like_count":35,"quote_count":2}},{"created_at":"2021-08-26T04:36:14.000Z","id":"1430750914793574400","text":"Interesting points by @yarbatman on what the Taliban takeover means for Iran's economy. Among them: Afghanistan was \"an important source of hard currency for Iran,\" with up to $5m in transfers each day, but the Taliban now faces a dollar crunch of its own. https://t.co/4crx66msEy","public_metrics":{"retweet_count":13,"reply_count":2,"like_count":35,"quote_count":0}},{"created_at":"2021-08-25T04:32:38.000Z","id":"1430387618680815625","text":"And this piece doesn't even get into Zalmay's, shall we say, questionable track record as ambassador in Iraq. Truly a broken system when someone like this can stay on the diplomatic scene for decades https://t.co/b3v9qZnbNB","public_metrics":{"retweet_count":96,"reply_count":16,"like_count":244,"quote_count":9}},{"created_at":"2021-08-25T04:18:47.000Z","id":"1430384135399477250","text":"With little hope for accountability at home, Lebanese lawyers have sued Savaro, the dodgy shell company that allegedly owned the ammonium nitrate that blew up Beirut last year, in a British court https://t.co/aK60bKROMR","public_metrics":{"retweet_count":23,"reply_count":0,"like_count":40,"quote_count":0}},{"created_at":"2021-08-25T04:09:12.000Z","id":"1430381724287053824","text":"In fairness, \"I don’t think the president's rhetoric matches the conditions on the ground\" has been the war's official slogan since sometime in the mid-aughts https://t.co/ky7btlP0Gq","public_metrics":{"retweet_count":4,"reply_count":1,"like_count":25,"quote_count":0}},{"created_at":"2021-08-25T03:37:59.000Z","id":"1430373866493317130","text":"\"Political scholars once considered corruption a minor issue, but many now see it as crucial to understanding not just why America's proxies fail, but how states work in general.\" https://t.co/FxvcOf7NlI","public_metrics":{"retweet_count":90,"reply_count":13,"like_count":251,"quote_count":15}},{"created_at":"2021-08-24T14:42:35.000Z","id":"1430178731960721417","text":"@HafsaHalawa Very diplomatic choice of words","public_metrics":{"retweet_count":0,"reply_count":1,"like_count":2,"quote_count":0}},{"created_at":"2021-08-24T14:13:16.000Z","id":"1430171353836138511","text":"RT @BBCYaldaHakim: \"We will not be extending 31st deadline. They can take all the people who belong to them. We are not going to let Afghan…","public_metrics":{"retweet_count":289,"reply_count":0,"like_count":0,"quote_count":0}},{"created_at":"2021-08-24T12:43:10.000Z","id":"1430148676949889029","text":"RT @Leila_MA: #Beirut &amp; Mount #Lebanon's water board says it is introducing \"harsh rationing\" on water supplies to the area this week after…","public_metrics":{"retweet_count":61,"reply_count":0,"like_count":0,"quote_count":0}},{"created_at":"2021-08-24T10:09:47.000Z","id":"1430110079894892552","text":"RT @John_Hudson: SCOOP: CIA Director Bill Burns held a secret meeting with Taliban leader Abdul Ghani Baradar in Kabul on Monday, the highe…","public_metrics":{"retweet_count":1168,"reply_count":0,"like_count":0,"quote_count":0}},{"created_at":"2021-08-24T06:14:48.000Z","id":"1430050942452391937","text":"\"One sequence shows what appears to be an emaciated man dumped from a car in the parking lot, then dragged through the prison... guards in another video are seen beating a man in a prisoner's uniform. One guard sucker-punches a prisoner in a holding cell.\" https://t.co/RB0AZaxHUi","public_metrics":{"retweet_count":28,"reply_count":1,"like_count":38,"quote_count":1}},{"created_at":"2021-08-24T05:30:02.000Z","id":"1430039677994774541","text":"\"Prices for basic commodities, such as flour, cooking oil and gas have risen by as much as 50%. The afghani-to-dollar exchange rate quoted by the few street money-changers still operating has fallen by about 10%, with dollars increasingly hard to find.\" https://t.co/t1iogEi0Ic","public_metrics":{"retweet_count":21,"reply_count":2,"like_count":26,"quote_count":2}},{"created_at":"2021-08-24T04:52:54.000Z","id":"1430030332590534675","text":"One month after he suspended parliament and seized sole control of the government, Tunisia's president has extended that state of affairs indefinitely. He still hasn't named a new prime minister to replace the one he sacked. https://t.co/lQeGyAqhPi","public_metrics":{"retweet_count":5,"reply_count":0,"like_count":3,"quote_count":0}},{"created_at":"2021-08-24T04:33:16.000Z","id":"1430025392316985349","text":"This glosses over a lot of changes in Afghanistan, the Middle East, the structure of al-Qaeda. It's being shared widely but it reads more like revived early-2000s talking points than a serious analysis of the present https://t.co/EgUABOAFVJ","public_metrics":{"retweet_count":26,"reply_count":7,"like_count":76,"quote_count":4}},{"created_at":"2021-08-23T06:01:17.000Z","id":"1429685152356126727","text":"\"In recent days, the Qatari ambassador to Afghanistan has escorted small groups of Americans into the airport... citizens have been instructed to meet at rally points in the city, and the ambassador then accompanies them to guarantee safe passage.\" https://t.co/z0Z0QIlftX","public_metrics":{"retweet_count":61,"reply_count":6,"like_count":100,"quote_count":3}},{"created_at":"2021-08-22T05:42:10.000Z","id":"1429317954030690308","text":"So: fuel prices in Lebanon will double, with a consequent boost to inflation; the central bank will continue burning reserves on an impromptu subsidy scheme; and the money printer will run even faster, with predictable results. Great outcomes all around https://t.co/JmAGWHpUGW","public_metrics":{"retweet_count":12,"reply_count":4,"like_count":32,"quote_count":1}},{"created_at":"2021-08-22T05:30:57.000Z","id":"1429315130441994243","text":"If you take this article to its logical conclusion you essentially wind up arguing that foreign policy (and military policy in particular) should not be subject to the whims of voters or the democratic process https://t.co/XrNmNd6FMm","public_metrics":{"retweet_count":3,"reply_count":1,"like_count":8,"quote_count":0}},{"created_at":"2021-08-22T05:30:56.000Z","id":"1429315128835575812","text":"\"There is no military solution\" is indeed a dumb slogan. But there's no willingness here to grapple with how the failures and excesses of \"liberal internationalism\" exacerbated many of the very dynamics this article rails against. https://t.co/XrNmNd6FMm","public_metrics":{"retweet_count":3,"reply_count":1,"like_count":10,"quote_count":0}},{"created_at":"2021-08-22T04:12:41.000Z","id":"1429295435085238274","text":"\"Many evacuees [were] crammed in a sweltering hangar without adequate toilets and showers... nearly every square foot of the massive structure [was] packed with people sitting, squatting and laying among their plastic bags and luggage.\" https://t.co/zL1qjYq4qS","public_metrics":{"retweet_count":4,"reply_count":1,"like_count":3,"quote_count":0}},{"created_at":"2021-08-21T04:38:11.000Z","id":"1428939464152428545","text":"Yep, you read that right, Paul Bremer was commissioned to write an op-ed about stabilizing a country and building a capable army, because there is zero accountability for being an architect of a generation-long fiasco https://t.co/FQllSxJ0zP","public_metrics":{"retweet_count":183,"reply_count":17,"like_count":554,"quote_count":7}},{"created_at":"2021-08-21T03:48:21.000Z","id":"1428926922411630594","text":"When you've locked up a million of your own citizens on bogus charges of \"Islamic extremism,\" but you're also keen to do business with the Taliban, even your own state media gets a wee bit confused about the narrative https://t.co/I0NNs0tnRZ","public_metrics":{"retweet_count":136,"reply_count":16,"like_count":275,"quote_count":6}},{"created_at":"2021-08-20T13:55:51.000Z","id":"1428717418696912896","text":"One of my favorite things about Washington is how frequently people use the phrase \"the best and the brightest\" but totally miss the meaning and the irony Halberstam intended https://t.co/gvDNcWWrd4","public_metrics":{"retweet_count":22,"reply_count":14,"like_count":108,"quote_count":2}},{"created_at":"2021-08-20T06:03:19.000Z","id":"1428598501307559936","text":"RT @idreesali114: 6,000 troops but 40 consular officers?","public_metrics":{"retweet_count":38,"reply_count":0,"like_count":0,"quote_count":0}},{"created_at":"2021-08-20T05:11:25.000Z","id":"1428585442505543687","text":"One way to prevent this from happening in the future is for America to stop playing armorer to the world and giving billions of dollars of weapons to states that are either unstable or prone to transferring their kit to bad actors https://t.co/KY11jA2qOF","public_metrics":{"retweet_count":11,"reply_count":3,"like_count":40,"quote_count":2}},{"created_at":"2021-08-20T04:39:17.000Z","id":"1428577354675331075","text":"This is so perfect I almost can't decide if it's an actual Tom Friedman column or a piss take of a Tom Friedman column\nhttps://t.co/emQTGd1us7 https://t.co/u8X2Z8LmUz","public_metrics":{"retweet_count":61,"reply_count":13,"like_count":312,"quote_count":11}},{"created_at":"2021-08-19T10:48:49.000Z","id":"1428307962649530370","text":"RT @NaderDurgham: #Lebanon just reached a whole new level of the fuel crisis: \n\nCoral, one of the main oil companies in the country, ordere…","public_metrics":{"retweet_count":22,"reply_count":0,"like_count":0,"quote_count":0}},{"created_at":"2021-08-19T09:47:23.000Z","id":"1428292500129779714","text":"RT @shashj: 'Asked if he thought the handling of the crisis could have gone better, Biden said: “No.”' https://t.co/GFTiy1sKr3 \uD83E\uDD21","public_metrics":{"retweet_count":9,"reply_count":0,"like_count":0,"quote_count":0}},{"created_at":"2021-08-19T07:59:03.000Z","id":"1428265240828039169","text":"\"The truth of the matter is that the end of the American era had come much earlier. The long-term sources of American weakness and decline are more domestic than international... Afghanistan's ultimate effect on geopolitics is likely to be small.\" https://t.co/gxoMNHh5y1","public_metrics":{"retweet_count":7,"reply_count":0,"like_count":21,"quote_count":0}},{"created_at":"2021-08-19T05:50:12.000Z","id":"1428232813099290625","text":"RT @tamaraqiblawi: Lebanon’s supermarkets are experiencing shortages in bottled water. The country has no potable tap water. If the bottled…","public_metrics":{"retweet_count":803,"reply_count":0,"like_count":0,"quote_count":0}},{"created_at":"2021-08-19T05:37:07.000Z","id":"1428229519823998977","text":"This by @dbyman seems a sensible take on the question of the Taliban and al-Qaeda, unlike a lot of the somewhat hysterical talking points on here lately: \"Despite these difficulties, an expansive safe haven comparable to the pre-9/11 period is unlikely.\" https://t.co/hQlb3E7Qe1","public_metrics":{"retweet_count":13,"reply_count":4,"like_count":31,"quote_count":1}},{"created_at":"2021-08-19T05:13:56.000Z","id":"1428223686922878982","text":"\"There are positive indications as well. The R infection rate has started to go down, and there is evidence that the Israelis who have received their third booster vaccination shot have indeed significantly improved their protection against the virus.\" https://t.co/AWsCDi7FSO","public_metrics":{"retweet_count":3,"reply_count":0,"like_count":6,"quote_count":0}},{"created_at":"2021-08-19T04:59:38.000Z","id":"1428220086947565568","text":"The Lebanese government is putting the final touches on a \"ration card\" program to give needy families cash transfers. It just needs to work out a few trivial details, like how to pay for this or how to build a database of eligible recipients from scratch. https://t.co/EjXRmmCS8m","public_metrics":{"retweet_count":12,"reply_count":2,"like_count":42,"quote_count":0}},{"created_at":"2021-08-19T04:41:57.000Z","id":"1428215635096526851","text":"If America is out, it should be out. Nothing about the past four decades of Afghan history suggests there's a happy ending to pouring in money and materiel to support the next phase of the country's civil war https://t.co/yK8ww8nClm","public_metrics":{"retweet_count":28,"reply_count":7,"like_count":88,"quote_count":1}},{"created_at":"2021-08-19T04:16:32.000Z","id":"1428209242100670465","text":"Erdogan meeting Tahnoun is a big deal, one that fits with Turkey's broader push to mend fences in the region. Will be very funny to watch propagandists on both sides suddenly bury the hatchet https://t.co/iOXi392DYN","public_metrics":{"retweet_count":7,"reply_count":2,"like_count":32,"quote_count":0}},{"created_at":"2021-08-19T03:58:49.000Z","id":"1428204783333253129","text":"Some interesting details in this piece by a former CIA official, particularly this scathing (but unsurprising) portrait of Zalmay Khalilzad, a \"private citizen dabbling on his own in 2018 with a variety of dubious Afghan interlocutors\"\nhttps://t.co/iN57BiQ0lP https://t.co/fG1jgCJ6qJ","public_metrics":{"retweet_count":37,"reply_count":6,"like_count":72,"quote_count":1}},{"created_at":"2021-08-18T14:34:36.000Z","id":"1428002395829719047","text":"\"Humanitarian grounds\" \uD83D\uDE43 https://t.co/RwEjbcaSgS","public_metrics":{"retweet_count":1,"reply_count":8,"like_count":34,"quote_count":0}},{"created_at":"2021-08-18T13:01:50.000Z","id":"1427979049226407937","text":"RT @idreesali114: At least three people were killed and more than a dozen injured after Taliban militants opened fire during protests again…","public_metrics":{"retweet_count":209,"reply_count":0,"like_count":0,"quote_count":0}},{"created_at":"2021-08-18T09:19:05.000Z","id":"1427922993666211844","text":"Useful thread from Afghanistan's central bank governor on the status of the country's reserves and what seems like a looming hard currency shortage for the Taliban government: \"The amount of [dollar] cash remaining is close to zero.\" https://t.co/rfp1mG4R7I","public_metrics":{"retweet_count":37,"reply_count":4,"like_count":68,"quote_count":3}},{"created_at":"2021-08-18T08:37:36.000Z","id":"1427912553808674819","text":"RT @warghetti: I'm so tired of explaining what we have to live daily. This thread does a pretty excellent job of summing it all up.","public_metrics":{"retweet_count":35,"reply_count":0,"like_count":0,"quote_count":0}},{"created_at":"2021-08-18T05:07:55.000Z","id":"1427859785127538689","text":"\"Though they have not hindered the evacuation flights, Taliban soldiers are reported to be checking people trying to get into the airport, and preventing many from leaving the country. Thousands of Afghans who might be accepted to fly remain in hiding.\" https://t.co/zbALXIyT8G","public_metrics":{"retweet_count":5,"reply_count":1,"like_count":17,"quote_count":1}},{"created_at":"2021-08-18T04:17:56.000Z","id":"1427847207252811778","text":"\"There never was a realistic scenario in which a limited force of some 2,500 to 5,000 US troops, even assuming an open-ended commitment, could have altered the basic deleterious dynamics of an Afghan government and military that were unwilling to reform.\" https://t.co/T0LgHtB3S9","public_metrics":{"retweet_count":9,"reply_count":2,"like_count":28,"quote_count":0}},{"created_at":"2021-08-18T04:06:03.000Z","id":"1427844213102755844","text":"With private generators running round the clock, more Lebanese are visiting hospitals with respiratory problems, and the air quality, not great to begin with, is getting much worse: \"We expect pollution to increase eight-fold and carcinogens by 300%.\" https://t.co/v4c1RAvAXP","public_metrics":{"retweet_count":12,"reply_count":3,"like_count":12,"quote_count":0}},{"created_at":"2021-08-18T03:48:17.000Z","id":"1427839742910009348","text":"Cowardly. \"Two US officials told Reuters that Biden was concerned about the political impact of the large number of Afghan refugees flowing into the United States and preferred they be sent to third countries.\" https://t.co/jU2ktXrCEQ","public_metrics":{"retweet_count":39,"reply_count":9,"like_count":58,"quote_count":4}},{"created_at":"2021-08-17T15:16:03.000Z","id":"1427650435888844800","text":"RT @HalaGorani: Taliban spox asked by a female reporter if women can continue to work. Answer: \"They will be allowed to work within Sharia…","public_metrics":{"retweet_count":88,"reply_count":0,"like_count":0,"quote_count":0}},{"created_at":"2021-08-17T11:40:38.000Z","id":"1427596227827351554","text":"RT @ishaantharoor: Read this whole thread","public_metrics":{"retweet_count":55,"reply_count":0,"like_count":0,"quote_count":0}},{"created_at":"2021-08-17T05:15:29.000Z","id":"1427499300976832530","text":"If you eat perishable food in Lebanon these days, where the lack of electricity means there's no proper refrigeration, you're basically playing Russian roulette with gastroenteritis https://t.co/0hGqE2BgGI","public_metrics":{"retweet_count":28,"reply_count":2,"like_count":59,"quote_count":1}},{"created_at":"2021-08-17T05:05:10.000Z","id":"1427496702668419084","text":"They'll be watching, yes, but they won't really be surprised. Governments in the Middle East have had growing doubts since the Obama years about the reliability of American security guarantees. https://t.co/GOAUKV3BvY","public_metrics":{"retweet_count":12,"reply_count":2,"like_count":26,"quote_count":4}},{"created_at":"2021-08-17T04:21:30.000Z","id":"1427485714393018369","text":"\"The pilots declared an emergency when they could not put their landing gear up. The crew diverted and landed in a nearby third country, and some human remains were found in the wheel well when it was inspected.\" https://t.co/On5TbONN0a","public_metrics":{"retweet_count":12,"reply_count":3,"like_count":17,"quote_count":0}},{"created_at":"2021-08-16T20:45:47.000Z","id":"1427371030557904901","text":"This (re: Biden's speech and the US audience) is probably true, too. Even the timing of it, 3:45pm on a Monday, was less \"major presidential address to the nation\" and more \"let's get this over with before your local ABC affiliate goes to Jeopardy reruns\" https://t.co/8UF9hEart6","public_metrics":{"retweet_count":8,"reply_count":2,"like_count":40,"quote_count":1}},{"created_at":"2021-08-16T20:23:09.000Z","id":"1427365334684737537","text":"Biden's case for withdrawal was well-argued and sensible. His refusal to even acknowledge the utter incompetence of the withdrawal (and to try blaming it on the Afghans!) was dishonorable","public_metrics":{"retweet_count":82,"reply_count":14,"like_count":475,"quote_count":6}},{"created_at":"2021-08-16T19:09:17.000Z","id":"1427346746045304832","text":"@JEK_Psych I don't disagree! It's not about finding new ways to do grand \"nation-building\" projects. They don't work. But much more narrowly America should stop enabling all sorts of corruption around the region","public_metrics":{"retweet_count":0,"reply_count":0,"like_count":1,"quote_count":0}},{"created_at":"2021-08-16T11:37:10.000Z","id":"1427232964719546372","text":"Good lord who comes up with this stuff https://t.co/ttLf744z6J","public_metrics":{"retweet_count":7,"reply_count":3,"like_count":45,"quote_count":0}},{"created_at":"2021-08-16T10:02:03.000Z","id":"1427209028791422977","text":"RT @JaneFerguson5: Unbelievable scenes at #KabulAirport as people literally cling to US military place taking off.","public_metrics":{"retweet_count":817,"reply_count":0,"like_count":0,"quote_count":0}},{"created_at":"2021-08-16T09:02:55.000Z","id":"1427194146150825989","text":"RT @trbrtc: In a last-ditch attempt to leave the country, three people held onto a departing U.S. Air Force C-17, a corroboration of local…","public_metrics":{"retweet_count":473,"reply_count":0,"like_count":0,"quote_count":0}},{"created_at":"2021-08-16T08:13:02.000Z","id":"1427181596193574916","text":"RT @tamaraqiblawi: Lebanon internet outages rapidly expanding in geographic scope. Main provider Ogero announces ‘temporary closures’ in th…","public_metrics":{"retweet_count":14,"reply_count":0,"like_count":0,"quote_count":0}},{"created_at":"2021-08-16T06:48:08.000Z","id":"1427160228961849345","text":"RT @DionNissenbaum: At least three people were killed this morning at Kabul’s international airport, where thousands of Afghans have swarme…","public_metrics":{"retweet_count":105,"reply_count":0,"like_count":0,"quote_count":0}},{"created_at":"2021-08-16T06:30:19.000Z","id":"1427155744588275713","text":"I've come to believe this as well (see also: the entire Middle East) https://t.co/bN8CQae4SC","public_metrics":{"retweet_count":22,"reply_count":6,"like_count":102,"quote_count":3}},{"created_at":"2021-08-16T05:52:42.000Z","id":"1427146279654727685","text":"RT @mattaikins: Thousands of people gathered outside Kabul’s airport, after hearing false rumors that planes were taking people to Canada w…","public_metrics":{"retweet_count":1084,"reply_count":0,"like_count":0,"quote_count":0}},{"created_at":"2021-08-16T05:29:19.000Z","id":"1427140393175506945","text":"Agree with this. Would add that America's reputation for \"policy competence\" wasn't exactly in great shape before this shambolic withdrawal. In the greater Middle East it's been years of what a computer scientist would call garbage in, garbage out https://t.co/CUsjdVrSac","public_metrics":{"retweet_count":7,"reply_count":2,"like_count":19,"quote_count":1}},{"created_at":"2021-08-16T04:56:15.000Z","id":"1427132070418161667","text":"\"We didn't fight a 20-year war in Afghanistan; we fought 20 incoherent wars, one year at a time... efforts to build and train large-scale conventional security forces have mostly been an aimless, ham-fisted acronym soup of trial and error.\" https://t.co/6JbRNu3IA1","public_metrics":{"retweet_count":28,"reply_count":0,"like_count":64,"quote_count":3}},{"created_at":"2021-08-16T04:44:24.000Z","id":"1427129088960049154","text":"\"Saigon on steroids.\" Harrowing story of the chaos at Kabul airport, where thousands of Afghans are trying desperately to get out of the country. Utter incompetence from the White House in how this policy was executed. https://t.co/AHZhQBrkSS","public_metrics":{"retweet_count":4,"reply_count":1,"like_count":21,"quote_count":1}}],"meta":{"oldest_id":"1427129088960049154","newest_id":"1431886222012596230","result_count":89}}