{"data":[{"created_at":"2021-09-29T16:13:48.000Z","id":"1443247648232837130","text":"@annmarie When you haven't really done the econ 101 reading but you're trying to wing it anyway","public_metrics":{"retweet_count":0,"reply_count":0,"like_count":0,"quote_count":0}},{"created_at":"2021-09-29T16:12:04.000Z","id":"1443247211932966921","text":"RT @JavierBlas: GAS MARKET: European natural gas closes at a fresh all-time high after rising &gt;10% today (both for UK NBP and Dutch TTF ben…","public_metrics":{"retweet_count":367,"reply_count":0,"like_count":0,"quote_count":0}},{"created_at":"2021-09-29T13:53:28.000Z","id":"1443212333254389761","text":"I think this tweet is sufficient evidence to obtain a RICO conviction https://t.co/ryRQpIygsy","public_metrics":{"retweet_count":3,"reply_count":2,"like_count":22,"quote_count":0}},{"created_at":"2021-09-29T12:28:47.000Z","id":"1443191023258189832","text":"After two months, Kais Saied finally appointed a prime minister. She is the first woman to hold the job in Tunisia. But it's unclear how much power she will actually have, and she's a political outsider (like Saied) at a time of crisis. https://t.co/T2vRc8yG92","public_metrics":{"retweet_count":8,"reply_count":0,"like_count":11,"quote_count":0}},{"created_at":"2021-09-29T08:14:58.000Z","id":"1443127148487790596","text":"\"Russia is back in the Middle East in a very splashy way, but the limitations on Russian power are also quite visible. The Kremlin's efforts are often aimed at... trying to fill vacuums on the cheap.\" https://t.co/dUSZ5YYJZN","public_metrics":{"retweet_count":10,"reply_count":0,"like_count":26,"quote_count":1}},{"created_at":"2021-09-29T06:25:02.000Z","id":"1443099481654894600","text":"Isolated country facing food, fuel and electricity shortages and eager for global recognition plans major investment in long-range rocket program https://t.co/1vcKHTUpQE","public_metrics":{"retweet_count":14,"reply_count":5,"like_count":38,"quote_count":0}},{"created_at":"2021-09-29T05:45:41.000Z","id":"1443089579112796160","text":"A dark bit of irony in this @AnshelPfeffer piece: with Netanyahu finally gone, Israel has relaxed its ferocious official opposition to the JCPOA—but it coincides with a change of mood in Tehran, where the government is now less eager to return to the deal. https://t.co/ewGIpJenpq","public_metrics":{"retweet_count":16,"reply_count":2,"like_count":25,"quote_count":1}},{"created_at":"2021-09-29T05:15:32.000Z","id":"1443081989469396994","text":"Can't believe this absurd process is still shambling along https://t.co/2kyp2cbH6m","public_metrics":{"retweet_count":24,"reply_count":2,"like_count":68,"quote_count":5}},{"created_at":"2021-09-29T05:02:16.000Z","id":"1443078652628021254","text":"\"The reality is a contest dominated by heavily armed groups which control state bodies and resources... the vote's aftermath will set the tone for the coming years: whether armed groups turn their guns on each other or peacefully divide the spoils.\" https://t.co/QuCwNPvi1l","public_metrics":{"retweet_count":4,"reply_count":1,"like_count":6,"quote_count":0}},{"created_at":"2021-09-29T04:51:49.000Z","id":"1443076024527425541","text":"Strikes me as a very ahistorical take. Iran has felt this way for years (not without reason) and has acted accordingly. This isn't some new post-Afghanistan development as the article suggests https://t.co/MyNX366r9K","public_metrics":{"retweet_count":16,"reply_count":7,"like_count":56,"quote_count":1}},{"created_at":"2021-09-29T04:40:57.000Z","id":"1443073289614766086","text":"Seems more significant than all the back-and-forth about what the generals recommended and when: Milley says there probably never would have been a durable outcome. \"I think the end state probably would have been the same no matter when you [withdrew].\" https://t.co/p2S3ny5VQB","public_metrics":{"retweet_count":51,"reply_count":1,"like_count":113,"quote_count":5}},{"created_at":"2021-09-28T18:03:33.000Z","id":"1442912880093917191","text":"@CalebMelby This wasn't meant as a dig at you or the piece! But yes, you can work out it was Tahnoun: the indictment says Barrack praised official 2 in a televised interview on a particular date, and there's a Bloomberg interview from that date where he mentions Tahnoun by name","public_metrics":{"retweet_count":0,"reply_count":0,"like_count":0,"quote_count":0}},{"created_at":"2021-09-28T15:32:33.000Z","id":"1442874881138257927","text":"This is an excellent answer grounded in a foundational bit of civics that often gets lost and ignored in American political discourse https://t.co/C7vVmUYBAX","public_metrics":{"retweet_count":363,"reply_count":74,"like_count":1723,"quote_count":18}},{"created_at":"2021-09-28T10:58:28.000Z","id":"1442805906387910658","text":"RT @alexjrowell: More than a year later, people are still dying from the #Beirut port explosion that #Lebanon's rulers (Hizbullah above all…","public_metrics":{"retweet_count":6,"reply_count":0,"like_count":0,"quote_count":0}},{"created_at":"2021-09-28T07:55:05.000Z","id":"1442759757333504000","text":"This was clear from a close read of the Tom Barrack indictment: \"Emirati Officials 1 and 2\" were very obviously MbZ and Tahnoun, and number 5 was unmistakably Yousef al-Otaiba. https://t.co/t0WlkL5Dvq","public_metrics":{"retweet_count":16,"reply_count":2,"like_count":28,"quote_count":0}},{"created_at":"2021-09-28T05:47:35.000Z","id":"1442727669263634433","text":"\"The group behind this conference apparently believes that normalization with Israel trumps all other American interests in the wider Middle East and seems willing to jeopardize more urgent matters like the campaign against ISIS to promote its cause.\" https://t.co/ngGjaJ2k0F","public_metrics":{"retweet_count":5,"reply_count":3,"like_count":9,"quote_count":0}},{"created_at":"2021-09-28T04:51:26.000Z","id":"1442713539475644418","text":"Presumably when Mikati calls for a \"more realistic\" rescue plan what he means is \"a plan that's less fair but more acceptable to the banks which we will spin as being somehow an improvement\" https://t.co/SW7MUem0na","public_metrics":{"retweet_count":3,"reply_count":0,"like_count":20,"quote_count":0}},{"created_at":"2021-09-28T04:23:05.000Z","id":"1442706405165838341","text":"There's an anecdote in here about American soybean lobbyists getting paid to convince Afghan farmers to grow a crop that really wasn't feasible there, and it captures so much of what is broken in Washington https://t.co/ZgOdkD9xgY","public_metrics":{"retweet_count":318,"reply_count":44,"like_count":970,"quote_count":18}},{"created_at":"2021-09-28T03:51:31.000Z","id":"1442698461179154436","text":"\"A manoeuvre to stall for time\" is pretty much the central premise of Lebanon's whole political system. It's also what they've spent the past two years doing on the economic crisis, with predictably catastrophic results. https://t.co/P2uEeZfQiG","public_metrics":{"retweet_count":4,"reply_count":0,"like_count":12,"quote_count":0}},{"created_at":"2021-09-28T03:33:42.000Z","id":"1442693975262040064","text":"\"The real test of Saied's popularity will be whether he can address the economic misery that threw Tunisia into turmoil in the first place.\" And that will be hard to do in a hyper-centralized system led by a man who doesn't really have an economic policy. https://t.co/bF1kFKK891","public_metrics":{"retweet_count":4,"reply_count":1,"like_count":8,"quote_count":0}},{"created_at":"2021-09-27T13:41:18.000Z","id":"1442484495584620547","text":"I mean, I can think of one particular set of words that did https://t.co/mKuZAm2yoN","public_metrics":{"retweet_count":26,"reply_count":8,"like_count":162,"quote_count":1}},{"created_at":"2021-09-27T12:41:31.000Z","id":"1442469451345977346","text":"@aronlund Said's stylist definitely calls this look \"le pouvoir\"","public_metrics":{"retweet_count":0,"reply_count":0,"like_count":3,"quote_count":0}},{"created_at":"2021-09-27T11:32:13.000Z","id":"1442452012528914443","text":"RT @lorienttoday: The Beirut port explosion probe has been suspended after Tarek Bitar was officially notified of a dismissal case against…","public_metrics":{"retweet_count":24,"reply_count":0,"like_count":0,"quote_count":0}},{"created_at":"2021-09-27T10:46:10.000Z","id":"1442440422199078912","text":"One of the frustrating things about covering the Middle East is the number of governments that say \"can't have bad economic indicators if we don't have any economic indicators\" https://t.co/cyOLo21epP","public_metrics":{"retweet_count":20,"reply_count":3,"like_count":68,"quote_count":2}},{"created_at":"2021-09-27T05:54:33.000Z","id":"1442367035116191747","text":"\"Energy markets are no stranger to periodic supply crunches, of course, but policymakers should pay heed to what's new about today's energy crises: climate change and the policies to curb it.\" https://t.co/ddcOV7gFMM","public_metrics":{"retweet_count":1,"reply_count":0,"like_count":5,"quote_count":0}},{"created_at":"2021-09-27T05:10:19.000Z","id":"1442355902481375235","text":"Unlike Saudi Arabia, doesn't seem to be any suggestion that this will be a temporary tax increase (although I doubt Saudi will drop back down to single-digit rates after the pandemic either) https://t.co/WMLxxCE4N5","public_metrics":{"retweet_count":0,"reply_count":1,"like_count":6,"quote_count":0}},{"created_at":"2021-09-26T09:54:12.000Z","id":"1442064955402973189","text":"Jake Sullivan is traveling to the Middle East this week, including a stop in Saudi Arabia, which would make him the highest-ranking official to visit the kingdom since Biden took office (also stopping in Egypt and the UAE). https://t.co/FMxjZsuacP","public_metrics":{"retweet_count":9,"reply_count":1,"like_count":16,"quote_count":2}},{"created_at":"2021-09-26T06:01:37.000Z","id":"1442006424205230082","text":"No one got the flu last winter. What does that mean for this year? Research suggests that mild flu seasons are often followed by more severe ones. https://t.co/HLZRi563lX","public_metrics":{"retweet_count":1,"reply_count":0,"like_count":16,"quote_count":0}},{"created_at":"2021-09-26T05:25:10.000Z","id":"1441997252898263040","text":"This is all quite surrealist, but it also gets at an interesting question of what happens to a guerrilla movement when its rank-and-file members are allowed to experience something other than austerity and constant war https://t.co/B3VrosA4ku","public_metrics":{"retweet_count":32,"reply_count":8,"like_count":162,"quote_count":5}},{"created_at":"2021-09-26T05:15:00.000Z","id":"1441994692162244608","text":"\"Official figures show that the number of marriages that take place every year in Iran has fallen by more than a third over the past decade, while the number of divorces has risen by a quarter.\" https://t.co/YdVl6ueTWu","public_metrics":{"retweet_count":3,"reply_count":0,"like_count":8,"quote_count":1}},{"created_at":"2021-09-26T04:58:37.000Z","id":"1441990569924780033","text":"Another way to frame this would be to say that the Palestinian Authority is in rough shape, in terms of both economics and public opinion, and that the party which benefits most from the PA's continued existence, Israel, wants to keep it intact. https://t.co/O4Nj4XztxD","public_metrics":{"retweet_count":27,"reply_count":1,"like_count":76,"quote_count":0}},{"created_at":"2021-09-26T04:31:19.000Z","id":"1441983701966012417","text":"You know your negotiations are going swimmingly when your diplomats are publicly litigating the definition of the word \"soon\" https://t.co/b5FcHPz7ZX","public_metrics":{"retweet_count":20,"reply_count":5,"like_count":64,"quote_count":1}},{"created_at":"2021-09-25T07:05:50.000Z","id":"1441660199241142273","text":"This all sounds correct. Qatar's diplomacy may yet backfire (as usual), the UAE is hedging its bets (as usual) and Saudi Arabia is frustrated with the White House (as usual). https://t.co/67BRC7cX56","public_metrics":{"retweet_count":3,"reply_count":1,"like_count":25,"quote_count":1}},{"created_at":"2021-09-25T05:46:12.000Z","id":"1441640156872675336","text":"Assume when Mahmoud Abbas says \"you have one year or there will be consequences\" he's using the same calendar that has allowed his four-year term in office to last for 16 (and counting) https://t.co/hDmE0mvE58","public_metrics":{"retweet_count":16,"reply_count":2,"like_count":98,"quote_count":1}},{"created_at":"2021-09-24T14:22:12.000Z","id":"1441407625506086916","text":"Lovely apocalyptic sandstorm views in Dubai this evening https://t.co/4kbGoTpkdc","public_metrics":{"retweet_count":25,"reply_count":12,"like_count":200,"quote_count":3}},{"created_at":"2021-09-24T07:38:03.000Z","id":"1441305917157376004","text":"Not following the science: \"By announcing the need for booster shots before the FDA approved them, the administration signalled, probably unintentionally, that the current regimen is no longer effective for everyone.\" https://t.co/72NQyxPDNo","public_metrics":{"retweet_count":1,"reply_count":0,"like_count":2,"quote_count":0}},{"created_at":"2021-09-24T07:32:35.000Z","id":"1441304541928902660","text":"The first data on how Saudi Arabia's new Gulf trade rules affected business: imports from the UAE fell by 33% month-on-month in July, \"by far the sharpest decline this year.\" https://t.co/988Fccq9F9","public_metrics":{"retweet_count":2,"reply_count":2,"like_count":3,"quote_count":1}},{"created_at":"2021-09-24T06:43:20.000Z","id":"1441292147093766149","text":"French Initiative II: Electoral Boogaloo https://t.co/BVXjqVtX0U","public_metrics":{"retweet_count":2,"reply_count":1,"like_count":5,"quote_count":0}},{"created_at":"2021-09-24T06:33:19.000Z","id":"1441289627214647306","text":"The energy crisis in Lebanon underscores the fecklessness of America's sanctions-first approach to the Middle East: they've already been ineffective at changing the behavior of regimes, and it will be ever harder to even enforce them consistently. https://t.co/ktt8ICiMWa","public_metrics":{"retweet_count":12,"reply_count":0,"like_count":29,"quote_count":0}},{"created_at":"2021-09-24T05:49:59.000Z","id":"1441278722787745792","text":"Awful story on the only suicide hotline in a country falling apart. The phones don't stop ringing; almost one in six callers are now children. And the crisis means many psychiatrists have emigrated, while antidepressants are impossible to find. https://t.co/ZkdRkv4nvH","public_metrics":{"retweet_count":77,"reply_count":3,"like_count":112,"quote_count":8}},{"created_at":"2021-09-24T05:34:39.000Z","id":"1441274861599350788","text":"It's absurd that the narrative around this became \"if Congress doesn't fork over $1bn, Israel won't have Iron Dome and people will die\" when the reality is \"Israel will just have to pay for its own interceptors.\" https://t.co/92ZCHLR9DL","public_metrics":{"retweet_count":48,"reply_count":8,"like_count":138,"quote_count":1}},{"created_at":"2021-09-23T13:24:57.000Z","id":"1441030827824107526","text":"Surreal headline in light of the fact that many people are already receiving just two hours of electricity a day https://t.co/wwL1mI2X4D","public_metrics":{"retweet_count":9,"reply_count":6,"like_count":33,"quote_count":1}},{"created_at":"2021-09-23T13:19:43.000Z","id":"1441029512993644548","text":"@JudahAriGross Yes, might as well just dump the money from a helicopter over Lockheed HQ","public_metrics":{"retweet_count":1,"reply_count":1,"like_count":0,"quote_count":0}},{"created_at":"2021-09-23T13:08:43.000Z","id":"1441026745679982596","text":"\"Israel is a financial powerhouse with a GDP that compares with Western European countries, and yet the total sum of US money earmarked for Israeli arms is higher than ever. Why does it still exist? Good question.\" https://t.co/yUSxKeAI3K","public_metrics":{"retweet_count":6,"reply_count":3,"like_count":22,"quote_count":0}},{"created_at":"2021-09-23T12:42:11.000Z","id":"1441020066972278785","text":"Erdonomics in action: Turkey's benchmark interest rate was already lower than inflation, meaning the real interest rate was negative. The central bank just announced a rate cut anyway. The lira responded as you'd expect. https://t.co/tZNnlJapTT","public_metrics":{"retweet_count":1,"reply_count":1,"like_count":6,"quote_count":0}},{"created_at":"2021-09-23T12:13:52.000Z","id":"1441012940715479045","text":"@KhattabAsser You win Twitter for the week","public_metrics":{"retweet_count":0,"reply_count":0,"like_count":2,"quote_count":0}},{"created_at":"2021-09-23T07:27:41.000Z","id":"1440940920673800194","text":"This has always been true. Iran is not going to negotiate away its regional policy in Vienna. The idea that it might is a fantasy that's often been promoted by people looking to insert a poison pill into the nuclear talks. https://t.co/6k7QIKZE3I","public_metrics":{"retweet_count":7,"reply_count":7,"like_count":39,"quote_count":3}},{"created_at":"2021-09-23T06:40:28.000Z","id":"1440929036683956226","text":"RT @emad_badi: #Haftar has appointed his Chief of Staff Nadhuri as General Commander of the #LAAF - taking a leave until 24th of December i…","public_metrics":{"retweet_count":17,"reply_count":0,"like_count":0,"quote_count":0}},{"created_at":"2021-09-23T06:12:40.000Z","id":"1440922042799362049","text":"Half a tank of gas (20 liters) in Lebanon now costs about 30% of the monthly minimum wage. https://t.co/13WXDXtyfq","public_metrics":{"retweet_count":3,"reply_count":1,"like_count":13,"quote_count":3}},{"created_at":"2021-09-23T06:02:26.000Z","id":"1440919465399574529","text":"Area constitutional-law professor says he can ignore parts of the constitution, or: l'etat, c'est moi https://t.co/TNBKkbqvgD","public_metrics":{"retweet_count":1,"reply_count":1,"like_count":1,"quote_count":0}},{"created_at":"2021-09-23T05:55:08.000Z","id":"1440917628143407107","text":"Good read by @ChloeNCornish on how Moqtada al-Sadr is hoping to seize the moment in Iraq's elections next month, and how he could fail: his party once posed as reformist, but that image is in tatters. https://t.co/ctQxX7jwdD","public_metrics":{"retweet_count":3,"reply_count":0,"like_count":14,"quote_count":0}},{"created_at":"2021-09-23T05:30:51.000Z","id":"1440911519244558344","text":"There's a good underlying point here about how both interventionists and restrainers overstate American influence in the Middle East—sometimes for ideological reasons, other times out of analytical laziness—and discount local agency and self-interest. https://t.co/AAsCFeZXGn","public_metrics":{"retweet_count":11,"reply_count":3,"like_count":63,"quote_count":4}},{"created_at":"2021-09-23T05:19:28.000Z","id":"1440908651913416704","text":"Mass exodus: Passport applications in Lebanon are up 50% compared to previous years, and the government has issued a record 6,000 passports each working day since mid-June. https://t.co/89ztQTohJg","public_metrics":{"retweet_count":30,"reply_count":2,"like_count":42,"quote_count":1}},{"created_at":"2021-09-23T05:07:14.000Z","id":"1440905576146419713","text":"America is \"not at war,\" as Biden told the United Nations, provided you ignore the several thousand troops deployed across Iraq and Syria, the special-operations forces in Somalia and Yemen and the plans for \"over-the-horizon\" strikes in Afghanistan. https://t.co/VFyGY2ACn6","public_metrics":{"retweet_count":6,"reply_count":4,"like_count":14,"quote_count":0}},{"created_at":"2021-09-22T09:38:00.000Z","id":"1440611326414372870","text":"Lebanon now has the highest rate of inflation in the world, surpassing Zimbabwe and Venezuela, according to @business. The consumer-price index was 138% in August. https://t.co/Zk9KYWpQrv","public_metrics":{"retweet_count":83,"reply_count":17,"like_count":134,"quote_count":16}},{"created_at":"2021-09-22T08:20:31.000Z","id":"1440591828579864579","text":"Guess he had a lucrative stint in government: \"One person close to the situation said the group's decision to invest was influenced by Saudi Arabia's PIF, the state fund administered by MbS... most of the backing came from Middle Eastern investors.\" https://t.co/syNzjCFyJl","public_metrics":{"retweet_count":9,"reply_count":3,"like_count":8,"quote_count":2}},{"created_at":"2021-09-22T07:08:53.000Z","id":"1440573802430164992","text":"This is often being badly framed as money to \"replenish\" the Iron Dome system. $1bn is a huge sum, on top of amounts that Congress has already authorized for Iron Dome, and it goes far beyond the cost of replacing some used interceptors. https://t.co/GeLPlzJCre","public_metrics":{"retweet_count":2,"reply_count":0,"like_count":7,"quote_count":1}},{"created_at":"2021-09-22T06:55:41.000Z","id":"1440570481472536583","text":"\"For decades, the Tunisian army has been mostly apolitical. However, its actions in July are now causing concern.\" https://t.co/rP1gNqiiVi","public_metrics":{"retweet_count":6,"reply_count":0,"like_count":13,"quote_count":0}},{"created_at":"2021-09-22T05:57:16.000Z","id":"1440555779677773836","text":"\"Turkey has sent more troops to northwestern Syria as it prepares for a critical meeting with the leaders of Russia and Iran next week, signaling its determination to carry on blocking an assault on one of the Syrian war's last front lines.\" https://t.co/8OL0LEcIxD","public_metrics":{"retweet_count":1,"reply_count":0,"like_count":7,"quote_count":1}},{"created_at":"2021-09-22T05:41:40.000Z","id":"1440551853729607689","text":"Despite the first shipment from the convoluted fuel-swap deal with Iraq, improvement to Lebanon's electric supply is \"still weeks away.\" And the Iraqi fuel will probably add just six or seven hours of power a day to the state grid. https://t.co/RDaQsUt2vD","public_metrics":{"retweet_count":1,"reply_count":0,"like_count":4,"quote_count":0}},{"created_at":"2021-09-22T05:13:36.000Z","id":"1440544791104610304","text":"Very impressive effort here by Mahmoud Abbas. Last year only two-thirds of Palestinians wanted him to resign. But with a lot of hard work he's managed to bump that number up to 80%. https://t.co/ILW7Vv8jHW","public_metrics":{"retweet_count":59,"reply_count":13,"like_count":247,"quote_count":4}},{"created_at":"2021-09-21T11:30:51.000Z","id":"1440277341003870211","text":"It's sort of been shelved and forgotten amidst the omnishambles of the past 18 months, but Lebanon still has a sovereign default to sort out, along with all its other problems. https://t.co/kiy44AmGQ0","public_metrics":{"retweet_count":15,"reply_count":0,"like_count":36,"quote_count":1}},{"created_at":"2021-09-21T09:31:18.000Z","id":"1440247255303294978","text":"RT @dkhalifa: The latest rounds of negotiations in #Daraa have been a clear case of mismatch between what Damascus wanted and the political…","public_metrics":{"retweet_count":1,"reply_count":0,"like_count":0,"quote_count":0}},{"created_at":"2021-09-21T09:27:21.000Z","id":"1440246261592977425","text":"\"We were never at war with Eurasia\" https://t.co/C6En1o4u2L","public_metrics":{"retweet_count":2,"reply_count":0,"like_count":2,"quote_count":0}},{"created_at":"2021-09-21T08:55:45.000Z","id":"1440238306873131014","text":"@tom_nuttall There's a very well-worn snooze button on the EU foreign-policy alarm clock","public_metrics":{"retweet_count":0,"reply_count":0,"like_count":17,"quote_count":0}},{"created_at":"2021-09-21T08:21:41.000Z","id":"1440229733061386243","text":"\"Raisi did not mention Supreme Leader Ayatollah Ali Khamenei's ban on most British and US vaccines, which appears to have been quietly reversed since the new president took office.\" https://t.co/RI2XqgGM1K","public_metrics":{"retweet_count":4,"reply_count":1,"like_count":3,"quote_count":0}},{"created_at":"2021-09-21T06:44:15.000Z","id":"1440205214129131520","text":"This all sounds familiar: \"Saied spoke in aggressive tones, repeatedly referring to 'traitors' who had 'sold out' the country, and alleging foreign interference as well as a plot to assassinate him.\" https://t.co/Y0Z5tSC7yB","public_metrics":{"retweet_count":3,"reply_count":3,"like_count":3,"quote_count":0}},{"created_at":"2021-09-21T06:26:58.000Z","id":"1440200866342989829","text":"Lovely piece by @VivianHYee on the antique elevators of Cairo, charming and terrifying in equal measure and somehow still in operation (well, kind of) almost a century later. https://t.co/Moi2wbThdo","public_metrics":{"retweet_count":28,"reply_count":5,"like_count":93,"quote_count":3}},{"created_at":"2021-09-21T06:23:02.000Z","id":"1440199876466204678","text":"RT @amirahoweidy: General Hussein Tantawi, Egypt's former minister of defense died this morning. As SCAF chairman during the 2011 uprising,…","public_metrics":{"retweet_count":26,"reply_count":0,"like_count":0,"quote_count":0}},{"created_at":"2021-09-21T04:57:38.000Z","id":"1440178383564931076","text":"Darkly funny line in here about how Mikati is hoping for a thaw with the Gulf states because \"unlike his predecessor Saad Hariri, he is not persona non grata.\" Talk about setting a low bar. (Also, there's no thaw in the offing, at least not anytime soon.) https://t.co/pXOxyBHcvm","public_metrics":{"retweet_count":8,"reply_count":1,"like_count":8,"quote_count":0}},{"created_at":"2021-09-20T14:34:28.000Z","id":"1439961159415836675","text":"Does the ban still apply to French visitors if they arrive via submarine https://t.co/jekB5i3KSJ","public_metrics":{"retweet_count":7,"reply_count":2,"like_count":62,"quote_count":1}},{"created_at":"2021-09-20T11:18:06.000Z","id":"1439911742981672966","text":"RT @ChloeNCornish: More evidence that remittances are keeping Lebanon alive:\n\n$6.3bn sent to Lebanon by expats in 2020, according to the se…","public_metrics":{"retweet_count":36,"reply_count":0,"like_count":0,"quote_count":0}},{"created_at":"2021-09-20T07:09:07.000Z","id":"1439849085381586944","text":"\"Nearly every major militia has a presence in Karbala. The protest movement there has largely gone underground, battered by threats, arrests and killings of its leaders.\" https://t.co/bE1iy2iz9i","public_metrics":{"retweet_count":4,"reply_count":0,"like_count":7,"quote_count":0}},{"created_at":"2021-09-20T05:45:00.000Z","id":"1439827914674085888","text":"Dire statistics on Lebanon's health sector, per the @WHO: almost 40% of doctors and 30% of nurses have left the country, and between the brain drain and shortages of basic supplies, hospitals are running at half capacity. https://t.co/UXcTKaNPIK","public_metrics":{"retweet_count":36,"reply_count":8,"like_count":61,"quote_count":0}},{"created_at":"2021-09-20T05:29:49.000Z","id":"1439824093440774146","text":"Since Raisi took power, covid-19 vaccines are suddenly much more widely available in Iran: 16.3% of people are now fully jabbed, up from just 3.3% when Rouhani left office. https://t.co/YArg35GBuR","public_metrics":{"retweet_count":22,"reply_count":3,"like_count":47,"quote_count":1}},{"created_at":"2021-09-18T04:42:21.000Z","id":"1439087375678910469","text":"Too early to say what this means for his chances in the next election https://t.co/IVSf0xLjHt","public_metrics":{"retweet_count":64,"reply_count":15,"like_count":418,"quote_count":4}},{"created_at":"2021-09-17T11:15:23.000Z","id":"1438823895851753473","text":"RT @sewella: I think the second point is very important. When the ministry last set fuel prices, the dollar was at around LL19,000, whereas…","public_metrics":{"retweet_count":5,"reply_count":0,"like_count":0,"quote_count":0}},{"created_at":"2021-09-17T06:14:48.000Z","id":"1438748250140516357","text":"There's been a recent rush of regional diplomacy in the Middle East. Everyone enters these talks in a position of some weakness: a dialogue of autocrats, keen to preserve their grip on power by lowering tensions and boosting their economies. https://t.co/8tnrtXhow1","public_metrics":{"retweet_count":30,"reply_count":3,"like_count":66,"quote_count":2}},{"created_at":"2021-09-17T05:32:54.000Z","id":"1438737708801826817","text":"These are all inconsequential tweaks in a country that, as @hossambahgat says, is \"mired in a deep human-rights crisis.\" The Biden administration is pretending to get tough on Egypt, and the Sisi regime is pretending to take it seriously. https://t.co/PPVbE5VmUo","public_metrics":{"retweet_count":3,"reply_count":0,"like_count":6,"quote_count":0}},{"created_at":"2021-09-17T05:20:18.000Z","id":"1438734534250483713","text":"A summary of Islamists in North Africa over the past decade: \"By compromising with economic elites and accepting the status quo, they failed economically, and by compromising with other parties and on policy, they failed ideologically.\" https://t.co/gVxWXOIMOa","public_metrics":{"retweet_count":3,"reply_count":0,"like_count":12,"quote_count":0}},{"created_at":"2021-09-17T05:11:17.000Z","id":"1438732268072222727","text":"@FidaKfida Yes, some truth to that. To be honest I don't think either European sanctions or European \"pressure\" will do much to shift Lebanese politicians","public_metrics":{"retweet_count":0,"reply_count":1,"like_count":0,"quote_count":0}},{"created_at":"2021-09-17T05:04:11.000Z","id":"1438730479201624067","text":"The EU effort to impose sanctions on Lebanese politicians is moving almost as slowly and half-heartedly as Saad Hariri's effort to form a government did https://t.co/5YSKr2dDE6","public_metrics":{"retweet_count":1,"reply_count":2,"like_count":23,"quote_count":1}},{"created_at":"2021-09-16T08:19:51.000Z","id":"1438417334775975939","text":"RT @ghoshworld: My latest: Claiming to punish #Egypt for human-rights violations, Biden slaps Sisi with a wet noodle\n\nhttps://t.co/F3BSfr4b…","public_metrics":{"retweet_count":3,"reply_count":0,"like_count":0,"quote_count":0}},{"created_at":"2021-09-16T08:15:41.000Z","id":"1438416283658297345","text":"Perhaps he could reflect on what went wrong from somewhere other than a taxpayer-funded office at the State Department? https://t.co/qjvD0mvLQu","public_metrics":{"retweet_count":4,"reply_count":1,"like_count":42,"quote_count":1}},{"created_at":"2021-09-16T05:20:00.000Z","id":"1438372073714470913","text":"\"The most generous academic estimate... found that, at best, sanctions lead to concessions between one-third and one-half of the time. A 2019 GAO study concluded that not even the federal government was necessarily aware when sanctions were working.\" https://t.co/erJfhcr1ve","public_metrics":{"retweet_count":2,"reply_count":2,"like_count":9,"quote_count":0}},{"created_at":"2021-09-16T05:20:00.000Z","id":"1438372071684415494","text":"Good read by @dandrezner on America's addiction to sanctions. They usually don't work and they have all sorts of downsides that policymakers choose to ignore. They've become a lazy box-ticking tool that lets officials act like they're \"doing something.\" https://t.co/erJfhcr1ve","public_metrics":{"retweet_count":9,"reply_count":2,"like_count":21,"quote_count":0}}],"meta":{"oldest_id":"1438372071684415494","newest_id":"1443247648232837130","result_count":86}}