,,,,,,,,Market Fundamentals,,,,,,,,,,,,,,,,,,,,,,,,Psychology w/ Fundamentals,,,,,,,,,,,,,,,,,Pure Psychology,,,,,,,Technical Trading,,,
Date,Dow,SP500,NASDAQ,Bonds,Crypto,Exchange,Oil,Benchmark Valuation,Central Bank Communication,Company Variables,Currency Markets,Dividends or Earnings,Financial Institutions,Geopolitical Issues,Government or Fiscal,Housing,Inflation Rates,Interest Rates,International Trade,Macroeconomic Activity,Supply Chain,Oil/Energy,Rest of World,Sales,,Net Fundamentals,Positive Fnd,Negative Fnd,Total Fundamentals,,Psych w/ funds,Psych w/ Benchmark Valuation,Psych w/ Central Bank,Psych w/ Company Variables,Psych w/ Currency Markets,Psych w/ Dividends or Earnings,Psych w/ Financial Institutions,Psych w/ Geopolitical Issues,Psych w/ Government or Fiscal,Psych w/ Housing,Psych w/ Inflation Rates,Psych w/ Interest Rates,Psych w/ International Trade,Psych w/ Macroeconomic Activity,Psych w/ Supply Chain,Psych w/ Oil/Energy,Psych w/ Rest of World,Psych w/ Covid,Pure Psychology,,Net Psych,Positive Psych,Negative Psych,Total Psychology,,Momentum,Non-momentum,KU Factors,Title
08/02/2021,,,,-1,,,-1,,-1,1,,,,,,,,,,-1,-1,-1,1,,-2,-2,,-2,6,1,,,,,,,,,,,,,,-1,,,,,,-1,-1,,-1,1,1,1,0,1,Stocks Fall as Yields Dip on Growth Concerns: Markets Wrap
08/03/2021,1,1,1,,0,1,-1,,0,1,,1,,,,,,,,,,-1,1,,2,2,2,,5,5,,,,,,,,,,,,,,,,,,,,0,,,,0,,,,,"Stocks Rise as Earnings Offset Virus, Oil Concerns: Markets Wrap"
08/04/2021,-1,-1,1,,1,-1,-1,,-1,,,,,,,,,,,-1,,-1,,,-3,-3,,-3,3,3,,,,,,1,,,,,,,,0 (= -1 + 1),,,,,,1,1,1,,1,1,,,,U.S. Stocks Slip as Economic Growth Worries Mount: Markets Wrap
08/05/2021,1,1,1,1,1,,1,,,1,,1,,,,,,,,1,,1,1,,5,5,5,,5,5,,,,,,,,,,,,,,,,,,,,0,,,,0,,,,,Stocks Gain as Earnings Outweigh Virus Concerns: Markets Wrap
08/06/2021,1,1,-1,1,1,-1,-1,,1,,,,,,,,,,,1,,-1,,,1,1,1,,3,3,,,,,,,,,,,,,,,,,,,,0,,,,0,,,,1,"Stocks, Treasury Yields Rise on Robust Jobs Report: Markets Wrap"
08/09/2021,-1,,1,1,1,-1,-1,,-1,,,,,,,,,,,-1,,-1,,,-3,-3,,-3,3,3,,,-1,,,,,,,,,,,-1,,,,,,-2,-2,,-2,2,2,,,1,"U.S. Stocks Decline Amid Stimulus, Virus Concern: Markets Wrap"
08/10/2021,1,1,-1,1,,-1,1,,0,,,,,,,,,,,-1,,1,,,0,,,,3,3,,,-1,,,,,,,,,,,-1,,1,,-1,,-2,-2,,-2,4,4,,,1,Tech Drop Exposes Doubts in U.S. Growth Optimism: Markets Wrap
08/11/2021,1,1,-1,-1,1,1,1,,0,,,,,,,,1,,,,,1,,,2,2,2,,3,3,,,1,,,,,,,,1,,,,,,,,,2,2,2,,2,2,,,,"Stocks, Bonds Rise as Taper Debate Takes Spotlight: Markets Wrap"
08/12/2021,,1,1,1,,,-1,0,,1,,,,,,,,,,1,,,,,2,2,2,,3,3,,,,,,,,,,,,,,,,,,,,0,,,,0,,,,,Stocks Set Another Record as Trading Range Narrows: Markets Wrap
08/13/2021,,1,1,-1,,1,-1,-1,,,,,,,,,,,,,,-1,,,-2,-2,,-2,2,2,,,,,,,,,,,,,,,,-1,,-1,-1,-3,-3,,-3,3,3,1,,,Stocks Grind to Another Record High; Yields Fall: Markets Wrap
08/16/2021,1,1,,-1,,-1,-1,,,1,,,,,,,,,,-1,,,,,0,,,,2,2,,,,,,,,,,,,,,,,,,,,0,,,,0,,,,,"S&P 500 Extends Gain, Doubles From Pandemic Bottom: Markets Wrap"
08/17/2021,-1,-1,-1,,,-1,-1,,-1,-1,,,,,,,,,,-1,-1,,-1,-1,-6,-6,,-6,6,6,,,,,,,,,,,,,,-1,-1,,-1,-1,,-4,-4,,-4,4,4,0,,1,Stocks Suffer Worst Drop in a Month; Dollar Climbs: Markets Wrap
08/18/2021,-1,-1,-1,,,,-1,,-1,,,,,,,,,,,,,-1,,,-2,-2,,-2,2,2,,,,,,,,,,,,,,,,,,,,0,,,,0,,-1,,1,"Stocks Slump, Bonds Waver With Fed Taper in Focus: Markets Wrap"
08/19/2021,-1,1,1,-1,,-1,-1,,0,0,,,,,,,,,,,0,,-1,,-1,-1,,-1,4,4,,,-1,,,,,,,,,,,,-1,,,-1,,-3,-3,,-3,3,3,,,1,Stocks in Choppy Trading Ahead of Big Options Day: Markets Wrap
08/20/2021,1,1,1,,1,,-1,,0,1,,,,,,,,,,,0,,,,1,1,1,,3,3,,,1,,,,,,,,,,,,,,,,,1,1,1,,1,1,,,,Stock Traders Buy the Dip at End of Jittery Week: Markets Wrap
08/23/2021,1,1,1,,,1,1,,0,,,,,,,,,,,-1,,1,,,0,,,,3,3,,,,,,,,,,,,,,,,,,,1,1,1,1,,1,1,,,1,"U.S. Stocks Rise Amid Recovery Bets, FDA Approval: Markets Wrap"
08/24/2021,,1,1,1,,,1,,,1,,,,,,,,,,1,,1,0,,3,3,3,,4,4,,,,,,,,,,,,,,1,,,1,,,2,2,2,,2,2,1,,1,U.S. Stocks Top Record as Strong Earnings Continue: Markets Wrap
08/25/2021,1,1,,1,,1,1,,1,1,,1,,,,,,,,,,1,,,4,4,4,,4,4,,,,,,,,,,,,,,,,,,1,1,2,2,2,,2,2,1,,,Stocks Extend Gain as ‘Not That Many Bears Left’: Markets Wrap
08/26/2021,-1,-1,-1,,-1,-1,-1,,,,,,,,,,,,,-1,,-1,-1,,-3,-3,,-3,3,3,,,,,,,,,,,,,,,,,-1,-1,-1,-3,-3,,-3,3,3,,,1,"U.S. Stocks Fall on Kabul Blasts, Hawkish Fed View: Markets Wrap"
08/27/2021,1,1,1,-1,1,1,1,,1,,,,,,,,,1,,1,,,,,3,3,3,,3,3,,,1,,,,,,,,,,,,,,,,,1,1,1,,1,1,,,1,U.S. Stocks Rise on Powell’s Dovish Taper Tone: Markets Wrap
08/30/2021,-1,1,1,-1,,,1,,,1,,,,,,,,,,,,,,,1,1,1,,1,1,,,,,,,,,,,,,,,,,,,,0,,,,0,,,1,1,Big Tech Drives S&P 500 to 12th Record in August: Markets Wrap
08/31/2021,-1,-1,-1,1,,,-1,0,1,,,1,,,,,,,,,,,,,2,2,2,,3,3,,,,,,,,,-1,,,,,,,,,-1,-1,-3,-3,,-3,3,3,,,1,Stocks Drop With Valuation Near Highest Since 2000: Markets Wrap
,,,,,,,,,,,,,,,,,,,,,,,,,,19,11,8,,22,,,,,,,,,,,,,,,,,,,,,15,7,8,,15,,,13,
09/01/2021,-1,,1,-1,1,1,-1,,,,,,,,,,,,,-1,,,1,,0,,,,2,2,,,,,,,,,,,,,,,,,,,,0,,,,0,,1,,1,Megacaps Hit All-Time High in Defensive Stock Tilt: Markets Wrap
09/02/2021,1,1,,,1,1,1,,,,,,,,,,,,,1,,,-1,,0,,,,2,2,,,,,,,,,,,,,,,,,,,,0,,,,0,,,,,Cyclicals Beat Tech in Run-Up to Key Jobs Report: Markets Wrap
09/03/2021,-1,,1,1,1,1,-1,,,,,,,,-1,,,,,-1,,,,,-2,-2,,-2,2,2,,,,,,,,,,,,,,-1,,,,,,-1,-1,,-1,1,1,,,1,Traders Weigh Fed Timeline After Weak Jobs Report: Markets Wrap
09/07/2021,-1,-1,1,1,-1,-1,-1,,,,,,,,,,,,,-1,,,1,,0,,,,2,2,,,,,,,,,,,,,,-1,,,1,,-1,-1,-1,,-1,3,3,1,,,U.S. Stocks Drop Amid Concern Recovery Has Peaked: Markets Wrap
09/08/2021,-1,-1,-1,-1,-1,-1,1,,,,,,,,,,,,,-1,,,,,-1,-1,,-1,1,1,,,,,,,,,,,,,,-1,,,,,,-1,-1,,-1,1,1,-1,,1,"U.S. Stocks Extend Drop on Growth, Valuation Risks: Markets Wrap"
09/09/2021,-1,-1,-1,-1,,1,-1,,,,,,,,,,,,,-1,,,-1,,-2,-2,,-2,2,2,,,,,,,,,,,,,,-1,,,,,,-1,-1,,-1,1,1,,,1,U.S. Stocks Drop With Worries Mounting Over Growth: Markets Wrap
09/10/2021,-1,-1,-1,1,,-1,1,,,-1,,,,,,,-1,,,-1,,1,1,,-1,-1,,-1,5,5,,,,,,,,,-1,,,,,-1,,,,,,-2,-2,,-2,2,2,1,,1,Stocks Decline Amid Mixed Messages on Recovery: Markets Wrap
09/13/2021,1,1,,-1,,,1,,,-1,,,,,,,,,,,,1,1,,1,1,1,,3,3,,,,,,,,,,,,,,,,,,,,0,,,,0,,-1,,,U.S. Stocks Snap Slide Before CPI; Crude Oil Jumps: Markets Wrap
09/14/2021,-1,-1,-1,-1,,,,,,,,,,,,,-1,,,-1,,1,-1,,-2,-2,,-2,4,4,,,,,,,,,,,,,,,,,,,,0,,,,0,,-1,,,Treasuries Rally After CPI Seen Pushing Off Taper: Markets Wrap
09/15/2021,1,1,1,1,,1,1,,,,,,,,,,,,,,,1,-1,,0,,,,2,2,,,,,,,,,,,,,,1,,,,,,1,1,1,,1,1,,,,U.S. Stocks Gain the Most Since August; Oil Jumps: Markets Wrap
09/16/2021,-1,-1,,1,,-1,,,,,,,,1,,,,,,1,,,-1,,1,1,1,,3,3,,,,,,,,,,,,,,,,,,,,0,,,,0,,,,1,Stocks Drop as September Swoon Resumes; Bonds Fall: Markets Wrap
09/17/2021,-1,-1,-1,1,-1,-1,-1,,,,,,,,,,,,,-1,,-1,-1,,-3,-3,,-3,3,3,,,,,,,,,,,,,,-1,,,,,,-1,-1,,-1,1,1,,,,Stocks Fall the Most in a Month; Bond Yields Climb: Markets Wrap
09/20/2021,-1,-1,-1,-1,-1,,-1,,,-1,,,,,,,,-1,,-1,,-1,-1,,-5,-5,,-5,5,5,,,,,,,,,,,,-1,,-1,,,-1,,,-3,-3,,-3,3,3,,1,1,Stocks Pare Losses at Close as Dip Buyers Emerge: Markets Wrap
09/21/2021,-1,,1,1,-1,1,1,,-1,-1,,,,,,,,,,,,1,-1,,-2,-2,,-2,4,4,,,,,,,,,,,,,,,,,-1,,,-1,-1,,-1,1,1,,,,Stocks Fall After Dip Buying Wanes: Markets Wrap (Correct)
09/22/2021,1,1,1,-1,,-1,1,,1,-1,,,,,,,,1,,,,1,1,,3,3,3,,5,5,,,,,,,,,,,,,,,,,1,,,1,1,1,,1,1,,,1,"Stocks Gain, Treasuries Curve Flattens After Fed: Markets Wrap"
09/23/2021,1,1,1,1,,,1,,1,-1,,,,,,,,1,,1,,1,1,,4,4,4,,6,6,,,,,,,,,,,,,,1,,,,,,1,1,1,,1,1,1,,,Stocks Rally Amid Growth Optimism; Yields Surge: Markets Wrap
09/24/2021,,1,,1,-1,-1,1,,,,,,,,,,,,,,,,-1,,-1,-1,,-1,1,1,,,,,,,,,,,,,,,,,,,,0,,,,0,,,,1,Stocks Rise While China’s Crackdown Roils Crypto: Markets Wrap
09/27/2021,1,-1,-1,1,,-1,1,-1,,,,,,,,,,-1,,-1,,,,,-3,-3,,-3,3,3,,,,,,,,,,,,,,-1,,,,,,-1,-1,,-1,1,1,,,,Bond Yield Spike Spurs Growth-Into-Value Rotation: Markets Wrap
09/28/2021,-1,-1,-1,1,,-1,-1,,-1,,,,,,,1,,,,-1,,,,,-1,-1,,-1,3,3,,,,,,,,,,,,,,,,,,,,0,,,,0,,,,1,Stocks Tumble Most Since May on Debt-Ceiling Agita: Markets Wrap
09/29/2021,1,1,-1,-1,,-1,-1,,-1,-1,,,,,-1,1,-1,,,,,,,,-3,-3,,-3,5,5,,,1,,,,,,,,-1,,,,,,,,,0,,,,2,2,-1,,1,Tech Weighs on Equities While Dollar Extends Rally: Markets Wrap
,,,,,,,,,,,,,,,,,,,,,,,,,,16,4,12,,20,,,,,,,,,,,,,,,,,,,,,12,3,9,,13,,,11,
10/01/2021,1,1,1,-1,1,1,1,,,1,,,,,,,1,,,1,,,,,3,3,3,,3,3,,,,,,,,,,,0,,,1,,,,,,1,1,1,,2,2,1,,1,"Reopening Trade Roars Back, Fueling Stock Rally: Markets Wrap"
10/04/2021,-1,-1,-1,1,,1,1,,,,,,,,-1,,-1,,,-1,-1,1,,,-3,-3,,-3,5,5,,,,,,,,,,,-1,,,-1,,-1,,,,-3,-3,,-3,3,3,,,1,Nasdaq Falls 2% as Tech Selloff Batters Indexes: Markets Wrap
10/05/2021,1,1,1,1,1,-1,1,,0,,,,,,,,,,,1,,1,,,2,2,2,,3,3,,,,,,,,,,,,,,-1,,,,,1,0,,,,2,2,1,,,"Stocks Rebound, Treasuries Fall Ahead of Jobs Data: Markets Wrap"
10/06/2021,1,1,1,,1,-1,-1,,,,,,,,1,,0,,,1,,-1,,,1,1,1,,4,4,,,,,,,,,,,0,,,,,,,,,0,,,,1,1,,,,Stocks Rebound on Possible Debt Limit Extension: Markets Wrap
10/07/2021,1,1,1,1,,,1,,,,,,,,1,,,,,0,,1,0,,2,2,2,,4,4,,,,,,,,,,,,,,1,,,1,,,2,2,2,,2,2,1,,1,"U.S. Stocks Advance as Debt, Energy Worries Ease: Markets Wrap"
10/08/2021,,-1,-1,1,,,1,,,,,,,,,,,,,-1,,1,,,0,,,,2,2,,,,,,,,,,,,,,,,,,,,0,,,,0,,,,,"Stocks Fall, Yields Gain After U.S. Jobs Miss: Markets Wrap"
10/11/2021,-1,-1,-1,,1,-1,1,,,,,,0,,,,0,,,0,-1,1,,,0,,,,5,5,,,,,,,1,,,,,,,-1,,,,,,0,,,,2,2,1,,1,Stocks Close Near Session Lows While Crude Jumps: Markets Wrap
10/12/2021,-1,-1,-1,-1,,-1,,,,-1,,,,,,-1,-1,,,0,0,,-1,,-4,-4,,-4,6,6,,,,,,,,,,,-1,,,,-1,,,,,-2,-2,,-2,2,2,,,1,Stocks Drop Before Earnings Amid Inflation Worries: Markets Wrap
10/13/2021,,1,1,-1,,1,,1,0,,,,,,,,-1,,,,0,,,,0,,,,4,4,,,,,,,,,,,,,,,-1,,,,,-1,-1,,-1,1,1,,,1,Megacap Tech Rallies as 10-Year Bond Yield Drops: Markets Wrap
10/14/2021,1,1,1,-1,,-1,1,,,1,,,,,,,,,,1,,,,,2,2,2,,2,2,,,,,,,,,,,0,,,,0,,,,,0,,,,2,2,,,,Stocks Stage Rally as Earnings Season Kicks Off: Markets Wrap
10/15/2021,1,1,1,1,1,,1,,,1,,,,,,,,,,1,,1,,,3,3,3,,3,3,,,,,,,,,,,,,,,,,,,,0,,,,0,,1,,,Corporate America’s Strength Emboldens Stock Bulls: Markets Wrap
10/18/2021,-1,1,1,1,1,-1,,,0,,,,,,,,0,,,,,-1,0,,-1,-1,,-1,4,4,,,-1,,,,,,,,-1,,,,,,,,,-2,-2,,-2,2,2,,,1,U.S. Stocks Extend Rebound as Oil Pares Back Gains: Markets Wrap
10/19/2021,1,1,1,1,1,1,1,,0,1,,,,,,,,0,,1,,1,,,3,3,3,,5,5,,,,,,,,,,,,,,,,,,,,0,,,,0,,1,,,U.S. Stocks Rise on Earnings; Dollar Declines: Markets Wrap
10/20/2021,1,1,-1,1,1,1,1,,,,,1,,,1,,,,,1,0,1,,,4,4,4,,5,5,,,,,,,,,,,,,,,,,,,,0,,,,0,,1,,,S&P 500 Almost Tops Record Amid Recovery Bets: Markets Wrap
10/21/2021,,1,1,1,-1,-1,-1,,,,,,,,,,,,,1,,-1,,,0,,,,2,2,,,,,,,,,,,,,,,,,,,,0,,,,0,,,,1,Tech Dented by Earnings After S&P Record: Market Wrap (Correct)
10/22/2021,1,-1,-1,-1,-1,1,1,,-1,-1,,,,,,,-1,-1,,,-1,1,1,,-3,-3,,-3,7,7,,,,,,,,,,,-1,-1,,,-1,,,,,-3,-3,,-3,3,3,,,1,"Stocks Fall on Drag From Powell Comments, Tech Woe: Markets Wrap"
10/25/2021,1,1,1,,,-1,-1,,0,1,,1,,,,,0,,,,,-1,,,1,1,1,,5,5,,,0,,,,,,,,0,,,,,,,,,0,,,,2,2,,,1,Stocks Gain Before Earnings; Oil Drops From High: Markets Wrap
10/26/2021,,1,1,-1,,-1,1,,,1,,1,,,,,,,,,,,,,2,2,2,,2,2,,,,1,,,,,,,,,,,,,,,,1,1,1,,1,1,,,,Stocks Rise Amid Positive Early Earnings Results: Markets Wrap
10/27/2021,-1,-1,1,-1,-1,,-1,,,-1,,,,,,,,,,,,-1,-1,,-3,-3,,-3,3,3,,,,,,,,,,,,,,-1,,,,,,-1,-1,,-1,1,1,0,,,Stocks Drop as Growth Concern Lingers; Oil Falls: Markets Wrap
10/28/2021,1,1,1,1,,1,1,,,-1,,1,,,,,,,,0,,,,,0,,,,3,3,,,,,,1,,,,,,,,,,,,,,1,1,1,,1,1,,,,"Tech Shares Stumble After-Hours on Apple, Amazon: Markets Wrap"
10/29/2021,1,1,1,-1,1,-1,1,,,,,1,,,,,0,0,,,0,1,,,2,2,2,,5,5,,,,,,,,,,,0,0,,,,,,,,0,,,,2,2,,,,Stocks Gain as Traders Brush Off Big Tech Earnings: Markets Wrap
,,,,,,,,,,,,,,,,,,,,,,,,,,16,11,5,21,,,,,,,,,,,,,,,,,,,,,,10,4,6,,16,,,10,
11/01/2021,1,1,1,,,,1,,,,,1,,,,,,,,,-1,,,,0,,,,2,2,,,,,,,,,,,,,,,-1,,,,,-1,-1,,-1,1,1,1,,1,Stocks Close at All-Time High as Earnings Roll In: Markets Wrap
11/02/2021,1,1,1,-1,,-1,-1,,,1,,1,,,,,,1,,,-1,,,,2,2,2,,4,4,,,,,,,,,,,,1,,,,,,,,1,1,1,,1,1,1,,1,Earnings Fuel Stock Gains as Clock Ticks on Fed: Markets Wrap
11/03/2021,1,1,1,1,,1,-1,,1,,,,,,,,,,,1,,,,,2,2,2,,2,2,,,,,,,,,,,,,,,,,,,,0,,,,0,,1,1,1,"Stocks Hit Record, Bond Curve Steepens After Fed: Markets Wrap"
11/04/2021,,1,1,-1,,-1,-1,,,1,,,,,,,,0,,1,,,0,,2,2,2,,4,4,,,,,,,,,,,,,,,,,,,,0,,,,0,,,,,Nasdaq 100 Extends Rally as Treasury Yields Tumble: Markets Wrap
11/05/2021,1,1,1,-1,,1,1,,,1,,,,,,,0,,,1,,,,,2,2,2,,3,3,,,,,,,,,,,,,,,,,,,,0,,,,0,,,,1,Reopening Trade Fuels Stock Gains; Yields Tumble: Markets Wrap
11/08/2021,1,,-1,1,,1,1,,,1,,1,,,1,,,,,1,,-1,,,3,3,3,,5,5,,,,,,,,,,,,,,1,,,,,0,1,1,1,,2,2,1,,,Stocks Continue Streak of Gains; Treasuries Fall: Markets Wrap
11/09/2021,-1,-1,-1,-1,1,1,1,,,,,,,,,,0,-1,,,,1,0,,0,,,,4,4,,,,,,,,,,,,0,,,,,,,,0,,,,1,1,,,1,U.S. Stocks Snap Winning Streak; Treasuries Jump: Markets Wrap
11/10/2021,-1,-1,-1,1,-1,-1,-1,,,,,,,,,,-1,-1,,,,,,,-2,-2,,-2,2,2,,,,,,,,,,,-1,,,,,,,,,-1,-1,,-1,1,1,,,,U.S. Stocks Extend Slide; Bonds Fall on Auction: Markets Wrap
11/11/2021,-1,,1,,1,-1,-1,,,-1,,,,,,,-1,,,1,,,,,-1,-1,,-1,3,3,,,,,,,,,,,-1,,,,,,,,,-1,-1,,-1,1,1,,,1,Stocks Pare Rebound With Consumer Prices in Focus: Markets Wrap
11/12/2021,1,1,1,1,-1,1,-1,,,1,,,,,,,,,,,,-1,-1,,-1,-1,,-1,3,3,,,,,,,,,,,,,,-1,,,,,1,0,,,,2,2,1,,1,Stocks Gain as Tech Overcomes Inflation Worries: Markets Wrap
11/15/2021,,,,1,,,,,-1,0,,,,,,,,0,,,0,,0,,-1,-1,,-1,5,5,,,,,,,,,,,,,,,,,,,,0,,,,0,,,0,1,Stocks in Choppy Trading as Bond Yields Top 1.6%: Markets Wrap
11/16/2021,1,1,1,1,-1,-1,,1,-1,,,,,,0,,,,,1,,,,,1,1,1,,4,4,,,,,,,,,,,,,,,,,,,,0,,,,0,,,,,Stocks Climb After Solid Economic Data; Bonds Fall: Markets Wrap
11/17/2021,-1,-1,,-1,,1,-1,,,,,,,,,,-1,,,,,-1,,,-2,-2,,-2,2,2,,,,,,,,,,,-1,-1,,,,,,,,-2,-2,,-2,2,2,,,1,Stocks Drop as Inflation Angst Curbs Risk Appetite: Markets Wrap
11/18/2021,-1,1,1,-1,,1,1,,,1,,,,,,,,,,,,,,,1,1,1,,1,1,,,,,,,,,,,,,,,,,,,,0,,,,0,,,,1,Big Tech Drives S&P 500 to 66th Record This Year: Markets Wrap
11/19/2021,-1,-1,1,-1,,,-1,,-1,,,,,,,,,,,,-1,-1,-1,,-4,-4,,-4,4,4,,,,,,,,,,,,,,,,,-1,,,-1,-1,,-1,1,1,,,,Cyclicals Weigh on Stocks; Treasury Curve Flattens: Markets Wrap
11/22/2021,,-1,-1,1,,-1,1,,-1,-1,,,,,,,,,,,,1,,,-1,-1,,-1,3,3,,,-1,,,,,,,,,,,,,,,,,-1,-1,,-1,1,1,-1,,1,U.S. Stocks Sink Into Close on Rout in Tech Shares: Markets Wrap
11/23/2021,1,1,-1,1,,-1,1,,0,,-1,,,,,,,,,,-1,1,,,-1,-1,,-1,4,4,,,,,,,,,,,,,,,,,,,,0,,,,0,,,1,,Stocks Rise Amid Gains in Cyclicals; Techs Fall: Markets Wrap
11/24/2021,,1,1,-1,,-1,-1,,0,,-1,,,,,,,,,1,,-1,,,-1,-1,,-1,4,4,,,,,0,,,,,,,,,,,,-1,,,-1,-1,,-1,2,2,,,,U.S. Stocks Rise Post-Fed Minutes; Dollar Gains: Markets Wrap
11/26/2021,-1,-1,-1,-1,,1,-1,,,,,,,,,,,,,,,-1,-1,,-2,-2,,-2,2,2,,,,,,,,,,,,,,-1,,,-1,,-1,-3,-3,,-3,3,3,,,1,Stocks Sink With Oil on Virus Woes; Havens Rally: Markets Wrap
11/29/2021,1,1,1,1,,-1,1,,0,0,,,,,0,1,,,,0,,,,,1,1,1,,5,5,,,,,,,,,,,,,,,,,,,1,1,1,1,,1,1,,,1,Stocks Rally as Wall Street’s Covid Fears Ease: Markets Wrap
,,,,,,,,,,,,,,,,,,,,,,,,,,18,8,10,,20,,,,,,,,,,,,,,,,,,,,,11,3,8,,13,,,13,
83,70,75,74,70,35,64,76,6,34,38,2,12,1,1,9,4,19,13,0,49,16,47,33,1,,,,,17,85,0,0,10,1,1,2,1,0,2,0,14,6,0,24,7,3,11,7,11,,,,,19,60,28,6,47,0
,,,,,,,,,,,,,,,,,,,,,,,,,,,,,,,,,,,,,,,,,,,,,,,,,,,,,,,83,,,0.5662650602,
,,,,,,,,,,,,,,,,,,,,,,,,,,,,,,,,,,,,,,,,,,,,,,,,,,,,,,,,,,,
12/01/2021,-1,-1,-1,-1,,-1,-1,,-1,,,,,,,,,,,-1,,,0,,,,,,,,,,,,,,,,,,,,,,,,,,,,,,,,,,,,S&P 500 Has Worst Two-Day Rout Since October 2020: Markets Wrap
12/02/2021,1,1,1,1,,-1,1,,-1,,,,,,,,,,,0,,1,,,,,,,,,,,,,,,,,,,,,,,,,,,,,,,,,,,,,Dip Buyers Resurface in Dizzying Week for Stocks: Markets Wrap
12/03/2021,-1,-1,-1,-1,,,,,,-1,-1,,,,,,,,,-1,,,,,,,,,,,,,,,,,,,,,,,,,,,,,,,,,,,,,,,Megacap Tech Knocked Down Amid Wild Stock Swings: Markets Wrap
12/06/2021,1,1,1,1,,,1,,,,,,,,,,,,,1,,1,1,,,,,,,,,,,,,,,,,,,,,,,,1,,1,,,,,,,,,,Stocks Surge in Rebound After Volatile Week: Markets Wrap
12/07/2021,1,1,1,1,,-1,1,,,,,,,,,,,,0,0,-1,,1,,,,,,,,,,,,,,,,,,,,,1,,,1,,,,,,,,,1,,,Technology Leads Biggest Stock Rally Since March: Markets Wrap
12/08/2021,,1,1,1,,,1,,,1,,,,,,,,,,,,1,,,,,,,,,,,,,,,,,,,,,,,,,,,1,,,,,,,1,,,Stocks Resume Rally for Third Day; Bonds Slide: Markets Wrap
12/09/2021,,-1,-1,-1,,,-1,,,,,,,,,,,,,0,,,0,,,,,,,,,,,,,,,,,,,,,1,,,,,1,,,,,,,,,,U.S. Stocks Halt Rally as Cost of Omicron Weighed: Markets Wrap
12/10/2021,1,1,1,-1,,1,-1,,,,,,,,,,1,,,,,,0,,,,,,,,,,,,,,,,,,,,,1,,,,,1,,,,,,,,,,U.S. Stocks Surge to Record on Fed Rate Bets: Markets Wrap
12/13/2021,-1,-1,-1,-1,-1,-1,-1,1,,,,,,,,,0,,,,,,,,,,,,,,,,,,-1,,,,,,-1,,,,,,,,,,,,,,,,,,Stocks Dive at Close in Key Week for Central Banks: Markets Wrap
12/14/2021,-1,-1,-1,1,,-1,-1,,,-1,,,,,,,-1,,,,,-1,,,,,,,,,,,,,-1,,,,,,-1,,,,,,,,-1,,,,,,,,,,Traders Fret About Inflation in Countdown to Fed: Markets Wrap
12/15/2021,1,1,1,1,,,1,,,,,,,,,,,,,,,,,,,,,,,,,,,,,,,,,,,,,,,,,,,,,,,,,,,,Stocks Jump on Bets Economy ‘Can Handle’ Fed Hikes: Markets Wrap