{"data":[{"public_metrics":{"retweet_count":12,"reply_count":0,"like_count":0,"quote_count":0},"text":"RT @NME: Meet @scruffpuppie, whose new single landed them a record deal with @phoebe_bridgers's @SaddestFactory and radiates the pride that…","id":"1432064336181092353","created_at":"2021-08-29T19:35:18.000Z"},{"public_metrics":{"retweet_count":1141,"reply_count":0,"like_count":0,"quote_count":0},"text":"RT @GAYLANDTOO: kyoto by phoebe bridgers (2020) https://t.co/OLw6GBMDcn","id":"1431383762118471680","created_at":"2021-08-27T22:30:57.000Z"},{"public_metrics":{"retweet_count":6763,"reply_count":0,"like_count":0,"quote_count":0},"text":"RT @calebsaysthings: nightmare blunt rotation","id":"1431266561684242433","created_at":"2021-08-27T14:45:14.000Z"},{"public_metrics":{"retweet_count":958,"reply_count":236,"like_count":35983,"quote_count":201},"text":"tickets are on sale now https://t.co/whdwsibPEm https://t.co/yEb13aoOun","id":"1430935993977171975","created_at":"2021-08-26T16:51:41.000Z"},{"public_metrics":{"retweet_count":83,"reply_count":0,"like_count":0,"quote_count":0},"text":"RT @aclfestival: JUST ANNOUNCED - 2021 ACL Fest Nights have been revealed! \uD83D\uDE4C Score your tickets this Friday, 8/27 at 10am CT to over 20+ sh…","id":"1430773965337759751","created_at":"2021-08-26T06:07:50.000Z"},{"public_metrics":{"retweet_count":98,"reply_count":0,"like_count":0,"quote_count":0},"text":"RT @pitchfork: All of @Phoebe_Bridgers' upcoming concerts will take place outdoors https://t.co/hveHoPYQUh","id":"1429862267823165442","created_at":"2021-08-23T17:45:04.000Z"},{"public_metrics":{"retweet_count":49,"reply_count":56,"like_count":4419,"quote_count":16},"text":"Where that’s not permissible by law, we’ll agree to proof of vaccination OR proof of negative test result (PCR preferred/Antigen accepted) within 48 hours prior to entering those venues. \n\nAnd please wear a mask. I love you. See you soon.","id":"1429836660762562570","created_at":"2021-08-23T16:03:19.000Z"},{"public_metrics":{"retweet_count":73,"reply_count":36,"like_count":5237,"quote_count":60},"text":"At my request, there are updated health and safety requirements.  Entry will require proof of vaccination against COVID-19.","id":"1429836583994200065","created_at":"2021-08-23T16:03:01.000Z"},{"public_metrics":{"retweet_count":325,"reply_count":299,"like_count":11032,"quote_count":479},"text":"Let’s try this again… \nIn the interest of safety, I’ve decided to only play outdoors for the upcoming tour. We are moving all previously scheduled indoor shows to outdoor venues and we’ve needed to postpone shows in a couple cities so please check the updated schedule. https://t.co/WFMvvnYUH0","id":"1429836211615526917","created_at":"2021-08-23T16:01:32.000Z"},{"public_metrics":{"retweet_count":4,"reply_count":8,"like_count":492,"quote_count":1},"text":"@lucydacus https://t.co/zqBBFda4gB","id":"1429687095484817408","created_at":"2021-08-23T06:09:00.000Z"},{"public_metrics":{"retweet_count":74,"reply_count":0,"like_count":0,"quote_count":0},"text":"RT @brighteyesband: ‘Down in the Weeds, Where the World Once Was’ turns 1 today. Thanks for listening everyone! https://t.co/HhHUTnL5X0","id":"1429290020368646148","created_at":"2021-08-22T03:51:10.000Z"},{"public_metrics":{"retweet_count":3962,"reply_count":0,"like_count":0,"quote_count":0},"text":"RT @wildbananas10: Phoebe is looking respectfully https://t.co/FkTZWNWo6I","id":"1429155036769054722","created_at":"2021-08-21T18:54:47.000Z"},{"public_metrics":{"retweet_count":465,"reply_count":98,"like_count":30744,"quote_count":32},"text":"time for a 23 and me https://t.co/sV3hPoOkp1","id":"1429154964803178496","created_at":"2021-08-21T18:54:30.000Z"},{"public_metrics":{"retweet_count":3,"reply_count":2,"like_count":568,"quote_count":5},"text":"@logurra you can have the eyes","id":"1429137631061831684","created_at":"2021-08-21T17:45:37.000Z"},{"public_metrics":{"retweet_count":2,"reply_count":1,"like_count":457,"quote_count":0},"text":"@logurra need a coffee","id":"1429137597821976579","created_at":"2021-08-21T17:45:30.000Z"},{"public_metrics":{"retweet_count":2,"reply_count":1,"like_count":437,"quote_count":1},"text":"@logurra I do","id":"1429137490703646721","created_at":"2021-08-21T17:45:04.000Z"},{"public_metrics":{"retweet_count":33,"reply_count":0,"like_count":0,"quote_count":0},"text":"RT @RollingStone: Hear Bartees Strange, the Marias, and Glitch Gum remix their own versions of Phoebe Bridgers' \"Kyoto.\" https://t.co/a148V…","id":"1428543002591457282","created_at":"2021-08-20T02:22:47.000Z"},{"public_metrics":{"retweet_count":28,"reply_count":0,"like_count":0,"quote_count":0},"text":"RT @AmerSongwriter: “About the new remix, Glitch Gum said, “All I know is one day when I was in between Zoom classes last Fall, I thought,…","id":"1428510205143355400","created_at":"2021-08-20T00:12:27.000Z"},{"public_metrics":{"retweet_count":107,"reply_count":0,"like_count":0,"quote_count":0},"text":"RT @lucydacus: when the studio or practice space doesn’t have hand soap in the bathroom thats sexism","id":"1428458744212430850","created_at":"2021-08-19T20:47:58.000Z"},{"public_metrics":{"retweet_count":72,"reply_count":0,"like_count":0,"quote_count":0},"text":"RT @diymagazine: Phoebe Bridgers (@phoebe_bridgers) releases 'Kyoto' remixes. https://t.co/hOBnCMujYo https://t.co/onpNo5fItS","id":"1428448969206558723","created_at":"2021-08-19T20:09:08.000Z"},{"public_metrics":{"retweet_count":138,"reply_count":0,"like_count":0,"quote_count":0},"text":"RT @Bartees_Strange: When @phoebe_bridgers asked me to remix Kyoto you know I had to fucking snap. Thank you Phoebe - and I hope y’all love…","id":"1428415370575052807","created_at":"2021-08-19T17:55:37.000Z"},{"public_metrics":{"retweet_count":68,"reply_count":0,"like_count":0,"quote_count":0},"text":"RT @pitchfork: Hear new versions of @Phoebe_Bridgers' \"Kyoto,\" including a cover by @Bartees_Strange https://t.co/YaetgJfLAC","id":"1428414877832335361","created_at":"2021-08-19T17:53:40.000Z"},{"public_metrics":{"retweet_count":140,"reply_count":0,"like_count":0,"quote_count":0},"text":"RT @DeadOceans: HAPPY KYOTO REMIXES DAY TO THOSE WHO CELEBRATE \uD83D\uDDA4 3 reworkings of the track out today from artists handpicked by @phoebebrid…","id":"1428377115884359691","created_at":"2021-08-19T15:23:37.000Z"},{"public_metrics":{"retweet_count":1,"reply_count":1,"like_count":128,"quote_count":0},"text":"@sloppyjanemusic remember when we would refresh Facebook to see if these were uploaded yet","id":"1428210199911833608","created_at":"2021-08-19T04:20:21.000Z"},{"public_metrics":{"retweet_count":5,"reply_count":2,"like_count":426,"quote_count":1},"text":"@JasonIsbell Not Fun To touch","id":"1427891403514736641","created_at":"2021-08-18T07:13:34.000Z"},{"public_metrics":{"retweet_count":39,"reply_count":0,"like_count":0,"quote_count":0},"text":"RT @JasonIsbell: Happy birthday @phoebe_bridgers we got you this https://t.co/yK9nwvK2PY","id":"1427891180579160066","created_at":"2021-08-18T07:12:41.000Z"},{"public_metrics":{"retweet_count":694,"reply_count":0,"like_count":0,"quote_count":0},"text":"RT @MTV: It's @phoebe_bridgers birthday and I couldn't pass up this perfect opportunity to celebrate with a round up featuring Maxine. \n\nHB…","id":"1427715969133072391","created_at":"2021-08-17T19:36:27.000Z"},{"public_metrics":{"retweet_count":269,"reply_count":0,"like_count":0,"quote_count":0},"text":"RT @sloppyjanemusic: does @phoebe_bridgers wake up every year on her birthday knowing I’m going to post the most heinous high school pic I…","id":"1427694778561404930","created_at":"2021-08-17T18:12:15.000Z"},{"public_metrics":{"retweet_count":121,"reply_count":0,"like_count":0,"quote_count":0},"text":"RT @pitchfork: .@BonIver are celebrating the 10th anniversary of their self-titled album with two concerts and a reissue that features an e…","id":"1427303969462755341","created_at":"2021-08-16T16:19:19.000Z"},{"public_metrics":{"retweet_count":35,"reply_count":0,"like_count":0,"quote_count":0},"text":"RT @jagjaguwar: → the 10th anniversary edition reissuee of ‘Bon Iver, Bon Iver’ features 5 songs from @boniver's beautiful AIR Studios Sess…","id":"1427303828236296195","created_at":"2021-08-16T16:18:45.000Z"}],"meta":{"oldest_id":"1427303828236296195","newest_id":"1432064336181092353","result_count":30}}