{"data":[{"id":"1448464315720241155","public_metrics":{"retweet_count":912,"reply_count":0,"like_count":0,"quote_count":0},"text":"RT @JimmyKimmelLive: .@Phoebe_Bridgers performs Moon Song! ✨\uD83C\uDF19 https://t.co/Z4ODN5E2Il","created_at":"2021-10-14T01:42:58.000Z"},{"id":"1448336395462840320","public_metrics":{"retweet_count":188,"reply_count":0,"like_count":0,"quote_count":0},"text":"RT @RollingStone: Phoebe Bridgers took the title of her track \"Moon Song\" literally for a performance on 'Jimmy Kimmel Live,' donning a sil…","created_at":"2021-10-13T17:14:40.000Z"},{"id":"1448288164884271104","public_metrics":{"retweet_count":159,"reply_count":0,"like_count":0,"quote_count":0},"text":"RT @pitchfork: .@Phoebe_Bridgers, joined by @yMusicNYC co-founder @MooseOfRob, played \"Moon Song\" on @JimmyKimmelLive while wearing a space…","created_at":"2021-10-13T14:03:01.000Z"},{"id":"1448146562597617665","public_metrics":{"retweet_count":1250,"reply_count":0,"like_count":0,"quote_count":0},"text":"RT @JimmyKimmelLive: \uD83C\uDF19 \uD83C\uDF15 @Phoebe_Bridgers \uD83C\uDF15 \uD83C\uDF19 https://t.co/bsBzX4QACo","created_at":"2021-10-13T04:40:20.000Z"},{"id":"1448073398773485578","public_metrics":{"retweet_count":2232,"reply_count":0,"like_count":0,"quote_count":0},"text":"RT @EllaHunt: silk chiffon https://t.co/BhWfed0lUm","created_at":"2021-10-12T23:49:36.000Z"},{"id":"1448022399341895683","public_metrics":{"retweet_count":406,"reply_count":77,"like_count":5270,"quote_count":46},"text":"stream silk chiffon","created_at":"2021-10-12T20:26:57.000Z"},{"id":"1448021517602750464","public_metrics":{"retweet_count":376,"reply_count":232,"like_count":11664,"quote_count":96},"text":"IT’S OOH WHY WOULDN’T IT BE NOT WHO I WANNA BE","created_at":"2021-10-12T20:23:27.000Z"},{"id":"1447717240615309313","public_metrics":{"retweet_count":357,"reply_count":186,"like_count":11591,"quote_count":39},"text":"woah https://t.co/BnsUCCwtXo","created_at":"2021-10-12T00:14:22.000Z"},{"id":"1447682905682022400","public_metrics":{"retweet_count":401,"reply_count":115,"like_count":17045,"quote_count":31},"text":"Thank you. https://t.co/f2CjZpkzjX","created_at":"2021-10-11T21:57:56.000Z"},{"id":"1447645819788615680","public_metrics":{"retweet_count":141,"reply_count":0,"like_count":0,"quote_count":0},"text":"RT @Aqueenilina: stream silk chiffon!! https://t.co/nxzHoK1JEJ","created_at":"2021-10-11T19:30:34.000Z"},{"id":"1446610505347469313","public_metrics":{"retweet_count":1148,"reply_count":0,"like_count":0,"quote_count":0},"text":"RT @annastasia_tpwk: life’s so fun life’s so fun @whereisMUNA https://t.co/LwCtqM9tn3","created_at":"2021-10-08T22:56:35.000Z"},{"id":"1446133009103540230","public_metrics":{"retweet_count":645,"reply_count":0,"like_count":0,"quote_count":0},"text":"RT @carterhowe: . @phoebe_bridgers in nyc https://t.co/rSXkztkHZb","created_at":"2021-10-07T15:19:11.000Z"},{"id":"1445831702178238465","public_metrics":{"retweet_count":330,"reply_count":72,"like_count":10661,"quote_count":7},"text":"yes it is https://t.co/qLkwMPm1Ms","created_at":"2021-10-06T19:21:54.000Z"},{"id":"1445775369970204677","public_metrics":{"retweet_count":15,"reply_count":0,"like_count":0,"quote_count":0},"text":"RT @SaddestFactory: “Jesus and Your Living Room Floor” by @sloppyjanemusic is out now. Watch the video and listen to the single wherever yo…","created_at":"2021-10-06T15:38:04.000Z"},{"id":"1445527800945905673","public_metrics":{"retweet_count":538,"reply_count":0,"like_count":0,"quote_count":0},"text":"RT @peoplenthings: .@phoebe_bridgers last night in birmingham sorry i keep neglecting twitter https://t.co/XJmyrhlTBk","created_at":"2021-10-05T23:14:19.000Z"},{"id":"1445420271947616261","public_metrics":{"retweet_count":218,"reply_count":0,"like_count":0,"quote_count":0},"text":"RT @calebsaysthings: i myself am not lgbtqia+ but through my work in hollywood and my activism i have come to know many of those folks and…","created_at":"2021-10-05T16:07:02.000Z"},{"id":"1445420104137773061","public_metrics":{"retweet_count":164,"reply_count":119,"like_count":9517,"quote_count":7},"text":"oh shit https://t.co/FFCU9cJCFR","created_at":"2021-10-05T16:06:22.000Z"},{"id":"1445157939275259904","public_metrics":{"retweet_count":2669,"reply_count":252,"like_count":17915,"quote_count":483},"text":"Out now everywhere. All the money still goes to Texas Abortion Funds. \n\nhttps://t.co/KZ81gp3SN2","created_at":"2021-10-04T22:44:37.000Z"},{"id":"1445121262301466626","public_metrics":{"retweet_count":235,"reply_count":0,"like_count":0,"quote_count":0},"text":"RT @GQMagazine: The high-fashion evolution of @phoebe_bridgers's skeleton suits: https://t.co/D7OO6VwKpC https://t.co/XzQp5L1yPB","created_at":"2021-10-04T20:18:52.000Z"},{"id":"1444474682367938561","public_metrics":{"retweet_count":211,"reply_count":77,"like_count":9544,"quote_count":25},"text":"\uD83D\uDDA4 I am very burnt https://t.co/E5ZEbqe2b6","created_at":"2021-10-03T01:29:35.000Z"},{"id":"1444126739114905606","public_metrics":{"retweet_count":112,"reply_count":0,"like_count":0,"quote_count":0},"text":"RT @Bandcamp: New &amp; Notable: All proceeds from this exclusive new track from @phoebe_bridgers will benefit Texas Abortion Funds. https://t.…","created_at":"2021-10-02T02:26:59.000Z"},{"id":"1444095344158167041","public_metrics":{"retweet_count":273,"reply_count":0,"like_count":0,"quote_count":0},"text":"RT @PPact: Thanks, @phoebe_bridgers, for using your platform to raise awareness and funds to support abortion access. And giving us the cov…","created_at":"2021-10-02T00:22:14.000Z"},{"id":"1444048863065686017","public_metrics":{"retweet_count":562,"reply_count":135,"like_count":21000,"quote_count":12},"text":"this is by far the funniest thing I have ever read https://t.co/BfQ9cJrOzH","created_at":"2021-10-01T21:17:32.000Z"},{"id":"1444045927405260801","public_metrics":{"retweet_count":13,"reply_count":0,"like_count":0,"quote_count":0},"text":"RT @JoofWoof: Howdy https://t.co/Sm8skeboGu","created_at":"2021-10-01T21:05:52.000Z"},{"id":"1443943050003292162","public_metrics":{"retweet_count":1574,"reply_count":0,"like_count":0,"quote_count":0},"text":"RT @pitchfork: Phoebe Bridgers’ take on “That Funny Feeling” will benefit Texas Abortion Funds https://t.co/sdKRfppWOS","created_at":"2021-10-01T14:17:04.000Z"}],"meta":{"oldest_id":"1443943050003292162","newest_id":"1448464315720241155","result_count":25}}