{"data":[{"text":"RT @sloppyjanemusic: was given the most incredible gift today at our show in london my heart is soaring lol https://t.co/V4JoA0JpOG","id":"1460005932482457606","created_at":"2021-11-14T22:05:14.000Z","public_metrics":{"retweet_count":32,"reply_count":0,"like_count":0,"quote_count":0}},{"text":"is everyone ok https://t.co/JLE6sTQ4v4","id":"1459944783523184641","created_at":"2021-11-14T18:02:15.000Z","public_metrics":{"retweet_count":14437,"reply_count":5748,"like_count":178582,"quote_count":4419}},{"text":"true story https://t.co/4pCP2ifeuj","id":"1459279806751666178","created_at":"2021-11-12T21:59:52.000Z","public_metrics":{"retweet_count":11687,"reply_count":557,"like_count":160666,"quote_count":386}},{"text":"I was 18 when red came out. How is this real.","id":"1459075614468558848","created_at":"2021-11-12T08:28:29.000Z","public_metrics":{"retweet_count":11188,"reply_count":1256,"like_count":149110,"quote_count":1990}},{"text":"silk https://t.co/rOnaapD4x9","id":"1458907320407113729","created_at":"2021-11-11T21:19:45.000Z","public_metrics":{"retweet_count":521,"reply_count":135,"like_count":22398,"quote_count":26}},{"text":"RT @whereisMUNA: hating silk chiffon is pick me behavior deleting in 5","id":"1458608907341885449","created_at":"2021-11-11T01:33:57.000Z","public_metrics":{"retweet_count":1749,"reply_count":0,"like_count":0,"quote_count":0}},{"text":"RT @SaddestFactory: Life’s so fun last night at prom with James Corden.  Mandatory viewing! https://t.co/H5XFLzlmMA https://t.co/GH4BUEbaw2","id":"1458237289071464451","created_at":"2021-11-10T00:57:17.000Z","public_metrics":{"retweet_count":98,"reply_count":0,"like_count":0,"quote_count":0}},{"text":"RT @flurtcobain: got pulled aside after this little moment in rehearsal https://t.co/Y6YMBDEDUF","id":"1458134894253522949","created_at":"2021-11-09T18:10:24.000Z","public_metrics":{"retweet_count":123,"reply_count":0,"like_count":0,"quote_count":0}},{"text":"RT @pitchfork: .@whereisMUNA Muna and @phoebe_bridgers brought \"Silk Chiffon\" to Corden https://t.co/OMvc18DFW2","id":"1458122596898148352","created_at":"2021-11-09T17:21:32.000Z","public_metrics":{"retweet_count":110,"reply_count":0,"like_count":0,"quote_count":0}},{"text":"RT @latelateshow: Amazing performance of 'Silk Chiffon' from @whereisMUNA ft. @phoebe_bridgers! #LateLateShow https://t.co/qYmuEuS85F","id":"1457966579228954624","created_at":"2021-11-09T07:01:34.000Z","public_metrics":{"retweet_count":753,"reply_count":0,"like_count":0,"quote_count":0}},{"text":"RT @SaddestFactory: You don’t need a CVS ExtraCare Membership to see MUNA and Phoebe TONIGHT on the Late Late Show with James Corden, 12:37…","id":"1457794927132233734","created_at":"2021-11-08T19:39:29.000Z","public_metrics":{"retweet_count":54,"reply_count":0,"like_count":0,"quote_count":0}},{"text":"RT @concretewaII: LMFAO @phoebe_bridgers https://t.co/gsTjndZmKN","id":"1457482106129453057","created_at":"2021-11-07T22:56:27.000Z","public_metrics":{"retweet_count":278,"reply_count":0,"like_count":0,"quote_count":0}},{"text":"paul thinks thousand island is called hundred years sauce","id":"1457180079851597830","created_at":"2021-11-07T02:56:18.000Z","public_metrics":{"retweet_count":654,"reply_count":323,"like_count":26414,"quote_count":795}},{"text":"RT @sloppyjanemusic: the inevitable has happened https://t.co/FQnbSHdhaX","id":"1457141953980551170","created_at":"2021-11-07T00:24:48.000Z","public_metrics":{"retweet_count":60,"reply_count":0,"like_count":0,"quote_count":0}},{"text":"RT @whereisMUNA: ok so see you monday for silk chiffon with @phoebe_bridgers on @latelateshow \n\n12:37/11:37c on cbs https://t.co/Z7chNtDAnE","id":"1456802068379979779","created_at":"2021-11-06T01:54:13.000Z","public_metrics":{"retweet_count":336,"reply_count":0,"like_count":0,"quote_count":0}},{"text":"RT @abbylwargo: here everyone knows you’re the way to my heart @phoebe_bridgers \uD83D\uDDA4 https://t.co/hGeJjjDXVj","id":"1456766823559356416","created_at":"2021-11-05T23:34:10.000Z","public_metrics":{"retweet_count":132,"reply_count":0,"like_count":0,"quote_count":0}},{"text":"RT @reindeereks: asking 8 year olds in skeleton onesies to name 5 phoebe bridgers songs","id":"1455043077563764738","created_at":"2021-11-01T05:24:37.000Z","public_metrics":{"retweet_count":13452,"reply_count":0,"like_count":0,"quote_count":0}}],"meta":{"oldest_id":"1455043077563764738","newest_id":"1460005932482457606","result_count":17}}