{"data":[{"id":"1443233483602677766","created_at":"2021-09-29T15:17:31.000Z","public_metrics":{"retweet_count":117,"reply_count":0,"like_count":0,"quote_count":0},"text":"RT @bcorcione13: @phoebe_bridgers We were screaming at the evangelicals outside your Boston show!!! @phoebe_bridgers https://t.co/V1jjAdhGW6"},{"id":"1443207813656981511","created_at":"2021-09-29T13:35:30.000Z","public_metrics":{"retweet_count":18,"reply_count":18,"like_count":4946,"quote_count":7},"text":"@PremeSteve exactly"},{"id":"1443207709122342929","created_at":"2021-09-29T13:35:06.000Z","public_metrics":{"retweet_count":1323,"reply_count":156,"like_count":45833,"quote_count":133},"text":"y’all would’ve bullied me in high school https://t.co/AZF8Ft3IhJ"},{"id":"1442523829176180740","created_at":"2021-09-27T16:17:36.000Z","public_metrics":{"retweet_count":721,"reply_count":0,"like_count":0,"quote_count":0},"text":"RT @ShamirBailey: Still thinking about this blatant homophobia..."},{"id":"1442523728265375752","created_at":"2021-09-27T16:17:12.000Z","public_metrics":{"retweet_count":238,"reply_count":0,"like_count":0,"quote_count":0},"text":"RT @sloppyjanemusic: re-defining \"jailbait\" to mean someone i might kill"},{"id":"1442237764557316099","created_at":"2021-09-26T21:20:53.000Z","public_metrics":{"retweet_count":1477,"reply_count":0,"like_count":0,"quote_count":0},"text":"RT @whembleysewell: SILK     \uD835\uDCB8\uD835\uDCBD\uD835\uDCBE\uD835\uDCBB\uD835\uDCBB\uD835\uDC5C\uD835\uDCC3 https://t.co/IeCo2UbUKW"},{"id":"1442159381139705864","created_at":"2021-09-26T16:09:25.000Z","public_metrics":{"retweet_count":123,"reply_count":0,"like_count":0,"quote_count":0},"text":"RT @MTV: Life's so fun because I've got \"Silk Chiffon\" by @whereisMUNA ft. @phoebe_bridgers on repeat 24/7."},{"id":"1441758467325407234","created_at":"2021-09-25T13:36:19.000Z","public_metrics":{"retweet_count":1,"reply_count":2,"like_count":235,"quote_count":0},"text":"@1975cassi these are cool as fuck"},{"id":"1441737152967049227","created_at":"2021-09-25T12:11:38.000Z","public_metrics":{"retweet_count":638,"reply_count":0,"like_count":0,"quote_count":0},"text":"RT @julienrbaker: my aspiration is to be referred to posthumously as “gay poet” https://t.co/O3hxjk3Kyk"},{"id":"1441181325797388291","created_at":"2021-09-23T23:22:58.000Z","public_metrics":{"retweet_count":1317,"reply_count":0,"like_count":0,"quote_count":0},"text":"RT @KevinTPorter: Happy Bi Visibility Day AND Bruce Springsteen’s birthday https://t.co/TY45FZUlEK"},{"id":"1441134561191075841","created_at":"2021-09-23T20:17:09.000Z","public_metrics":{"retweet_count":3,"reply_count":12,"like_count":189,"quote_count":1},"text":"@sloppyjanemusic there is a 300 dollar top hat in my closet"},{"id":"1441133559859728385","created_at":"2021-09-23T20:13:10.000Z","public_metrics":{"retweet_count":27,"reply_count":0,"like_count":0,"quote_count":0},"text":"RT @SoundsofSON: A beautiful gig, opening for a beautiful  person.  Loved playing Philadelphia last night. Bought the t-shirt. It is now my…"},{"id":"1440702087491325957","created_at":"2021-09-22T15:38:39.000Z","public_metrics":{"retweet_count":5310,"reply_count":610,"like_count":60349,"quote_count":754},"text":"stranger in the alps came out four years ago today thanks for listening https://t.co/0vE3B92UTY"},{"id":"1440698211589447686","created_at":"2021-09-22T15:23:15.000Z","public_metrics":{"retweet_count":31,"reply_count":43,"like_count":768,"quote_count":14},"text":". @MickFlannery and @SoundsofSON are opening the Philly show tonight at 7:15. I love this fucking record. \nhttps://t.co/bR9Z6r1hUK"},{"id":"1440316389802184704","created_at":"2021-09-21T14:06:01.000Z","public_metrics":{"retweet_count":132,"reply_count":68,"like_count":5984,"quote_count":21},"text":"Emily burped and Nick said “chiffon”"},{"id":"1440063495790153732","created_at":"2021-09-20T21:21:07.000Z","public_metrics":{"retweet_count":1753,"reply_count":353,"like_count":72446,"quote_count":266},"text":"I’m so random https://t.co/1XO4BHN9ZF"},{"id":"1439983750557970433","created_at":"2021-09-20T16:04:14.000Z","public_metrics":{"retweet_count":74,"reply_count":0,"like_count":0,"quote_count":0},"text":"RT @voguemagazine: The best of beauty this week: Phoebe Bridgers, Iris Law, and more https://t.co/KTHAUHuv9P"},{"id":"1439290293396910080","created_at":"2021-09-18T18:08:41.000Z","public_metrics":{"retweet_count":85,"reply_count":0,"like_count":0,"quote_count":0},"text":"RT @flurtcobain: what every aspect of tour other than the show and the camaraderie feels like https://t.co/J3y5TIo7Oo"},{"id":"1439011801514053632","created_at":"2021-09-17T23:42:03.000Z","public_metrics":{"retweet_count":289,"reply_count":0,"like_count":0,"quote_count":0},"text":"RT @whereisMUNA: no homo but the amount of you that have streamed and are streaming silk chiffon…absolutely nuts…pls keep listening thank y…"},{"id":"1438659127480356870","created_at":"2021-09-17T00:20:39.000Z","public_metrics":{"retweet_count":229,"reply_count":0,"like_count":0,"quote_count":0},"text":"RT @wtfandreaka: Slow mo video that the picture of @phoebe_bridgers and the lightning is from. The Detroit show was magical \uD83E\uDD70❤️ https://t.c…"},{"id":"1438515334307143682","created_at":"2021-09-16T14:49:16.000Z","public_metrics":{"retweet_count":241,"reply_count":0,"like_count":0,"quote_count":0},"text":"RT @wtfandreaka: One more pic of @phoebe_bridgers and lightning, I can’t help it \uD83D\uDE2D https://t.co/V56G1Qcqbx"}],"meta":{"oldest_id":"1438515334307143682","newest_id":"1443233483602677766","result_count":21}}