{"data":[{"created_at":"2021-08-28T18:35:07.000Z","text":"Here’s our interview with the father of fallen American marine Kareem Nikoui. It’s heart-wrenching but important to hear.\n\nhttps://t.co/swCu9fJQ5M","id":"1431686802667147264","public_metrics":{"retweet_count":3127,"reply_count":1138,"like_count":11796,"quote_count":204}},{"created_at":"2021-08-26T01:02:46.000Z","text":"Eric Swalwell is on the lookout for female staffers to \"manage his agenda.\" https://t.co/CBPrC488jZ","id":"1430697193019744261","public_metrics":{"retweet_count":1331,"reply_count":1194,"like_count":4948,"quote_count":161}},{"created_at":"2021-08-20T17:20:45.000Z","text":"Our team uncovered declassified documents that show the US government aggressively covered-up credible UFO sightings for at least 50 years. Here’s an exclusive, new look at THE UFO FILES, a brand new Tucker Carlson Originals, streaming now on @foxnation https://t.co/QFOpQRaLaq","id":"1428768985122750470","public_metrics":{"retweet_count":519,"reply_count":1158,"like_count":2411,"quote_count":94}},{"created_at":"2021-08-19T21:48:14.000Z","text":"A brand new episode of Tucker Carlson Originals gets to the real story about UFOs on our planet.  Here’s an exclusive sneak peek at THE UFO FILES – the full episode is out today and streaming only on @foxnation https://t.co/eoEJeEjyJE","id":"1428473908253057024","public_metrics":{"retweet_count":273,"reply_count":496,"like_count":1440,"quote_count":35}},{"created_at":"2021-08-18T19:37:23.000Z","text":"Want the real story behind my feud with publisher Simon &amp; Schuster? I called them out for cancelling conservatives. They then published my reporting. You can order it now, directly on TuckerCarlson .com\n \nhttps://t.co/K7EYtCykOo","id":"1428078593142366215","public_metrics":{"retweet_count":421,"reply_count":812,"like_count":2389,"quote_count":26}},{"created_at":"2021-08-17T22:26:19.000Z","text":"IN CASE YOU MISSED IT – OUR INTERVIEW WITH FOXNews .com FOR “The Long Slide” Check it out.  The book is available now at TuckerCarlson .com (Link in Bio)\n\nhttps://t.co/CK4FZofOOF","id":"1427758715923537921","public_metrics":{"retweet_count":279,"reply_count":515,"like_count":1609,"quote_count":14}},{"created_at":"2021-08-17T17:12:54.000Z","text":"We stopped by The Brian Kilmeade Show last week to talk about my new book “The Long Slide” – check it out and order it direct right now at the link in bio.\n \nhttps://t.co/z8VabCAEqk","id":"1427679843542568964","public_metrics":{"retweet_count":153,"reply_count":358,"like_count":1004,"quote_count":11}}],"meta":{"oldest_id":"1427679843542568964","newest_id":"1431686802667147264","result_count":7}}