{"data":[{"id":"1426242061137756166","text":"Check out Tucker’s appearance on The Five this week for the debut of his new book, “The Long Slide” and pick up a copy in stores or order right now at the link in bio.\n\n https://t.co/NRBRN6SbVc","created_at":"2021-08-13T17:59:40.000Z","public_metrics":{"retweet_count":202,"reply_count":654,"like_count":1281,"quote_count":19}},{"id":"1424926011901231104","text":"“The Long Slide” is out Tuesday. You can order Tucker’s new book right now. Don’t buy from big tech. Order direct here: https://t.co/sLkXnGKCFd","created_at":"2021-08-10T02:50:09.000Z","public_metrics":{"retweet_count":565,"reply_count":1376,"like_count":2750,"quote_count":62}},{"id":"1424901880660914178","text":"Get the book on https://t.co/sLkXnGt1gD https://t.co/FuFj8GktoC","created_at":"2021-08-10T01:14:16.000Z","public_metrics":{"retweet_count":325,"reply_count":574,"like_count":1868,"quote_count":25}},{"id":"1424737658467586063","text":"Check out Tucker’s speech to an audience in Hungary over the weekend. Video Courtesy of MCC-Hungary.\n\nhttps://t.co/o1325GGhWU","created_at":"2021-08-09T14:21:42.000Z","public_metrics":{"retweet_count":558,"reply_count":657,"like_count":2137,"quote_count":81}},{"id":"1424560256395341832","text":"In case you missed it — here’s our interview with Hungarian Prime Minister Viktor Orban from his office in Budapest last week.\nhttps://t.co/hdaENITSFk","created_at":"2021-08-09T02:36:46.000Z","public_metrics":{"retweet_count":954,"reply_count":665,"like_count":4149,"quote_count":81}},{"id":"1423256782307164161","text":"Don’t miss part of our interview with Hungarian Prime Minister Viktor Orbán. Tonight at 8pm ET on #FoxNews https://t.co/GUuPdhLovS","created_at":"2021-08-05T12:17:14.000Z","public_metrics":{"retweet_count":687,"reply_count":2235,"like_count":3948,"quote_count":204}},{"id":"1422344832647712769","text":"We’re in Budapest all this week for Tucker Carlson Tonight and a documentary for Tucker Carlson Originals.  Don’t miss our first show here starting tonight at 8pm ET on #FoxNews https://t.co/avZLoc0fD0","created_at":"2021-08-02T23:53:28.000Z","public_metrics":{"retweet_count":1014,"reply_count":1973,"like_count":7712,"quote_count":243}}],"meta":{"oldest_id":"1422344832647712769","newest_id":"1426242061137756166","result_count":7}}