{"data":[{"id":"1453889173920825348","text":"Politicians don’t get to put parameters around your thoughts or conversations. Free people are allowed to ask any question they want. https://t.co/NK6QrYncal","created_at":"2021-10-29T00:59:25.000Z","public_metrics":{"retweet_count":6246,"reply_count":2123,"like_count":21787,"quote_count":473}},{"id":"1453854630866300955","text":"Starting Monday https://t.co/MRbx5FKVAc","created_at":"2021-10-28T22:42:09.000Z","public_metrics":{"retweet_count":4580,"reply_count":3326,"like_count":14219,"quote_count":573}},{"id":"1453517062073110540","text":"November 1 https://t.co/5yCRlkZlzM","created_at":"2021-10-28T00:20:47.000Z","public_metrics":{"retweet_count":10737,"reply_count":8275,"like_count":32263,"quote_count":2921}},{"id":"1450982662848536584","text":"Blown Away: The People vs. Wind Power drops tomorrow on @FoxNation https://t.co/zqS4dSTt1x","created_at":"2021-10-21T00:29:59.000Z","public_metrics":{"retweet_count":996,"reply_count":904,"like_count":3554,"quote_count":107}}],"meta":{"oldest_id":"1450982662848536584","newest_id":"1453889173920825348","result_count":4}}