{"data":[{"id":"1459339994120822787","public_metrics":{"retweet_count":2609,"reply_count":1486,"like_count":22430,"quote_count":197},"text":"It's been a fun five years, and we couldn't have done it without you—the viewers. Thank you. https://t.co/WN40RhqIho","created_at":"2021-11-13T01:59:02.000Z"},{"id":"1458936563887493120","public_metrics":{"retweet_count":7703,"reply_count":2293,"like_count":26183,"quote_count":653},"text":"They didn’t like our old trailer. Here’s the new one. https://t.co/RvOM4xraXq","created_at":"2021-11-11T23:15:57.000Z"},{"id":"1458621144609738753","public_metrics":{"retweet_count":2251,"reply_count":944,"like_count":7361,"quote_count":145},"text":"Hope you enjoyed our interview with Rep. Mike Turner. He wants to send troops to Ukraine to protect its “territorial integrity.”\n\nHe doesn’t feel as strongly about our own border. In 2019, he opposed using defense funds for a wall on the southern border.\nhttps://t.co/nC6pnNXbDw","created_at":"2021-11-11T02:22:35.000Z"},{"id":"1458250440643129350","public_metrics":{"retweet_count":5862,"reply_count":1133,"like_count":19242,"quote_count":286},"text":"This has nothing to do with the vaccine. It's about power. https://t.co/vjQS2YNP7l","created_at":"2021-11-10T01:49:32.000Z"},{"id":"1457906567160995846","public_metrics":{"retweet_count":3414,"reply_count":1251,"like_count":14178,"quote_count":316},"text":"Inanimate objects, like roads, can't be racist. That seems obvious, though apparently Pete Buttigieg doesn't know this. https://t.co/XabGgEa8jx","created_at":"2021-11-09T03:03:06.000Z"},{"id":"1457140804447875072","public_metrics":{"retweet_count":1059,"reply_count":449,"like_count":3288,"quote_count":55},"text":"All three parts available for free at https://t.co/sLkXnGKCFd https://t.co/JFa7tqnees","created_at":"2021-11-07T00:20:14.000Z"},{"id":"1456341992640860161","public_metrics":{"retweet_count":871,"reply_count":465,"like_count":2774,"quote_count":60},"text":"Our Tucker Carlson Originals series lives in a place where free speech is protected: @FoxNation. All three episodes of Patriot Purge are available to stream for free for 90 days — only by going to https://t.co/sLkXnGKCFd\n\nHere’s a preview of Part 3. https://t.co/1QCkbWJz5p","created_at":"2021-11-04T19:26:03.000Z"},{"id":"1456271010513108995","public_metrics":{"retweet_count":486,"reply_count":334,"like_count":1748,"quote_count":37},"text":"All three parts of Tucker Carlson Originals: Patriot Purge are available to stream now, only on @foxnation \n\nPlus, watch the first five minutes of Part 3 and get free access to Patriot Purge, all Tucker shows, and Fox Nation for 90 days exclusively on https://t.co/sLkXnGt1gD https://t.co/ybHbje0dEA","created_at":"2021-11-04T14:43:59.000Z"},{"id":"1456060752977137664","public_metrics":{"retweet_count":3347,"reply_count":793,"like_count":13108,"quote_count":182},"text":"Journalist @realchrisrufo single-handedly led the charge in exposing the anti-white racism and CRT being taught in schools across the country https://t.co/fkyIV8bjF0","created_at":"2021-11-04T00:48:30.000Z"},{"id":"1455701571778580483","public_metrics":{"retweet_count":448,"reply_count":213,"like_count":1595,"quote_count":23},"text":"Patriot Purge (Part 2) from Tucker Carlson Originals is available now. You can watch the first 5 minutes on https://t.co/sLkXnGKCFd\n\nAlso, watch it all. And free access to all Tucker shows and Fox Nation for 90 days.  Only at https://t.co/sLkXnGKCFd https://t.co/BCvs0ePKxT","created_at":"2021-11-03T01:01:14.000Z"},{"id":"1455654534731206656","public_metrics":{"retweet_count":1323,"reply_count":508,"like_count":4074,"quote_count":72},"text":"Patriot Purge (Part 2) from Tucker Carlson Originals is available. You can watch the first 5 minutes now on https://t.co/sLkXnGKCFd\nAlso, watch it all. And free access to all Tucker shows and Fox Nation for 90 days. Only at https://t.co/sLkXnGKCFd https://t.co/a8DTulPZwm","created_at":"2021-11-02T21:54:20.000Z"},{"id":"1455341153922998276","public_metrics":{"retweet_count":3635,"reply_count":1125,"like_count":10385,"quote_count":187},"text":"Moments in history can be revealing. In this moment, @Liz_Cheney and @LindseyGrahamSC are showing us who they really are.\n\nWatch the first 5 minutes of Patriot Purge: Part 1 right now on https://t.co/sLkXnGKCFd — plus get 90 days free access there to all Tucker Carlson Originals https://t.co/ukVVVBLrik","created_at":"2021-11-02T01:09:04.000Z"},{"id":"1455177413843996672","public_metrics":{"retweet_count":3886,"reply_count":1327,"like_count":10766,"quote_count":344},"text":"Patriot Purge (Part 1) from Tucker Carlson Originals is available now.  Stream the Fox Nation series and all Tucker content right now for 90 days free - exclusively by going to https://t.co/sLkXnGKCFd https://t.co/nooLt7krPb","created_at":"2021-11-01T14:18:26.000Z"}],"meta":{"oldest_id":"1455177413843996672","newest_id":"1459339994120822787","result_count":13}}