{"data":[{"created_at":"2021-11-22T16:10:22.000Z","public_metrics":{"retweet_count":4028,"reply_count":3158,"like_count":21150,"quote_count":435},"text":"\"It wasn't Kyle Rittenhouse on trial in Wisconsin. It was the right to self-defense on trial.\"\n\nTonight at 8pm ET on @FoxNews https://t.co/DbOTj53D3E","id":"1462815728566951946"},{"created_at":"2021-11-22T03:02:01.000Z","public_metrics":{"retweet_count":4811,"reply_count":2080,"like_count":22604,"quote_count":529},"text":"https://t.co/nkpCuTMrwn","id":"1462617334330363911"},{"created_at":"2021-11-22T00:04:03.000Z","public_metrics":{"retweet_count":4614,"reply_count":2145,"like_count":25030,"quote_count":681},"text":"Kyle Rittenhouse: \"This case has nothing to do with race.\"\n\nWatch our exclusive interview, tomorrow at 8pm ET on @FoxNews https://t.co/vXLEVtfycc","id":"1462572547514548231"},{"created_at":"2021-11-21T20:43:04.000Z","public_metrics":{"retweet_count":3255,"reply_count":1559,"like_count":18314,"quote_count":339},"text":"Kyle Rittenhouse. Tomorrow 8pm ET on @FoxNews https://t.co/MRy2aOXBf8","id":"1462521970709483521"},{"created_at":"2021-11-20T01:05:13.000Z","public_metrics":{"retweet_count":4564,"reply_count":1564,"like_count":20533,"quote_count":548},"text":"December. Tucker Carlson Originals. Fox Nation. https://t.co/Pf8xOInARn","id":"1461863167403909121"},{"created_at":"2021-11-20T00:17:55.000Z","public_metrics":{"retweet_count":6104,"reply_count":1712,"like_count":33853,"quote_count":736},"text":"Monday at 8pm ET on @FoxNews https://t.co/lUswETIMLM","id":"1461851263231004677"},{"created_at":"2021-11-19T02:00:33.000Z","public_metrics":{"retweet_count":3778,"reply_count":900,"like_count":17153,"quote_count":120},"text":"By definition, Kyle Rittenhouse is not getting a fair trial https://t.co/JKB2yVVxlf","id":"1461514703977517066"},{"created_at":"2021-11-17T02:47:38.000Z","public_metrics":{"retweet_count":3222,"reply_count":1104,"like_count":11161,"quote_count":282},"text":"The ruling class has a new message on inflation: it may be painful, but it's going to be good for you. https://t.co/VKwGfXXJ0A","id":"1460801776517619724"},{"created_at":"2021-11-16T01:53:41.000Z","public_metrics":{"retweet_count":2178,"reply_count":1318,"like_count":9102,"quote_count":194},"text":"Kamala has a history of dating powerful men https://t.co/iHkCQbyQP4","id":"1460425811438325761"}],"meta":{"oldest_id":"1460425811438325761","newest_id":"1462815728566951946","result_count":9}}