{"data":[{"public_metrics":{"retweet_count":730,"reply_count":0,"like_count":0,"quote_count":0},"created_at":"2021-09-29T23:58:00.000Z","id":"1443364469753647104","text":"RT @kerpen: Pediatric deaths by state with COVID and from all causes January 1, 2020 to September 25, 2021, as of September 29, 2021\n\nhttps…"},{"public_metrics":{"retweet_count":21,"reply_count":0,"like_count":0,"quote_count":0},"created_at":"2021-09-29T23:57:33.000Z","id":"1443364356247392261","text":"RT @brad_polumbo: @benshapiro https://t.co/ZGqJz3TQvD"},{"public_metrics":{"retweet_count":108,"reply_count":0,"like_count":0,"quote_count":0},"created_at":"2021-09-29T23:57:28.000Z","id":"1443364333933768709","text":"RT @joshsteimle: Why is it that @benshapiro can interview leftists on this show and treat them with respect and his audience eats it up, bu…"},{"public_metrics":{"retweet_count":14,"reply_count":0,"like_count":0,"quote_count":0},"created_at":"2021-09-29T23:57:20.000Z","id":"1443364300735893505","text":"RT @Commentary: Systemic Wokeness\n\n@AbeGreenwald reviews 'The Authoritarian Moment' by @benshapiro ▸ https://t.co/CcJrQovnRL\n\n#Woke #Cultur…"},{"public_metrics":{"retweet_count":33,"reply_count":0,"like_count":0,"quote_count":0},"created_at":"2021-09-29T23:56:52.000Z","id":"1443364185165991941","text":"RT @Ostrov_A: Breaking down taboos and why #AbrahamAccords are \"a blessing.\" Great interview by @benshapiro with @sharakango Board Member @…"},{"public_metrics":{"retweet_count":206,"reply_count":0,"like_count":0,"quote_count":0},"created_at":"2021-09-29T23:56:32.000Z","id":"1443364101305012224","text":"RT @Ravarora1: Nightly gunfire, traumatized and clinically diagnosed children, a depleted police force, and brazen criminality rampant in M…"},{"public_metrics":{"retweet_count":54,"reply_count":0,"like_count":0,"quote_count":0},"created_at":"2021-09-29T23:53:08.000Z","id":"1443363243477643268","text":"RT @Commentary: We are suffocating in an environment of left-wing oppression. As @benshapiro puts it, “Trump might have authoritarian tende…"},{"public_metrics":{"retweet_count":100,"reply_count":0,"like_count":0,"quote_count":0},"created_at":"2021-09-29T23:53:01.000Z","id":"1443363215107366913","text":"RT @cnsnews: The engine of American growth has never been the government. Innovation requires freedom; investment requires both liberty of…"},{"public_metrics":{"retweet_count":95,"reply_count":0,"like_count":0,"quote_count":0},"created_at":"2021-09-29T23:52:56.000Z","id":"1443363192990806016","text":"RT @FredLucasWH: The baseline notion that government spending is zero-cost so long as it doesn’t take on new debt is bonkers. via @benshapi…"},{"public_metrics":{"retweet_count":277,"reply_count":0,"like_count":0,"quote_count":0},"created_at":"2021-09-27T19:44:42.000Z","id":"1442575946612023296","text":"RT @AP_Scoop: Out with the old, in with the new. https://t.co/L3IQuCXskI"},{"public_metrics":{"retweet_count":2052,"reply_count":339,"like_count":11319,"quote_count":57},"created_at":"2021-09-27T19:44:03.000Z","id":"1442575782946033671","text":"The notion that a $3.5 trillion bill is \"cost-free\" is only true if you think the government, like a pharaoh, actually owns all property. Otherwise, it's a giant redistributionist property seizure designed to entrench a few in power at the expense of those footing the bill."},{"public_metrics":{"retweet_count":93,"reply_count":0,"like_count":0,"quote_count":0},"created_at":"2021-09-27T19:43:01.000Z","id":"1442575523654389760","text":"RT @wil_da_beast630: How to actually get fired for police mis-conduct during a fight, Step 1:\n\nBe a horse."},{"public_metrics":{"retweet_count":2176,"reply_count":883,"like_count":13868,"quote_count":113},"created_at":"2021-09-27T19:41:51.000Z","id":"1442575229570596869","text":"97% or 98%? This is utterly and completely insane. The pandemic is over for you the minute you have had covid or are vaccinated. Otherwise, you can choose how to live your life, and you're taking a risk you've chosen. End of story. https://t.co/fgv81hCHDl"},{"public_metrics":{"retweet_count":99,"reply_count":54,"like_count":725,"quote_count":3},"created_at":"2021-09-27T19:15:30.000Z","id":"1442568600510816259","text":"The GOP point is that raising the debt ceiling without putting some limits on debt increases is incentivizing this spending spree. Democrats lie: \"We're not raising the debt! This just shows that the debt ceiling debate is really about past debt!\""},{"public_metrics":{"retweet_count":328,"reply_count":41,"like_count":1351,"quote_count":16},"created_at":"2021-09-27T19:13:15.000Z","id":"1442568034959364096","text":"As the WSJ points out, the $3.5 trillion in spending is predicated on accounting tricks. The real cost is likely between $5 and $5.5 trillion. https://t.co/K1bm5bXR3K"},{"public_metrics":{"retweet_count":410,"reply_count":126,"like_count":2367,"quote_count":23},"created_at":"2021-09-27T19:12:18.000Z","id":"1442567796655722499","text":"Understand that today's talking point -- that a $3.5 trillion spending spree is \"cost-free\" -- is both a lie and also specifically designed by the Left and their media allies to pressure Republicans to support a debt ceiling increase."},{"public_metrics":{"retweet_count":446,"reply_count":312,"like_count":4325,"quote_count":19},"created_at":"2021-09-27T18:34:54.000Z","id":"1442558382519562244","text":"Who is \"us\"? The vaccinated, who are safe? Or the unvaccinated, who think they are safe? And why not leave people the hell alone? https://t.co/rIf1rZLiD1"},{"public_metrics":{"retweet_count":74,"reply_count":0,"like_count":0,"quote_count":0},"created_at":"2021-09-27T18:34:17.000Z","id":"1442558228756369413","text":"RT @charliespiering: BIDEN: \"I'm not the scientist, I think, but one thing's for sure. A quarter of the country can't go unvaccinated and u…"},{"public_metrics":{"retweet_count":51,"reply_count":0,"like_count":0,"quote_count":0},"created_at":"2021-09-27T18:32:23.000Z","id":"1442557750098087938","text":"RT @NoahCRothman: We should not dispatch FEMA to regions to New York to relieve the suffering endured by hurricane victims in Louisiana. Li…"},{"public_metrics":{"retweet_count":3651,"reply_count":0,"like_count":0,"quote_count":0},"created_at":"2021-09-27T18:32:10.000Z","id":"1442557696083902473","text":"RT @robbysoave: I cannot endure the idiocy of having to be masked while in line for food at a grab-and-go place, when everybody sitting and…"},{"public_metrics":{"retweet_count":0,"reply_count":2,"like_count":13,"quote_count":0},"created_at":"2021-09-27T18:31:34.000Z","id":"1442557542970839041","text":"@MattRinaldiTX Oh no, you mistake me. That's precisely my point."},{"public_metrics":{"retweet_count":220,"reply_count":207,"like_count":1923,"quote_count":18},"created_at":"2021-09-27T15:49:50.000Z","id":"1442516843617468426","text":"Good! So do those with boosters still need to act as though they're about to be murdered by the unvaxxed? https://t.co/mq9UT9VXAU"},{"public_metrics":{"retweet_count":65,"reply_count":0,"like_count":0,"quote_count":0},"created_at":"2021-09-27T15:49:07.000Z","id":"1442516661983055882","text":"RT @CurtisHouck: Dude, the one is the governor of a state (let alone in the middle of a pandemic with multiple scandals hanging over him).…"},{"public_metrics":{"retweet_count":107,"reply_count":0,"like_count":0,"quote_count":0},"created_at":"2021-09-27T15:48:55.000Z","id":"1442516611349422088","text":"RT @wil_da_beast630: In urban up-middle class life, any Black person/POC has at least a 50+% chance of getting any white person fired by si…"},{"public_metrics":{"retweet_count":557,"reply_count":0,"like_count":0,"quote_count":0},"created_at":"2021-09-27T15:48:21.000Z","id":"1442516469921759239","text":"RT @jasonrantz: Seattle is thriving. https://t.co/VdIJxjN7hn"},{"public_metrics":{"retweet_count":1736,"reply_count":476,"like_count":9480,"quote_count":110},"created_at":"2021-09-27T15:18:09.000Z","id":"1442508869062873091","text":"Australia was originally planned as a penal colony, and is now apparently returning to that plan. https://t.co/A7iEsBWUJX"},{"public_metrics":{"retweet_count":220,"reply_count":0,"like_count":0,"quote_count":0},"created_at":"2021-09-27T15:17:19.000Z","id":"1442508657309065221","text":"RT @sullydish: They just can’t answer the question."},{"public_metrics":{"retweet_count":9902,"reply_count":0,"like_count":0,"quote_count":0},"created_at":"2021-09-27T15:16:25.000Z","id":"1442508432431456257","text":"RT @RitaPanahi: More insane police overreach in Melbourne. Guy put in handcuffs for being a few hundred metres from his home. Police say “h…"},{"public_metrics":{"retweet_count":276,"reply_count":0,"like_count":0,"quote_count":0},"created_at":"2021-09-27T15:15:59.000Z","id":"1442508324902035465","text":"RT @jessesingal: You are going to want to read this letter Kimball Atwood, an editor emeritus at Science Based Medicine, just sent to the e…"},{"public_metrics":{"retweet_count":1108,"reply_count":146,"like_count":6773,"quote_count":25},"created_at":"2021-09-27T15:15:46.000Z","id":"1442508269147262983","text":"Perhaps Joe Biden thinks his $3.5 trillion bill is free because the government has paid his bills for his entire adult life, except for a four-year period in which he wrote books about being in government and reportedly didn't pay his taxes."},{"public_metrics":{"retweet_count":86,"reply_count":0,"like_count":0,"quote_count":0},"created_at":"2021-09-27T15:11:45.000Z","id":"1442507258374627330","text":"RT @BoSnerdley: No, Vaccinated People Are Not ‘Just as Likely’ to Spread the Coronavirus as Unvaccinated People https://t.co/aRLb6ck8dh via…"},{"public_metrics":{"retweet_count":141,"reply_count":0,"like_count":0,"quote_count":0},"created_at":"2021-09-27T15:11:02.000Z","id":"1442507077696491522","text":"RT @PolitiBunny: This is pretty damn discriminatory, Derek. You realize this is a slur, yes? And that people with developmental disabilitie…"},{"public_metrics":{"retweet_count":316,"reply_count":0,"like_count":0,"quote_count":0},"created_at":"2021-09-27T15:10:06.000Z","id":"1442506841506951170","text":"RT @BjornLomborg: New Nature study shows net-zero will cost each American more than $11,000 every year by 2050\n\nThat's ~100x more expensive…"},{"public_metrics":{"retweet_count":270,"reply_count":0,"like_count":0,"quote_count":0},"created_at":"2021-09-27T15:03:05.000Z","id":"1442505078900932618","text":"RT @AGHamilton29: This seems to be what this guy does every few months. He might be the biggest Karen in the history of social media. https…"},{"public_metrics":{"retweet_count":3072,"reply_count":0,"like_count":0,"quote_count":0},"created_at":"2021-09-27T14:57:52.000Z","id":"1442503764129325057","text":"RT @RepAndyBiggsAZ: Reminder: Americans are still stranded in Afghanistan."},{"public_metrics":{"retweet_count":74,"reply_count":0,"like_count":0,"quote_count":0},"created_at":"2021-09-27T14:51:49.000Z","id":"1442502243463335937","text":"RT @jessesingal: This is the guy who accused the AirBnB host of satanism and the Williamsburg park lady of racism. Article in question is f…"},{"public_metrics":{"retweet_count":138,"reply_count":59,"like_count":1173,"quote_count":1},"created_at":"2021-09-27T14:32:16.000Z","id":"1442497321908985863","text":"And when you spend the bulk of this pandemic lying (You don't need masks! You must wear a mask!) or pandering (Don't gather in groups to protest lockdowns! Protest George Floyd by the millions!), or even downplaying vaccines (They're Trump's!) you aren't strengthening your case."},{"public_metrics":{"retweet_count":97,"reply_count":33,"like_count":1058,"quote_count":7},"created_at":"2021-09-27T14:31:23.000Z","id":"1442497098616754178","text":"Institutional credibility is required to get people to do something like take a vaccine for a disease that does not kill the vast bulk of people who get it. When the institutions have destroyed their own credibility for years, it's tough to turn it on like a light switch."},{"public_metrics":{"retweet_count":74,"reply_count":45,"like_count":814,"quote_count":3},"created_at":"2021-09-27T14:30:25.000Z","id":"1442496855753957382","text":"If we care about people getting vaccinated -- and we should -- perhaps it might behoove those in the media, whose job it is to tell the truth about both politics and vaccine efficacy, to take a look in the mirror when it comes to why so many people don't believe them."},{"public_metrics":{"retweet_count":586,"reply_count":154,"like_count":3282,"quote_count":36},"created_at":"2021-09-27T14:29:39.000Z","id":"1442496662937620481","text":"Politics is now tied in serious ways to vaccination rates. It's also true that FL and TX have done better than virtually all red states and yet received the bulk of the media's hatred. Which would at least partially explain why so many Republicans think this is political. https://t.co/iJwu5wa2xu"},{"public_metrics":{"retweet_count":169,"reply_count":0,"like_count":0,"quote_count":0},"created_at":"2021-09-27T14:27:22.000Z","id":"1442496088745803791","text":"RT @neontaster: Popehat: LOL at the people who say that cancel culture is about using clout to get others fired\n\nAlso Popehat: *cheers peop…"},{"public_metrics":{"retweet_count":61,"reply_count":0,"like_count":0,"quote_count":0},"created_at":"2021-09-27T14:26:38.000Z","id":"1442495902736863238","text":"RT @neontaster: The funny part of PopeHat is that it wasn't a person. It was the name of a blog and the Twitter account was run by like thr…"},{"public_metrics":{"retweet_count":539,"reply_count":0,"like_count":0,"quote_count":0},"created_at":"2021-09-27T14:26:20.000Z","id":"1442495830129135618","text":"RT @Redistrict: An example of why redistricting could be close to a wash: to defend their own existing seats against suburban erosion, TX R…"},{"public_metrics":{"retweet_count":183,"reply_count":241,"like_count":2350,"quote_count":19},"created_at":"2021-09-27T14:26:01.000Z","id":"1442495747455336452","text":"So much diversity happening https://t.co/9cuRVdPGDj"},{"public_metrics":{"retweet_count":666,"reply_count":0,"like_count":0,"quote_count":0},"created_at":"2021-09-27T14:21:31.000Z","id":"1442494618201960451","text":"RT @NikkiHaley: https://t.co/IK4kVKIB6c"},{"public_metrics":{"retweet_count":60,"reply_count":0,"like_count":0,"quote_count":0},"created_at":"2021-09-27T14:21:26.000Z","id":"1442494595284283394","text":"RT @ebvwilkerson: France says “non!” to gender ideology – Genspect https://t.co/mxz2AJa6Qn"},{"public_metrics":{"retweet_count":541,"reply_count":265,"like_count":3596,"quote_count":42},"created_at":"2021-09-27T14:18:34.000Z","id":"1442493873079652354","text":"As I have said, the venn diagram of the worried and the vaccinated are concentric circles. Almost no one unvaccinated is worried; almost everyone worried is already vaccinated. Which is why everything is f***ed. https://t.co/nYDynX9Zr4"},{"public_metrics":{"retweet_count":129,"reply_count":0,"like_count":0,"quote_count":0},"created_at":"2021-09-27T14:16:38.000Z","id":"1442493386418794500","text":"RT @KevinWGlass: This is nuts. The *vaccinated* people in this poll are nuts. https://t.co/AY43lJZ7CO https://t.co/iw4FZ4WBVq"},{"public_metrics":{"retweet_count":3173,"reply_count":0,"like_count":0,"quote_count":0},"created_at":"2021-09-27T14:16:19.000Z","id":"1442493308727562244","text":"RT @wokal_distance: Everyone who tells you cancel culture isn't real is lying. \n\nA story in 4 parts: https://t.co/mFL2RBM58Y"},{"public_metrics":{"retweet_count":165,"reply_count":0,"like_count":0,"quote_count":0},"created_at":"2021-09-27T14:15:07.000Z","id":"1442493004359606274","text":"RT @karol: This is going to be a super fun winter for parents."},{"public_metrics":{"retweet_count":133,"reply_count":37,"like_count":880,"quote_count":7},"created_at":"2021-09-27T14:14:03.000Z","id":"1442492736695844867","text":"Make no mistake: this is corporate cowardice, pure and simple. No investigation. No questions. Nothing. A demand from a racial activist author and a concession. All it meant was one woman's livelihood. No big deal. https://t.co/VYuBJMZ5xc"},{"public_metrics":{"retweet_count":201,"reply_count":0,"like_count":0,"quote_count":0},"created_at":"2021-09-27T14:13:22.000Z","id":"1442492564825722891","text":"RT @Neoavatara: Don't ever work for a company that treats it's employees like this. \n\nBecause next time... It'll be you"},{"public_metrics":{"retweet_count":64,"reply_count":0,"like_count":0,"quote_count":0},"created_at":"2021-09-27T14:13:07.000Z","id":"1442492502125154312","text":"RT @neontaster: Every six months or so Fredrick Joseph tries to start some racial controversy on Twitter to promote himself."},{"public_metrics":{"retweet_count":22,"reply_count":0,"like_count":0,"quote_count":0},"created_at":"2021-09-27T14:12:55.000Z","id":"1442492450589790209","text":"RT @neontaster: People like @WajahatAli who spend entire days crying when someone hurts Ilhan Omar's feelings ignores actual cancel culture…"},{"public_metrics":{"retweet_count":98,"reply_count":0,"like_count":0,"quote_count":0},"created_at":"2021-09-27T14:12:12.000Z","id":"1442492271782502405","text":"RT @kylamb8: Remember when I mentioned, and some didn't believe me, the spike of cases seen in the 0-11 &amp; 12-19 age groups a little over a…"},{"public_metrics":{"retweet_count":611,"reply_count":0,"like_count":0,"quote_count":0},"created_at":"2021-09-27T14:06:34.000Z","id":"1442490853470072840","text":"RT @redsteeze: A completely made up news cycle to help Biden deflect from 12,000 people sitting under a bridge. Facebook memes aren't the p…"},{"public_metrics":{"retweet_count":727,"reply_count":0,"like_count":0,"quote_count":0},"created_at":"2021-09-27T14:05:25.000Z","id":"1442490565665427462","text":"RT @jasonrantz: EXCLUSIVE: A teacher was forced to remove a pro-police flag from her classroom, claiming it's political &amp; could offend stud…"},{"public_metrics":{"retweet_count":137,"reply_count":38,"like_count":861,"quote_count":4},"created_at":"2021-09-27T13:49:23.000Z","id":"1442486530719698947","text":"This is why Facebook et al rely on these \"neutral\" fact-checkers to suppress non-institutional media sources, as they admitted last week. https://t.co/Ax73aMWNii"},{"public_metrics":{"retweet_count":751,"reply_count":142,"like_count":4081,"quote_count":15},"created_at":"2021-09-27T13:48:24.000Z","id":"1442486282677063689","text":"Fact-checkers have been completely silent on the media-orchestrated, Biden administration-pushed lie that Border Patrol was whipping illegal immigrants. But they are ON IT if you reported Hunter Biden's emails correctly (\"Missing Context!\")."},{"public_metrics":{"retweet_count":181,"reply_count":0,"like_count":0,"quote_count":0},"created_at":"2021-09-27T13:43:17.000Z","id":"1442484996531384332","text":"RT @bhrenton: Another week with lots of news, but here is the key takeaway: The vaccines continue to work, especially at preventing severe…"},{"public_metrics":{"retweet_count":78,"reply_count":0,"like_count":0,"quote_count":0},"created_at":"2021-09-27T13:43:06.000Z","id":"1442484946648682500","text":"RT @VA_GOP: It’s time to take back our beloved Commonwealth"},{"public_metrics":{"retweet_count":252,"reply_count":147,"like_count":3383,"quote_count":15},"created_at":"2021-09-27T13:35:58.000Z","id":"1442483152023433222","text":"Four in ten still say he's somewhat sharp, which is the most troubling stat here https://t.co/n40MZmalNU"},{"public_metrics":{"retweet_count":128,"reply_count":48,"like_count":1258,"quote_count":5},"created_at":"2021-09-27T13:35:10.000Z","id":"1442482953246871559","text":"But at least they didn't hang it from a helicopter, so the fact-checkers can sleep easy tonight https://t.co/ApN6BmP9Qu"},{"public_metrics":{"retweet_count":29,"reply_count":0,"like_count":0,"quote_count":0},"created_at":"2021-09-27T13:29:55.000Z","id":"1442481630673735680","text":"RT @LahavHarkov: Stay woke."},{"public_metrics":{"retweet_count":138,"reply_count":89,"like_count":925,"quote_count":12},"created_at":"2021-09-27T13:27:16.000Z","id":"1442480963821395969","text":"It's pretty incredible how this big bag of bloviating senility is now just cribbing Bernie's Twitter game. Except, to be fair to Bernie, he's more honest: he admits he wants to tax those in the middle class, too. https://t.co/otlGMgjB4F"},{"public_metrics":{"retweet_count":679,"reply_count":426,"like_count":9723,"quote_count":52},"created_at":"2021-09-27T13:26:10.000Z","id":"1442480688045953024","text":"Do these \"experts\" happen to be Democrats? https://t.co/ecar0CrE64"},{"public_metrics":{"retweet_count":257,"reply_count":106,"like_count":2271,"quote_count":7},"created_at":"2021-09-27T13:25:10.000Z","id":"1442480437289492481","text":"People keeping their own money is good. Stealing that money for purposes of Democratic vote-buying while simultaneously disincentivizing investment and entrepreneurship is bad. https://t.co/gq2oshxPDr"},{"public_metrics":{"retweet_count":158,"reply_count":42,"like_count":1108,"quote_count":8},"created_at":"2021-09-27T13:23:30.000Z","id":"1442480016072142856","text":"The \"investment\" Democrats talk about doesn't mean Americans get a return on their tax dollars. It means that Democrats get a return on their redistribution of tax dollars toward programs they believe will create Democrat votes."},{"public_metrics":{"retweet_count":93,"reply_count":19,"like_count":1114,"quote_count":4},"created_at":"2021-09-27T13:21:59.000Z","id":"1442479634298322947","text":"Honestly, the government spending money on steak dinner would be a better idea than nearly everything they're proposing. Because after a few hours, the steak is just today's waste you flush down the toilet. But the spending programs they're planning are waste forever."},{"public_metrics":{"retweet_count":33,"reply_count":7,"like_count":711,"quote_count":0},"created_at":"2021-09-27T13:20:21.000Z","id":"1442479223646535681","text":"https://t.co/CHTeka6IWZ"},{"public_metrics":{"retweet_count":71,"reply_count":14,"like_count":1007,"quote_count":0},"created_at":"2021-09-27T13:18:49.000Z","id":"1442478836914921480","text":"\"Oh yeah, and good news: my steak dinner cost zero dollars, because it was paid for.\""},{"public_metrics":{"retweet_count":101,"reply_count":14,"like_count":1195,"quote_count":4},"created_at":"2021-09-27T13:18:05.000Z","id":"1442478653581967364","text":"\"I stole your wallet, and it had a hundred bucks in it. I could give you back $20, but that would be wasting the money. Instead, I have decided to invest all $100 in a steak dinner for myself.\""},{"public_metrics":{"retweet_count":148,"reply_count":22,"like_count":1330,"quote_count":7},"created_at":"2021-09-27T13:17:30.000Z","id":"1442478504428417028","text":"Also fun to characterize Americans keeping their tax dollars as \"wasting money,\" but spending trillions on centralized government programs as \"investment.\" This is complete Orwellian nonsense."},{"public_metrics":{"retweet_count":1426,"reply_count":300,"like_count":9440,"quote_count":71},"created_at":"2021-09-27T13:16:29.000Z","id":"1442478251704791041","text":"My spending binge at the local bookstore cost zero dollars. I used my credit card, and I will at some point pay back my credit card. Or not. Doesn't really matter. But the point is, I bought stuff. And since they gave me the stuff, it's basically free. https://t.co/SiRDVycjD7"},{"public_metrics":{"retweet_count":149,"reply_count":0,"like_count":0,"quote_count":0},"created_at":"2021-09-27T13:12:23.000Z","id":"1442477218668613633","text":"RT @jimgeraghty: \"In New York, workers who are terminated because of refusal to be vaccinated are not eligible for unemployment insurance w…"},{"public_metrics":{"retweet_count":115,"reply_count":0,"like_count":0,"quote_count":0},"created_at":"2021-09-27T13:12:16.000Z","id":"1442477189686079492","text":"RT @jimgeraghty: The Lancet medical journal abruptly disbands its investigation into the origins of COVID-19; the World Health Organization…"},{"public_metrics":{"retweet_count":725,"reply_count":0,"like_count":0,"quote_count":0},"created_at":"2021-09-27T13:01:41.000Z","id":"1442474525539672068","text":"RT @davidharsanyi: Tax cuts, in which Americans keep their own money, have \"costs,\" but unprecedented spending bill \"costs perhaps zero\" be…"},{"public_metrics":{"retweet_count":321,"reply_count":0,"like_count":0,"quote_count":0},"created_at":"2021-09-27T13:01:36.000Z","id":"1442474505268432901","text":"RT @TheBabylonBee: Op-Ed: You'll Never Beat A Tyrannical Government With Just Guns https://t.co/dUeU4m7tX3"},{"public_metrics":{"retweet_count":113,"reply_count":0,"like_count":0,"quote_count":0},"created_at":"2021-09-27T13:01:28.000Z","id":"1442474469793091590","text":"RT @thomaschattwill: I don’t want to live in a world where saying “go back to your ‘hood” is a fireable offense."},{"public_metrics":{"retweet_count":250,"reply_count":0,"like_count":0,"quote_count":0},"created_at":"2021-09-27T12:49:14.000Z","id":"1442471392524464128","text":"RT @JerylBier: \"An earlier version... overstated what is known about the behavior of some Border Patrol agents on horseback. While the agen…"},{"public_metrics":{"retweet_count":197,"reply_count":0,"like_count":0,"quote_count":0},"created_at":"2021-09-27T12:48:31.000Z","id":"1442471213025038346","text":"RT @kerpen: It's mostly the result of an RSV wave and an overinclusive counting method."},{"public_metrics":{"retweet_count":436,"reply_count":0,"like_count":0,"quote_count":0},"created_at":"2021-09-27T12:08:18.000Z","id":"1442461091020296192","text":"RT @jbarro: Who politicized science? It was the scientists, particularly in public health, who increasingly cannot see where expert questio…"},{"public_metrics":{"retweet_count":28,"reply_count":0,"like_count":0,"quote_count":0},"created_at":"2021-09-26T23:53:03.000Z","id":"1442276058066128896","text":"RT @benjaminwittes: Ok all you spy-film people out there, a conversation with @jsbalek has raised an important question: Is there a more pe…"},{"public_metrics":{"retweet_count":65,"reply_count":0,"like_count":0,"quote_count":0},"created_at":"2021-09-26T23:37:29.000Z","id":"1442272140892459011","text":"RT @TPCarney: Yet we still have a mask mandate. I think I know every county adult who is unvaxxed, at this point, and most of them already…"},{"public_metrics":{"retweet_count":1074,"reply_count":0,"like_count":0,"quote_count":0},"created_at":"2021-09-26T23:17:02.000Z","id":"1442266995869769729","text":"RT @josh_hammer: I’ve seen middle schoolers smarter and more informed than this."},{"public_metrics":{"retweet_count":189,"reply_count":0,"like_count":0,"quote_count":0},"created_at":"2021-09-26T23:07:51.000Z","id":"1442264684472815618","text":"RT @wesyang: At some point the agencies that collect the data (statistics, surveys, etc) on which all other journalists and researchers rel…"},{"public_metrics":{"retweet_count":838,"reply_count":0,"like_count":0,"quote_count":0},"created_at":"2021-09-26T04:45:47.000Z","id":"1441987341891997697","text":"RT @JazzShaw: You inherited three working vaccines that were developed at a speed never seen before. You had to distribute them. Get better…"},{"public_metrics":{"retweet_count":2979,"reply_count":0,"like_count":0,"quote_count":0},"created_at":"2021-09-26T04:45:39.000Z","id":"1441987307242803201","text":"RT @chim0m: “Greenwood was appointed to the National Council on the Arts by President George W. Bush. He was reappointed by Barack Obama an…"},{"public_metrics":{"retweet_count":160,"reply_count":0,"like_count":0,"quote_count":0},"created_at":"2021-09-26T02:59:04.000Z","id":"1441960486472323073","text":"RT @yaf: Sorry, it's not the responsibility of other people to protect your fragile mind \uD83D\uDC49\uD83C\uDFFB https://t.co/mWt9wZqFsd\n\n@benshapiro @realDaily…"},{"public_metrics":{"retweet_count":219,"reply_count":0,"like_count":0,"quote_count":0},"created_at":"2021-09-25T00:54:50.000Z","id":"1441566834143031301","text":"RT @peterboghossian: Fact check: True"},{"public_metrics":{"retweet_count":79,"reply_count":545,"like_count":2499,"quote_count":28},"created_at":"2021-09-25T00:54:37.000Z","id":"1441566776324608003","text":"Lost in Translation https://t.co/Ok7h5fljCg"},{"public_metrics":{"retweet_count":5572,"reply_count":0,"like_count":0,"quote_count":0},"created_at":"2021-09-24T23:52:04.000Z","id":"1441551038670991363","text":"RT @MattWalshBlog: Loudoun County changed the rules so that only residents can speak at the school board. In unrelated news, I’m proud to a…"},{"public_metrics":{"retweet_count":210,"reply_count":0,"like_count":0,"quote_count":0},"created_at":"2021-09-24T19:11:34.000Z","id":"1441480447385423876","text":"RT @redsteeze: This is a direct contradiction to what Jen Psaki told reporters earlier this week. @ErikWemple will now make grand overtures…"},{"public_metrics":{"retweet_count":722,"reply_count":454,"like_count":5093,"quote_count":50},"created_at":"2021-09-24T19:11:01.000Z","id":"1441480308122013696","text":"Pathetic liar https://t.co/oQDBQ5U00d"},{"public_metrics":{"retweet_count":438,"reply_count":0,"like_count":0,"quote_count":0},"created_at":"2021-09-24T19:10:13.000Z","id":"1441480108041117703","text":"RT @ltthompso: The moral outrage shown by the administration - WHICH CREATED THIS BORDER CRISIS THROUGH ITS WILLFUL, RECKLESS POLICY - is b…"},{"public_metrics":{"retweet_count":689,"reply_count":0,"like_count":0,"quote_count":0},"created_at":"2021-09-24T19:09:55.000Z","id":"1441480030991781889","text":"RT @nytimes: \"Kate Still a Poorly Organized Depression\" was not a subtweet, the National Hurricane Center swears. https://t.co/xfIhsCWl8X"},{"public_metrics":{"retweet_count":1665,"reply_count":609,"like_count":9901,"quote_count":104},"created_at":"2021-09-24T19:08:57.000Z","id":"1441479788061868045","text":"The only trillionaires are governments, which get their money by seizing the wealth of everyone else rather than through actual creation and distribution of goods and services -- and which still run tens of trillions in debt https://t.co/qr2Y3Rgt71"},{"public_metrics":{"retweet_count":511,"reply_count":0,"like_count":0,"quote_count":0},"created_at":"2021-09-24T17:11:56.000Z","id":"1441450338817490953","text":"RT @TheBabylonBee: Democrats Call On Rohan To Ban The Use Of Horses\nhttps://t.co/fnwMBqhLDi"},{"public_metrics":{"retweet_count":16,"reply_count":0,"like_count":0,"quote_count":0},"created_at":"2021-09-24T17:10:57.000Z","id":"1441450090577547271","text":"RT @SouthernKeeks: @SonnyBunch Everyone hates The Village but it’s actually a great movie about family and love. Too many went into it expe…"},{"public_metrics":{"retweet_count":14819,"reply_count":0,"like_count":0,"quote_count":0},"created_at":"2021-09-24T17:10:33.000Z","id":"1441449993332674569","text":"RT @ThomasSowell: I have never understood why it is \"greed\" to want to keep the money you have earned but not greed to want to take somebod…"}],"meta":{"oldest_id":"1441449993332674569","newest_id":"1443364469753647104","result_count":100,"next_token":"7140dibdnow9c7btw3z2gc0jl9qx43pq7l9ns9hya3z21"}}