{"data":[{"text":"They really do have a habit of screwing the young people who work with them https://t.co/bdNHqou1YF","created_at":"2021-10-29T21:34:58.000Z","id":"1454200108531265540","public_metrics":{"retweet_count":992,"reply_count":297,"like_count":7473,"quote_count":62}},{"text":"RT @neontaster: Guess I was wrong! https://t.co/CU1DATGQ3G","created_at":"2021-10-29T21:33:38.000Z","id":"1454199773834137602","public_metrics":{"retweet_count":73,"reply_count":0,"like_count":0,"quote_count":0}},{"text":"RT @RealSaavedra: Then why are they locking down their social media accounts?","created_at":"2021-10-29T21:33:29.000Z","id":"1454199737058480128","public_metrics":{"retweet_count":669,"reply_count":0,"like_count":0,"quote_count":0}},{"text":"RT @classicallyabby: Political ads that tell me I shouldn't vote for the candidate who wants to \"limit your access to abortions\" really hav…","created_at":"2021-10-29T21:33:20.000Z","id":"1454199699834015753","public_metrics":{"retweet_count":78,"reply_count":0,"like_count":0,"quote_count":0}},{"text":"RT @guypbenson: The sh*tbag LP/Dem alliance strikes again","created_at":"2021-10-29T21:33:09.000Z","id":"1454199651083620352","public_metrics":{"retweet_count":101,"reply_count":0,"like_count":0,"quote_count":0}},{"text":"RT @alec_sears: \uD83D\uDEA8BREAKING\uD83D\uDEA8 \n\nThe Lincoln Project has claimed responsibility for this ridiculous demonstration https://t.co/wsmeHGVDnU","created_at":"2021-10-29T21:32:49.000Z","id":"1454199570330705922","public_metrics":{"retweet_count":114,"reply_count":0,"like_count":0,"quote_count":0}},{"text":"RT @DailySignal: What’s the point of a wealth tax if, in the end, it will fail?\n\nThe point is the punishment. \n\nBiden and Warren are seekin…","created_at":"2021-10-29T21:32:15.000Z","id":"1454199426860429319","public_metrics":{"retweet_count":44,"reply_count":0,"like_count":0,"quote_count":0}},{"text":"RT @MrAndyNgo: Breaking: Portland antifa member John Colin Hacker, 37, was indicted for a 2019 attack on me. He is charged w/felony 3rd-deg…","created_at":"2021-10-29T21:32:09.000Z","id":"1454199401753235458","public_metrics":{"retweet_count":2213,"reply_count":0,"like_count":0,"quote_count":0}},{"text":"The meeting of Virginia Democrats who dress up as racists in their off-hours is getting crowded.","created_at":"2021-10-29T19:20:06.000Z","id":"1454166168403652613","public_metrics":{"retweet_count":2345,"reply_count":277,"like_count":16477,"quote_count":44}},{"text":"RT @RealSaavedra: 2-words: Clayton Bigsby.","created_at":"2021-10-29T19:12:18.000Z","id":"1454164204215226369","public_metrics":{"retweet_count":137,"reply_count":0,"like_count":0,"quote_count":0}},{"text":"RT @redsteeze: \"We have to include  POC and a woman in our White guy nazi stunt\" is just peak woke Democratic politics. It's amazing.","created_at":"2021-10-29T19:04:56.000Z","id":"1454162354330025992","public_metrics":{"retweet_count":625,"reply_count":0,"like_count":0,"quote_count":0}},{"text":"RT @TheBabylonBee: Supply Chain Crisis Solved As Each Migrant Coming Into Country Will Be Asked To Help Carry A Shipping Container https://…","created_at":"2021-10-29T19:04:53.000Z","id":"1454162340040085513","public_metrics":{"retweet_count":2148,"reply_count":0,"like_count":0,"quote_count":0}},{"text":"RT @MartinKulldorff: \"Suddenly there emerged a cadre of pandemic experts who recommended—then quickly required—extreme and unprecedented th…","created_at":"2021-10-29T19:04:49.000Z","id":"1454162323598364672","public_metrics":{"retweet_count":297,"reply_count":0,"like_count":0,"quote_count":0}},{"text":"Sadly, not before she had used the ice cream scoop as a shoehorn https://t.co/OfSIWBMdR2","created_at":"2021-10-29T19:04:40.000Z","id":"1454162284767551492","public_metrics":{"retweet_count":25,"reply_count":43,"like_count":617,"quote_count":2}},{"text":"RT @AGHamilton29: At least 2 of the individuals have already seemingly been identified as associated with @vademocrats and subsequently loc…","created_at":"2021-10-29T19:03:25.000Z","id":"1454161970786095120","public_metrics":{"retweet_count":355,"reply_count":0,"like_count":0,"quote_count":0}},{"text":"RT @kerpen: The tiki stunt is so stupid that no political professional could have thought it was a good idea, right?  So was it the candida…","created_at":"2021-10-29T18:59:18.000Z","id":"1454160933450813449","public_metrics":{"retweet_count":68,"reply_count":0,"like_count":0,"quote_count":0}},{"text":"VA Democrats are apparently so racist that they think black Americans will fall for this obvious stupidity https://t.co/POAyUrI7pB","created_at":"2021-10-29T18:57:37.000Z","id":"1454160510702788609","public_metrics":{"retweet_count":2307,"reply_count":611,"like_count":14125,"quote_count":145}},{"text":"RT @guypbenson: Well, knock me over with a feather. Condolences to the McAuliffe campaign staffers treating this ludicrous, insulting stunt…","created_at":"2021-10-29T18:55:25.000Z","id":"1454159958212288514","public_metrics":{"retweet_count":462,"reply_count":0,"like_count":0,"quote_count":0}},{"text":"RT @TomCottonAR: Terry McAuliffe is so desperate that his staffers are dressing up like Ralph Northam.\n\nIt won't work.","created_at":"2021-10-29T18:55:19.000Z","id":"1454159933218476032","public_metrics":{"retweet_count":3906,"reply_count":0,"like_count":0,"quote_count":0}},{"text":"RT @alec_sears: \uD83D\uDEA8 I am now confident that we have identified the woman in this group of political actors as Colleen Wachenfeld, with @vadem…","created_at":"2021-10-29T18:55:12.000Z","id":"1454159903216574470","public_metrics":{"retweet_count":3584,"reply_count":0,"like_count":0,"quote_count":0}},{"text":"RT @KatiePavlich: Virginia Dems Pose As White Nationalists to Smear Glenn Youngkin. Fail Miserably.  https://t.co/0uHutEv9wB","created_at":"2021-10-29T18:34:40.000Z","id":"1454154737427877888","public_metrics":{"retweet_count":2573,"reply_count":0,"like_count":0,"quote_count":0}},{"text":"RT @MikevWUSA: \uD83D\uDEA8NEW &gt;&gt; According to multiple federal &amp; local law enforcement officials, there is an elevated, highly specific threat agains…","created_at":"2021-10-29T18:33:27.000Z","id":"1454154428492259336","public_metrics":{"retweet_count":1097,"reply_count":0,"like_count":0,"quote_count":0}},{"text":"RT @KatiePavlich: The Democrat desperation in Virginia has reached a new, pathetic level","created_at":"2021-10-29T18:32:12.000Z","id":"1454154112862494724","public_metrics":{"retweet_count":1724,"reply_count":0,"like_count":0,"quote_count":0}},{"text":"RT @wil_da_beast630: The vaccines do cut specifically individual-level chances of COVID DEATH by 86-92%.\n\nBut, this is an obvious major wea…","created_at":"2021-10-29T17:50:46.000Z","id":"1454143689043988485","public_metrics":{"retweet_count":119,"reply_count":0,"like_count":0,"quote_count":0}},{"text":"RT @KeithSpera: @benshapiro FWIW: Last night, during the sold-out @DaveChappelle show in New Orleans, he said, \"It's not funny, but it's in…","created_at":"2021-10-29T17:50:00.000Z","id":"1454143496676421636","public_metrics":{"retweet_count":42,"reply_count":0,"like_count":0,"quote_count":0}},{"text":"The one where someone said she was a comedian https://t.co/miryBrZ228","created_at":"2021-10-29T17:37:24.000Z","id":"1454140325581279233","public_metrics":{"retweet_count":139,"reply_count":61,"like_count":2498,"quote_count":12}},{"text":"RT @alec_sears: This is so clearly a political operation organized by @AdamParkhomenko it's not even funny. \n\nAnd I have the receipts.\n\nThr…","created_at":"2021-10-29T17:36:14.000Z","id":"1454140029601730561","public_metrics":{"retweet_count":2073,"reply_count":0,"like_count":0,"quote_count":0}},{"text":"RT @wil_da_beast630: Bruh. Get off her nuts. https://t.co/S3LdQxKUVp","created_at":"2021-10-29T17:36:01.000Z","id":"1454139976405368837","public_metrics":{"retweet_count":10,"reply_count":0,"like_count":0,"quote_count":0}},{"text":"RT @bariweiss: \"The boy, however, expected sex and refused to accept the girl’s refusal.\" A remarkable way of describing rape. https://t.co…","created_at":"2021-10-29T17:35:23.000Z","id":"1454139818271813637","public_metrics":{"retweet_count":1260,"reply_count":0,"like_count":0,"quote_count":0}},{"text":"RT @EsotericCD: Everyone talks about San Francisco’s shoplifting epidemic but it is getting truly awful in Chicago as well. This is not at…","created_at":"2021-10-29T17:07:56.000Z","id":"1454132907656757254","public_metrics":{"retweet_count":97,"reply_count":0,"like_count":0,"quote_count":0}},{"text":"RT @neontaster: If you don't instinctively understand this image to be anti-Youngkin people making a point about him supposedly being racis…","created_at":"2021-10-29T17:07:20.000Z","id":"1454132756884111365","public_metrics":{"retweet_count":131,"reply_count":0,"like_count":0,"quote_count":0}},{"text":"RT @AllisonW_Sports: ESPN Forced Me Out Over Their Vaccine Mandate. Here’s Why I Stood My Ground\n\n https://t.co/DSZOt6L82J","created_at":"2021-10-29T16:54:56.000Z","id":"1454129638465228813","public_metrics":{"retweet_count":291,"reply_count":0,"like_count":0,"quote_count":0}},{"text":"RT @sfcpoll: One clear change from our September poll is the importance of education - 24% say it's their top voting issue, up from 15%, ri…","created_at":"2021-10-29T16:51:46.000Z","id":"1454128839718842372","public_metrics":{"retweet_count":49,"reply_count":0,"like_count":0,"quote_count":0}},{"text":"RT @CotlerWunsh: @yaf @benshapiro @realDailyWire Also - if truly want to help, imperative to understand difference between inequality &amp; ine…","created_at":"2021-10-29T16:21:13.000Z","id":"1454121150443933698","public_metrics":{"retweet_count":15,"reply_count":0,"like_count":0,"quote_count":0}},{"text":"RT @jordanbpeterson: Is Meaning Found Where Responsibility Lies?\n\nWith @benshapiro. https://t.co/ljwfB5toLI","created_at":"2021-10-29T16:21:06.000Z","id":"1454121120848830473","public_metrics":{"retweet_count":154,"reply_count":0,"like_count":0,"quote_count":0}},{"text":"RT @NoahCRothman: Well. https://t.co/JMIHrJGfxh","created_at":"2021-10-29T14:23:00.000Z","id":"1454091401596219398","public_metrics":{"retweet_count":17,"reply_count":0,"like_count":0,"quote_count":0}},{"text":"RT @guypbenson: I think I know which guy you’re talking about. Some officious scolds really get off on this whole power trip.","created_at":"2021-10-29T14:22:46.000Z","id":"1454091341542088707","public_metrics":{"retweet_count":32,"reply_count":0,"like_count":0,"quote_count":0}},{"text":"RT @EmmaKinery: Virginia governor’s race:\nWashington Post/Schar poll finds McAuliffe and Youngkin within the margin of error among likely a…","created_at":"2021-10-29T14:13:27.000Z","id":"1454089000210337812","public_metrics":{"retweet_count":21,"reply_count":0,"like_count":0,"quote_count":0}},{"text":"RT @yaf: \uD83C\uDFA5 @BenShapiro: “I’m not against helping people. I’m against the idea that the government can fix historical inequity.”\n\n@realDaily…","created_at":"2021-10-29T14:11:46.000Z","id":"1454088575092408320","public_metrics":{"retweet_count":112,"reply_count":0,"like_count":0,"quote_count":0}},{"text":"RT @HotlineJosh: NEW WaPo/Schar School poll: McAuliffe 49, Youngkin 48.\n\n\"Youngkin is fueled by an 18-point advantage among independent lik…","created_at":"2021-10-29T14:11:01.000Z","id":"1454088387107885059","public_metrics":{"retweet_count":82,"reply_count":0,"like_count":0,"quote_count":0}},{"text":"RT @swinshi: I think NFTs will take off as VR blossoms, but it will require IP protections. Why wouldn't we buy cool virtual clothes and vi…","created_at":"2021-10-29T13:48:46.000Z","id":"1454082785451388941","public_metrics":{"retweet_count":14,"reply_count":0,"like_count":0,"quote_count":0}},{"text":"RT @BenjySarlin: In general, I don't think people are quite absorbing how bad Biden's numbers are at the moment. State polls keep looking e…","created_at":"2021-10-29T13:47:47.000Z","id":"1454082537387663360","public_metrics":{"retweet_count":113,"reply_count":0,"like_count":0,"quote_count":0}},{"text":"RT @TwitchyTeam: So, the Biden administration lied? Evidently supply chain issues haven’t been due to rampant consumer spending after all h…","created_at":"2021-10-29T13:47:15.000Z","id":"1454082406454108169","public_metrics":{"retweet_count":104,"reply_count":0,"like_count":0,"quote_count":0}},{"text":"RT @a_newsman: .@benshapiro is quietly building an alternative to every corporate and legacy institution of cultural significance. He’s doi…","created_at":"2021-10-29T13:47:07.000Z","id":"1454082372819996680","public_metrics":{"retweet_count":99,"reply_count":0,"like_count":0,"quote_count":0}},{"text":"RT @business: Vaccinated people are just as likely as unvaccinated people to spread the delta variant to contacts in their household, a yea…","created_at":"2021-10-29T13:42:37.000Z","id":"1454081237535141899","public_metrics":{"retweet_count":12869,"reply_count":0,"like_count":0,"quote_count":0}},{"text":"RT @ByronYork: Biden's times: 'The US economy is growing at its slowest pace since the recovery began. Faster inflation is likely to linger…","created_at":"2021-10-29T13:42:27.000Z","id":"1454081195558547461","public_metrics":{"retweet_count":118,"reply_count":0,"like_count":0,"quote_count":0}},{"text":"So nothing on abortion? Interesting. https://t.co/gj4KyCZryq","created_at":"2021-10-29T13:35:58.000Z","id":"1454079567308722184","public_metrics":{"retweet_count":186,"reply_count":137,"like_count":1486,"quote_count":16}},{"text":"RT @FordOConnell: “What DeSantis understood is that there is no absolute ‘right thing’ where COVID-19 is concerned, that we are living in a…","created_at":"2021-10-29T13:34:20.000Z","id":"1454079152668225545","public_metrics":{"retweet_count":215,"reply_count":0,"like_count":0,"quote_count":0}},{"text":"RT @ElbridgeColby: Very clear visual representation of how economic power is clustered in a few key places in the world. Hence my focus on…","created_at":"2021-10-29T13:32:18.000Z","id":"1454078641596403720","public_metrics":{"retweet_count":105,"reply_count":0,"like_count":0,"quote_count":0}},{"text":"RT @TomCottonAR: In March, Janet Yellen said inflation is \"not a significant risk.\"\n\nIn May, she said it would only last for \"several more…","created_at":"2021-10-29T13:32:00.000Z","id":"1454078567185371136","public_metrics":{"retweet_count":331,"reply_count":0,"like_count":0,"quote_count":0}},{"text":"She ran really really fast https://t.co/6tHZZmRRmx","created_at":"2021-10-29T13:31:38.000Z","id":"1454078474377957382","public_metrics":{"retweet_count":292,"reply_count":196,"like_count":5819,"quote_count":14}},{"text":"RT @neontaster: How do you \"nearly\" get COVID? https://t.co/RLKqLInwar","created_at":"2021-10-29T13:31:23.000Z","id":"1454078412184817666","public_metrics":{"retweet_count":902,"reply_count":0,"like_count":0,"quote_count":0}},{"text":"Millennial cowards are ruining the country. The proper answer to obnoxious Gen Z employees demanding woke politics from their employers is, \"Get back to your desk and do your f***ing job.\" https://t.co/zIuaBQ0xIW","created_at":"2021-10-29T13:30:53.000Z","id":"1454078287576244228","public_metrics":{"retweet_count":261,"reply_count":176,"like_count":2043,"quote_count":18}},{"text":"Here's the far-more-accurate take from Punchbowl. https://t.co/gbcZmeufIc","created_at":"2021-10-29T13:22:49.000Z","id":"1454076257612804108","public_metrics":{"retweet_count":53,"reply_count":24,"like_count":494,"quote_count":3}},{"text":"Fun to watch Politico try to spin yesterday's disaster for the Democrats as a win for Biden, titling this masterwork \"Why Joe Biden already won.\" https://t.co/wZgZHqnioE","created_at":"2021-10-29T13:21:00.000Z","id":"1454075798055530502","public_metrics":{"retweet_count":110,"reply_count":41,"like_count":1019,"quote_count":5}},{"text":"RT @HotlineJosh: This.  Why Biden led with reassuring voters on inflation/deficit in a speech about spending $3T+ in additional gov't spend…","created_at":"2021-10-29T13:19:19.000Z","id":"1454075375252918275","public_metrics":{"retweet_count":26,"reply_count":0,"like_count":0,"quote_count":0}},{"text":"RT @HotlineJosh: Worth the full read.","created_at":"2021-10-29T13:18:51.000Z","id":"1454075258483445765","public_metrics":{"retweet_count":22,"reply_count":0,"like_count":0,"quote_count":0}},{"text":"RT @GadSaad: I’m thinking of sneaking my family illegally into the US. I know that @joebiden’s Noble Open Borders administration will grant…","created_at":"2021-10-29T13:17:31.000Z","id":"1454074924159672328","public_metrics":{"retweet_count":585,"reply_count":0,"like_count":0,"quote_count":0}},{"text":"RT @piersmorgan: ‘Cancel culture doesn’t exist’ \uD83D\uDC47","created_at":"2021-10-29T13:12:33.000Z","id":"1454073672000589831","public_metrics":{"retweet_count":181,"reply_count":0,"like_count":0,"quote_count":0}},{"text":"Instead, the red states continue to do just fine economically, while the blue states continue to stagnate. https://t.co/PeAcmPaY8T","created_at":"2021-10-29T13:12:05.000Z","id":"1454073556850053121","public_metrics":{"retweet_count":185,"reply_count":37,"like_count":1620,"quote_count":4}},{"text":"The economy grew at a disappointing 2% in Q3; the media blamed the delta variant. If that were true, we should have seen widespread spikes in unemployment in the red states that suffered from the spike the most, and serious economic growth in unaffected states. Nope.","created_at":"2021-10-29T13:11:23.000Z","id":"1454073377967181830","public_metrics":{"retweet_count":624,"reply_count":65,"like_count":4449,"quote_count":15}},{"text":"RT @nfergus: Good to see David Starkey re-emerging from under the cloud of cancellation, a disproportionate punishment for a single tastele…","created_at":"2021-10-29T13:08:33.000Z","id":"1454072666386751496","public_metrics":{"retweet_count":102,"reply_count":0,"like_count":0,"quote_count":0}},{"text":"The American dream used to be married families having children, working to give those children opportunities, and those children innovating, creating and rising dramatically in the world. Now it's the Life of Linda -- eternal dependence and economic stagnation as fulfillment.","created_at":"2021-10-29T13:08:18.000Z","id":"1454072603740676105","public_metrics":{"retweet_count":1722,"reply_count":441,"like_count":12541,"quote_count":79}},{"text":"RT @AndrewCMcCarthy: Congress may be right to cite Bannon for contempt — but Justice would be wrong to prosecute https://t.co/GLZGRF9FMF","created_at":"2021-10-29T12:46:05.000Z","id":"1454067012108423172","public_metrics":{"retweet_count":32,"reply_count":0,"like_count":0,"quote_count":0}},{"text":"RT @HotlineJosh: “What I have seen over the last several months are suburban parents being very concerned about a perception that the D Par…","created_at":"2021-10-29T12:41:28.000Z","id":"1454065850907078656","public_metrics":{"retweet_count":28,"reply_count":0,"like_count":0,"quote_count":0}},{"text":"RT @LPDonovan: Genuinely cannot believe they did this again https://t.co/P6C5gsgoBa https://t.co/0DZbhvJyd4","created_at":"2021-10-29T12:27:57.000Z","id":"1454062448193978370","public_metrics":{"retweet_count":46,"reply_count":0,"like_count":0,"quote_count":0}},{"text":"RT @TheBabylonBee: Wife's Side Of The Bed Obviously Gerrymandered https://t.co/63vxDmWBOS","created_at":"2021-10-29T12:25:24.000Z","id":"1454061804716441600","public_metrics":{"retweet_count":359,"reply_count":0,"like_count":0,"quote_count":0}},{"text":"RT @politicalelle: If companies started featuring overweight men in speedos as part of the “body positivity” movement, that would put an en…","created_at":"2021-10-29T12:25:15.000Z","id":"1454061770017026050","public_metrics":{"retweet_count":1287,"reply_count":0,"like_count":0,"quote_count":0}},{"text":"LMAO https://t.co/GvYWR97E1d","created_at":"2021-10-29T12:01:07.000Z","id":"1454055697465974786","public_metrics":{"retweet_count":22,"reply_count":68,"like_count":272,"quote_count":3}},{"text":"RT @GiancarloSopo: Ex-ESPN reporter @AllisonW_Sports on joining @realDailyWire after resisting vaccine mandate: \"@BenShapiro reached out wi…","created_at":"2021-10-29T02:34:52.000Z","id":"1453913194989244417","public_metrics":{"retweet_count":226,"reply_count":0,"like_count":0,"quote_count":0}},{"text":"RT @SethAMandel: Fantastic Meir Soloveichik column on Barnard's absurd declaration that its Jews must break the Sabbath when there was no m…","created_at":"2021-10-29T00:16:17.000Z","id":"1453878319729025025","public_metrics":{"retweet_count":31,"reply_count":0,"like_count":0,"quote_count":0}},{"text":"RT @StevenJDuffield: Can we be candid that he was lying when he said everyone was on board?  Just once?","created_at":"2021-10-29T00:16:12.000Z","id":"1453878298937892864","public_metrics":{"retweet_count":76,"reply_count":0,"like_count":0,"quote_count":0}},{"text":"RT @yaf: ❗️Don’t blame your own bad decisions on historical discrimination❗️\n\n@BenShapiro @realDailyWire","created_at":"2021-10-29T00:15:32.000Z","id":"1453878128800116738","public_metrics":{"retweet_count":64,"reply_count":0,"like_count":0,"quote_count":0}},{"text":"RT @dwr: We wanted flying cars and all we got was a quad-core 64-bit ARM Cortex-A53 processor clocked at 1GHz and 512MB RAM computer the si…","created_at":"2021-10-28T23:29:54.000Z","id":"1453866646121164800","public_metrics":{"retweet_count":72,"reply_count":0,"like_count":0,"quote_count":0}},{"text":"RT @AGHamilton29: This week's AG Report had several examples of actual lies from the press. These go way beyond simple mistakes.\n\nThe most…","created_at":"2021-10-28T23:29:14.000Z","id":"1453866479313637380","public_metrics":{"retweet_count":92,"reply_count":0,"like_count":0,"quote_count":0}},{"text":"RT @GovGianforte: President Biden’s vaccine mandate for federal contractors is illegal in Montana. \n\nRead my letter and guidance to Montana…","created_at":"2021-10-28T23:14:56.000Z","id":"1453862877740285952","public_metrics":{"retweet_count":1598,"reply_count":0,"like_count":0,"quote_count":0}},{"text":"RT @AviMayer: So this is where we’re at. https://t.co/wkAqL4TeAF","created_at":"2021-10-28T23:14:49.000Z","id":"1453862850104016897","public_metrics":{"retweet_count":65,"reply_count":0,"like_count":0,"quote_count":0}},{"text":"RT @josh_hammer: \"End the 'Abortion Exceptionalism' Double Standard.”\n\nMy syndicated column for the week. https://t.co/XsC5AGcq9n","created_at":"2021-10-28T23:14:27.000Z","id":"1453862759167369216","public_metrics":{"retweet_count":50,"reply_count":0,"like_count":0,"quote_count":0}},{"text":"RT @IMAO_: I don't know what to do with this.","created_at":"2021-10-28T22:28:30.000Z","id":"1453851194338816010","public_metrics":{"retweet_count":38,"reply_count":0,"like_count":0,"quote_count":0}},{"text":"RT @RichEdsonDC: NEW Fox News Poll: Youngkin passes McAuliffe\nVIRGINIA: Choice for Governor\n                                    Now    Oct.…","created_at":"2021-10-28T22:28:16.000Z","id":"1453851135027163156","public_metrics":{"retweet_count":371,"reply_count":0,"like_count":0,"quote_count":0}},{"text":"RT @MattWolking: BREAKING: Glenn Youngkin up 4 points over Terry McAuliffe in co/efficient poll\nhttps://t.co/t2jieZc1xC #VAgov","created_at":"2021-10-28T22:08:21.000Z","id":"1453846123974696961","public_metrics":{"retweet_count":385,"reply_count":0,"like_count":0,"quote_count":0}},{"text":"RT @guypbenson: Welp","created_at":"2021-10-28T22:02:23.000Z","id":"1453844622434832384","public_metrics":{"retweet_count":63,"reply_count":0,"like_count":0,"quote_count":0}},{"text":"RT @peterboghossian: Another philosophy professor bullied and harassed out of her position. This is a disgrace.","created_at":"2021-10-28T22:02:14.000Z","id":"1453844584904204290","public_metrics":{"retweet_count":101,"reply_count":0,"like_count":0,"quote_count":0}},{"text":"RT @guypbenson: \uD83D\uDEA8 Oh my \uD83D\uDEA8\n\n\uD83D\uDC40 New Fox poll of #VAGov (likely voters):\n\nYoungkin (R)  53 \nMcAuliffe (D) 45\n\nYoungkin also leads among RV’s by…","created_at":"2021-10-28T22:02:06.000Z","id":"1453844550926184461","public_metrics":{"retweet_count":909,"reply_count":0,"like_count":0,"quote_count":0}},{"text":"RT @JakeSherman: \uD83D\uDEA8\uD83D\uDEA8NEW from me and @bresreports: THE HOUSE will vote on a short-term extension of surface transportation authorization TONI…","created_at":"2021-10-28T22:01:58.000Z","id":"1453844517044559873","public_metrics":{"retweet_count":223,"reply_count":0,"like_count":0,"quote_count":0}},{"text":"RT @realchrisrufo: Another win.","created_at":"2021-10-28T21:44:01.000Z","id":"1453839997602258944","public_metrics":{"retweet_count":538,"reply_count":0,"like_count":0,"quote_count":0}},{"text":"RT @jbhenchman: The 1,684 page Build Back Better bill: https://t.co/mTktG688CS\n\n1/","created_at":"2021-10-28T21:38:59.000Z","id":"1453838731908198401","public_metrics":{"retweet_count":53,"reply_count":0,"like_count":0,"quote_count":0}},{"text":"RT @kerpen: No work requirement is another @Sen_JoeManchin red line violation.  Will he cave?","created_at":"2021-10-28T21:38:43.000Z","id":"1453838663608147968","public_metrics":{"retweet_count":68,"reply_count":0,"like_count":0,"quote_count":0}},{"text":"RT @MattWalshBlog: High School Boys In Lingerie Give Their Principal A Lap Dance | Ep. 828\n\nhttps://t.co/MP6Ggp0fBW","created_at":"2021-10-28T21:35:56.000Z","id":"1453837963515895816","public_metrics":{"retweet_count":111,"reply_count":0,"like_count":0,"quote_count":0}},{"text":"RT @davidharsanyi: Dems have long fooled themselves into believing certain things are popular with ridiculously misleading poll questions.","created_at":"2021-10-28T21:31:46.000Z","id":"1453836914780422146","public_metrics":{"retweet_count":97,"reply_count":0,"like_count":0,"quote_count":0}},{"text":"RT @Commentary: In the Authoritarian Moment, @benshapiro lays out a valuable account of the revolutionary groundwork, a century in the maki…","created_at":"2021-10-28T21:30:09.000Z","id":"1453836509791113216","public_metrics":{"retweet_count":23,"reply_count":0,"like_count":0,"quote_count":0}},{"text":"RT @BlueBoxDave: Conservative outlet Halloween costume rules.\nNRO: Historical figures only\nFederalist: Women only\nFree Beacon: Dress as @FB…","created_at":"2021-10-28T21:29:53.000Z","id":"1453836444053692422","public_metrics":{"retweet_count":6,"reply_count":0,"like_count":0,"quote_count":0}},{"text":"RT @swinshi: I'm really hoping Senator Manchin hasn't changed his mind about the importance of work incentives. I think a \"permanent\" fully…","created_at":"2021-10-28T14:23:35.000Z","id":"1453729159679643668","public_metrics":{"retweet_count":31,"reply_count":0,"like_count":0,"quote_count":0}},{"text":"RT @TPCarney: \"A lone, faceless, friendless, parentless, unmarried woman is ushered from cradle to grave by a benevolent state.\" https://t.…","created_at":"2021-10-28T14:23:25.000Z","id":"1453729119934373906","public_metrics":{"retweet_count":33,"reply_count":0,"like_count":0,"quote_count":0}},{"text":"In which we learn that Linda, like Julia before her, has chosen not to get married, and thus that the government should be the second earner and surrogate parent.","created_at":"2021-10-28T14:10:50.000Z","id":"1453725953905991681","public_metrics":{"retweet_count":135,"reply_count":84,"like_count":1571,"quote_count":6}},{"text":"RT @RabbiWolpe: The first purchase in Israel is a burial site, when Abraham buys the cave of Machpelah to bury Sarah. The ‘promise’ in Prom…","created_at":"2021-10-28T14:08:21.000Z","id":"1453725326069010439","public_metrics":{"retweet_count":43,"reply_count":0,"like_count":0,"quote_count":0}},{"text":"RT @aduehren: Leaving the meeting with Biden, Rep. Levin says the President asked House Dems to pass the infrastructure bill today.","created_at":"2021-10-28T14:07:01.000Z","id":"1453724991850090503","public_metrics":{"retweet_count":88,"reply_count":0,"like_count":0,"quote_count":0}},{"text":"You too can live your life dependent in a variety of ways on a paternalistic government https://t.co/7TOnVQVv7m","created_at":"2021-10-28T14:05:53.000Z","id":"1453724707610501123","public_metrics":{"retweet_count":334,"reply_count":183,"like_count":2499,"quote_count":19}},{"text":"RT @NoahCRothman: It was a long time ago, but I recall the general consensus around the Life of Julia was that it was exceedingly creepy co…","created_at":"2021-10-28T14:05:08.000Z","id":"1453724515800805394","public_metrics":{"retweet_count":113,"reply_count":0,"like_count":0,"quote_count":0}},{"text":"RT @charliespiering: White House illustrates government cradle-to-grave role with the “Life of Linda” series in their latest Build Back Bet…","created_at":"2021-10-28T14:03:36.000Z","id":"1453724133011849228","public_metrics":{"retweet_count":572,"reply_count":0,"like_count":0,"quote_count":0}}],"meta":{"oldest_id":"1453724133011849228","newest_id":"1454200108531265540","result_count":100,"next_token":"7140dibdnow9c7btw3z2vlwu37h3ga160hg9f1uob5b20"}}