{"data":[{"public_metrics":{"retweet_count":228,"reply_count":0,"like_count":0,"quote_count":0},"text":"RT @IMAO_: I have to post this again because it’s one of my new favorite things. https://t.co/jYktzsPg9O","created_at":"2021-10-14T23:55:03.000Z","id":"1448799544930619399"},{"public_metrics":{"retweet_count":28,"reply_count":0,"like_count":0,"quote_count":0},"text":"RT @StevenJDuffield: Sometimes one side is being candid about requirements and isn't just posturing to eventually meet in the middle.","created_at":"2021-10-14T23:53:58.000Z","id":"1448799271130632196"},{"public_metrics":{"retweet_count":18,"reply_count":0,"like_count":0,"quote_count":0},"text":"RT @wil_da_beast630: (2) Some of the methods here are quite good, but lil' semantic tricks like this really are how nonsense gets laundered…","created_at":"2021-10-14T23:37:18.000Z","id":"1448795079049715715"},{"public_metrics":{"retweet_count":57,"reply_count":0,"like_count":0,"quote_count":0},"text":"RT @KatiePavlich: . @benshapiro looking the part with the bolo tie! Well done.","created_at":"2021-10-14T23:33:57.000Z","id":"1448794234820104201"},{"public_metrics":{"retweet_count":5284,"reply_count":0,"like_count":0,"quote_count":0},"text":"RT @realchrisrufo: SCOOP: @Walmart has launched a critical race theory training program that denounces the United States as a \"white suprem…","created_at":"2021-10-14T22:09:25.000Z","id":"1448772962426015748"},{"public_metrics":{"retweet_count":172,"reply_count":0,"like_count":0,"quote_count":0},"text":"RT @TheBabylonBee: Concerning Growth In Number Of Giant Flies As Adventurers Keep Slaying All The Giant Spiders\nhttps://t.co/qWLKeivCd7","created_at":"2021-10-14T22:09:14.000Z","id":"1448772916884164608"},{"public_metrics":{"retweet_count":9,"reply_count":0,"like_count":0,"quote_count":0},"text":"RT @classicallyabby: Your rainbow baby can happen too \uD83D\uDC96\uD83C\uDF08\nhttps://t.co/TR81a2Sqt0 https://t.co/zba1D0qV3V","created_at":"2021-10-14T22:09:04.000Z","id":"1448772873238335489"},{"public_metrics":{"retweet_count":189,"reply_count":0,"like_count":0,"quote_count":0},"text":"RT @kerpen: Every single day. These are different photos and stories every single day, because he does it again every single day WHILE MASK…","created_at":"2021-10-14T22:08:58.000Z","id":"1448772848064024577"},{"public_metrics":{"retweet_count":79,"reply_count":0,"like_count":0,"quote_count":0},"text":"RT @JacquiHeinrich: NEW--  DRAFT SCOTUS REPORT: the commission appears split on the merits/demerits of expanding SCOTUS. The draft document…","created_at":"2021-10-14T22:08:52.000Z","id":"1448772823372214274"},{"public_metrics":{"retweet_count":67,"reply_count":0,"like_count":0,"quote_count":0},"text":"RT @realDailyWire: .@realDailyWire god-king @JeremyDBoreing and @benshapiro break the news on our newest film with @ginacarano: TERROR ON T…","created_at":"2021-10-14T22:08:36.000Z","id":"1448772756850491395"},{"public_metrics":{"retweet_count":2160,"reply_count":0,"like_count":0,"quote_count":0},"text":"RT @SenTedCruz: Biden’s inflation bomb:\n\n\uD83D\uDEA8Consumer prices ⬆️ 5.4%\n\uD83D\uDEA8Grocery prices have skyrocketed: eggs ⬆️12.6%, chicken ⬆️7.6 %, &amp; fresh…","created_at":"2021-10-14T21:32:34.000Z","id":"1448763687897079815"},{"public_metrics":{"retweet_count":126,"reply_count":0,"like_count":0,"quote_count":0},"text":"RT @RichLowry: The U.S. supply chain is encrusted with irrational policies and practices (with a number of hat tips to @scottlincicome who…","created_at":"2021-10-14T21:32:23.000Z","id":"1448763642112057356"},{"public_metrics":{"retweet_count":525,"reply_count":0,"like_count":0,"quote_count":0},"text":"RT @KenGardner11: Inflation is not only an insidious indirect tax that hits the poor and middle class the hardest, but also a destroyer of…","created_at":"2021-10-14T21:32:08.000Z","id":"1448763578195091456"},{"public_metrics":{"retweet_count":21,"reply_count":0,"like_count":0,"quote_count":0},"text":"RT @realDailyWire: WATCH: @realDailyWire god-king @JeremyDBoreing and @benshapiro reveal a new stand-up series led by @adamcarolla https://…","created_at":"2021-10-14T21:31:24.000Z","id":"1448763395738640387"},{"public_metrics":{"retweet_count":482,"reply_count":0,"like_count":0,"quote_count":0},"text":"RT @caroljsroth: Inflation continues to climb and climb.\n\nThe media: https://t.co/B8c10mfN28","created_at":"2021-10-14T17:14:41.000Z","id":"1448698788160364549"},{"public_metrics":{"retweet_count":179,"reply_count":92,"like_count":1434,"quote_count":9},"text":"The patriarchy demonstrating once again their nefarious cleverness by ensuring that women demolish men in terms of graduate degrees https://t.co/5KsVsvdVkn","created_at":"2021-10-14T17:14:28.000Z","id":"1448698732648796166"},{"public_metrics":{"retweet_count":12,"reply_count":0,"like_count":0,"quote_count":0},"text":"RT @GhostStalker451: Is this a meld of Jeremy Boreing and Ben Shapiro or is this Jeff Gordon https://t.co/m64KKQFPJ2","created_at":"2021-10-14T17:13:32.000Z","id":"1448698501521723402"},{"public_metrics":{"retweet_count":99,"reply_count":0,"like_count":0,"quote_count":0},"text":"RT @petersavodnik: \"Last week Abigail Shrier, a writer, published interviews in 'Common Sense With Bari Weiss' w/two transgender health-car…","created_at":"2021-10-14T17:12:48.000Z","id":"1448698313377783811"},{"public_metrics":{"retweet_count":1786,"reply_count":577,"like_count":19903,"quote_count":108},"text":"Dammit, this means six more weeks of winter https://t.co/5rPK2srhLK","created_at":"2021-10-14T17:05:26.000Z","id":"1448696459960926216"},{"public_metrics":{"retweet_count":1423,"reply_count":211,"like_count":9639,"quote_count":31},"text":"\"You should stop dividing us over my use of the law to mandate your behavior\" is an interestingly tyrannical take https://t.co/2oHC5xJadu","created_at":"2021-10-14T17:04:25.000Z","id":"1448696205232545796"},{"public_metrics":{"retweet_count":365,"reply_count":0,"like_count":0,"quote_count":0},"text":"RT @RWNutjob1: Punch back hard https://t.co/OJwEeELsCA","created_at":"2021-10-14T16:50:37.000Z","id":"1448692730713026569"},{"public_metrics":{"retweet_count":3163,"reply_count":0,"like_count":0,"quote_count":0},"text":"RT @JackPosobiec: . @lukerosiak broke the biggest story in the country \n\nAnd Loudoun County is going down","created_at":"2021-10-14T16:50:22.000Z","id":"1448692670952525830"},{"public_metrics":{"retweet_count":840,"reply_count":0,"like_count":0,"quote_count":0},"text":"RT @jordanbpeterson: YouTube Suspends Steven Crowder For ‘Hate Speech,’ Covering ‘Transgender Community In An Offensive Manner’ https://t.c…","created_at":"2021-10-14T16:49:45.000Z","id":"1448692513519325190"},{"public_metrics":{"retweet_count":145,"reply_count":0,"like_count":0,"quote_count":0},"text":"RT @HotlineJosh: Sinema: “It’s not effective to pressure me on anything. Because I am a thoughtful person who takes a lot of time, delibera…","created_at":"2021-10-14T16:36:29.000Z","id":"1448689174782033922"},{"public_metrics":{"retweet_count":810,"reply_count":0,"like_count":0,"quote_count":0},"text":"RT @wil_da_beast630: From a theoretical perspective, it is very difficult to coherently explain how 7-8 of the ten richest groups in an \"in…","created_at":"2021-10-14T16:36:24.000Z","id":"1448689155328839685"},{"public_metrics":{"retweet_count":237,"reply_count":0,"like_count":0,"quote_count":0},"text":"RT @redsteeze: \"Why is Katie Couric giving our entire game away?\"","created_at":"2021-10-14T16:28:09.000Z","id":"1448687077139304462"},{"public_metrics":{"retweet_count":543,"reply_count":0,"like_count":0,"quote_count":0},"text":"RT @SecretsBedard: Biden down to 36%, 'sinking like the Titanic' \n\nLatest @TheZogbyPoll analysis adds that women 'abandoning ship.'\nhttps:/…","created_at":"2021-10-14T16:27:57.000Z","id":"1448687028590333953"},{"public_metrics":{"retweet_count":2803,"reply_count":0,"like_count":0,"quote_count":0},"text":"RT @jordanbpeterson: Courage and comedy are not different. An old friend said to me once \"you can say anything you want as long as it's tru…","created_at":"2021-10-14T16:24:27.000Z","id":"1448686149501849608"},{"public_metrics":{"retweet_count":35,"reply_count":0,"like_count":0,"quote_count":0},"text":"RT @realDailyWire: .@benshapiro joined the hilarious @adamcarolla on his show today! Watch the full episode here: https://t.co/TrCsMNWFTz h…","created_at":"2021-10-14T16:24:18.000Z","id":"1448686108397740038"},{"public_metrics":{"retweet_count":99,"reply_count":0,"like_count":0,"quote_count":0},"text":"RT @BoSnerdley: Pete Buttigieg makes light of his supply chain mess with flip Christmas shopping joke - https://t.co/tHyXlxtR6q","created_at":"2021-10-14T15:48:31.000Z","id":"1448677105030533122"},{"public_metrics":{"retweet_count":104,"reply_count":0,"like_count":0,"quote_count":0},"text":"RT @SteveKrak: @donlemon @ErinBurnett And the chyrons on those shows the night Rogan made his announcement were also blatant lies. \nhttps:/…","created_at":"2021-10-14T15:46:26.000Z","id":"1448676578880364552"},{"public_metrics":{"retweet_count":569,"reply_count":0,"like_count":0,"quote_count":0},"text":"RT @realchrisrufo: Here's critical race theory co-founder Richard Delgado boasting that CRT has colonized education. He said the theory is…","created_at":"2021-10-14T15:42:32.000Z","id":"1448675598499553281"},{"public_metrics":{"retweet_count":414,"reply_count":0,"like_count":0,"quote_count":0},"text":"RT @ComfortablySmug: The Biden Economy","created_at":"2021-10-14T15:39:45.000Z","id":"1448674898164043778"},{"public_metrics":{"retweet_count":572,"reply_count":0,"like_count":0,"quote_count":0},"text":"RT @DouglasKMurray: Chromosomes in bio","created_at":"2021-10-14T15:39:37.000Z","id":"1448674865578381315"},{"public_metrics":{"retweet_count":1625,"reply_count":0,"like_count":0,"quote_count":0},"text":"RT @EricRWeinstein: Have you noticed that MSNBC and CNN rarely have guests on from the heterodox podcasting space, even when it would clear…","created_at":"2021-10-14T15:36:05.000Z","id":"1448673974242660364"},{"public_metrics":{"retweet_count":187,"reply_count":0,"like_count":0,"quote_count":0},"text":"RT @AbigailShrier: Very grateful to the ⁦@TheEconomist⁩ for continuing to cover what the American MSM will not touch.\n\nWe need to have thes…","created_at":"2021-10-14T15:35:59.000Z","id":"1448673951354392583"},{"public_metrics":{"retweet_count":246,"reply_count":0,"like_count":0,"quote_count":0},"text":"RT @HotlineJosh: “DC council member who said Jews control weather running for DC mayor”\n\nhttps://t.co/u5a16ujPLx","created_at":"2021-10-14T15:29:24.000Z","id":"1448672294625230863"},{"public_metrics":{"retweet_count":175,"reply_count":0,"like_count":0,"quote_count":0},"text":"RT @MythinformedMKE: Yale professor of computer science and former employee at Pixar Animation suggests, computer science curriculum needs…","created_at":"2021-10-14T15:24:04.000Z","id":"1448670952108306434"},{"public_metrics":{"retweet_count":35,"reply_count":0,"like_count":0,"quote_count":0},"text":"RT @andrewklavan: The new film from @realDailyWire looks great.","created_at":"2021-10-14T15:23:54.000Z","id":"1448670911100596226"},{"public_metrics":{"retweet_count":125,"reply_count":120,"like_count":1710,"quote_count":7},"text":"Can't wait to bring this to you! https://t.co/sYqWbBM5KJ","created_at":"2021-10-14T15:22:20.000Z","id":"1448670516533944321"},{"public_metrics":{"retweet_count":379,"reply_count":0,"like_count":0,"quote_count":0},"text":"RT @sullydish: Crenshaw consciously lied.","created_at":"2021-10-14T15:18:39.000Z","id":"1448669590180007954"},{"public_metrics":{"retweet_count":173,"reply_count":0,"like_count":0,"quote_count":0},"text":"RT @realDailyWire: A new terrifying thriller coming soon from the Daily Wire: SHUT IN\n#ShutIn \n https://t.co/JJnDUTxmBC","created_at":"2021-10-14T15:17:52.000Z","id":"1448669391667740673"},{"public_metrics":{"retweet_count":71,"reply_count":0,"like_count":0,"quote_count":0},"text":"RT @NoahPollak: The idea that the massive nationwide outpouring of anger and concern over the way public schools are run is \"orchestrated b…","created_at":"2021-10-14T15:17:44.000Z","id":"1448669357366710276"},{"public_metrics":{"retweet_count":517,"reply_count":0,"like_count":0,"quote_count":0},"text":"RT @MartyMakary: How did an industry of smart people get hospital visitation policy so wrong for so long? I still get choked up thinking ab…","created_at":"2021-10-14T14:08:36.000Z","id":"1448651958475124745"},{"public_metrics":{"retweet_count":193,"reply_count":232,"like_count":3569,"quote_count":18},"text":"More of this please https://t.co/i2m3f8E8ry","created_at":"2021-10-14T14:02:07.000Z","id":"1448650328237166599"},{"public_metrics":{"retweet_count":1269,"reply_count":0,"like_count":0,"quote_count":0},"text":"RT @realchrisrufo: Kimberlé Crenshaw this summer: \"Critical race theory is a law school course\" and is not \"in K-12 [schools].\"\n\nKimberlé C…","created_at":"2021-10-14T14:01:49.000Z","id":"1448650251515039771"},{"public_metrics":{"retweet_count":4755,"reply_count":0,"like_count":0,"quote_count":0},"text":"RT @jennyyangtv: shh. (puts a soft finger on your lips) just watch this movie trailer without knowing the title and let the feeling move yo…","created_at":"2021-10-14T14:00:38.000Z","id":"1448649952721195010"},{"public_metrics":{"retweet_count":77,"reply_count":0,"like_count":0,"quote_count":0},"text":"RT @sullydish: And why not?  https://t.co/AuO8KgJ6C9","created_at":"2021-10-14T13:57:43.000Z","id":"1448649222287360013"},{"public_metrics":{"retweet_count":9,"reply_count":0,"like_count":0,"quote_count":0},"text":"RT @realDailyWire: Thursday | October 14th, 2021 https://t.co/PwN42pZIaI https://t.co/Y6xlG4PWhO","created_at":"2021-10-14T13:52:49.000Z","id":"1448647986045546497"},{"public_metrics":{"retweet_count":328,"reply_count":0,"like_count":0,"quote_count":0},"text":"RT @SkyNews: BREAKING: Police in Norway say the suspect of a series of bow and arrow killings had converted to Islam and police had been pr…","created_at":"2021-10-14T13:52:12.000Z","id":"1448647834471862285"},{"public_metrics":{"retweet_count":361,"reply_count":0,"like_count":0,"quote_count":0},"text":"RT @politicalelle: Wait til they hear modern rap lyrics.","created_at":"2021-10-14T13:45:36.000Z","id":"1448646171191250949"},{"public_metrics":{"retweet_count":76,"reply_count":0,"like_count":0,"quote_count":0},"text":"RT @wesyang: By now we should all have a well developed fight or flight reflex whenever the proposal includes the word “reimagine”","created_at":"2021-10-14T13:45:33.000Z","id":"1448646157454876677"},{"public_metrics":{"retweet_count":130,"reply_count":0,"like_count":0,"quote_count":0},"text":"RT @jcjames_ca: Original article is a must read\nhttps://t.co/ljhQR3F2Z0","created_at":"2021-10-14T13:42:53.000Z","id":"1448645489738481673"},{"public_metrics":{"retweet_count":695,"reply_count":0,"like_count":0,"quote_count":0},"text":"RT @JDVance1: Luckily our government is focused on the real threat to public safety: parents asking school boards tough questions.","created_at":"2021-10-14T13:42:31.000Z","id":"1448645395517624324"},{"public_metrics":{"retweet_count":36,"reply_count":0,"like_count":0,"quote_count":0},"text":"RT @GlennLoury: Pull off the covers. Plumb the depths. That's what you do to write honestly about your life. Here I describe to @JohnHMcWho…","created_at":"2021-10-14T13:33:15.000Z","id":"1448643062696087552"},{"public_metrics":{"retweet_count":11,"reply_count":0,"like_count":0,"quote_count":0},"text":"RT @hodloncomrades: I found Avik Roy's @Avik discussion on US debt and bond market fascinating, he brought it down to a level even I could…","created_at":"2021-10-14T13:29:19.000Z","id":"1448642074610487297"},{"public_metrics":{"retweet_count":32,"reply_count":0,"like_count":0,"quote_count":0},"text":"RT @josh_hammer: “A New Jerusalem Consulate Will Again Proclaim: Jerusalem Is Not in Israel.”\n\nThe latest from Nathan and Alyza Lewin in to…","created_at":"2021-10-14T13:28:18.000Z","id":"1448641818648846336"},{"public_metrics":{"retweet_count":152,"reply_count":0,"like_count":0,"quote_count":0},"text":"RT @josh_hammer: “The Risk to Kids From COVID Is Miniscule. Do Not Let Them Mandate Vaccines.”\n\nICYMI, ⁦@bethanyshondark⁩’s latest for ⁦@Ne…","created_at":"2021-10-14T13:25:59.000Z","id":"1448641236370395138"},{"public_metrics":{"retweet_count":361,"reply_count":0,"like_count":0,"quote_count":0},"text":"RT @TheBabylonBee: Jordan Peterson Returns To Find Americans Worshiping Golden Statue Of Karl Marx, Breaks 12 Rules For Life In Anger https…","created_at":"2021-10-14T13:17:38.000Z","id":"1448639132570427397"},{"public_metrics":{"retweet_count":46,"reply_count":0,"like_count":0,"quote_count":0},"text":"RT @TPCarney: This idea is driving down the birthrate I believe. People are scared of the world because they’ve been taught to fear disagre…","created_at":"2021-10-14T13:10:32.000Z","id":"1448637347759890436"},{"public_metrics":{"retweet_count":964,"reply_count":0,"like_count":0,"quote_count":0},"text":"RT @AndrewCMcCarthy: Virginia Democrats Voted to Allow Schools to Refrain from Reporting Sexual Battery in 2020 - @isaac_schorr with latest…","created_at":"2021-10-14T13:08:06.000Z","id":"1448636734305095684"},{"public_metrics":{"retweet_count":89,"reply_count":0,"like_count":0,"quote_count":0},"text":"RT @NumbersMuncher: Inflation watch: PPI (producer price index) rose 8.6% year over year in September - biggest jump since they started tra…","created_at":"2021-10-14T13:07:25.000Z","id":"1448636561738932235"},{"public_metrics":{"retweet_count":826,"reply_count":168,"like_count":4730,"quote_count":31},"text":"According to this administration, we must choose between massive inflation, shipping bottlenecks, and huge numbers of Americans dropping out of the workforce...or 10% unemployment. Good midterm messaging there. https://t.co/3Zcvt07Y5u","created_at":"2021-10-14T13:07:07.000Z","id":"1448636487076093952"},{"public_metrics":{"retweet_count":167,"reply_count":0,"like_count":0,"quote_count":0},"text":"RT @ReaganBattalion: Thank you @realDailyWire for forcing the @washingtonpost to cover this outrageous story.","created_at":"2021-10-14T13:04:40.000Z","id":"1448635868261011459"},{"public_metrics":{"retweet_count":102,"reply_count":0,"like_count":0,"quote_count":0},"text":"RT @AndrewCMcCarthy: CBO Blows Up Democrats’ Spin on Taxes - as @philipaklein explains, it's simply about spending too much ... as in *way*…","created_at":"2021-10-14T12:49:09.000Z","id":"1448631964739805188"},{"public_metrics":{"retweet_count":2210,"reply_count":0,"like_count":0,"quote_count":0},"text":"RT @MattWalshBlog: Loudoun County is not an outlier. There has been a sexual assault epidemic in public school — student on student and tea…","created_at":"2021-10-14T12:42:24.000Z","id":"1448630266113703942"},{"public_metrics":{"retweet_count":120,"reply_count":0,"like_count":0,"quote_count":0},"text":"RT @davidaxelrod: A few years ago, @VanJones68 spoke told students at @UChiPolitics:\n“Our job on campuses is to keep you safe from physical…","created_at":"2021-10-14T12:42:18.000Z","id":"1448630242554306561"},{"public_metrics":{"retweet_count":108,"reply_count":0,"like_count":0,"quote_count":0},"text":"RT @GiancarloSopo: The Washington Post reports on the aftermath in Loudoun County Schools following the explosive investigative report by @…","created_at":"2021-10-14T12:41:22.000Z","id":"1448630008306618376"},{"public_metrics":{"retweet_count":296,"reply_count":0,"like_count":0,"quote_count":0},"text":"RT @neontaster: He lives in a fucking palace and has a crown and wants to lecture other people on the impractical use of their money? At le…","created_at":"2021-10-14T12:41:13.000Z","id":"1448629970473996290"},{"public_metrics":{"retweet_count":819,"reply_count":0,"like_count":0,"quote_count":0},"text":"RT @TheBabylonBee: Twitter Censors R2-D2 For Sharing Hacked Death Star Plans https://t.co/WRXoTJSc21","created_at":"2021-10-14T12:24:56.000Z","id":"1448625870361464834"},{"public_metrics":{"retweet_count":31,"reply_count":39,"like_count":1179,"quote_count":0},"text":"And all of the players. And also the consumer.","created_at":"2021-10-14T12:13:12.000Z","id":"1448622918548721669"},{"public_metrics":{"retweet_count":3963,"reply_count":0,"like_count":0,"quote_count":0},"text":"RT @JackPosobiec: American Airlines had 938 flights cancelled or delayed yesterday\n\nSo far today they have 122","created_at":"2021-10-14T12:11:48.000Z","id":"1448622567544266753"},{"public_metrics":{"retweet_count":77,"reply_count":0,"like_count":0,"quote_count":0},"text":"RT @ShaharAzani: Behold the face of Israeli “apartheid:\n\nMay Alhajouj, a Bedouin from the south of #Israel, dreamt of becoming a lawyer all…","created_at":"2021-10-14T12:11:35.000Z","id":"1448622513454518280"},{"public_metrics":{"retweet_count":51,"reply_count":0,"like_count":0,"quote_count":0},"text":"RT @FredLucasWH: .@BenShapiro explains why America's economy is stagnating, not booming, under President Biden.  via @benshapiro @DailySign…","created_at":"2021-10-14T12:11:32.000Z","id":"1448622497109315590"},{"public_metrics":{"retweet_count":241,"reply_count":0,"like_count":0,"quote_count":0},"text":"RT @CurtisHouck: LOL CNN had Gupta write a LONG column defending his appearance on Joe Rogan's podcast.\n\nThough they may try to suggest oth…","created_at":"2021-10-14T12:08:44.000Z","id":"1448621792625582085"},{"public_metrics":{"retweet_count":182,"reply_count":208,"like_count":3183,"quote_count":18},"text":"Colin Kaepernick should be the coach https://t.co/FkeTAFrE1e","created_at":"2021-10-14T12:07:49.000Z","id":"1448621564350578697"},{"public_metrics":{"retweet_count":135,"reply_count":0,"like_count":0,"quote_count":0},"text":"RT @SirajAHashmi: Madden should really focus on replacing this with a game that’s playable","created_at":"2021-10-14T12:07:36.000Z","id":"1448621507287080962"},{"public_metrics":{"retweet_count":125,"reply_count":0,"like_count":0,"quote_count":0},"text":"RT @wil_da_beast630: Radical take: if you are not immuno-compromised, and under ~55, you took no heroic risks at all during COVID-19 and di…","created_at":"2021-10-14T12:07:21.000Z","id":"1448621447237312512"},{"public_metrics":{"retweet_count":150,"reply_count":0,"like_count":0,"quote_count":0},"text":"RT @kerpen: Zero flu in Sweden or Brazil. Stop it.","created_at":"2021-10-14T12:07:13.000Z","id":"1448621411908694021"},{"public_metrics":{"retweet_count":5044,"reply_count":0,"like_count":0,"quote_count":0},"text":"RT @JackPosobiec: Biden fell completely asleep ‘chin-to-chest’ at his nephew’s wedding on Monday and when staff woke him up he would only e…","created_at":"2021-10-14T12:07:02.000Z","id":"1448621366505349121"},{"public_metrics":{"retweet_count":52,"reply_count":0,"like_count":0,"quote_count":0},"text":"RT @AnaKasparian: Isn’t it insane that Burger King has a knock-off version of the Quarter Pounder with cheese from McDonald’s that they jus…","created_at":"2021-10-14T12:06:52.000Z","id":"1448621325262770179"},{"public_metrics":{"retweet_count":1355,"reply_count":0,"like_count":0,"quote_count":0},"text":"RT @ThomasSowell: The Federal Reserve represented wonderful hopes, but we've had so many programs that represented wonderful hopes that end…","created_at":"2021-10-14T12:06:32.000Z","id":"1448621240890109954"},{"public_metrics":{"retweet_count":391,"reply_count":0,"like_count":0,"quote_count":0},"text":"RT @kerpen: Senate Republicans should force CRA votes on overturning both the contractor vax order and the OSHA vax order.  Get every Democ…","created_at":"2021-10-14T12:06:09.000Z","id":"1448621143242461194"},{"public_metrics":{"retweet_count":6100,"reply_count":0,"like_count":0,"quote_count":0},"text":"RT @JackPosobiec: American Airlines has 216 flights cancelled and 519 delayed so far today\n\nThey had 19 cancelled yesterday","created_at":"2021-10-14T01:03:57.000Z","id":"1448454496619794432"},{"public_metrics":{"retweet_count":71,"reply_count":0,"like_count":0,"quote_count":0},"text":"RT @mckaycoppins: This is a good example of how epidemiologists might define \"an ideal world\" differently from most people. https://t.co/q5…","created_at":"2021-10-14T01:01:35.000Z","id":"1448453899669680133"},{"public_metrics":{"retweet_count":35,"reply_count":0,"like_count":0,"quote_count":0},"text":"RT @johnrich: Time to watch for The Pursuit! On Fox Business Network! Hit me up with your thoughts on tonight’s episodes \uD83D\uDC4D","created_at":"2021-10-14T01:01:05.000Z","id":"1448453774171906053"},{"public_metrics":{"retweet_count":1149,"reply_count":0,"like_count":0,"quote_count":0},"text":"RT @contrarian4data: Striking but unsurprising.\n\nIn the exchange, @drsanjaygupta doesn't understand the accurate numerical equivalency bein…","created_at":"2021-10-14T00:50:10.000Z","id":"1448451025615179779"},{"public_metrics":{"retweet_count":73,"reply_count":0,"like_count":0,"quote_count":0},"text":"RT @mkhammer: Can we work on a \"No need to validate frivolous anxiety\" as national motto movement? It would be aspirational, obviously.","created_at":"2021-10-14T00:33:33.000Z","id":"1448446845752156161"},{"public_metrics":{"retweet_count":590,"reply_count":0,"like_count":0,"quote_count":0},"text":"RT @sullydish: Parents do not want their kids to be taught *as fact* that liberal democracy is a form of white supremacy, that America was…","created_at":"2021-10-14T00:32:24.000Z","id":"1448446555573338117"},{"public_metrics":{"retweet_count":31,"reply_count":0,"like_count":0,"quote_count":0},"text":"RT @AdamCarollaShow: \uD83D\uDD08@adamcarolla joins @benshapiro in Nashville for a special one-on-one conversation you’re not going to want to miss!…","created_at":"2021-10-14T00:31:46.000Z","id":"1448446398022754305"},{"public_metrics":{"retweet_count":145,"reply_count":0,"like_count":0,"quote_count":0},"text":"RT @SeanTrende: That thing I was assured would not happen seems like it might be happening.","created_at":"2021-10-13T20:52:10.000Z","id":"1448391130920497159"},{"public_metrics":{"retweet_count":134,"reply_count":0,"like_count":0,"quote_count":0},"text":"RT @nickconfessore: A lot going on this story, but it is striking that an administrator at a prominent law school would assert that a stude…","created_at":"2021-10-13T20:52:08.000Z","id":"1448391122607280128"},{"public_metrics":{"retweet_count":4138,"reply_count":0,"like_count":0,"quote_count":0},"text":"RT @JerryDunleavy: Katie Couric says she cut quotes from an interview with RBG in 2016 where the SCOTUS Justice said that kneeling during t…","created_at":"2021-10-13T20:51:56.000Z","id":"1448391073747898379"},{"public_metrics":{"retweet_count":46,"reply_count":0,"like_count":0,"quote_count":0},"text":"RT @micahcohen: This is also a good example of why our politics swing back and forth so much (+ the GOP structural advantages): \n\nWhen peop…","created_at":"2021-10-13T20:51:26.000Z","id":"1448390946396254213"},{"public_metrics":{"retweet_count":4494,"reply_count":0,"like_count":0,"quote_count":0},"text":"RT @SonnieJohnson: The $600 bank account measure isn't for the rich... it's for the black market systems forced by gov't regulations. Think…","created_at":"2021-10-13T20:51:17.000Z","id":"1448390910946037763"},{"public_metrics":{"retweet_count":26,"reply_count":0,"like_count":0,"quote_count":0},"text":"RT @AndrewCMcCarthy: ‘Brown Sugar’ Gets Canceled - surprised to see @rkylesmith get whipped up over the doings of a mere blues cover band .…","created_at":"2021-10-13T20:51:13.000Z","id":"1448390892595912706"},{"public_metrics":{"retweet_count":12,"reply_count":0,"like_count":0,"quote_count":0},"text":"RT @SenMikeLee: Live highlights from my conversation with @Tim_Cook at @SiliconSlopes Summit 2021.\nThread \uD83E\uDDF5.","created_at":"2021-10-13T20:36:49.000Z","id":"1448387271141507086"},{"public_metrics":{"retweet_count":22,"reply_count":0,"like_count":0,"quote_count":0},"text":"RT @michaeljknowles: Many thanks to @TPostMillennial for the write-up! https://t.co/xeTtvjVHjp","created_at":"2021-10-13T19:44:24.000Z","id":"1448374078746857473"},{"public_metrics":{"retweet_count":19,"reply_count":0,"like_count":0,"quote_count":0},"text":"RT @SonnyBunch: “We’ve got an amazing thing coming for you.”\n“Yeah?”\n“From David Fincher!”\n“Cool, MINDHUNTER S3?”\n“Better.”\n“Uh, PANIC ROOM…","created_at":"2021-10-13T19:40:13.000Z","id":"1448373027087978498"},{"public_metrics":{"retweet_count":8,"reply_count":0,"like_count":0,"quote_count":0},"text":"RT @CHSommers: The Moral Panic Engulfing Instagram - The New York Times https://t.co/5udKiu9pN2","created_at":"2021-10-13T19:37:48.000Z","id":"1448372417483710469"}],"meta":{"oldest_id":"1448372417483710469","newest_id":"1448799544930619399","result_count":100,"next_token":"7140dibdnow9c7btw3z2gqxbyogwapv1zb1563sk5t5ix"}}