{"data":[{"public_metrics":{"retweet_count":27,"reply_count":95,"like_count":205,"quote_count":2},"id":"1456793423965458435","text":"Join me on Zoom to support injured Veterans through @homesforourtrps during their 5th Annual #VeteransDay @Ebay Celebrity Auction! Bid now: https://t.co/gOm00u2x3Q #HFOTauction2021","created_at":"2021-11-06T01:19:52.000Z"},{"public_metrics":{"retweet_count":37,"reply_count":0,"like_count":0,"quote_count":0},"id":"1456315595322953734","text":"RT @AC360: What's good in your life? We want to hear from you! Tell us about somebody or something that has made a positive impact on you o…","created_at":"2021-11-04T17:41:09.000Z"}],"meta":{"oldest_id":"1456315595322953734","newest_id":"1456793423965458435","result_count":2}}