{"data":[{"id":"1449121114651861000","created_at":"2021-10-15T21:12:51.000Z","text":"RT @CNN: .@CNNPlus is streaming in 2022. Whether you love live news or award-winning original series and films, it’s time to see the storie…","public_metrics":{"retweet_count":194,"reply_count":0,"like_count":0,"quote_count":0}},{"id":"1445942563765116928","created_at":"2021-10-07T02:42:26.000Z","text":"RT @AC360: \"I want to press my nose up against the plastic window. What I don't want to see is somebody else out there looking back at me.\"…","public_metrics":{"retweet_count":936,"reply_count":0,"like_count":0,"quote_count":0}},{"id":"1445496278234767371","created_at":"2021-10-05T21:09:03.000Z","text":"here is a behind the scenes look at our @60Minutes profile of the great #TonyBennett as he rehearsed to perform with his friend @ladygaga. for the full behind the scenes report go to \n\nhttps://t.co/zz3Boqi4se https://t.co/zFcvJJpRhz","public_metrics":{"retweet_count":104,"reply_count":140,"like_count":981,"quote_count":19}},{"id":"1445100532985630721","created_at":"2021-10-04T18:56:30.000Z","text":"Another clip from last night’s @60Minutes report about #TonyBennett and his struggle with dementia from Alzheimer’s. He still remembers how to sing and did two amazing concerts with @ladygaga for his 95th birthday! https://t.co/EFaKBXfSk1 https://t.co/kLB5MgA3rw","public_metrics":{"retweet_count":407,"reply_count":210,"like_count":4159,"quote_count":81}},{"id":"1445096942745309184","created_at":"2021-10-04T18:42:14.000Z","text":"Getting to watch #TonyBennett rehearse at home for his show with @ladygaga was among the most extraordinary moments of my reporting career. See the full story at https://t.co/EFaKBXfSk1 https://t.co/Joru3LixCf","public_metrics":{"retweet_count":279,"reply_count":164,"like_count":2708,"quote_count":64}}],"meta":{"oldest_id":"1445096942745309184","newest_id":"1449121114651861000","result_count":5}}