{"data":[{"public_metrics":{"retweet_count":41,"reply_count":42,"like_count":416,"quote_count":1},"id":"1437792454783143944","text":"Looking forward to this! https://t.co/eHS2Obcpb6","created_at":"2021-09-14T14:56:48.000Z"},{"public_metrics":{"retweet_count":26,"reply_count":0,"like_count":0,"quote_count":0},"id":"1433123651499483142","text":"RT @SixthandI: Just three weeks until @andersoncooper takes our stage to share from his highly anticipated new book, VANDERBILT: THE RISE A…","created_at":"2021-09-01T17:44:39.000Z"}],"meta":{"oldest_id":"1433123651499483142","newest_id":"1437792454783143944","result_count":2}}