{"data":[{"public_metrics":{"retweet_count":0,"reply_count":0,"like_count":2,"quote_count":0},"id":"1447192530110464000","text":"Lee Jae-myung got tonked in the last round of voting for the ruling party primary in South Korea, but not by enough to force a runoff. He scrapes in to become party nominee with 50.29% of the overall vote.\n https://t.co/XoipnHAioZ","created_at":"2021-10-10T13:29:21.000Z"},{"public_metrics":{"retweet_count":2,"reply_count":0,"like_count":9,"quote_count":0},"id":"1446404010164973569","text":"@chadocl This kind of nonsensical nonsense. Seats at the back aren't taped off! https://t.co/8Lg9g5gyN4","created_at":"2021-10-08T09:16:03.000Z"},{"public_metrics":{"retweet_count":0,"reply_count":0,"like_count":1,"quote_count":0},"id":"1445931394828357633","text":"@hyunsuinseoul They should hire Park Hae-soo (Cho Sang-woo) and save on the cost of chicken","created_at":"2021-10-07T01:58:03.000Z"},{"public_metrics":{"retweet_count":0,"reply_count":0,"like_count":0,"quote_count":0},"id":"1445707832293163012","text":"@eeahnteechur Yes it does.\nDevelopments in Seoul and nearby areas, although predictably, there are diffenrences over what kind of developments they should be and where. Moon admin wants focus on public and affordable housing. Seoul Mayor wants to redevelop riverside areas with taller buildings","created_at":"2021-10-06T11:09:41.000Z"},{"public_metrics":{"retweet_count":0,"reply_count":0,"like_count":0,"quote_count":0},"id":"1445667181325275141","text":"@eeahnteechur It varies depending on where it is and how expensive it is, and whether it is your 2nd or 3rd home. \nI am not sure what you are talking about \"stopping\" but politicians generally think it is a supply-demand problem, and so increasingly are looking to add supply (ie construction).","created_at":"2021-10-06T08:28:09.000Z"},{"public_metrics":{"retweet_count":0,"reply_count":1,"like_count":0,"quote_count":0},"id":"1445655786781233152","text":"@eeahnteechur There is already higher tax on buying and owning a second and third home. The current government has made these very high. But one side effect is that it starts to become tax efficient to just pony up the gift tax (which is also high).","created_at":"2021-10-06T07:42:53.000Z"},{"public_metrics":{"retweet_count":0,"reply_count":1,"like_count":0,"quote_count":0},"id":"1445628918187249666","text":"@eeahnteechur Maybe, but the idea is to reduce demand by increasing the cost of multiple home ownership and disincentivising investing in homes for profit. Cutting capital gains would increase the profit incentive.","created_at":"2021-10-06T05:56:07.000Z"},{"public_metrics":{"retweet_count":1,"reply_count":3,"like_count":0,"quote_count":0},"id":"1445618235663998988","text":"This is quite a statistic:\n'During the first eight months of this year, gifts accounted for 6.8 percent of all apartment transactions in the country.'\n\nhttps://t.co/yToEE7utuW","created_at":"2021-10-06T05:13:40.000Z"},{"public_metrics":{"retweet_count":1,"reply_count":0,"like_count":1,"quote_count":0},"id":"1443768169470906377","text":"Netflix should stop trying to make dubbing happen. We are not French, fgs. https://t.co/LIxOSQSSxs","created_at":"2021-10-01T02:42:10.000Z"}],"meta":{"oldest_id":"1443768169470906377","newest_id":"1447192530110464000","result_count":9}}