{"data":[{"id":"1442865841146449926","public_metrics":{"retweet_count":2,"reply_count":1,"like_count":2,"quote_count":0},"text":"Jtbc reports about disturbing footage from Hwaseong Immigration Detention Center. CCTV shows a detainee with hands and feet bound behind him and a mask taped over his head trying and failing to use the toilet. https://t.co/h55tTfyNUc","created_at":"2021-09-28T14:56:38.000Z"},{"id":"1442864395864870916","public_metrics":{"retweet_count":0,"reply_count":0,"like_count":0,"quote_count":0},"text":"After a delay in vaccine supply in the summer, Korea has recovered somewhat. In terms of first doses, it has shot past several countries that had early vaccination success - now at about 75% of population. https://t.co/ew1en6FKiy","created_at":"2021-09-28T14:50:53.000Z"},{"id":"1442861821900165120","public_metrics":{"retweet_count":0,"reply_count":1,"like_count":0,"quote_count":0},"text":"President Moon Jae-in’s top officials on Tuesday once again reiterated their commitment to begin a return to normal next month, when 80% of the adult population is anticipated to be fully vaccinated. But an end to mask mandates is not part of the plan.\n\n https://t.co/dgZy7OCv70","created_at":"2021-09-28T14:40:40.000Z"},{"id":"1442860394381410308","public_metrics":{"retweet_count":0,"reply_count":0,"like_count":0,"quote_count":0},"text":"South Korea's trade minister says Seoul plans to raise issue with the US over its request for sensotive information on chipmakers' supply chains. https://t.co/p1t7DmJWKF","created_at":"2021-09-28T14:34:59.000Z"},{"id":"1442744813900558338","public_metrics":{"retweet_count":0,"reply_count":0,"like_count":0,"quote_count":0},"text":"@juwonreports You can get a two-storey house with a garden for that over in distant northern Seoul","created_at":"2021-09-28T06:55:43.000Z"},{"id":"1441235861371195399","public_metrics":{"retweet_count":31,"reply_count":0,"like_count":0,"quote_count":0},"text":"RT @BrendanNyhan: WTF. Experts divided but even absent a lab leak we can certainly say that this is incredibly disappointing behavior and t…","created_at":"2021-09-24T02:59:40.000Z"},{"id":"1440160663024766983","public_metrics":{"retweet_count":0,"reply_count":0,"like_count":0,"quote_count":0},"text":"@hanitweet Q! https://t.co/sttJ2SeiSq","created_at":"2021-09-21T03:47:13.000Z"}],"meta":{"oldest_id":"1440160663024766983","newest_id":"1442865841146449926","result_count":7}}