{"data":[{"public_metrics":{"retweet_count":0,"reply_count":1,"like_count":1,"quote_count":0},"text":"@TheKpopProf @cici_454 That's new. Not seen it from non-Koreans before.","id":"1453212116274622472","created_at":"2021-10-27T04:09:02.000Z"},{"public_metrics":{"retweet_count":0,"reply_count":1,"like_count":2,"quote_count":0},"text":"@cici_454 @TheKpopProf bad translation of 이른바 (~\"what is known as\") used to introduce new or unfamiliar terms, eg 이른바 '최순실 게이트' - \"the so-called Choi Sun-shil-gate scandal\".\nNaver dictionary lists it as first meaning.","id":"1453204812015673352","created_at":"2021-10-27T03:40:01.000Z"},{"public_metrics":{"retweet_count":46,"reply_count":0,"like_count":0,"quote_count":0},"text":"RT @hyunsuinseoul: A messy timeline of KT internet outage:\n\n⚪️ KT tells media it was caused by a \"large-scale DDoS attack.\"\n⚪️ Tech experts…","id":"1452579784911777796","created_at":"2021-10-25T10:16:23.000Z"},{"public_metrics":{"retweet_count":0,"reply_count":0,"like_count":1,"quote_count":0},"text":"@ajosshi @hyunsuinseoul @koryodynasty Their pies are really good. Sausage rolls tasty but yeah, not quite the same. Pies are really good though","id":"1452531086102171651","created_at":"2021-10-25T07:02:52.000Z"},{"public_metrics":{"retweet_count":0,"reply_count":1,"like_count":4,"quote_count":0},"text":"@hyunsuinseoul @koryodynasty The trouble is, when people make sausage rolls here, it's always some fancy artisan version, rather than the full-fledged assault on the arteries that I really want.","id":"1452509433687207937","created_at":"2021-10-25T05:36:49.000Z"},{"public_metrics":{"retweet_count":0,"reply_count":0,"like_count":0,"quote_count":0},"text":"@koryodynasty Is that gravy on a financier?","id":"1452508636446539778","created_at":"2021-10-25T05:33:39.000Z"},{"public_metrics":{"retweet_count":0,"reply_count":0,"like_count":0,"quote_count":0},"text":"It turns out to have been less successful than thought. The satellite was deployed at the right time but did not achieve orbit properly. Presiden Moon is emphasising the positives: Korea achieved things it previously relied on outside help for.\n\nhttps://t.co/gaQLB21OcE https://t.co/tJHY5YhuFj","id":"1451149913560023053","created_at":"2021-10-21T11:34:35.000Z"},{"public_metrics":{"retweet_count":1,"reply_count":0,"like_count":6,"quote_count":2},"text":"After launching the Nuri half an hour ago, KARI says the rocket successfully put a satellite into orbit. \nThe satellite is a dummy for test purposes. A working satellite is to be used in the next Nuri launch in May. https://t.co/YfkbPlj5r0","id":"1451104045465169928","created_at":"2021-10-21T08:32:19.000Z"},{"public_metrics":{"retweet_count":8,"reply_count":0,"like_count":0,"quote_count":0},"text":"RT @TheKoreaHerald: Nuri rocket blasts off \n#Nuri #rocket #launch #blastoff #SouthKoreanrocket\nhttps://t.co/rZV8zdrKKC","id":"1451103150518128642","created_at":"2021-10-21T08:28:45.000Z"},{"public_metrics":{"retweet_count":0,"reply_count":0,"like_count":0,"quote_count":0},"text":"@MonsieurMoon @LeeSpring_ Exactly. Bong hired script writers to help him with Snowpiercer and Okja. The actor in The Host has a strong CV (before and after) so I don't think you can lay it all on him.","id":"1450979672137764872","created_at":"2021-10-21T00:18:06.000Z"},{"public_metrics":{"retweet_count":0,"reply_count":1,"like_count":3,"quote_count":0},"text":"@TheEdwardHowell @geoffrey_cain Calamari Game is a translation with a completely different feel...","id":"1450745932354441225","created_at":"2021-10-20T08:49:18.000Z"},{"public_metrics":{"retweet_count":13,"reply_count":0,"like_count":9,"quote_count":0},"text":"In Gwanak Dream Town, an apartment complex in Gwanak-gu, southern Seoul, the area that is home to middle-class residents is fenced off with barbed wire to keep their poorer neighbors out.\n\nThe fence was put up after residents demanded separation from the public housing section https://t.co/uQb3YvfnTM","id":"1450053243057233920","created_at":"2021-10-18T10:56:48.000Z"},{"public_metrics":{"retweet_count":0,"reply_count":0,"like_count":0,"quote_count":0},"text":"Good thread on how masking might not be the dominant factor in prqvqnting spread. https://t.co/ZAWUC3HMFo","id":"1449907610979688450","created_at":"2021-10-18T01:18:07.000Z"},{"public_metrics":{"retweet_count":0,"reply_count":0,"like_count":0,"quote_count":0},"text":"@hyunsuinseoul I don't know about telling China to do one. I can't see any president risking that. But in more general terms, why not?","id":"1449644309133750276","created_at":"2021-10-17T07:51:51.000Z"},{"public_metrics":{"retweet_count":0,"reply_count":0,"like_count":0,"quote_count":0},"text":"@koreanforeigner She maybe oversells it, but I don't think she is talking about miracles: More people are listening to South Korea, so make the most of it.","id":"1449641594181742592","created_at":"2021-10-17T07:41:03.000Z"},{"public_metrics":{"retweet_count":0,"reply_count":1,"like_count":0,"quote_count":0},"text":"@koreanforeigner I don't think she is talking about politicizing entertainment, but cashing in on some of the soft power it brings. https://t.co/KHenQWAd53","id":"1449638973609971712","created_at":"2021-10-17T07:30:38.000Z"},{"public_metrics":{"retweet_count":2,"reply_count":1,"like_count":7,"quote_count":0},"text":"Even Ryanair wouldn’t call that Busan https://t.co/u1EenNX4BA","id":"1449493111625891846","created_at":"2021-10-16T21:51:02.000Z"}],"meta":{"oldest_id":"1449493111625891846","newest_id":"1453212116274622472","result_count":17}}