{"data":[{"created_at":"2021-11-14T10:34:11.000Z","public_metrics":{"retweet_count":0,"reply_count":1,"like_count":1,"quote_count":0},"text":"@dilettantedance No. They are fine. Sumi potatoes are starchy and good for mashing. Of anything can be a bit delicate if boiled.","id":"1459832022411612164"},{"created_at":"2021-11-13T23:37:11.000Z","public_metrics":{"retweet_count":0,"reply_count":0,"like_count":0,"quote_count":1},"text":"Samsung’s Lee Jae-yong departs for US for chips, vaccine; signals his return to management https://t.co/58ZJrV32oJ","id":"1459666685854584837"},{"created_at":"2021-11-12T14:41:58.000Z","public_metrics":{"retweet_count":73,"reply_count":0,"like_count":0,"quote_count":0},"text":"RT @UKinKorea: \"We will continue to argue for an urgent review of the current guidance\"\n\n\uD83D\uDCFA WATCH: update from Ambassador @SimonSmithFCDO on…","id":"1459169605105057797"},{"created_at":"2021-11-12T10:31:26.000Z","public_metrics":{"retweet_count":5,"reply_count":0,"like_count":0,"quote_count":0},"text":"RT @JakeKwon88: If you are an aspiring journalist in Seoul, come hear about how we came to work at American media.","id":"1459106555261976578"},{"created_at":"2021-11-11T10:39:55.000Z","public_metrics":{"retweet_count":0,"reply_count":0,"like_count":0,"quote_count":0},"text":"@koryodynasty Israel must be included because of the vaccination rate, I think","id":"1458746302289051649"},{"created_at":"2021-11-11T10:04:32.000Z","public_metrics":{"retweet_count":1,"reply_count":0,"like_count":0,"quote_count":0},"text":"Yesterday, health care workers called off a strike over workload and staff shortages, deciding to hold a protest instead.  \nWorkers at some major hospitals had backed out of the strike plans. \nhttps://t.co/d9ZevaMV2v","id":"1458737399412846595"},{"created_at":"2021-11-11T10:04:32.000Z","public_metrics":{"retweet_count":0,"reply_count":1,"like_count":1,"quote_count":0},"text":"The government says the country can handle 500 patients in intensive care without straining the health system. Today's total rose to 473 from 460 the day before.","id":"1458737397617741828"},{"created_at":"2021-11-11T10:04:31.000Z","public_metrics":{"retweet_count":0,"reply_count":1,"like_count":0,"quote_count":0},"text":"Korea has the highest number of COVID-19 patients in critical condition since the pandemic began, but the Health Ministry says a retightening of social distancing is not on the table.\n\nhttps://t.co/iKS77C4I9x","id":"1458737395445026822"},{"created_at":"2021-11-11T09:54:54.000Z","public_metrics":{"retweet_count":0,"reply_count":0,"like_count":0,"quote_count":0},"text":"Korea passed a law to stop tech firms forcing app providers to use their payment systems. Google says it will comply, but the plan is for a 4%p cut on its 30% commission. App makers say this isn't enough. https://t.co/hgpHe4QL9s","id":"1458734974165610496"},{"created_at":"2021-11-11T04:40:39.000Z","public_metrics":{"retweet_count":0,"reply_count":0,"like_count":1,"quote_count":0},"text":"Posco's challenge illustrates one of the problems Korea faces with the green transition. It has a lot of heavy industry but powers it with imported energy. \nKorea doesn't have much in the way of renewables, so still has to rely on imports for green energy.","id":"1458655890995695626"},{"created_at":"2021-11-11T04:40:39.000Z","public_metrics":{"retweet_count":0,"reply_count":1,"like_count":1,"quote_count":0},"text":"Posco says it will invest W40tr ($34b) to switch from coal to hydrogen in steelmaking. It says the transition will be gradual and take ~30 years.\nW40tr is about 20 times its annual net profit, and it comes with quality tradeoffs. https://t.co/Ck1A2PattG","id":"1458655889259331587"},{"created_at":"2021-11-11T03:55:58.000Z","public_metrics":{"retweet_count":116,"reply_count":0,"like_count":0,"quote_count":0},"text":"RT @CT_Bergstrom: We all know social media content filtering algorithms are crap, and that they're vulnerable to malicious attacks.\n\nBut th…","id":"1458644643654995968"},{"created_at":"2021-11-11T00:06:18.000Z","public_metrics":{"retweet_count":0,"reply_count":0,"like_count":2,"quote_count":0},"text":"Samsung Life Insurance says it would pay out if ‘Squid Game’ happened in real life, which is nice of them, but the point of the show is that nobody playing SquidGame can afford insurance. \nhttps://t.co/nXAWAH7m8o","id":"1458586846330376192"},{"created_at":"2021-11-10T09:36:46.000Z","public_metrics":{"retweet_count":14,"reply_count":0,"like_count":0,"quote_count":0},"text":"RT @dagyumji: (1/5) After a year-long social media break, I am now back to Twitter to share my very first in-depth, lengthy article @TheKor…","id":"1458368022985412608"},{"created_at":"2021-11-10T08:32:16.000Z","public_metrics":{"retweet_count":1,"reply_count":0,"like_count":1,"quote_count":0},"text":"Hairdressers across the country are forced to work excessive hours at less than minimum wage, but feel they can't complain:\n“It’s a small industry and if you are working at a large shop, the word is bound to get out. That’s what scares us.”\nhttps://t.co/QxFlzlCaFR","id":"1458351791901319171"},{"created_at":"2021-11-10T08:10:16.000Z","public_metrics":{"retweet_count":1,"reply_count":0,"like_count":5,"quote_count":0},"text":"What does this have to do with the pandemic? \n\nChina's fuel shortage stems from a block on coal imports from Australia, which was imposed after Canberra backed calls for an inquiry into how China handled the initial COVID-19 outbreak.","id":"1458346254031753217"},{"created_at":"2021-11-10T08:10:15.000Z","public_metrics":{"retweet_count":1,"reply_count":1,"like_count":3,"quote_count":0},"text":"The problem is Korea gets 97% of its urea from China, and China has stopped exports. \n\nChina's move is due to an energy crisis: Urea production requires a lot of fossil-fuels, which China has a shortage of.","id":"1458346252207149063"},{"created_at":"2021-11-10T08:10:15.000Z","public_metrics":{"retweet_count":1,"reply_count":1,"like_count":2,"quote_count":0},"text":"Urea is a fertilizer, but it is also used to reduce emissions  of NOx pollutants. About 2/3 of Korea's diesel vehicles use fluid made with urea, and their engines won't start without it. \nThat means no deliveries of goods and supplies and constraints on public transport.","id":"1458346250500075522"},{"created_at":"2021-11-10T08:10:15.000Z","public_metrics":{"retweet_count":2,"reply_count":2,"like_count":8,"quote_count":0},"text":"While countries in Europe and North America have logistics emergencies because of a lack of drivers and other COVID holdups, the pandemic has indirectly left Korea facing a potential crisis of its own for another reason -- a lack of urea. https://t.co/doLEFQPa01","id":"1458346248532942851"},{"created_at":"2021-11-10T07:52:34.000Z","public_metrics":{"retweet_count":1,"reply_count":1,"like_count":1,"quote_count":0},"text":"China has OKed a shipment of 18,700 tons of urea to South Korea, but it's only enough to keep the country's trucks on the road for a couple more days.  https://t.co/EZRA46AktB","id":"1458341799441821699"},{"created_at":"2021-11-10T07:42:29.000Z","public_metrics":{"retweet_count":1,"reply_count":0,"like_count":3,"quote_count":0},"text":"To the surprise of nobody who has seen it, ‘Squid Game’ will return with more games, and presumably more plot holes for you to enjoy.\nhttps://t.co/jE5evsVBzP","id":"1458339261325791239"},{"created_at":"2021-11-10T07:28:17.000Z","public_metrics":{"retweet_count":2,"reply_count":0,"like_count":0,"quote_count":0},"text":"RT @JaccoZed: When I mused recently that some North Korean iconography reminded me of Jehovah's Witness views of paradise, I was shown this…","id":"1458335689200730122"},{"created_at":"2021-11-10T05:40:11.000Z","public_metrics":{"retweet_count":2,"reply_count":0,"like_count":2,"quote_count":0},"text":"Korea's iconic Kansong Art Museum, which has been closed since 2014, is considering opening for a short time next year, before renovation work begins on its main building. https://t.co/fjqe0XWgTd","id":"1458308483812507662"},{"created_at":"2021-11-09T05:05:24.000Z","public_metrics":{"retweet_count":0,"reply_count":0,"like_count":1,"quote_count":0},"text":"@taebonga Also an example of the Victorian tendency to describe the working class as a different race.","id":"1457937342820327426"},{"created_at":"2021-11-08T10:18:59.000Z","public_metrics":{"retweet_count":0,"reply_count":0,"like_count":1,"quote_count":0},"text":"@hyunsuinseoul @jordandias @BBCLBicker @ruskin147 Some of Korea's technical response would have been illegal in Europe, so I don't think it's quite right to frame it as a choice. But it's also not necessarily that relevant because tracing for the 1st wave was mostly done by phone.","id":"1457653870851592195"},{"created_at":"2021-11-04T04:38:57.000Z","public_metrics":{"retweet_count":0,"reply_count":0,"like_count":1,"quote_count":0},"text":"@themarkrussell Yeah I realise.\n\nIndie is a weird one. I suppose there are a bunch of factors involved, but interesting that hip-hop is so much more successful.","id":"1456118746502684672"},{"created_at":"2021-11-04T02:20:30.000Z","public_metrics":{"retweet_count":0,"reply_count":1,"like_count":1,"quote_count":0},"text":"@themarkrussell France is about the same size as Korea, in terms of audience, so a lot of this would be mentality rather than practicality.","id":"1456083904893386760"},{"created_at":"2021-11-03T05:15:11.000Z","public_metrics":{"retweet_count":0,"reply_count":0,"like_count":2,"quote_count":0},"text":"@thewaegukin It's here to stay. Like 3D movies.","id":"1455765478127800321"},{"created_at":"2021-11-03T03:33:08.000Z","public_metrics":{"retweet_count":1,"reply_count":2,"like_count":16,"quote_count":0},"text":"It's now more than a year since anyone posted anything in the Korea job discussions forum of Dave's ESL cafe. https://t.co/xfjEgElH1f","id":"1455739796068786177"},{"created_at":"2021-11-03T02:53:20.000Z","public_metrics":{"retweet_count":0,"reply_count":1,"like_count":1,"quote_count":0},"text":"Like why would anybody be remotely excited about doing this? Who saw a Pinterest board and thought \"if only I could go through a cumbersome process to navigate around a pseudo-3D version of this\"? https://t.co/MIp0sluzTO","id":"1455729779894718471"},{"created_at":"2021-11-03T02:45:07.000Z","public_metrics":{"retweet_count":0,"reply_count":0,"like_count":0,"quote_count":0},"text":"@GalloVOA I can't fathom any use for the metaverse, apart from leisure/entertainment.","id":"1455727710982918144"},{"created_at":"2021-11-03T02:40:12.000Z","public_metrics":{"retweet_count":2,"reply_count":6,"like_count":23,"quote_count":0},"text":"What I don't get is, why not just do this with a website? Why do I have to go into the metaverse to do it in the guise of an ocelot or whatever? https://t.co/PTqPhG5zui","id":"1455726475731103748"}],"meta":{"oldest_id":"1455726475731103748","newest_id":"1459832022411612164","result_count":32}}