{"data":[{"created_at":"2021-09-14T19:55:39.000Z","public_metrics":{"retweet_count":786,"reply_count":658,"like_count":13259,"quote_count":52},"id":"1437867660163833856","text":"@thesheetztweetz @NASAKennedy @SpaceX It is hard to overstate criticality of reusable rockets. No less important than reusable aircraft, cars or bicycles.\n\nEssential for humanity to become a multiplanet species &amp; backup the biosphere."},{"created_at":"2021-09-14T11:14:56.000Z","public_metrics":{"retweet_count":491,"reply_count":1281,"like_count":16918,"quote_count":67},"id":"1437736617494593538","text":"@RationalEtienne It has indeed become hard to find which platform has which show"},{"created_at":"2021-09-14T11:11:20.000Z","public_metrics":{"retweet_count":83,"reply_count":208,"like_count":2593,"quote_count":10},"id":"1437735715085950976","text":"@patrick7111996 \uD83D\uDD25\uD83D\uDD25"},{"created_at":"2021-09-14T09:12:21.000Z","public_metrics":{"retweet_count":7363,"reply_count":0,"like_count":0,"quote_count":0},"id":"1437705768405458945","text":"RT @SpaceX: Dragon’s first all-civilian crew https://t.co/bJFjLCilmc https://t.co/BefnuerQa2"},{"created_at":"2021-09-14T00:30:29.000Z","public_metrics":{"retweet_count":1635,"reply_count":1257,"like_count":10687,"quote_count":353},"id":"1437574437306519555","text":"@Gfilche I’m not saying there are UFOs … but there are UFOs"},{"created_at":"2021-09-13T07:57:45.000Z","public_metrics":{"retweet_count":151,"reply_count":272,"like_count":3532,"quote_count":10},"id":"1437324607292428290","text":"@Gfilche Also, we need to figure out how to render voxel height of unknown objects in a way that isn’t horrendous"},{"created_at":"2021-09-13T07:50:13.000Z","public_metrics":{"retweet_count":406,"reply_count":449,"like_count":6830,"quote_count":103},"id":"1437322712339423237","text":"@Gfilche FSD 10 predicts height from video pixels directly, without needing to classify groups of pixels into objects. \n\nIn principle, even if a UFO crashed on the road right in front of you, it would still avoid the debris.\n\nSome work still needed to tune sensitivity."},{"created_at":"2021-09-13T04:12:44.000Z","public_metrics":{"retweet_count":317,"reply_count":448,"like_count":3173,"quote_count":44},"id":"1437267981889937415","text":"@Dogeshade Deep"},{"created_at":"2021-09-13T04:09:51.000Z","public_metrics":{"retweet_count":618,"reply_count":1394,"like_count":17998,"quote_count":58},"id":"1437267254564073473","text":"Whether it’s stamp collectors in Andorra or petticoat aficionados in Lichtenstein, none can resist!"},{"created_at":"2021-09-13T03:05:30.000Z","public_metrics":{"retweet_count":263,"reply_count":260,"like_count":7674,"quote_count":9},"id":"1437251061383942148","text":"@boringcompany Nice work!"},{"created_at":"2021-09-13T01:02:32.000Z","public_metrics":{"retweet_count":6912,"reply_count":3678,"like_count":144135,"quote_count":417},"id":"1437220114613555202","text":"Gravitas https://t.co/DyIcmeKxz7"},{"created_at":"2021-09-13T00:38:37.000Z","public_metrics":{"retweet_count":942,"reply_count":1474,"like_count":27432,"quote_count":112},"id":"1437214098274537474","text":"Nicheman (power of appealing to niche audiences) strikes again hahaha"},{"created_at":"2021-09-13T00:01:47.000Z","public_metrics":{"retweet_count":6982,"reply_count":5487,"like_count":109398,"quote_count":760},"id":"1437204825800851460","text":"Emojilution https://t.co/oXfiGkpdkO"},{"created_at":"2021-09-12T23:58:22.000Z","public_metrics":{"retweet_count":366,"reply_count":462,"like_count":12087,"quote_count":29},"id":"1437203967902167045","text":"@PPathole They are … not yet friends"},{"created_at":"2021-09-12T23:13:27.000Z","public_metrics":{"retweet_count":562,"reply_count":481,"like_count":6240,"quote_count":38},"id":"1437192662294179843","text":"@flcnhvy Ok ok haha"},{"created_at":"2021-09-12T22:32:46.000Z","public_metrics":{"retweet_count":338,"reply_count":464,"like_count":9072,"quote_count":29},"id":"1437182424635609091","text":"@28delayslater Will do!"},{"created_at":"2021-09-12T22:22:39.000Z","public_metrics":{"retweet_count":23730,"reply_count":20323,"like_count":329489,"quote_count":3988},"id":"1437179881260032016","text":"Floki has arrived https://t.co/2MiUKb91FT"},{"created_at":"2021-09-12T21:38:13.000Z","public_metrics":{"retweet_count":146,"reply_count":162,"like_count":3737,"quote_count":15},"id":"1437168697324576771","text":"@dogeofficialceo @WholeMarsBlog @POTUS \uD83E\uDD23"},{"created_at":"2021-09-12T21:24:08.000Z","public_metrics":{"retweet_count":591,"reply_count":347,"like_count":5229,"quote_count":65},"id":"1437165154660139011","text":"@WholeMarsBlog @POTUS (Ahem)"},{"created_at":"2021-09-12T21:21:49.000Z","public_metrics":{"retweet_count":75,"reply_count":111,"like_count":2262,"quote_count":9},"id":"1437164571467390980","text":"@SirWoofOfDoge @WholeMarsBlog \uD83E\uDD23\uD83E\uDD23"},{"created_at":"2021-09-12T21:20:43.000Z","public_metrics":{"retweet_count":166,"reply_count":185,"like_count":3671,"quote_count":7},"id":"1437164292952952832","text":"@BLKMDL3 @WholeMarsBlog Literally!"},{"created_at":"2021-09-12T21:19:28.000Z","public_metrics":{"retweet_count":168,"reply_count":198,"like_count":4461,"quote_count":4},"id":"1437163979953016832","text":"@Matt_Lowne Forward flaps will change a lot in upcoming versions of Starship – smaller &amp; more leeward"},{"created_at":"2021-09-12T21:13:47.000Z","public_metrics":{"retweet_count":1171,"reply_count":682,"like_count":8513,"quote_count":160},"id":"1437162549267533824","text":"@WholeMarsBlog This is written by Ford/UAW lobbyists, as they make their electric car in Mexico. Not obvious how this serves American taxpayers.  https://t.co/FUUXARHlby"},{"created_at":"2021-09-12T21:06:16.000Z","public_metrics":{"retweet_count":286,"reply_count":204,"like_count":6243,"quote_count":17},"id":"1437160657133125636","text":"@OliOnOrbit Falcon 9 is technically a heavy lift rocket. If flown as an expendable, payload to orbit is similar to Delta IV Heavy (~25 tons to LEO).\n\nAnd Starship is ~10 times bigger."},{"created_at":"2021-09-12T18:45:14.000Z","public_metrics":{"retweet_count":219,"reply_count":363,"like_count":6527,"quote_count":15},"id":"1437125166027452421","text":"@TeslaPodcast Nice drive"},{"created_at":"2021-09-12T18:14:48.000Z","public_metrics":{"retweet_count":67,"reply_count":96,"like_count":1632,"quote_count":13},"id":"1437117507022823427","text":"@Nedsir1 @jpr007 @GordonJohnson19 \uD83E\uDD23"},{"created_at":"2021-09-12T17:53:48.000Z","public_metrics":{"retweet_count":21807,"reply_count":6702,"like_count":223678,"quote_count":1588},"id":"1437112222698909697","text":"https://t.co/3c18VldRrn"},{"created_at":"2021-09-12T03:14:42.000Z","public_metrics":{"retweet_count":365,"reply_count":460,"like_count":6514,"quote_count":67},"id":"1436890989864628224","text":"@ICannot_Enough @garyblack00 With 10.1, it will creep forward with more confidence &amp; quickly reverse back a little (just as a person would) if it sees danger"},{"created_at":"2021-09-12T03:11:59.000Z","public_metrics":{"retweet_count":270,"reply_count":343,"like_count":7205,"quote_count":39},"id":"1436890302913073152","text":"@FrenchieEAP Think of Beta 10 as enabling a significantly higher local maximum than Beta 9"},{"created_at":"2021-09-11T20:41:50.000Z","public_metrics":{"retweet_count":398,"reply_count":701,"like_count":6437,"quote_count":188},"id":"1436792119922933761","text":"@WholeMarsBlog To be fair, investors are giving us significant credit for achieving self-driving, given that Tesla’s valuation/production is very high compared to other automakers"},{"created_at":"2021-09-11T19:32:32.000Z","public_metrics":{"retweet_count":151,"reply_count":270,"like_count":2780,"quote_count":53},"id":"1436774682527678475","text":"@BLKMDL3 @teslaownersSV Three weeks"},{"created_at":"2021-09-11T19:02:42.000Z","public_metrics":{"retweet_count":418,"reply_count":565,"like_count":11618,"quote_count":30},"id":"1436767173926690818","text":"@teslaownersSV Digital clock coming in 2 weeks"},{"created_at":"2021-09-11T18:18:58.000Z","public_metrics":{"retweet_count":1377,"reply_count":1727,"like_count":43580,"quote_count":76},"id":"1436756167166922757","text":"@BillyM2k \uD83E\uDD23\uD83E\uDD23"},{"created_at":"2021-09-11T18:16:27.000Z","public_metrics":{"retweet_count":350,"reply_count":271,"like_count":6373,"quote_count":56},"id":"1436755533311131650","text":"@TimSweeneyEpic Please challenge Tim of Apple to trial by combat \uD83D\uDE4F"},{"created_at":"2021-09-11T18:06:22.000Z","public_metrics":{"retweet_count":1321,"reply_count":542,"like_count":14952,"quote_count":102},"id":"1436752994352181249","text":"@TimSweeneyEpic Didn’t you sorta win? https://t.co/eNu5Oh9Ogx"},{"created_at":"2021-09-11T12:53:49.000Z","public_metrics":{"retweet_count":483,"reply_count":566,"like_count":8733,"quote_count":66},"id":"1436674339831750660","text":"@Teslarati @ResidentSponge Highway stack is still production version, as it is more polished than FSD for now. Single stack for all should release in 10.1."},{"created_at":"2021-09-11T04:20:40.000Z","public_metrics":{"retweet_count":200,"reply_count":335,"like_count":4603,"quote_count":35},"id":"1436545203800846340","text":"@EVHQ2 @SpaceX Yeah"},{"created_at":"2021-09-11T04:04:13.000Z","public_metrics":{"retweet_count":1134,"reply_count":1012,"like_count":19530,"quote_count":78},"id":"1436541063406264320","text":"@SpaceX These are V1.5 Starlinks with laser inter-satellite links, which are needed for high latitudes &amp; mid ocean coverage"},{"created_at":"2021-09-11T02:04:49.000Z","public_metrics":{"retweet_count":3775,"reply_count":0,"like_count":0,"quote_count":0},"id":"1436511012979683328","text":"RT @SpaceX: Falcon 9 and Dragon in the hangar at Launch Complex 39A ahead of launching @inspiration4x https://t.co/xSygsTmuHY"},{"created_at":"2021-09-10T23:15:22.000Z","public_metrics":{"retweet_count":782,"reply_count":554,"like_count":33752,"quote_count":28},"id":"1436468369277034557","text":"@JeffTutorials An early season episode of the Tesla soap opera!"},{"created_at":"2021-09-10T21:30:14.000Z","public_metrics":{"retweet_count":171,"reply_count":169,"like_count":3008,"quote_count":10},"id":"1436441913348005888","text":"@nuerburgring @Tesla Great work by Tesla team, with special thanks to Tesla Automation in Prüm, who were critical to many high-performance parts of Plaid!"},{"created_at":"2021-09-10T20:16:48.000Z","public_metrics":{"retweet_count":67,"reply_count":119,"like_count":1342,"quote_count":7},"id":"1436423434800668692","text":"@WilkWilkerson @TGMetsFan98 @NASASpaceflight https://t.co/dVuBYDkaCy"},{"created_at":"2021-09-10T19:56:03.000Z","public_metrics":{"retweet_count":2336,"reply_count":0,"like_count":0,"quote_count":0},"id":"1436418211919052807","text":"RT @inspiration4x: Our #Inspiration4 crew has completed astronaut training at @SpaceX’s headquarters in Hawthorne, CA and is en route to Ke…"},{"created_at":"2021-09-10T19:50:52.000Z","public_metrics":{"retweet_count":238,"reply_count":168,"like_count":3220,"quote_count":21},"id":"1436416908551720963","text":"@4sanjaymathew @thesheetztweetz @esa @AschbacherJosef @SpaceX @SpireGlobal Exactly. Getting paid by the government to launch payloads at much lower prices than competitors is not “government support”."},{"created_at":"2021-09-10T19:47:05.000Z","public_metrics":{"retweet_count":322,"reply_count":297,"like_count":5004,"quote_count":30},"id":"1436415954762805254","text":"@TGMetsFan98 @NASASpaceflight Satellites with “lasers” in “space” [strokes white cat]"},{"created_at":"2021-09-10T19:39:11.000Z","public_metrics":{"retweet_count":270,"reply_count":294,"like_count":5268,"quote_count":24},"id":"1436413964963958800","text":"@nuerburgring @Tesla Alter falter! Dankeschön Nürburgring, Tesla wird geerht.\nhttps://t.co/oNykiTzkde"},{"created_at":"2021-09-10T11:33:23.000Z","public_metrics":{"retweet_count":940,"reply_count":596,"like_count":13671,"quote_count":138},"id":"1436291710393405478","text":"@Teslarati @13ericralph31 @SpacePadreIsle Booster static fire on orbital launch mount hopefully next week"},{"created_at":"2021-09-10T10:59:07.000Z","public_metrics":{"retweet_count":4439,"reply_count":6326,"like_count":76262,"quote_count":573},"id":"1436283089215442968","text":"Metallurgy Rūlz"},{"created_at":"2021-09-10T09:50:20.000Z","public_metrics":{"retweet_count":2313,"reply_count":3303,"like_count":39327,"quote_count":192},"id":"1436265776550490112","text":"POV Hardcore https://t.co/8SmXeGfpY7"},{"created_at":"2021-09-09T22:09:00.000Z","public_metrics":{"retweet_count":280,"reply_count":360,"like_count":4713,"quote_count":90},"id":"1436089282423296000","text":"@BLKMDL3 Track software update probably a few weeks away (I know, I know haha). Also waypoints &amp; other things."},{"created_at":"2021-09-09T22:08:09.000Z","public_metrics":{"retweet_count":102,"reply_count":179,"like_count":2423,"quote_count":16},"id":"1436089065913397248","text":"@AaronS5_ Tesla doesn’t have the bandwidth to do it, but there are some good third party mod shops"},{"created_at":"2021-09-09T22:04:46.000Z","public_metrics":{"retweet_count":1258,"reply_count":1721,"like_count":31271,"quote_count":93},"id":"1436088215186911243","text":"Next will be modified Plaid with added aero surfaces, carbon brakes &amp; track tires (all things that can be done without Tesla being in the loop)"},{"created_at":"2021-09-09T21:58:55.000Z","public_metrics":{"retweet_count":10534,"reply_count":6271,"like_count":126501,"quote_count":1262},"id":"1436086743720251394","text":"Tesla Model S Plaid just set official world speed record for a production electric car at Nurburgring. Completely unmodified, directly from factory. https://t.co/AaiFtfW5Ht"},{"created_at":"2021-09-09T21:51:25.000Z","public_metrics":{"retweet_count":682,"reply_count":746,"like_count":19779,"quote_count":100},"id":"1436084856350515202","text":"@burkov Maybe not, but it’s 99% dot products"},{"created_at":"2021-09-09T14:03:44.000Z","public_metrics":{"retweet_count":641,"reply_count":581,"like_count":6784,"quote_count":164},"id":"1435967157662150675","text":"@WholeMarsBlog The build I’m driving right now is almost there. FSD 10 will blow your mind."},{"created_at":"2021-09-09T13:59:28.000Z","public_metrics":{"retweet_count":183,"reply_count":281,"like_count":3705,"quote_count":42},"id":"1435966083857465348","text":"@WholeMarsBlog Expansion will be gradual, based on ensuring maximum safety"},{"created_at":"2021-09-09T10:51:29.000Z","public_metrics":{"retweet_count":181,"reply_count":482,"like_count":3810,"quote_count":29},"id":"1435918778777415687","text":"@28delayslater @slashdot Am I a yoke to you? \uD83D\uDE22"},{"created_at":"2021-09-09T10:44:48.000Z","public_metrics":{"retweet_count":184,"reply_count":358,"like_count":3497,"quote_count":36},"id":"1435917094751768582","text":"@28delayslater @slashdot Yet another round wheel is boring &amp; blocks the screen. FSD in panoramic mode looks way better with a yoke."},{"created_at":"2021-09-09T10:40:57.000Z","public_metrics":{"retweet_count":256,"reply_count":422,"like_count":6879,"quote_count":23},"id":"1435916127268491266","text":"@slashdot Just messin with ya haha"},{"created_at":"2021-09-09T10:04:25.000Z","public_metrics":{"retweet_count":138,"reply_count":343,"like_count":2240,"quote_count":33},"id":"1435906934641659904","text":"@TeslaGong @Neuro_Skeptic Are you the same today as you were yesterday?"},{"created_at":"2021-09-09T10:00:14.000Z","public_metrics":{"retweet_count":95,"reply_count":149,"like_count":1782,"quote_count":11},"id":"1435905879359041540","text":"@Neuro_Skeptic It seems to be working … https://t.co/tE6OVu7IQq"},{"created_at":"2021-09-09T09:56:26.000Z","public_metrics":{"retweet_count":657,"reply_count":536,"like_count":9452,"quote_count":71},"id":"1435904926517972993","text":"@Neuro_Skeptic https://t.co/irc9tTN8nA"},{"created_at":"2021-09-09T09:29:19.000Z","public_metrics":{"retweet_count":656,"reply_count":301,"like_count":8749,"quote_count":51},"id":"1435898100510564352","text":"@samuelmehr https://t.co/LgwCJWzU2W"},{"created_at":"2021-09-09T09:10:34.000Z","public_metrics":{"retweet_count":688,"reply_count":839,"like_count":17008,"quote_count":76},"id":"1435893381570437121","text":"@Kristennetten Cybertruck is not like the others"},{"created_at":"2021-09-08T21:56:41.000Z","public_metrics":{"retweet_count":996,"reply_count":540,"like_count":29419,"quote_count":36},"id":"1435723795025776642","text":"@PPathole That sums it up well!"},{"created_at":"2021-09-08T21:54:52.000Z","public_metrics":{"retweet_count":993,"reply_count":741,"like_count":42985,"quote_count":52},"id":"1435723338362540039","text":"@WholeMarsBlog \uD83E\uDD23"},{"created_at":"2021-09-07T18:28:00.000Z","public_metrics":{"retweet_count":530,"reply_count":1521,"like_count":11598,"quote_count":146},"id":"1435308889659039748","text":"@Rogozin Thanks! What is your favorite tea?"},{"created_at":"2021-09-07T17:36:44.000Z","public_metrics":{"retweet_count":1753,"reply_count":1446,"like_count":21629,"quote_count":405},"id":"1435295986805583884","text":"@SaycheeseDGTL And if it doesn’t work, he’s gonna sue death!"},{"created_at":"2021-09-06T23:33:02.000Z","public_metrics":{"retweet_count":926,"reply_count":1390,"like_count":34457,"quote_count":70},"id":"1435023263478988807","text":"@latestengineer Impressive!"},{"created_at":"2021-09-06T23:23:26.000Z","public_metrics":{"retweet_count":614,"reply_count":576,"like_count":28910,"quote_count":39},"id":"1435020849908703234","text":"@stefanolaru Worth it"},{"created_at":"2021-09-06T21:44:57.000Z","public_metrics":{"retweet_count":119,"reply_count":227,"like_count":2640,"quote_count":12},"id":"1434996066672390145","text":"@RenataKonkoly @flcnhvy @JeffTutorials Many times"},{"created_at":"2021-09-06T21:39:39.000Z","public_metrics":{"retweet_count":120,"reply_count":166,"like_count":3072,"quote_count":15},"id":"1434994732300652555","text":"@flcnhvy @JeffTutorials That’s one of my tests!"},{"created_at":"2021-09-06T21:16:59.000Z","public_metrics":{"retweet_count":503,"reply_count":589,"like_count":18353,"quote_count":42},"id":"1434989028730937347","text":"@JeffTutorials Tesla audio engineering is great"},{"created_at":"2021-09-06T19:19:51.000Z","public_metrics":{"retweet_count":1847,"reply_count":1285,"like_count":61191,"quote_count":119},"id":"1434959550575255558","text":"@WholeMarsBlog I’m not always late haha"},{"created_at":"2021-09-06T19:16:13.000Z","public_metrics":{"retweet_count":488,"reply_count":275,"like_count":5149,"quote_count":90},"id":"1434958634417627139","text":"@anthonyisonline Large incumbent carmakers sell their cars at low to zero true margin. Most of their profit is selling replacement parts to their fleet, of which 70% to 80% are past warranty. \n\nLike razors &amp; blades.\n\nNew car companies lack this advantage. Also lack sales &amp; service infrastructure."},{"created_at":"2021-09-06T19:12:00.000Z","public_metrics":{"retweet_count":691,"reply_count":541,"like_count":13333,"quote_count":99},"id":"1434957572251996160","text":"@anthonyisonline Production is hard. Production with positive cash flow is extremely hard."},{"created_at":"2021-09-06T17:46:56.000Z","public_metrics":{"retweet_count":8171,"reply_count":0,"like_count":0,"quote_count":0},"id":"1434936166978105345","text":"RT @netflix: On Sept 6, you’ll meet the four civilians going into space.\nOn Sept 13, you’ll see them prepare.\nOn Sept 15, you’ll watch the…"},{"created_at":"2021-09-06T14:31:29.000Z","public_metrics":{"retweet_count":371,"reply_count":511,"like_count":9970,"quote_count":30},"id":"1434886980429656072","text":"@Erdayastronaut Korolev was amazing"},{"created_at":"2021-09-04T17:17:50.000Z","public_metrics":{"retweet_count":384,"reply_count":562,"like_count":5752,"quote_count":61},"id":"1434204068491063299","text":"@SP_LimitReviews @Tesla @CodingMark @Manic_Marge @teslainventory @WholeMarsBlog Lot of good work happening on Tesla sound codec &amp; audio software in general. Aiming for maximum music dopamine in your brain!"},{"created_at":"2021-09-04T08:33:51.000Z","public_metrics":{"retweet_count":596,"reply_count":961,"like_count":19527,"quote_count":55},"id":"1434072202396123138","text":"@MarcusHouse Yes"},{"created_at":"2021-09-04T07:18:29.000Z","public_metrics":{"retweet_count":1568,"reply_count":1272,"like_count":40505,"quote_count":129},"id":"1434053234298015745","text":"@ErcXspace @SpaceX 2022"},{"created_at":"2021-09-04T06:51:12.000Z","public_metrics":{"retweet_count":571,"reply_count":557,"like_count":17460,"quote_count":62},"id":"1434046371443580932","text":"@TrungTPhan A lot has happened in the past 8 years"},{"created_at":"2021-09-04T04:04:40.000Z","public_metrics":{"retweet_count":6626,"reply_count":0,"like_count":0,"quote_count":0},"id":"1434004460213207045","text":"RT @ErcXspace: Starbase 2023.\n\n#SpaceX #Starship https://t.co/FGcbtZvOCc"},{"created_at":"2021-09-03T18:50:14.000Z","public_metrics":{"retweet_count":226,"reply_count":381,"like_count":3740,"quote_count":18},"id":"1433864931753955328","text":"@flcnhvy @WholeMarsBlog @truth_tesla @LimitingThe This is obv debatable, but I’d call anything with ~300 miles / ~500 km of true usable travel distance “long range”, beyond that “very long range”"},{"created_at":"2021-09-03T18:21:18.000Z","public_metrics":{"retweet_count":290,"reply_count":349,"like_count":3360,"quote_count":37},"id":"1433857650916151298","text":"@WholeMarsBlog @truth_tesla @LimitingThe There are vast amounts of iron (and lithium) on Earth, but much less nickel. \n\nFor global industry to scale battery production to ~10 TWh/year, it needs to be mostly iron.\n\nHigher energy density of Nickel only needed for very long range vehicles &amp; aircraft."},{"created_at":"2021-09-03T16:10:01.000Z","public_metrics":{"retweet_count":157,"reply_count":168,"like_count":2782,"quote_count":17},"id":"1433824611825700868","text":"@truth_tesla @LimitingThe Our new cell is 46mm diameter with steel shell &amp; even that was huge challenge for propagation resistance"},{"created_at":"2021-09-03T16:05:40.000Z","public_metrics":{"retweet_count":200,"reply_count":463,"like_count":3155,"quote_count":31},"id":"1433823519146577920","text":"@truth_tesla @LimitingThe Yes. \n\nPhysics of large cells means distance from cooling loop to center of cell is high, so harder to prevent hotspots.\n\nThen, pressure &amp; heat released from large cell in weak bag make it impossible to stop whole pack from burning.\n\nPretty basic."},{"created_at":"2021-09-03T08:47:10.000Z","public_metrics":{"retweet_count":70770,"reply_count":32432,"like_count":476225,"quote_count":6785},"id":"1433713164546293767","text":"Time is the ultimate currency"},{"created_at":"2021-09-03T06:08:07.000Z","public_metrics":{"retweet_count":157,"reply_count":196,"like_count":2847,"quote_count":26},"id":"1433673140811436034","text":"@long_elon @LimitingThe Iron, the last element made in a star, appears likely to exceed nickel by 3:1 or more"},{"created_at":"2021-09-03T05:58:15.000Z","public_metrics":{"retweet_count":347,"reply_count":343,"like_count":6813,"quote_count":35},"id":"1433670656315600919","text":"@LimitingThe Generally agree, but probability of thermal runaway is dangerously high with large pouch cells. Tesla strongly recommends against their use."},{"created_at":"2021-09-03T01:38:50.000Z","public_metrics":{"retweet_count":499,"reply_count":586,"like_count":13308,"quote_count":45},"id":"1433605370337849362","text":"@teslaownersSV And Beta 10 is a step change improvement from what you have!"},{"created_at":"2021-09-02T18:18:18.000Z","public_metrics":{"retweet_count":207,"reply_count":414,"like_count":4968,"quote_count":43},"id":"1433494509816410119","text":"@leastImAlive @archillect \uD83E\uDD23\uD83E\uDD23 “I’m fkn tryin”"},{"created_at":"2021-09-02T18:17:20.000Z","public_metrics":{"retweet_count":319,"reply_count":306,"like_count":5280,"quote_count":33},"id":"1433494263476588557","text":"@TeslaAIBot @EffinZach Ur welcome, pls be nice to the humans"},{"created_at":"2021-09-02T18:16:12.000Z","public_metrics":{"retweet_count":474,"reply_count":689,"like_count":14153,"quote_count":67},"id":"1433493980927254529","text":"@archillect Smoked ham"},{"created_at":"2021-09-02T17:28:28.000Z","public_metrics":{"retweet_count":2365,"reply_count":1047,"like_count":11749,"quote_count":174},"id":"1433481968692305963","text":"@dogecoin_devs Good progress. Applying information theory to currency (which is just information), lower fees reduce noise &amp; faster &amp; more consistent sync time improve latency &amp; jitter."},{"created_at":"2021-09-02T17:05:26.000Z","public_metrics":{"retweet_count":532,"reply_count":510,"like_count":5284,"quote_count":106},"id":"1433476171933515776","text":"@EffinZach The robots are coming anyway, as Boston Dynamics videos clearly show. \n\nI will not be able to ensure that robots made by other companies are safe, but I can try my best to do so at Tesla."},{"created_at":"2021-09-02T17:00:21.000Z","public_metrics":{"retweet_count":2021,"reply_count":3860,"like_count":24433,"quote_count":972},"id":"1433474893316722691","text":"@thesheetztweetz @SquawkStreet In general, I believe government should rarely impose its will upon the people, and, when doing so, should aspire to maximize their cumulative happiness. That said, I would prefer to stay out of politics."},{"created_at":"2021-09-02T06:45:12.000Z","public_metrics":{"retweet_count":380,"reply_count":421,"like_count":5607,"quote_count":50},"id":"1433320085519618048","text":"@DJSnM @thesheetztweetz @johnkrausphotos @LylaKohistany Processing is not an issue. Lasers links alleviate ground station constraints, so data can go from say Sydney to London through space, which is ~40% faster speed of light than fiber &amp; shorter path. \n\nAlso, no need for ground stations everywhere. Arctic will have great bandwidth!"},{"created_at":"2021-09-02T02:26:25.000Z","public_metrics":{"retweet_count":956,"reply_count":0,"like_count":21146,"quote_count":210},"id":"1433254957101109254","text":"@VitalikButerin https://t.co/EFGqFcsJ6S"},{"created_at":"2021-09-02T00:59:48.000Z","public_metrics":{"retweet_count":216,"reply_count":296,"like_count":4036,"quote_count":42},"id":"1433233159915667459","text":"@tobyliiiiiiiiii Not sure, but maybe a few months. In general for any region, we need to make software work well, test it extensively &amp; then get regulatory approval. If we could go faster while being safe, we would!"}],"meta":{"oldest_id":"1433233159915667459","newest_id":"1437867660163833856","result_count":100,"next_token":"7140dibdnow9c7btw3z21angch0efv2xk5tagg2v5ml2x"}}