{"data":[{"id":"1443344727433105412","created_at":"2021-09-29T22:39:33.000Z","text":"@pcgamer AMD has been great to work with!","public_metrics":{"retweet_count":882,"reply_count":720,"like_count":21062,"quote_count":131}},{"id":"1443344556452298752","created_at":"2021-09-29T22:38:52.000Z","text":"@Gfilche @freshjiva No guarantees, but I think it will. This is  a big part of what I meant by Tesla’s long-term competitive advantage being manufacturing technology.","public_metrics":{"retweet_count":456,"reply_count":289,"like_count":5737,"quote_count":86}},{"id":"1443339982647619588","created_at":"2021-09-29T22:20:42.000Z","text":"@SciGuySpace @verge \uD83E\uDD23\uD83E\uDD23","public_metrics":{"retweet_count":421,"reply_count":803,"like_count":15977,"quote_count":36}},{"id":"1443302848096178178","created_at":"2021-09-29T19:53:08.000Z","text":"@thesheetztweetz SpaceX has sued to be *allowed* to compete, BO is suing to stop competition","public_metrics":{"retweet_count":998,"reply_count":527,"like_count":10146,"quote_count":85}},{"id":"1443268776930119680","created_at":"2021-09-29T17:37:45.000Z","text":"@SPACEdotcom Maxwell was incredible","public_metrics":{"retweet_count":907,"reply_count":688,"like_count":7987,"quote_count":437}},{"id":"1443268071964102657","created_at":"2021-09-29T17:34:57.000Z","text":"@mortenlund89 Really?","public_metrics":{"retweet_count":142,"reply_count":451,"like_count":3628,"quote_count":17}},{"id":"1442953321560510467","created_at":"2021-09-28T20:44:15.000Z","text":"@NewFolderF @dogeofficialceo @BillyM2k \uD83E\uDD23","public_metrics":{"retweet_count":132,"reply_count":324,"like_count":2339,"quote_count":18}},{"id":"1442906126777917442","created_at":"2021-09-28T17:36:43.000Z","text":"@BillyM2k Hamster has mad skillz!!","public_metrics":{"retweet_count":1250,"reply_count":1555,"like_count":14118,"quote_count":136}},{"id":"1442882324987850758","created_at":"2021-09-28T16:02:08.000Z","text":"@slashdot This is a serious concern.","public_metrics":{"retweet_count":354,"reply_count":804,"like_count":7001,"quote_count":55}},{"id":"1442878993485664256","created_at":"2021-09-28T15:48:54.000Z","text":"@SciGuySpace @Neopork85 @NASASpaceflight We aim to do the most for the least $","public_metrics":{"retweet_count":331,"reply_count":294,"like_count":5788,"quote_count":43}},{"id":"1442716005936078855","created_at":"2021-09-28T05:01:14.000Z","text":"Apologies, 10.2 release will be a week from Friday","public_metrics":{"retweet_count":806,"reply_count":2105,"like_count":18930,"quote_count":119}},{"id":"1442707528924684293","created_at":"2021-09-28T04:27:33.000Z","text":"@BLKMDL3 First few days probably 100/100, then 99, 98, etc.","public_metrics":{"retweet_count":183,"reply_count":465,"like_count":3137,"quote_count":76}},{"id":"1442706542839701510","created_at":"2021-09-28T04:23:38.000Z","text":"Wow, lot of interest in FSD beta! Plan is to roll out version 10.2 midnight Friday, then on-ramp ~1000 owners/day, prioritized by safety rating.","public_metrics":{"retweet_count":1136,"reply_count":2124,"like_count":22283,"quote_count":207}},{"id":"1442636642985160708","created_at":"2021-09-27T23:45:53.000Z","text":"@Erdayastronaut @LabPadre If tiles are not super thin, you get hot plasma “waterfalling” off edges of tiles, creating hotspots. \n\nThat said, I’m not entirely convinced that this couldn’t be done with several overlapping scales of metal sheet with an insulator between scale armor &amp; primary structure.","public_metrics":{"retweet_count":303,"reply_count":516,"like_count":6365,"quote_count":31}},{"id":"1442630681360752640","created_at":"2021-09-27T23:22:11.000Z","text":"@LabPadre Headed tank vent knocked off a few tiles","public_metrics":{"retweet_count":209,"reply_count":261,"like_count":5208,"quote_count":36}},{"id":"1442588871271718915","created_at":"2021-09-27T20:36:03.000Z","text":"@scott_peak Cybertruck option package","public_metrics":{"retweet_count":166,"reply_count":396,"like_count":3923,"quote_count":21}},{"id":"1442588766510583808","created_at":"2021-09-27T20:35:38.000Z","text":"@scott_peak Of course","public_metrics":{"retweet_count":92,"reply_count":232,"like_count":2631,"quote_count":13}},{"id":"1442588420719595522","created_at":"2021-09-27T20:34:16.000Z","text":"@Teslarati @KlenderJoey “ISIS”","public_metrics":{"retweet_count":244,"reply_count":555,"like_count":4476,"quote_count":51}},{"id":"1442407308382793729","created_at":"2021-09-27T08:34:35.000Z","text":"@Rainmaker1973 Where is Hitchcock when you need him?","public_metrics":{"retweet_count":298,"reply_count":780,"like_count":10653,"quote_count":30}},{"id":"1442399621037412352","created_at":"2021-09-27T08:04:02.000Z","text":"@Rainmaker1973 Illustrates why Tesla sales will soon exceed mass of universe","public_metrics":{"retweet_count":684,"reply_count":690,"like_count":12926,"quote_count":146}},{"id":"1442359574846185472","created_at":"2021-09-27T05:24:55.000Z","text":"@alex_avoigt In an electric future, batteries are as essential to transport as oil is today","public_metrics":{"retweet_count":1566,"reply_count":1367,"like_count":24173,"quote_count":142}},{"id":"1442197732882632707","created_at":"2021-09-26T18:41:48.000Z","text":"@wadeanderson Noted. You should be able to press mic button &amp; say “bug report …”","public_metrics":{"retweet_count":156,"reply_count":604,"like_count":3305,"quote_count":35}},{"id":"1442197132103061508","created_at":"2021-09-26T18:39:25.000Z","text":"@coffeetabletsla @kimpaquette Ok","public_metrics":{"retweet_count":73,"reply_count":163,"like_count":2107,"quote_count":9}},{"id":"1442194774501462017","created_at":"2021-09-26T18:30:03.000Z","text":"@kimpaquette A helpful case to consider, as the roads intersect at unusual angles","public_metrics":{"retweet_count":198,"reply_count":405,"like_count":6240,"quote_count":16}},{"id":"1442059275157843971","created_at":"2021-09-26T09:31:38.000Z","text":"@pcgamer True","public_metrics":{"retweet_count":221,"reply_count":579,"like_count":8040,"quote_count":24}},{"id":"1442048135434539009","created_at":"2021-09-26T08:47:22.000Z","text":"@bluemoondance74 @NASASpaceflight @SpaceX “Comes in discreet packaging”","public_metrics":{"retweet_count":356,"reply_count":453,"like_count":11662,"quote_count":35}},{"id":"1442045993684324352","created_at":"2021-09-26T08:38:51.000Z","text":"@cnunezimages @SpaceX Well ya see we need to reach around the rocket to uhh …","public_metrics":{"retweet_count":257,"reply_count":491,"like_count":8578,"quote_count":35}},{"id":"1441917078894751746","created_at":"2021-09-26T00:06:35.000Z","text":"@omespino \uD83E\uDD23","public_metrics":{"retweet_count":964,"reply_count":758,"like_count":56875,"quote_count":44}},{"id":"1441868653578711040","created_at":"2021-09-25T20:54:10.000Z","text":"@SawyerMerritt @Tesla Absolutely! Tesla team rocks \uD83D\uDC95","public_metrics":{"retweet_count":515,"reply_count":578,"like_count":12444,"quote_count":21}},{"id":"1441851891000889350","created_at":"2021-09-25T19:47:33.000Z","text":"@Sushihunter2 @pitt_geoff @rajz06 @Tesla @Everman We use no cobalt at all in most of our cars &amp; tiny amounts in others (going to zero soon), whereas phones &amp; laptops primarily use cobalt","public_metrics":{"retweet_count":567,"reply_count":178,"like_count":4413,"quote_count":68}},{"id":"1441851222537879556","created_at":"2021-09-25T19:44:54.000Z","text":"@RenataKonkoly @Erdayastronaut And booster used to be 70m, but this required an awkward half barrel width of steel, so now it’s 69m","public_metrics":{"retweet_count":323,"reply_count":468,"like_count":8855,"quote_count":24}},{"id":"1441846082556792838","created_at":"2021-09-25T19:24:28.000Z","text":"@Nick_Stevens_Gr Haha so true of rocket engine development","public_metrics":{"retweet_count":141,"reply_count":191,"like_count":4318,"quote_count":7}},{"id":"1441837997645729794","created_at":"2021-09-25T18:52:21.000Z","text":"@Teslarati @KlenderJoey https://t.co/lN4RH9u99a","public_metrics":{"retweet_count":176,"reply_count":402,"like_count":2525,"quote_count":49}},{"id":"1441677227565850628","created_at":"2021-09-25T08:13:30.000Z","text":"@WholeMarsBlog Very much a beta calculation. It will evolve over time to more accurately predict crash probability.","public_metrics":{"retweet_count":420,"reply_count":871,"like_count":10314,"quote_count":49}},{"id":"1441562625662464000","created_at":"2021-09-25T00:38:07.000Z","text":"@AaronS5_ Yes","public_metrics":{"retweet_count":126,"reply_count":311,"like_count":3869,"quote_count":22}},{"id":"1441560961593262081","created_at":"2021-09-25T00:31:30.000Z","text":"FSD Beta request button goes live tonight, but FSD 10.1 needs another 24 hours of testing, so out tomorrow night","public_metrics":{"retweet_count":4583,"reply_count":8297,"like_count":64239,"quote_count":686}},{"id":"1441476204901638148","created_at":"2021-09-24T18:54:43.000Z","text":"@thesheetztweetz Chris was an early employee of SpaceX, and made a significant contribution, but was not a cofounder","public_metrics":{"retweet_count":300,"reply_count":1057,"like_count":8152,"quote_count":41}},{"id":"1441243705705254917","created_at":"2021-09-24T03:30:51.000Z","text":"RT @SpaceX: More pics from @inspiration4x return → https://t.co/095WHX44BX https://t.co/Rxb49W4arV","public_metrics":{"retweet_count":4534,"reply_count":0,"like_count":0,"quote_count":0}},{"id":"1441202383732699141","created_at":"2021-09-24T00:46:39.000Z","text":"https://t.co/2jsF5hTWCP","public_metrics":{"retweet_count":20563,"reply_count":8648,"like_count":279881,"quote_count":1508}},{"id":"1441201947785121794","created_at":"2021-09-24T00:44:55.000Z","text":"https://t.co/4QNllqZ75o","public_metrics":{"retweet_count":33462,"reply_count":11872,"like_count":465338,"quote_count":2517}},{"id":"1441201877715128320","created_at":"2021-09-24T00:44:38.000Z","text":"@SpaceXMR Maybe reality is a Rick &amp; Morty episode","public_metrics":{"retweet_count":1257,"reply_count":598,"like_count":20514,"quote_count":114}},{"id":"1440940751718948866","created_at":"2021-09-23T07:27:01.000Z","text":"@RenataKonkoly @FelixSchlang @KathyLueders @SpaceX @BoeingSpace I didn’t think so at the time","public_metrics":{"retweet_count":176,"reply_count":286,"like_count":4071,"quote_count":18}},{"id":"1440781421665161223","created_at":"2021-09-22T20:53:54.000Z","text":"@thesheetztweetz So pointy! https://t.co/XMRQKpmy0t","public_metrics":{"retweet_count":300,"reply_count":501,"like_count":7876,"quote_count":29}},{"id":"1440780474662543370","created_at":"2021-09-22T20:50:08.000Z","text":"@BillyM2k Super important for Doge fees to drop to make things like buying movie tix viable","public_metrics":{"retweet_count":4213,"reply_count":2262,"like_count":24258,"quote_count":452}},{"id":"1440778702476832778","created_at":"2021-09-22T20:43:05.000Z","text":"@EvaFoxU @ChesterNoBS @truth_tesla Giga Berlin will help a lot","public_metrics":{"retweet_count":162,"reply_count":196,"like_count":3105,"quote_count":20}},{"id":"1440747919108296708","created_at":"2021-09-22T18:40:46.000Z","text":"@SueOrigin @SciGuySpace That would break the NASA budget!","public_metrics":{"retweet_count":150,"reply_count":185,"like_count":2947,"quote_count":16}},{"id":"1440744391069425666","created_at":"2021-09-22T18:26:45.000Z","text":"@PPathole @simongerman600 @waitbutwhy @SeppalaVilleEN AI used to be #1, until last year https://t.co/KSuaheBLLg","public_metrics":{"retweet_count":265,"reply_count":276,"like_count":2231,"quote_count":40}},{"id":"1440742298518577156","created_at":"2021-09-22T18:18:26.000Z","text":"@simongerman600 @waitbutwhy @SeppalaVilleEN Birth rate collapse is the biggest threat to human civilization","public_metrics":{"retweet_count":285,"reply_count":320,"like_count":2110,"quote_count":100}},{"id":"1440736242195329028","created_at":"2021-09-22T17:54:22.000Z","text":"@wapodavenport We always do flight readiness reviews! This argument makes no sense.","public_metrics":{"retweet_count":214,"reply_count":164,"like_count":3971,"quote_count":11}},{"id":"1440732712289984519","created_at":"2021-09-22T17:40:20.000Z","text":"@EvaFoxU @ChesterNoBS @truth_tesla Logistics is underrated","public_metrics":{"retweet_count":215,"reply_count":209,"like_count":3471,"quote_count":15}},{"id":"1440729549239558148","created_at":"2021-09-22T17:27:46.000Z","text":"@EvaFoxU @ChesterNoBS @truth_tesla Exactly. Giga Shanghai makes cars for export in first half of quarter, then cars for far away parts of China, then cars for nearby parts of China. \n\nNet result is a crazy wave of deliveries end of quarter. It is tough on our team, so we’re hoping to reduce the wave in Q4 &amp; Q1.","public_metrics":{"retweet_count":253,"reply_count":162,"like_count":3323,"quote_count":25}},{"id":"1440567662258442247","created_at":"2021-09-22T06:44:29.000Z","text":"@rookisaacman @ArceneauxHayley @DrSianProctor @ChrisSembroski @inspiration4x @StJude Great view of Earth!","public_metrics":{"retweet_count":482,"reply_count":743,"like_count":14442,"quote_count":32}},{"id":"1440501267944513537","created_at":"2021-09-22T02:20:40.000Z","text":"@HistoryInPics Tesla is the king of car farts!","public_metrics":{"retweet_count":395,"reply_count":565,"like_count":6071,"quote_count":54}},{"id":"1440482413973409802","created_at":"2021-09-22T01:05:45.000Z","text":"@ro_ma_vive @cybrtrkguy Hopefully worldwide long-term, but insurance is a regulatory labyrinth/escape room!","public_metrics":{"retweet_count":136,"reply_count":213,"like_count":2707,"quote_count":25}},{"id":"1440481412835016705","created_at":"2021-09-22T01:01:46.000Z","text":"@cybrtrkguy The regulatory process for approval to offer insurance is extremely slow &amp; complex, varying considerably by state. \n\nTesla is hoping to offer real-time (based on actual driving history) insurance in Texas next month.\n\nProbably next year before we get approval in New York.","public_metrics":{"retweet_count":758,"reply_count":757,"like_count":17497,"quote_count":147}},{"id":"1440416990204624900","created_at":"2021-09-21T20:45:46.000Z","text":"RT @DrSianProctor: The moment when me and my amazing crew, @rookisaacman, @ArceneauxHayley, @ChrisSembroski opened up the @SpaceX cupola fo…","public_metrics":{"retweet_count":7992,"reply_count":0,"like_count":0,"quote_count":0}},{"id":"1440361722473156611","created_at":"2021-09-21T17:06:09.000Z","text":"@ElectricRaph @28delayslater @KounisTou Good point, we could enable visualization before control. Will enable that option hopefully next month.","public_metrics":{"retweet_count":131,"reply_count":231,"like_count":2571,"quote_count":31}},{"id":"1440360450177204230","created_at":"2021-09-21T17:01:06.000Z","text":"@28delayslater @KounisTou 10.1 should solve that last cone issue","public_metrics":{"retweet_count":95,"reply_count":136,"like_count":1942,"quote_count":25}},{"id":"1440358962432339983","created_at":"2021-09-21T16:55:11.000Z","text":"RT @Tesla: Solar Roof powers Buffalo Heritage Carousel in NY \uD83C\uDF1E https://t.co/cxFFwmuQ2e","public_metrics":{"retweet_count":3383,"reply_count":0,"like_count":0,"quote_count":0}},{"id":"1440169571466371073","created_at":"2021-09-21T04:22:37.000Z","text":"@TeslaOwnersEBay @TeslaGong @inspiration4x Definitely upgraded toilets :) We had some challenges with it this flight.","public_metrics":{"retweet_count":169,"reply_count":310,"like_count":3752,"quote_count":34}},{"id":"1440164262761021448","created_at":"2021-09-21T04:01:31.000Z","text":"@carsonight Not super surprising, given that internal combustion engine cars literally have “combustion” in the name","public_metrics":{"retweet_count":496,"reply_count":484,"like_count":13735,"quote_count":30}},{"id":"1440160941505585159","created_at":"2021-09-21T03:48:20.000Z","text":"@TeslaGong @inspiration4x Yeah, a little oven for heating food &amp; Starlink wifi","public_metrics":{"retweet_count":205,"reply_count":318,"like_count":4488,"quote_count":30}},{"id":"1440159176685088774","created_at":"2021-09-21T03:41:19.000Z","text":"Just met with the @Inspiration4x crew in Florida to congratulate them in person. Such great people!","public_metrics":{"retweet_count":4362,"reply_count":5796,"like_count":88825,"quote_count":280}},{"id":"1440017820167938054","created_at":"2021-09-20T18:19:37.000Z","text":"@ray4tesla Tesla has not yet decided on a fourth Gigafactory location","public_metrics":{"retweet_count":470,"reply_count":1695,"like_count":8202,"quote_count":199}},{"id":"1439840888537194496","created_at":"2021-09-20T06:36:33.000Z","text":"@AustinTeslaClub To be precise, completely &amp; immediately reusable orbital rockets are the fundamental breakthrough needed to make life multiplanetary","public_metrics":{"retweet_count":663,"reply_count":1764,"like_count":11690,"quote_count":37}},{"id":"1439840278362329094","created_at":"2021-09-20T06:34:07.000Z","text":"@teslaownersSV @Tesla Which games did they like most?","public_metrics":{"retweet_count":482,"reply_count":1156,"like_count":19746,"quote_count":41}},{"id":"1439809514308620293","created_at":"2021-09-20T04:31:53.000Z","text":"@tegmark Nice work!","public_metrics":{"retweet_count":134,"reply_count":206,"like_count":3796,"quote_count":12}},{"id":"1439788369257639939","created_at":"2021-09-20T03:07:51.000Z","text":"@teslaownersSV @TeslaGong @WholeMarsBlog Good","public_metrics":{"retweet_count":113,"reply_count":243,"like_count":2638,"quote_count":15}},{"id":"1439787982475743241","created_at":"2021-09-20T03:06:19.000Z","text":"@TeslaGong @teslaownersSV @WholeMarsBlog No, has to be turned on by car owner","public_metrics":{"retweet_count":69,"reply_count":92,"like_count":1867,"quote_count":9}},{"id":"1439787780180221954","created_at":"2021-09-20T03:05:31.000Z","text":"@Jason_Hess_ @WholeMarsBlog Yes","public_metrics":{"retweet_count":71,"reply_count":104,"like_count":2029,"quote_count":27}},{"id":"1439787653394747395","created_at":"2021-09-20T03:05:01.000Z","text":"@teslaownersSV @WholeMarsBlog Tesla insurance calculator will show status in real-time &amp; tell you what actions are needed to be rated “good driver”","public_metrics":{"retweet_count":245,"reply_count":176,"like_count":3033,"quote_count":66}},{"id":"1439787397022199812","created_at":"2021-09-20T03:04:00.000Z","text":"@BLKMDL3 @WholeMarsBlog 7 days after approval to log driving style","public_metrics":{"retweet_count":122,"reply_count":164,"like_count":2258,"quote_count":28}},{"id":"1439787129253597184","created_at":"2021-09-20T03:02:56.000Z","text":"@starbasergv Not a tiny engine","public_metrics":{"retweet_count":275,"reply_count":495,"like_count":10599,"quote_count":24}},{"id":"1439786904443146240","created_at":"2021-09-20T03:02:02.000Z","text":"@WholeMarsBlog Remarkable how few people realize this capability exists. Many think it is 5 years away! With public beta rollout in coming weeks, awareness should improve dramatically.","public_metrics":{"retweet_count":461,"reply_count":283,"like_count":5306,"quote_count":61}},{"id":"1439699675494461440","created_at":"2021-09-19T21:15:25.000Z","text":"@FiveTweetTSLA @tesla_lion @archillect Seems that way","public_metrics":{"retweet_count":337,"reply_count":294,"like_count":5287,"quote_count":38}},{"id":"1439697964369317888","created_at":"2021-09-19T21:08:37.000Z","text":"@archillect Looks fine. Take 2 aspirin, call me in the morning.","public_metrics":{"retweet_count":526,"reply_count":509,"like_count":14188,"quote_count":66}},{"id":"1439687664547115011","created_at":"2021-09-19T20:27:41.000Z","text":"@TheMarsSociety @NASA Some amount of cooperation would be good","public_metrics":{"retweet_count":288,"reply_count":457,"like_count":5951,"quote_count":41}},{"id":"1439667378120499201","created_at":"2021-09-19T19:07:05.000Z","text":"@RenataKonkoly @rhensing @johnkrausphotos Absolutely","public_metrics":{"retweet_count":320,"reply_count":379,"like_count":7796,"quote_count":19}},{"id":"1439665626914635783","created_at":"2021-09-19T19:00:07.000Z","text":"@rhensing He’s still sleeping","public_metrics":{"retweet_count":8770,"reply_count":3269,"like_count":55529,"quote_count":1395}},{"id":"1439665308101402643","created_at":"2021-09-19T18:58:51.000Z","text":"@stats_feed Needs a little warming up","public_metrics":{"retweet_count":605,"reply_count":1435,"like_count":22910,"quote_count":81}},{"id":"1439600100490334220","created_at":"2021-09-19T14:39:45.000Z","text":"@AustinTeslaClub @Tesla @TeslaOwnersEBay @TeslaOwnersUAE @EvaFoxU @leastImAlive @teslaownersSV @gailalfa1 @live_munro @OwenSparks_ I wish there were more","public_metrics":{"retweet_count":145,"reply_count":301,"like_count":3399,"quote_count":19}},{"id":"1439599799049801728","created_at":"2021-09-19T14:38:33.000Z","text":"@AustinTeslaClub @Tesla @TeslaOwnersEBay @TeslaOwnersUAE @EvaFoxU @leastImAlive @teslaownersSV @gailalfa1 @live_munro @OwenSparks_ So few products that you truly love \uD83D\uDC95","public_metrics":{"retweet_count":351,"reply_count":607,"like_count":9558,"quote_count":39}},{"id":"1439412791815950336","created_at":"2021-09-19T02:15:27.000Z","text":"@inspiration4x @ArceneauxHayley @rookisaacman @DrSianProctor @ChrisSembroski @StJude Count me in for $50M","public_metrics":{"retweet_count":5052,"reply_count":2792,"like_count":75367,"quote_count":1292}},{"id":"1439366880310046721","created_at":"2021-09-18T23:13:01.000Z","text":"Congratulations @Inspiration4x!!!","public_metrics":{"retweet_count":8492,"reply_count":8224,"like_count":125430,"quote_count":415}},{"id":"1439366720079204357","created_at":"2021-09-18T23:12:22.000Z","text":"RT @SpaceX: Splashdown! Welcome back to planet Earth, @Inspiration4x! https://t.co/94yLjMBqWt","public_metrics":{"retweet_count":16432,"reply_count":0,"like_count":0,"quote_count":0}},{"id":"1439352625573605378","created_at":"2021-09-18T22:16:22.000Z","text":"@OwenSparks_ @ChrisSembroski One of my favorite movies","public_metrics":{"retweet_count":265,"reply_count":338,"like_count":8246,"quote_count":19}},{"id":"1439347109099184138","created_at":"2021-09-18T21:54:27.000Z","text":"@TeslaGong @BryceSpaceTech Yes\n\nNo, but it will get refilled &amp; maybe cargo transfer","public_metrics":{"retweet_count":80,"reply_count":117,"like_count":1628,"quote_count":9}},{"id":"1439344277063192581","created_at":"2021-09-18T21:43:12.000Z","text":"@enn_nafnlaus @BryceSpaceTech Making life multiplanetary is an extremely hard, but not impossible, problem","public_metrics":{"retweet_count":251,"reply_count":159,"like_count":2801,"quote_count":11}},{"id":"1439343752460574726","created_at":"2021-09-18T21:41:06.000Z","text":"RT @SpaceX: Dragon has entered its last orbit before reentry and splashdown → https://t.co/bJFjLCzWdK https://t.co/rAeaXJLLIb","public_metrics":{"retweet_count":2389,"reply_count":0,"like_count":0,"quote_count":0}},{"id":"1439308731913748488","created_at":"2021-09-18T19:21:57.000Z","text":"@BryceSpaceTech Still basically nothing compared to the orbital mass flux needed for a base on moon or Mars","public_metrics":{"retweet_count":181,"reply_count":288,"like_count":4193,"quote_count":13}},{"id":"1439303626565038087","created_at":"2021-09-18T19:01:40.000Z","text":"RT @SpaceX: Orbital moonrise https://t.co/vrx8Jzeu1t","public_metrics":{"retweet_count":5065,"reply_count":0,"like_count":0,"quote_count":0}},{"id":"1439303480330571780","created_at":"2021-09-18T19:01:05.000Z","text":"@kittynouveau Probably will trap a Tesla with the production Autopilot build, but won’t work with FSD. Using a ring of cones would stop FSD though.","public_metrics":{"retweet_count":137,"reply_count":175,"like_count":3684,"quote_count":27}},{"id":"1439225680693186571","created_at":"2021-09-18T13:51:56.000Z","text":"@NevanRead @A11electric It will be there","public_metrics":{"retweet_count":128,"reply_count":259,"like_count":2608,"quote_count":51}},{"id":"1439224823549411329","created_at":"2021-09-18T13:48:32.000Z","text":"@vincent13031925 This engine needs to be 10X lower cost. Order of magnitude change is good reason for a new name. \n\nWhat really matters is not yet another “advanced” rocket engine, as there are many such devices, but there has never been a cheap (&lt;$1000/Ton-force) rocket engine. Not even close","public_metrics":{"retweet_count":267,"reply_count":185,"like_count":3782,"quote_count":15}},{"id":"1439221294738903040","created_at":"2021-09-18T13:34:30.000Z","text":"@slashdot Sigh","public_metrics":{"retweet_count":220,"reply_count":403,"like_count":5570,"quote_count":24}},{"id":"1439207158588088320","created_at":"2021-09-18T12:38:20.000Z","text":"@SamTwits @Erdayastronaut @PPathole @vincent13031925 Long chain hydrocarbons, like kerosene, have excellent volumetric energy density, but what you really want for rockets is best way to bind hydrogen, which is CH4. \n\nAlso, easy to make &amp; store CH4+O2 from CO2+H2O, which are abundant on Mars.","public_metrics":{"retweet_count":157,"reply_count":159,"like_count":2497,"quote_count":21}},{"id":"1439204246382125059","created_at":"2021-09-18T12:26:46.000Z","text":"@SpaceX ♥️ \uD83C\uDF0D \uD83C\uDF0E \uD83C\uDF0F ♥️","public_metrics":{"retweet_count":1613,"reply_count":1276,"like_count":34710,"quote_count":73}},{"id":"1439201272503144451","created_at":"2021-09-18T12:14:57.000Z","text":"@Erdayastronaut @PPathole @vincent13031925 Fully reusable rockets want high T/W to minimize $/ton to orbit, because propellant cost actually matters","public_metrics":{"retweet_count":181,"reply_count":128,"like_count":4292,"quote_count":10}},{"id":"1439197760478134273","created_at":"2021-09-18T12:00:59.000Z","text":"@WholeMarsBlog Automatically drive to most obvious location unless occupant says otherwise","public_metrics":{"retweet_count":235,"reply_count":407,"like_count":5508,"quote_count":24}},{"id":"1439194394649837568","created_at":"2021-09-18T11:47:37.000Z","text":"@WatchersTank @SpaceX With that, Ship is basically begging for an extra 3 engines","public_metrics":{"retweet_count":87,"reply_count":108,"like_count":1979,"quote_count":6}}],"meta":{"oldest_id":"1439194394649837568","newest_id":"1443344727433105412","result_count":100,"next_token":"7140dibdnow9c7btw3z21nfip5col09zreg6pxlehcmk8"}}