{"data":[{"public_metrics":{"retweet_count":0,"reply_count":0,"like_count":1,"quote_count":0},"created_at":"2021-08-14T18:49:58.000Z","id":"1426617109950390272","text":"@CuriousHenryPol Don't buy RRG at all; Jamaica otoh is highly likely - perhaps the likeliest at this stage."},{"public_metrics":{"retweet_count":10,"reply_count":2,"like_count":23,"quote_count":1},"created_at":"2021-08-14T18:47:28.000Z","id":"1426616478405734404","text":"Our model now places the SPD neck-and-neck with the Greens, albeit with a marginally smaller confidence interval. This particular race matters in the event of a traffic-light coalition; realistically the SPD's only path to power. https://t.co/Z1iyeuKILW https://t.co/ORgKB69q5q"},{"public_metrics":{"retweet_count":0,"reply_count":1,"like_count":9,"quote_count":0},"created_at":"2021-08-13T16:42:19.000Z","id":"1426222596950044677","text":"@giulio_mattioli The line is that he is talking about lorries rather than cars. But the question to Musk was clear."},{"public_metrics":{"retweet_count":1,"reply_count":0,"like_count":30,"quote_count":0},"created_at":"2021-08-13T16:38:23.000Z","id":"1426221606964236293","text":"Just industrial levels of CDU cope around this today."},{"public_metrics":{"retweet_count":0,"reply_count":1,"like_count":0,"quote_count":0},"created_at":"2021-08-13T15:33:24.000Z","id":"1426205252987105288","text":"@SmarketsPol @smarkets How liquid is the market?"},{"public_metrics":{"retweet_count":0,"reply_count":1,"like_count":7,"quote_count":0},"created_at":"2021-08-13T15:18:04.000Z","id":"1426201395825463301","text":"The adjective in this phrase might not be recognised by some of us that grew up around the heath\nhttps://t.co/MdOjO4xQhh https://t.co/wCufAgORmc"},{"public_metrics":{"retweet_count":10,"reply_count":0,"like_count":0,"quote_count":0},"created_at":"2021-08-13T15:03:41.000Z","id":"1426197772357836804","text":"RT @TheEconomist: We've gathered our coverage of Germany's election in one place. Bookmark this page to stay up to speed https://t.co/SHjoA…"},{"public_metrics":{"retweet_count":5,"reply_count":4,"like_count":84,"quote_count":0},"created_at":"2021-08-13T11:23:44.000Z","id":"1426142422610894848","text":"https://t.co/AkohExMMYq"},{"public_metrics":{"retweet_count":131,"reply_count":59,"like_count":1180,"quote_count":25},"created_at":"2021-08-13T11:23:23.000Z","id":"1426142333830144010","text":"Why would you ask the head of the world's most valuable EV company if hydrogen is the future of cars? https://t.co/7lcNdC8uLj"},{"public_metrics":{"retweet_count":10,"reply_count":9,"like_count":167,"quote_count":4},"created_at":"2021-08-13T10:48:30.000Z","id":"1426133555428700163","text":"Writing is hard, whose stupid idea was it"},{"public_metrics":{"retweet_count":0,"reply_count":0,"like_count":3,"quote_count":0},"created_at":"2021-08-13T07:25:01.000Z","id":"1426082347091435520","text":"@PhilippaSigl https://t.co/BFrzpPwDW8"},{"public_metrics":{"retweet_count":0,"reply_count":1,"like_count":5,"quote_count":1},"created_at":"2021-08-13T07:09:48.000Z","id":"1426078518392377347","text":"@rainerfaus CDUers I speak to always tell me to look at FGW!"},{"public_metrics":{"retweet_count":2,"reply_count":1,"like_count":23,"quote_count":2},"created_at":"2021-08-13T06:02:18.000Z","id":"1426061530609688576","text":"And look at Scholz go, bro! (Caveat: chancellor preferences are certainly over-interpreted and probably over-polled.) https://t.co/XTgFfAeFew"},{"public_metrics":{"retweet_count":13,"reply_count":4,"like_count":57,"quote_count":1},"created_at":"2021-08-13T06:00:37.000Z","id":"1426061105969909763","text":"Forschungsgruppe Wahlen continues to look rosier for the Union than other pollsters, but the decline is still clear. SPD and Greens now level. https://t.co/ks3UCYNPq7"},{"public_metrics":{"retweet_count":320,"reply_count":0,"like_count":0,"quote_count":0},"created_at":"2021-08-13T05:51:23.000Z","id":"1426058784909271040","text":"RT @GermanAmbUK: 60 years ago, Berliners woke up to their city being divided by barbed wire. This demarcation quickly turned into the Berli…"},{"public_metrics":{"retweet_count":0,"reply_count":0,"like_count":1,"quote_count":0},"created_at":"2021-08-12T20:02:47.000Z","id":"1425910658852392972","text":"@carstenbrzeski I shall have words with my source!"},{"public_metrics":{"retweet_count":0,"reply_count":1,"like_count":0,"quote_count":0},"created_at":"2021-08-12T19:58:10.000Z","id":"1425909493414629381","text":"@carstenbrzeski Sure that wasn't in the summer? https://t.co/ygYcQ18oj0"},{"public_metrics":{"retweet_count":0,"reply_count":0,"like_count":4,"quote_count":0},"created_at":"2021-08-12T19:14:55.000Z","id":"1425898610240151554","text":"(Not including the FRG, for all the Schlauberger out there.)"},{"public_metrics":{"retweet_count":0,"reply_count":2,"like_count":4,"quote_count":0},"created_at":"2021-08-12T18:27:54.000Z","id":"1425886780012863498","text":"(Should add that this is a @mattsteinglass jam.)"},{"public_metrics":{"retweet_count":16,"reply_count":5,"like_count":95,"quote_count":3},"created_at":"2021-08-12T17:26:12.000Z","id":"1425871251579547654","text":"Kein Weiter so!\n\nhttps://t.co/CulgR6SjSt"},{"public_metrics":{"retweet_count":0,"reply_count":1,"like_count":1,"quote_count":0},"created_at":"2021-08-12T11:18:59.000Z","id":"1425778839280566278","text":"@duncanrobinson Did he get a column out of it"},{"public_metrics":{"retweet_count":12,"reply_count":2,"like_count":41,"quote_count":4},"created_at":"2021-08-12T08:26:35.000Z","id":"1425735452510887936","text":"PredictIt punters now think Merkel is more likely to be chancellor on 31/12 - presumably in the event of chaotic coalition negotiations - than Baerbock. https://t.co/K5RFdkVslf"},{"public_metrics":{"retweet_count":1,"reply_count":0,"like_count":4,"quote_count":0},"created_at":"2021-08-12T07:46:33.000Z","id":"1425725379130662915","text":"Very strong energy from our data team's tweets today. https://t.co/yJghJqO3Zd"},{"public_metrics":{"retweet_count":52,"reply_count":0,"like_count":0,"quote_count":0},"created_at":"2021-08-11T16:15:33.000Z","id":"1425491083383951363","text":"RT @tom_nuttall: Last night, we published our forecasting model for the German federal election on September 26th (s/o @futuraprime, @gelli…"},{"public_metrics":{"retweet_count":0,"reply_count":1,"like_count":1,"quote_count":0},"created_at":"2021-08-11T15:26:39.000Z","id":"1425478779988762624","text":"@nickscharioth @TheEconomist I think new polls are fed into the model once a day, so presumably we'll see how they shift things tomorrow."},{"public_metrics":{"retweet_count":3,"reply_count":1,"like_count":21,"quote_count":0},"created_at":"2021-08-11T15:19:23.000Z","id":"1425476949003186182","text":"German electoral dynamics are complex. With two polls bringing red-red-green into play, Scholz and Baerbock can now expect to be taxed with v awkward questions about working with Die Linke - even though it's the Union that's currently struggling."},{"public_metrics":{"retweet_count":0,"reply_count":1,"like_count":1,"quote_count":0},"created_at":"2021-08-11T14:38:16.000Z","id":"1425466601403518976","text":"@IFilipau @neverth00130861 Many thanks - where are these numbers from? (the second set)"},{"public_metrics":{"retweet_count":11,"reply_count":2,"like_count":42,"quote_count":3},"created_at":"2021-08-11T14:35:09.000Z","id":"1425465816762527747","text":"An even more dismal poll for the Union: two pp down to 22%, a single point ahead of the Greens, with the SPD not far behind. (Kantar, for @FOCUS_magazin.) https://t.co/V6vKe6JCWt"},{"public_metrics":{"retweet_count":2,"reply_count":0,"like_count":0,"quote_count":0},"created_at":"2021-08-11T11:58:30.000Z","id":"1425426397615562752","text":"RT @GerElectionFcst: @ThorstenHild @tom_nuttall @futuraprime @gelliottmorris @MarieSegger \uD83D\uDC4BHey @tom_nuttall ! Yes, we launched our German E…"},{"public_metrics":{"retweet_count":0,"reply_count":0,"like_count":0,"quote_count":0},"created_at":"2021-08-11T10:57:07.000Z","id":"1425410949419253760","text":"@OlafStorbeck @xileffff Super-schön"},{"public_metrics":{"retweet_count":0,"reply_count":0,"like_count":5,"quote_count":0},"created_at":"2021-08-11T10:17:55.000Z","id":"1425401084563103753","text":"Fair enough! ⬇️ https://t.co/uTMKxckxOF"},{"public_metrics":{"retweet_count":0,"reply_count":1,"like_count":2,"quote_count":0},"created_at":"2021-08-11T10:17:30.000Z","id":"1425400976723349507","text":"@makro_philip It's one poll, which the model will take into account along with all the other polls."},{"public_metrics":{"retweet_count":6,"reply_count":1,"like_count":37,"quote_count":0},"created_at":"2021-08-11T10:07:10.000Z","id":"1425398379211902977","text":"Und schließlich ist das Ganze auch auf Deutsch verfügbar, danke @MarieSegger. https://t.co/J12bVanUaL (7/7)"},{"public_metrics":{"retweet_count":1,"reply_count":1,"like_count":13,"quote_count":0},"created_at":"2021-08-11T10:05:44.000Z","id":"1425398017440505861","text":"The model will be continually updated between now and election day. Thoughts v welcome, of course. (But please don't direct any questions about the methodology to me - full details are published along with the model.) https://t.co/Z1iyeuKILW (6/7)"},{"public_metrics":{"retweet_count":1,"reply_count":1,"like_count":16,"quote_count":0},"created_at":"2021-08-11T10:05:08.000Z","id":"1425397864293969923","text":"c) some curiosities, such as this: there is a 10% chance that the election result will give both black-green and traffic-light a potential majority (for me, perhaps the most interesting of the possible outcomes). I'm hoping to extract more such figures from the model. (5/7) https://t.co/BrZsOh4Vpg"},{"public_metrics":{"retweet_count":2,"reply_count":1,"like_count":10,"quote_count":0},"created_at":"2021-08-11T10:04:03.000Z","id":"1425397592150663171","text":"b) which plausible coalitions currently have a better-than-even chance of winning a majority. (4/7) https://t.co/AunFkxPU7R"},{"public_metrics":{"retweet_count":5,"reply_count":4,"like_count":25,"quote_count":3},"created_at":"2021-08-11T10:02:53.000Z","id":"1425397297777623044","text":"It can tell you a) that the confidence intervals around some of the main parties' projected votes are surprisingly wide. (3/7) https://t.co/lz6XS0DXYC"},{"public_metrics":{"retweet_count":1,"reply_count":2,"like_count":12,"quote_count":0},"created_at":"2021-08-11T10:02:10.000Z","id":"1425397117531697154","text":"It follows our successful US 2020 election forecast. It is harder to apply such models to German elections, with their multiple parties and coalition governments, than two-horse presidential ones. Our model can't tell you which coalition will govern DE after 26/9. But... (2/7)"},{"public_metrics":{"retweet_count":52,"reply_count":6,"like_count":160,"quote_count":7},"created_at":"2021-08-11T09:59:54.000Z","id":"1425396550793109506","text":"Last night, we published our forecasting model for the German federal election on September 26th (s/o @futuraprime, @gelliottmorris, @MarieSegger and others). As far as we know, nothing comparable exists in German media or elsewhere.  https://t.co/Z1iyeuKILW (1/7)"},{"public_metrics":{"retweet_count":0,"reply_count":1,"like_count":2,"quote_count":0},"created_at":"2021-08-11T09:41:36.000Z","id":"1425391943375282178","text":"@hesselmann yeah!"},{"public_metrics":{"retweet_count":0,"reply_count":1,"like_count":0,"quote_count":0},"created_at":"2021-08-11T09:41:10.000Z","id":"1425391832511418369","text":"@tobiaschneider Yep, indeed so. 57ish feels right."},{"public_metrics":{"retweet_count":0,"reply_count":0,"like_count":2,"quote_count":0},"created_at":"2021-08-11T09:23:02.000Z","id":"1425387271604342792","text":"@sven_kosanke @jaym_s Thanks, I appreciate it - looking for more precision though! Perhaps the estimate I'm looking for doesn't exist."},{"public_metrics":{"retweet_count":0,"reply_count":1,"like_count":1,"quote_count":0},"created_at":"2021-08-11T08:32:54.000Z","id":"1425374653560889349","text":"@neverth00130861 Not quite what I'm looking for, but thanks!"},{"public_metrics":{"retweet_count":0,"reply_count":5,"like_count":5,"quote_count":0},"created_at":"2021-08-11T08:24:43.000Z","id":"1425372593817886721","text":"Bleg: can anyone point me to a reliable estimate of the age of the median voter in the 2017 German federal election? (actual not eligible voters.) I'm guessing mid to late 50s, but can't find an actual figure."},{"public_metrics":{"retweet_count":48,"reply_count":0,"like_count":0,"quote_count":0},"created_at":"2021-08-11T08:02:08.000Z","id":"1425366913480278016","text":"RT @tom_nuttall: New Forsa poll on the German election is a bit of a marmalade-dropper. Quick thread."},{"public_metrics":{"retweet_count":2,"reply_count":14,"like_count":47,"quote_count":1},"created_at":"2021-08-11T07:11:33.000Z","id":"1425354183948054530","text":"Whatever the explanation, it's not vaccination. https://t.co/lCeEV9jLqN"},{"public_metrics":{"retweet_count":53,"reply_count":48,"like_count":185,"quote_count":18},"created_at":"2021-08-11T07:07:32.000Z","id":"1425353172068012032","text":"Is it time to talk about why Germany is experiencing such a mild fourth wave? https://t.co/htdlNxHd4h"},{"public_metrics":{"retweet_count":0,"reply_count":0,"like_count":2,"quote_count":0},"created_at":"2021-08-11T06:22:33.000Z","id":"1425341851045924865","text":"@xileffff @x_xjochen \uD83D\uDE4C"},{"public_metrics":{"retweet_count":0,"reply_count":2,"like_count":21,"quote_count":0},"created_at":"2021-08-11T06:21:01.000Z","id":"1425341465115365377","text":"@AndreasShrugged Presumably the extent of that bias has not increased in the last week."},{"public_metrics":{"retweet_count":10,"reply_count":0,"like_count":0,"quote_count":0},"created_at":"2021-08-11T05:51:30.000Z","id":"1425334038341033988","text":"RT @TheEconomist: How many votes and seats might each party win in Germany’s Bundestag? Explore our new model to find out #BTW21 \n https://…"},{"public_metrics":{"retweet_count":0,"reply_count":0,"like_count":0,"quote_count":0},"created_at":"2021-08-11T05:50:30.000Z","id":"1425333784866664449","text":"@leemakiyama @ArminLaschet Couldn't agree more...see my tweet on the parties' competence scores."},{"public_metrics":{"retweet_count":1,"reply_count":0,"like_count":9,"quote_count":0},"created_at":"2021-08-11T05:48:25.000Z","id":"1425333262688391169","text":"https://t.co/Q0FT7f5WIC"},{"public_metrics":{"retweet_count":0,"reply_count":1,"like_count":6,"quote_count":0},"created_at":"2021-08-11T05:45:11.000Z","id":"1425332448926240771","text":"@leemakiyama @ArminLaschet Server meltdown."},{"public_metrics":{"retweet_count":46,"reply_count":5,"like_count":171,"quote_count":8},"created_at":"2021-08-11T05:43:14.000Z","id":"1425331954833100805","text":"Postscript: overnight @TheEconomist launched a German election forecasting model. I'll tweet on it in more depth later, but here's our current assessment of the polling, including the wide confidence intervals we attach to each party's polling. https://t.co/Z1iyeuKILW https://t.co/xex5EEzd6k"},{"public_metrics":{"retweet_count":0,"reply_count":4,"like_count":1,"quote_count":1},"created_at":"2021-08-11T05:41:24.000Z","id":"1425331495883915265","text":"@xileffff Is there an equivalent auf Deutsch?"},{"public_metrics":{"retweet_count":9,"reply_count":3,"like_count":82,"quote_count":6},"created_at":"2021-08-11T05:39:53.000Z","id":"1425331111622758403","text":"58% of voters (up 8pp in a week) do not trust any party to cope with Germany's problems. The best score here is the CDU/CSU's, with a miserable 17%. (For me, this is a more telling indicator than the widely polled \"preferred chancellor\" question.)"},{"public_metrics":{"retweet_count":26,"reply_count":6,"like_count":155,"quote_count":15},"created_at":"2021-08-11T05:38:31.000Z","id":"1425330768935538697","text":"Half of the electorate, and 59% (!) of CDU voters think @ArminLaschet should renounce his candidacy in favour of Markus Söder. (Less surprisingly, 64% of CSU voters agree.)"},{"public_metrics":{"retweet_count":4,"reply_count":7,"like_count":64,"quote_count":1},"created_at":"2021-08-11T05:37:31.000Z","id":"1425330518875328515","text":"On current polling, no two-way coalitions have the numbers. Four three-ways do: Jamaica, traffic-light, \"Germany\" (ain't gonna happen) and RRG (!)"},{"public_metrics":{"retweet_count":7,"reply_count":3,"like_count":64,"quote_count":1},"created_at":"2021-08-11T05:36:35.000Z","id":"1425330281624506371","text":"The CDU/CSU is down 3pp in a week to 23%. The Greens are on 20%, the SPD 19% (up 3pp)."},{"public_metrics":{"retweet_count":48,"reply_count":2,"like_count":219,"quote_count":12},"created_at":"2021-08-11T05:35:13.000Z","id":"1425329937632964611","text":"New Forsa poll on the German election is a bit of a marmalade-dropper. Quick thread."},{"public_metrics":{"retweet_count":0,"reply_count":0,"like_count":12,"quote_count":0},"created_at":"2021-08-10T16:58:10.000Z","id":"1425139419808509956","text":"Today's big resignation. (Although I feel like I keep reading that the Polish coalition is about to lose its majority...and it never does?) https://t.co/J1kFWAxo3C"},{"public_metrics":{"retweet_count":0,"reply_count":0,"like_count":2,"quote_count":0},"created_at":"2021-08-09T18:30:09.000Z","id":"1424800182374391810","text":"@just1ofyou @Gilesyb Johnson's supremacy was just sublime - Usain Bolt's wins were cheap thrills by comparison. And as a bonus MJ morphed into one of the most insightful sports commentators around."},{"public_metrics":{"retweet_count":0,"reply_count":2,"like_count":2,"quote_count":0},"created_at":"2021-08-09T18:03:58.000Z","id":"1424793591927480326","text":"@Gilesyb Same champs featured the epic Lewis v Powell jump-off, one of the greatest sporting duels of all time IMV.\nhttps://t.co/vAY1Xd4HlI"},{"public_metrics":{"retweet_count":0,"reply_count":0,"like_count":0,"quote_count":0},"created_at":"2021-08-09T12:37:40.000Z","id":"1424711476237979651","text":"@b_judah If you can, and you're not heading to Venice/Santa Monica/ the Westside, it is orders of magnitude more comfortable."},{"public_metrics":{"retweet_count":0,"reply_count":0,"like_count":1,"quote_count":0},"created_at":"2021-08-09T09:54:25.000Z","id":"1424670393495957519","text":"@VKJudit Or he thinks it's already ring-fenced? Hard to imagine Merz having an exaggerated sense of his own importance, I know..."},{"public_metrics":{"retweet_count":0,"reply_count":3,"like_count":18,"quote_count":0},"created_at":"2021-08-09T09:21:52.000Z","id":"1424662201734942720","text":"I'm curious to see if this attempt to introduce \"owning the libs\" as a viable campaign tactic in Germany will gain any traction. Suspect not, to put it mildly. \nhttps://t.co/HBNRp5ccER"},{"public_metrics":{"retweet_count":0,"reply_count":0,"like_count":3,"quote_count":0},"created_at":"2021-08-09T07:09:36.000Z","id":"1424628915851628546","text":"@b_judah Did anyone tell Baudrillard that real LA dons use Burbank, not LAX?"},{"public_metrics":{"retweet_count":0,"reply_count":0,"like_count":0,"quote_count":0},"created_at":"2021-08-08T17:15:59.000Z","id":"1424419130581692419","text":"@whatsinitforme Yes, exactly the same."},{"public_metrics":{"retweet_count":4,"reply_count":5,"like_count":66,"quote_count":1},"created_at":"2021-08-08T15:33:20.000Z","id":"1424393294751150086","text":"Can't wait for the fresh wave of discourse when people realise that per capita, Hungary won six times as many Olympic medals as the US."},{"public_metrics":{"retweet_count":0,"reply_count":0,"like_count":0,"quote_count":0},"created_at":"2021-08-08T14:59:54.000Z","id":"1424384884009754628","text":"@damonwake My grumpy old man response is that it's not really that funny. Kinda like shooting fish in a barrel and lopping off a single fin."},{"public_metrics":{"retweet_count":0,"reply_count":1,"like_count":1,"quote_count":0},"created_at":"2021-08-08T12:00:26.000Z","id":"1424339716439166976","text":"@ratkins Photos are easier to deface, I guess. Same reason you'll always find AfD posters at the top of lamp-posts - where they're out of reach."},{"public_metrics":{"retweet_count":0,"reply_count":0,"like_count":0,"quote_count":0},"created_at":"2021-08-08T11:18:20.000Z","id":"1424329124550742021","text":"@cymro69 Sure has"},{"public_metrics":{"retweet_count":0,"reply_count":0,"like_count":2,"quote_count":0},"created_at":"2021-08-08T11:06:02.000Z","id":"1424326026411319299","text":"@flora19 Take a bow @duncanrobinson"},{"public_metrics":{"retweet_count":0,"reply_count":0,"like_count":3,"quote_count":0},"created_at":"2021-08-08T10:23:11.000Z","id":"1424315244701159424","text":"@lugaricano It's perhaps a fringe proposition."},{"public_metrics":{"retweet_count":0,"reply_count":0,"like_count":2,"quote_count":0},"created_at":"2021-08-08T10:19:58.000Z","id":"1424314435825512451","text":"@annemcelvoy Will try, but a certain writing commitment means I am not getting out very much at the moment!"},{"public_metrics":{"retweet_count":0,"reply_count":1,"like_count":0,"quote_count":0},"created_at":"2021-08-08T09:37:17.000Z","id":"1424303693650923520","text":"@ERDonnachie I know, but some places still have another few campaign-free weeks to enjoy."},{"public_metrics":{"retweet_count":0,"reply_count":6,"like_count":11,"quote_count":0},"created_at":"2021-08-08T09:33:15.000Z","id":"1424302680240005120","text":"(In Berlin, I should add: lampposts in others cities/regions will remain blissfully placard-free for another week or two.)"},{"public_metrics":{"retweet_count":5,"reply_count":7,"like_count":52,"quote_count":4},"created_at":"2021-08-08T09:29:12.000Z","id":"1424301659526770691","text":"Seven weeks to election day, and the campaign posters have sprung up overnight like mushrooms after rain. https://t.co/57S6kzFp2o"},{"public_metrics":{"retweet_count":0,"reply_count":1,"like_count":2,"quote_count":0},"created_at":"2021-08-07T12:31:04.000Z","id":"1423985041659531266","text":"@tabouchadi I'm not sure I understand your tone, but I'm glad you find it interesting!"},{"public_metrics":{"retweet_count":0,"reply_count":1,"like_count":2,"quote_count":0},"created_at":"2021-08-07T11:07:58.000Z","id":"1423964126934667266","text":"@fabianstelzer @malte_meissner @ArminLaschet See data from Forsa, among others. Most AfD voters are too far gone to make it worth the CDU's while to risk flirting with them. Conservative CDU-leaners still need convincing to turn out, which is the case for keeping Merz on board. Its a tightrope, but Merz just fell off it IMV"},{"public_metrics":{"retweet_count":0,"reply_count":1,"like_count":2,"quote_count":0},"created_at":"2021-08-07T10:44:56.000Z","id":"1423958331346063363","text":"@malte_meissner @ArminLaschet Indeed so, but there is more support to be lost in the centre than gained to the right. And this dog-whistle stuff is how you lose it."},{"public_metrics":{"retweet_count":8,"reply_count":5,"like_count":38,"quote_count":2},"created_at":"2021-08-07T10:37:23.000Z","id":"1423956429086543872","text":"This stuff will not help @ArminLaschet's flailing bid for the chancellorship; it's long been clear that the CDU's main vulnerability is not on its right flank. I wonder if we'll see the man who beat Merz show a bit of backbone now."},{"public_metrics":{"retweet_count":3,"reply_count":1,"like_count":23,"quote_count":1},"created_at":"2021-08-07T10:35:24.000Z","id":"1423955929612144642","text":"The odd thing is that the Green proposition that triggered this claim - a call for a new stand-alone immigration ministry - was vulnerable to a legitimate Merzian attack on the over-bureaucratisation of public life."},{"public_metrics":{"retweet_count":30,"reply_count":6,"like_count":84,"quote_count":6},"created_at":"2021-08-07T10:32:45.000Z","id":"1423955265465077763","text":".@_FriedrichMerz, repeated loser in CDU leadership battles and now an economic adviser to @ArminLaschet, is getting furiously dumped on today for suggesting that the Greens want \"to invite as many immigrants to possible to Germany, regardless of their ability to integrate\". https://t.co/Z6fgHLILvh"},{"public_metrics":{"retweet_count":0,"reply_count":0,"like_count":0,"quote_count":0},"created_at":"2021-08-07T08:28:48.000Z","id":"1423924069590872067","text":"@damonwake It's all fun and games til the hybrid Godzilla/Kim Jong-un deepfake comes for you"},{"public_metrics":{"retweet_count":0,"reply_count":0,"like_count":1,"quote_count":0},"created_at":"2021-08-07T07:45:49.000Z","id":"1423913253793673218","text":"@damonwake It's not being shared as a spoof!"},{"public_metrics":{"retweet_count":2,"reply_count":0,"like_count":11,"quote_count":0},"created_at":"2021-08-06T18:01:15.000Z","id":"1423705746320003078","text":"This plus people falling for the (not even first!) extremely fake Cormac McCarthy account has driven my priors about the future in a decisively pessimistic direction. https://t.co/bUzp7D5JAF"},{"public_metrics":{"retweet_count":0,"reply_count":0,"like_count":1,"quote_count":0},"created_at":"2021-08-06T17:31:02.000Z","id":"1423698139400314881","text":"@helenamerriman It's a great read!"},{"public_metrics":{"retweet_count":0,"reply_count":1,"like_count":4,"quote_count":0},"created_at":"2021-08-06T09:21:33.000Z","id":"1423574957494317057","text":"@tysonbarker I'm not sure there's anything I find more triggering than this silliness. At least it only comes round once every four years."},{"public_metrics":{"retweet_count":0,"reply_count":1,"like_count":0,"quote_count":0},"created_at":"2021-08-05T17:34:51.000Z","id":"1423336712558858242","text":"@JonesIIIXCI He was booted out by Schroeder in 98, after all..."},{"public_metrics":{"retweet_count":0,"reply_count":1,"like_count":4,"quote_count":0},"created_at":"2021-08-05T17:32:47.000Z","id":"1423336193211740168","text":"@JonesIIIXCI Economic performance was dismal at the time https://t.co/PeaQH5P8XL"},{"public_metrics":{"retweet_count":23,"reply_count":4,"like_count":72,"quote_count":0},"created_at":"2021-08-05T17:23:45.000Z","id":"1423333919382966275","text":"I've been wary about over-interpreting the dismal approval ratings for Germany's various chancellor-candidates, who are not directly on the ballot. But this is pretty damning. https://t.co/rutOjENTyf"},{"public_metrics":{"retweet_count":12,"reply_count":0,"like_count":46,"quote_count":1},"created_at":"2021-08-05T15:14:05.000Z","id":"1423301286930288651","text":"In the new issue: my review of @helenamerriman's gripping account of one of the most extraordinary episodes in divided Berlin's history.   https://t.co/aKiy660i1C"},{"public_metrics":{"retweet_count":0,"reply_count":1,"like_count":13,"quote_count":0},"created_at":"2021-08-04T16:43:10.000Z","id":"1422961320580853763","text":"Expect this is right. Even a Karnevalsprinz needs a good arc. https://t.co/dgEZBBhagk"},{"public_metrics":{"retweet_count":20,"reply_count":4,"like_count":88,"quote_count":1},"created_at":"2021-08-04T15:59:30.000Z","id":"1422950328094404616","text":"This shocker may be an outlier, but there's clear evidence of a turn against the CDU/CSU in recent polling. https://t.co/dGEEdpSBE3"},{"public_metrics":{"retweet_count":0,"reply_count":0,"like_count":6,"quote_count":0},"created_at":"2021-08-04T14:33:03.000Z","id":"1422928574621827078","text":"US Hungary discourse day 2, is it"},{"public_metrics":{"retweet_count":129,"reply_count":0,"like_count":0,"quote_count":0},"created_at":"2021-08-03T06:25:04.000Z","id":"1422443381729472523","text":"RT @RFERL: Ukrainian police said on August 3 that they have launched a suspected murder case after missing Belarusian activist Vitaliy Shys…"},{"public_metrics":{"retweet_count":0,"reply_count":0,"like_count":4,"quote_count":0},"created_at":"2021-08-02T08:31:56.000Z","id":"1422112921186971651","text":"Great listen. @MJGold is such an insightful commentator.\nhttps://t.co/LRL36TpNuZ"},{"public_metrics":{"retweet_count":0,"reply_count":0,"like_count":3,"quote_count":0},"created_at":"2021-08-01T06:16:50.000Z","id":"1421716534184054786","text":"...or does it? https://t.co/bg5Rygg34c"}],"meta":{"oldest_id":"1421716534184054786","newest_id":"1426617109950390272","result_count":99}}