{"data":[{"id":"1432091709563940870","created_at":"2021-08-29T21:24:05.000Z","text":"@tobiaschneider Bc there are only bad answers: raise retirement age, lift contributions, cut payments. But I agree media ought to say more. The coming crunch is as clear as day.","public_metrics":{"retweet_count":1,"reply_count":3,"like_count":7,"quote_count":0}},{"id":"1432090400395759618","created_at":"2021-08-29T21:18:53.000Z","text":"@Ce_Moll (And did you inhale?)","public_metrics":{"retweet_count":0,"reply_count":0,"like_count":1,"quote_count":0}},{"id":"1432075288716906499","created_at":"2021-08-29T20:18:50.000Z","text":"(Also: jokes)","public_metrics":{"retweet_count":0,"reply_count":2,"like_count":18,"quote_count":0}},{"id":"1432071479693385731","created_at":"2021-08-29T20:03:42.000Z","text":"RT @tysonbarker: @tom_nuttall anything to do with tech/digital policy....","public_metrics":{"retweet_count":2,"reply_count":0,"like_count":0,"quote_count":0}},{"id":"1432070794646106113","created_at":"2021-08-29T20:00:58.000Z","text":"A pretty rich discussion, bar the odd Urlaubfrage, though look at all the themes that were barely touched tonight (unless I missed sth, my laptop conked out at one point):\n\n-future of the EU\n-relations w China\n-demographic crunch/pensions\n-immigration\n-debt brake","public_metrics":{"retweet_count":16,"reply_count":12,"like_count":116,"quote_count":5}},{"id":"1432068285022064645","created_at":"2021-08-29T19:51:00.000Z","text":"Its absolutely legit to ask politicians who may soon be in government together to offer views on each other. Doesn't make it any less cringe.","public_metrics":{"retweet_count":5,"reply_count":0,"like_count":60,"quote_count":0}},{"id":"1432057934104649729","created_at":"2021-08-29T19:09:52.000Z","text":"Can't be long now til someone uploads the \"Scholzwave lo-fi beats to relax/study to\" playlist","public_metrics":{"retweet_count":10,"reply_count":2,"like_count":76,"quote_count":0}},{"id":"1432052280715628548","created_at":"2021-08-29T18:47:24.000Z","text":"I don't think any candidate has said anything we haven't heard from them before. But Laschet struggling to dispel the impression that he doesn't know why he's in this race. He seems well drilled, but also obviously drilled.","public_metrics":{"retweet_count":2,"reply_count":2,"like_count":27,"quote_count":1}},{"id":"1432050173585330178","created_at":"2021-08-29T18:39:02.000Z","text":"@CuriousHenryPol Not as far as I know, sorry","public_metrics":{"retweet_count":0,"reply_count":0,"like_count":2,"quote_count":0}},{"id":"1432049807166685186","created_at":"2021-08-29T18:37:34.000Z","text":"An odd experience watching this when you know that two of the three parties represented here will end up in government together. #Triell","public_metrics":{"retweet_count":8,"reply_count":8,"like_count":94,"quote_count":0}},{"id":"1432001809812500480","created_at":"2021-08-29T15:26:51.000Z","text":"Might skip Das Triell and spend the evening listening to this instead. https://t.co/2Sj3m0SNAD","public_metrics":{"retweet_count":1,"reply_count":1,"like_count":5,"quote_count":0}},{"id":"1432001221531947020","created_at":"2021-08-29T15:24:31.000Z","text":"Genius is not too strong a word for LSP. His Black Ark recordings from the mid to late 70s are some of the most extraordinary pieces of 20th century music from Jamaica, or anywhere else. No one could make a studio sound like he could. RIP. https://t.co/aMMB5Cj5X2","public_metrics":{"retweet_count":4,"reply_count":3,"like_count":21,"quote_count":4}},{"id":"1431992125382668288","created_at":"2021-08-29T14:48:22.000Z","text":"@ConStelz @SZ Indeed, and salience of migration issue, more or less they only thing they can agree on, has tumbled. Longer-term, if CDU is booted from office, amid the dreadful reckoning I wonder if the AfD's less extreme wing may have some success seeking rapprochement with the CDU right.","public_metrics":{"retweet_count":0,"reply_count":0,"like_count":0,"quote_count":0}},{"id":"1431989305908645893","created_at":"2021-08-29T14:37:10.000Z","text":"Great graph from @sz showing the extraordinary fractiousness of the AfD in German state parliaments, as well as the Bundestag. Inability to hold itself together is one reason why the party has remained a largely marginal presence in this campaign. https://t.co/uw7P6FRcoU https://t.co/gLvVm3Wb13","public_metrics":{"retweet_count":19,"reply_count":2,"like_count":74,"quote_count":1}},{"id":"1431859175110348800","created_at":"2021-08-29T06:00:04.000Z","text":".@olivernmoody captures @OlafScholz. https://t.co/gkwhGJaJRD https://t.co/uZCOOtm5kX","public_metrics":{"retweet_count":6,"reply_count":2,"like_count":52,"quote_count":0}},{"id":"1431714341250899975","created_at":"2021-08-28T20:24:33.000Z","text":"Merkel's chances of beating Kohl's record are shooting up. And who's that cheeky bugger in fifth place!! https://t.co/mkMURAMBi2","public_metrics":{"retweet_count":8,"reply_count":3,"like_count":36,"quote_count":1}},{"id":"1431710762343534600","created_at":"2021-08-28T20:10:20.000Z","text":"New nail in Armin Laschet's coffin just dropped. https://t.co/tThlWAoSpa","public_metrics":{"retweet_count":48,"reply_count":11,"like_count":307,"quote_count":4}},{"id":"1431660316362948608","created_at":"2021-08-28T16:49:53.000Z","text":"@MartinRGross @ronpatz @wahlforschung @PVS_journal @DebusMarc Many thanks!","public_metrics":{"retweet_count":0,"reply_count":0,"like_count":1,"quote_count":0}},{"id":"1431567809000230912","created_at":"2021-08-28T10:42:17.000Z","text":"RT @TheEconomist: The candidate of the centre-left Social Democratic Party (SPD) is more than twice as popular as either of his main rivals…","public_metrics":{"retweet_count":22,"reply_count":0,"like_count":0,"quote_count":0}},{"id":"1431548951291957250","created_at":"2021-08-28T09:27:21.000Z","text":"Clear, er, red water opening up between the SPD and the Union in our election forecast model. The 3pp gap is the same as the Union lead over the Greens. https://t.co/Z1iyeuKILW https://t.co/y42hWXwBh3","public_metrics":{"retweet_count":9,"reply_count":2,"like_count":49,"quote_count":6}},{"id":"1431544120812703745","created_at":"2021-08-28T09:08:09.000Z","text":"@remarksist I'm not seeking to make a killer argument. But looking at Fischer, who was pelted with paint by his party comrades for advocating the Kosovo intervention, only gets you so far when we have literally two decades of evidence about Green ambivalence to the Afghan deployment.","public_metrics":{"retweet_count":0,"reply_count":0,"like_count":0,"quote_count":1}},{"id":"1431539618348945410","created_at":"2021-08-28T08:50:16.000Z","text":"@remarksist I'm begging people who keep referencing Joschka Fischer to look at the history of Green attitudes to the Afghan deployment over the past two decades.","public_metrics":{"retweet_count":0,"reply_count":1,"like_count":0,"quote_count":0}},{"id":"1431290848768057348","created_at":"2021-08-27T16:21:45.000Z","text":"@ronpatz What in your view are the canonical papers on this?","public_metrics":{"retweet_count":0,"reply_count":1,"like_count":0,"quote_count":0}},{"id":"1431290358466551816","created_at":"2021-08-27T16:19:48.000Z","text":"@marc_o_berlin Fair enough!","public_metrics":{"retweet_count":0,"reply_count":1,"like_count":1,"quote_count":0}},{"id":"1431276537920299014","created_at":"2021-08-27T15:24:53.000Z","text":"@thorstenbenner Quite, especially when you look at how dramatically these numbers have shifted in last few weeks.","public_metrics":{"retweet_count":0,"reply_count":0,"like_count":5,"quote_count":0}},{"id":"1431268101321076742","created_at":"2021-08-27T14:51:21.000Z","text":"\"Germans vote for parties, not candidates\" is a nice piece of homespun wisdom I'm starting to think may need revisiting.","public_metrics":{"retweet_count":13,"reply_count":14,"like_count":184,"quote_count":5}},{"id":"1431267062836563971","created_at":"2021-08-27T14:47:14.000Z","text":"@nic_hh KD thought by coasting quietly he could let the others destroy each other. Didn't see the Scholz boom coming.","public_metrics":{"retweet_count":0,"reply_count":0,"like_count":3,"quote_count":0}},{"id":"1431264891076325379","created_at":"2021-08-27T14:38:36.000Z","text":"@ERDonnachie there's an awkward squad in both, but they're holding their tongues for now. Greens are reasonably united I'd say.","public_metrics":{"retweet_count":0,"reply_count":1,"like_count":15,"quote_count":0}},{"id":"1431263704578990086","created_at":"2021-08-27T14:33:53.000Z","text":"Leaving aside the indefatigable \"Keinem Davon\", Germans' second-favourite choice for chancellor is...Christian Linder. https://t.co/IywG14mMhI","public_metrics":{"retweet_count":50,"reply_count":41,"like_count":538,"quote_count":34}},{"id":"1431211031209127940","created_at":"2021-08-27T11:04:35.000Z","text":"@c_endt @MalteHenk @larafritzsche Great minds!","public_metrics":{"retweet_count":0,"reply_count":2,"like_count":6,"quote_count":0}},{"id":"1431199613462192129","created_at":"2021-08-27T10:19:12.000Z","text":"@hanskundnani ...which is why I find it surprising. The Greens in parliament agonised over the mandate, much of the base remains strongly pacifist, hence some of the awkward lines/lacunae in the party programme. Adjusting my priors, but only at the margin.","public_metrics":{"retweet_count":0,"reply_count":2,"like_count":4,"quote_count":0}},{"id":"1431198752585490437","created_at":"2021-08-27T10:15:47.000Z","text":"@hanskundnani I thought of that comment, and still don't buy it! Saying tough stuff about China and Russia ≠ gung-ho on intervention","public_metrics":{"retweet_count":0,"reply_count":7,"like_count":5,"quote_count":1}},{"id":"1431197657167433728","created_at":"2021-08-27T10:11:26.000Z","text":"Found it https://t.co/yrpZe5Xx3s","public_metrics":{"retweet_count":0,"reply_count":1,"like_count":2,"quote_count":0}},{"id":"1431197176638623745","created_at":"2021-08-27T10:09:31.000Z","text":"Amazing images in this thread. Wouldn't be surprised to see some of them turn up in an SPD meme before long. https://t.co/Yv894FB97f","public_metrics":{"retweet_count":1,"reply_count":1,"like_count":19,"quote_count":0}},{"id":"1431170566099251203","created_at":"2021-08-27T08:23:47.000Z","text":"@Loukas_RS Yes, that's important. But Scholz as potential traffic-light chancellor tips the scales a bit; certainly more palatable to the Liberals than Baerbock.","public_metrics":{"retweet_count":0,"reply_count":1,"like_count":0,"quote_count":0}},{"id":"1431169627711737856","created_at":"2021-08-27T08:20:03.000Z","text":"@Loukas_RS Don't think so.","public_metrics":{"retweet_count":0,"reply_count":1,"like_count":0,"quote_count":0}},{"id":"1431168652116647940","created_at":"2021-08-27T08:16:11.000Z","text":"@julian__jakob Well, I haven't found that any of the explanations I've been offered render me any less surprised!","public_metrics":{"retweet_count":0,"reply_count":2,"like_count":0,"quote_count":0}},{"id":"1431166586635837441","created_at":"2021-08-27T08:07:58.000Z","text":"And 80% of them think this is going to happen. (I wonder what the number would be if respondents were shown a map first.) https://t.co/fBMp3hWRnY","public_metrics":{"retweet_count":7,"reply_count":2,"like_count":55,"quote_count":1}},{"id":"1431163866839461888","created_at":"2021-08-27T07:57:10.000Z","text":"@FabiManske1999 Fair enough!","public_metrics":{"retweet_count":0,"reply_count":0,"like_count":0,"quote_count":0}},{"id":"1431162952531464194","created_at":"2021-08-27T07:53:32.000Z","text":"The CDU/CSU retain their reputation for \"economic competence\" relative to other parties. Fully 70% of voters say their personal economic situation is good. And yet... https://t.co/LsF0SuBIyQ","public_metrics":{"retweet_count":2,"reply_count":3,"like_count":16,"quote_count":0}},{"id":"1431160844281339905","created_at":"2021-08-27T07:45:09.000Z","text":"Majorities among all parties, bar the AfD and tiny Free Voters, think Germany can cope with \"significantly more\" refugees [from Afghanistan]. https://t.co/3NPbQGWQot","public_metrics":{"retweet_count":38,"reply_count":2,"like_count":174,"quote_count":19}},{"id":"1431160217773953030","created_at":"2021-08-27T07:42:40.000Z","text":"There is no potential coalition that finds majority support among Germans. The least loathed is an SPD-led traffic-light. Jamaica is notably unpopular. https://t.co/LMnASvbExD https://t.co/N2eQB7swTI","public_metrics":{"retweet_count":59,"reply_count":11,"like_count":220,"quote_count":34}},{"id":"1431150623882350593","created_at":"2021-08-27T07:04:32.000Z","text":"@judithbogner I know the history, which means I also know the endless agonies of Green MPs in supporting the mandate, including calls for withdrawal in 2011.","public_metrics":{"retweet_count":0,"reply_count":1,"like_count":6,"quote_count":0}},{"id":"1431146038686060544","created_at":"2021-08-27T06:46:19.000Z","text":"Genuinely surprised at this: Green voters more likely than those of almost all other parties to say the Afghanistan intervention was a good idea. https://t.co/6mb6MSTG9y https://t.co/dE94UDuQf3","public_metrics":{"retweet_count":100,"reply_count":80,"like_count":519,"quote_count":169}},{"id":"1431140411968532485","created_at":"2021-08-27T06:23:58.000Z","text":"@isaac_abraham Traffic light, not Jamaica. Though to answer your question: what's changed since 2017 is that the FDP are not going to walk out of two successive coalition negotiations, which is why Jamaica remains an option.","public_metrics":{"retweet_count":0,"reply_count":1,"like_count":0,"quote_count":0}},{"id":"1431139459047768066","created_at":"2021-08-27T06:20:10.000Z","text":"@isaac_abraham \uD83D\uDEA6","public_metrics":{"retweet_count":0,"reply_count":1,"like_count":0,"quote_count":0}},{"id":"1431135840122585089","created_at":"2021-08-27T06:05:48.000Z","text":"@isaac_abraham Don't see the Union joining govt as junior partner.","public_metrics":{"retweet_count":0,"reply_count":1,"like_count":7,"quote_count":0}},{"id":"1431135125094404096","created_at":"2021-08-27T06:02:57.000Z","text":"SPD up by 50%, not a third!","public_metrics":{"retweet_count":1,"reply_count":1,"like_count":16,"quote_count":0}},{"id":"1431134164586225665","created_at":"2021-08-27T05:59:08.000Z","text":"YouGov finds that Laschet's CDU/CSU has lost nearly one quarter of its support in *three weeks*. The SPD is up by third.Postal voting has already started. What's the plan? https://t.co/UWjqj2Mrwf","public_metrics":{"retweet_count":22,"reply_count":12,"like_count":66,"quote_count":5}},{"id":"1430942116310618113","created_at":"2021-08-26T17:16:00.000Z","text":"In the last ten days Germany evacuated 5,347 people from Afghanistan, says defence minister @akk. 45 different nationalities among them. \nhttps://t.co/y7VoCuLdWe","public_metrics":{"retweet_count":6,"reply_count":0,"like_count":12,"quote_count":0}},{"id":"1430907136062615559","created_at":"2021-08-26T14:57:00.000Z","text":"@MacaesBruno Not offhand, no.","public_metrics":{"retweet_count":0,"reply_count":0,"like_count":1,"quote_count":0}},{"id":"1430905504016961545","created_at":"2021-08-26T14:50:31.000Z","text":"The last German evacuation flight has left Kabul. That's it, fertig, das war's. https://t.co/7yDSJg83pq","public_metrics":{"retweet_count":57,"reply_count":5,"like_count":94,"quote_count":3}},{"id":"1430887081681690633","created_at":"2021-08-26T13:37:19.000Z","text":"RT @TheEconomist: Around the world, jihadists are inspired by the Taliban’s triumph. The ripple effects will be felt far and wide—but the b…","public_metrics":{"retweet_count":224,"reply_count":0,"like_count":0,"quote_count":0}},{"id":"1430834888895238146","created_at":"2021-08-26T10:09:55.000Z","text":"@JeremyCliffe And, possibly not incidentally, occupied the chancellery despite not leading the largest parliamentary party...","public_metrics":{"retweet_count":1,"reply_count":1,"like_count":9,"quote_count":0}},{"id":"1430616114413834255","created_at":"2021-08-25T19:40:35.000Z","text":"And here's the take https://t.co/GE0LoCRROB","public_metrics":{"retweet_count":3,"reply_count":2,"like_count":18,"quote_count":0}},{"id":"1430586105007587329","created_at":"2021-08-25T17:41:21.000Z","text":"@guilleiniguezm It was 1% a fortnight ago, and unlikely to have been higher any earlier than that!","public_metrics":{"retweet_count":0,"reply_count":3,"like_count":3,"quote_count":0}},{"id":"1430553888025980930","created_at":"2021-08-25T15:33:19.000Z","text":"https://t.co/TuePhfisic","public_metrics":{"retweet_count":0,"reply_count":3,"like_count":12,"quote_count":1}},{"id":"1430553085416550403","created_at":"2021-08-25T15:30:08.000Z","text":"Now updated to 33%, I am informed.","public_metrics":{"retweet_count":0,"reply_count":3,"like_count":33,"quote_count":0}},{"id":"1430550982329577476","created_at":"2021-08-25T15:21:47.000Z","text":"@jonasdovern @BachmannRudi The best I can do is point you to the model's methodology. I didn't build it.","public_metrics":{"retweet_count":0,"reply_count":0,"like_count":1,"quote_count":0}},{"id":"1430550800242253825","created_at":"2021-08-25T15:21:03.000Z","text":"@costa11235 I wasn't clear - the SPD bump seems explicable, and indeed I've just written about it. What I don't fully understand is how our model translates recent polling into an aggregate lead for the SPD. But that's on me!","public_metrics":{"retweet_count":0,"reply_count":2,"like_count":6,"quote_count":0}},{"id":"1430545862116225032","created_at":"2021-08-25T15:01:26.000Z","text":"I won't pretend to understand exactly how, but the SPD has just overtaken the CDU/CSU in our polling estimate. That said, our model gives the SPD a 30% chance of coming first on 26/9. https://t.co/Z1iyeuKILW https://t.co/U2SH0YBt0y","public_metrics":{"retweet_count":73,"reply_count":18,"like_count":285,"quote_count":25}},{"id":"1430449961548779520","created_at":"2021-08-25T08:40:21.000Z","text":"Might start a thread of these things. Suggestions welcome. https://t.co/RQVDXbmJXt","public_metrics":{"retweet_count":42,"reply_count":13,"like_count":393,"quote_count":9}},{"id":"1430267025553858560","created_at":"2021-08-24T20:33:26.000Z","text":"RIP Charlie Watts, who had the correct attitude towards his band's music. https://t.co/hlfUHTn7S7 https://t.co/CpsmKfWVCb","public_metrics":{"retweet_count":4,"reply_count":1,"like_count":52,"quote_count":0}},{"id":"1430225481954168841","created_at":"2021-08-24T17:48:21.000Z","text":"@lumpikow I genuinely appreciate that sentiment, but I still think this is off the cringe charts.","public_metrics":{"retweet_count":0,"reply_count":0,"like_count":3,"quote_count":0}},{"id":"1430184874426740742","created_at":"2021-08-24T15:07:00.000Z","text":"It's the first of these numbers that really gets the Genossen excited: 46% of Germans say they can imagine voting for the SPD, higher than for all other parties. Thus expressed, the ceiling on SPD support is twice the current polling share. https://t.co/Zpgx0PTwD2","public_metrics":{"retweet_count":10,"reply_count":1,"like_count":50,"quote_count":0}},{"id":"1430147600263663651","created_at":"2021-08-24T12:38:53.000Z","text":"@nickscharioth @VollCornHirsch It crossed my mind, but Kenya has come up in just one of the dozens of conversations I've had about coalition configurations, and is not present in the media, in politicians' speculations etc. So doesn't seem plausible for now.","public_metrics":{"retweet_count":0,"reply_count":0,"like_count":0,"quote_count":0}},{"id":"1430145007680360451","created_at":"2021-08-24T12:28:35.000Z","text":"@HzBrandenburg Yes, the claim is for Forsa","public_metrics":{"retweet_count":0,"reply_count":0,"like_count":4,"quote_count":0}},{"id":"1430144118307573760","created_at":"2021-08-24T12:25:03.000Z","text":"@CasMudde @robfordmancs Au contraire, they're headed for kingmaker role","public_metrics":{"retweet_count":0,"reply_count":1,"like_count":4,"quote_count":0}},{"id":"1430144034283167744","created_at":"2021-08-24T12:24:43.000Z","text":"@rahtgee First lead in 15 years in Forsa polls","public_metrics":{"retweet_count":0,"reply_count":1,"like_count":6,"quote_count":0}},{"id":"1430142140152270868","created_at":"2021-08-24T12:17:11.000Z","text":"The Union isn't going to change horses at this stage. But the hope that their voters would come \"home\" as voting day approached looks ever more forlorn. Still a month to go, but the CDU's choice of Laschet is starting to look like one of the great political blunders of our time.","public_metrics":{"retweet_count":12,"reply_count":7,"like_count":97,"quote_count":4}},{"id":"1430140337431928834","created_at":"2021-08-24T12:10:01.000Z","text":"Perhaps worth noting that although the recent SPD surge is real, this result would be just 3pp ahead of their 2017 debacle. Biggest changes on 2017 would be CDU/CSU down 10pp (!), and Greens doubling their score. Watch yer narrative.","public_metrics":{"retweet_count":30,"reply_count":5,"like_count":158,"quote_count":5}},{"id":"1430139430648664085","created_at":"2021-08-24T12:06:25.000Z","text":"\uD83D\uDEA8\uD83D\uDEA8\uD83D\uDEA8 New Forsa poll finds SPD in top spot for first time in 15 years:\n\nSPD 23%\nCDU/CSU 22\nGreens 18\nFDP 12\nLinke 6\nAfD 10","public_metrics":{"retweet_count":120,"reply_count":15,"like_count":403,"quote_count":42}},{"id":"1430104402493419520","created_at":"2021-08-24T09:47:14.000Z","text":"Please enjoy this extremely cringe, and rather out-of-tune, campaign spot from the Greens. German language skills not necessary. https://t.co/ueHaujTz4t","public_metrics":{"retweet_count":26,"reply_count":25,"like_count":255,"quote_count":6}},{"id":"1429852500069343245","created_at":"2021-08-23T17:06:16.000Z","text":"@VollCornHirsch Solidarity!","public_metrics":{"retweet_count":0,"reply_count":1,"like_count":5,"quote_count":0}},{"id":"1429848883342061568","created_at":"2021-08-23T16:51:53.000Z","text":"Link here: https://t.co/Z1iyeuKILW","public_metrics":{"retweet_count":1,"reply_count":0,"like_count":12,"quote_count":0}},{"id":"1429848805504135169","created_at":"2021-08-23T16:51:35.000Z","text":"By popular demand (two grumpy letters), we've added the \"Germany\" coalition to our election forecast. Along with Jamaica and traffic-light, it is one of three plausible governing combinations our model expects would enjoy a parliamentary majority. https://t.co/KIEsPelMRJ","public_metrics":{"retweet_count":19,"reply_count":5,"like_count":85,"quote_count":4}},{"id":"1429801627846840329","created_at":"2021-08-23T13:44:07.000Z","text":"@MKarnitschnig But unlike the Titanic's crew and the iceberg, we've all seen that coming.","public_metrics":{"retweet_count":0,"reply_count":0,"like_count":0,"quote_count":0}},{"id":"1429798611492163585","created_at":"2021-08-23T13:32:08.000Z","text":"@MKarnitschnig Bear of little brain here: what's the iceberg in this metaphor?","public_metrics":{"retweet_count":0,"reply_count":1,"like_count":0,"quote_count":0}},{"id":"1429719349804290050","created_at":"2021-08-23T08:17:10.000Z","text":"@ErikFossing Exactly","public_metrics":{"retweet_count":0,"reply_count":0,"like_count":7,"quote_count":0}},{"id":"1429719137480331268","created_at":"2021-08-23T08:16:19.000Z","text":"RT @malte_meissner: @tom_nuttall I actually just wrote a post about how the pandemic seems to be the most important topic for voters, yet h…","public_metrics":{"retweet_count":2,"reply_count":0,"like_count":0,"quote_count":0}},{"id":"1429704313102913538","created_at":"2021-08-23T07:17:25.000Z","text":"RT @asliaydintasbas: This is new for Turkey. One after the other, opposition leaders are taking a harder line on refugees in Turkey. There…","public_metrics":{"retweet_count":26,"reply_count":0,"like_count":0,"quote_count":0}},{"id":"1429700240064630784","created_at":"2021-08-23T07:01:14.000Z","text":"RT @tehabe: @tom_nuttall @teresabuecker not really true, in NRW the summer holidays just ended and we saw a similar situation in Schleswig-…","public_metrics":{"retweet_count":1,"reply_count":0,"like_count":0,"quote_count":0}},{"id":"1429700126575038469","created_at":"2021-08-23T07:00:47.000Z","text":"@thorstenbenner If incidence rates level off as in UK, agree. But weekly growth rates in ICU occupancy at current levels don't look sustainable, especially with regional concentration.","public_metrics":{"retweet_count":0,"reply_count":1,"like_count":1,"quote_count":0}},{"id":"1429697336415031296","created_at":"2021-08-23T06:49:42.000Z","text":"The regional dynamics are striking: NRW has significantly higher incidence levels than any other Land. I don't think we've seen this dynamic in previous waves. https://t.co/i7XjttVTvL","public_metrics":{"retweet_count":20,"reply_count":6,"like_count":80,"quote_count":4}},{"id":"1429696651984261126","created_at":"2021-08-23T06:46:58.000Z","text":"Covid incidence in Germany is up 56% week on week; ICU occupancy up 38%. The candidates for the chancellery are ruling out a return to lockdown, but covid clearly has the potential to complicate the election campaign.","public_metrics":{"retweet_count":27,"reply_count":8,"like_count":73,"quote_count":2}},{"id":"1429562498353700865","created_at":"2021-08-22T21:53:54.000Z","text":"@W_Schmidt_ Happy to help \uD83D\uDE09","public_metrics":{"retweet_count":0,"reply_count":1,"like_count":5,"quote_count":0}},{"id":"1429190554999566336","created_at":"2021-08-21T21:15:56.000Z","text":"If Laschet leads the Union to sub-25% and loses the chancellery, hoo boy the reckoning.","public_metrics":{"retweet_count":6,"reply_count":6,"like_count":58,"quote_count":0}},{"id":"1429190048273022980","created_at":"2021-08-21T21:13:55.000Z","text":"I don’t know why the SPD has the best memes in German politics, but they’re reaching a new level - and so is the party, sharing top spot with the CDU/CSU for the first time in many years. https://t.co/sV8jzT2sxX https://t.co/uOhpRdwgWu","public_metrics":{"retweet_count":62,"reply_count":4,"like_count":287,"quote_count":5}},{"id":"1429086145732821002","created_at":"2021-08-21T14:21:02.000Z","text":"“Sexy,” “solid” and “sovereign,” tag yrself https://t.co/sqUEOAT2Dy","public_metrics":{"retweet_count":8,"reply_count":7,"like_count":100,"quote_count":1}},{"id":"1428398504280526854","created_at":"2021-08-19T16:48:36.000Z","text":"\"The haste of European leaders to declare that they cannot take in many persecuted Afghans even as violent zealots seize control is almost as lamentable as America’s botched exit.\" https://t.co/jrD2X16O1H","public_metrics":{"retweet_count":58,"reply_count":8,"like_count":184,"quote_count":6}},{"id":"1427670054326489089","created_at":"2021-08-17T16:34:00.000Z","text":"I agree with this. It was a very big deal for Germany to deploy to Afghanistan! See this contemporary dispatch from @StevenErlanger. https://t.co/DyJExrsAPL https://t.co/2FC4saAffq","public_metrics":{"retweet_count":10,"reply_count":2,"like_count":42,"quote_count":1}},{"id":"1427622797510160385","created_at":"2021-08-17T13:26:13.000Z","text":"Germany's covid numbers are rising quite quickly now, albeit from a low base - with the highest rates v much concentrated in North Rhine-Westphalia. https://t.co/rot53sMwqG","public_metrics":{"retweet_count":10,"reply_count":6,"like_count":12,"quote_count":1}},{"id":"1427558913646514177","created_at":"2021-08-17T09:12:22.000Z","text":"\"The dramatic images from Kabul airport may suggest... that everyone who is afraid is desperately trying to leave the country. However, this is not the case. There are, by far, more people sitting at home, unsure what their future will look like.\"  https://t.co/hTGLBDX8Bd","public_metrics":{"retweet_count":3,"reply_count":1,"like_count":13,"quote_count":0}},{"id":"1427520099951554561","created_at":"2021-08-17T06:38:08.000Z","text":"The @wsj is consistently producing some of the best reporting out of Afghanistan atm.\nhttps://t.co/Jxu5UlaCAn","public_metrics":{"retweet_count":7,"reply_count":0,"like_count":37,"quote_count":0}},{"id":"1427373648084709378","created_at":"2021-08-16T20:56:11.000Z","text":"America's president cutting, running and bowing before impersonal forces of history; European leaders conjuring spectres of migration from their imaginations...feels like a moment for the West.","public_metrics":{"retweet_count":19,"reply_count":5,"like_count":140,"quote_count":5}},{"id":"1427281918932967432","created_at":"2021-08-16T14:51:41.000Z","text":"This is really shoddy stuff from @ArminLaschet. There might be a time to talk about sending signals and whatnot; it's certainly not today. https://t.co/9FV66Sz0vj","public_metrics":{"retweet_count":76,"reply_count":11,"like_count":507,"quote_count":10}},{"id":"1427242577716289538","created_at":"2021-08-16T12:15:22.000Z","text":"\"When the int community makes the commitment, in time, energy &amp; cash, reflect on what happened when we failed to make that commitment 12 years ago. Afg became a failed state, exported terror &amp; heroin. There are abundant reasons of self-interest to commit to Afg for the long term.","public_metrics":{"retweet_count":1,"reply_count":0,"like_count":10,"quote_count":0}},{"id":"1427241699626127364","created_at":"2021-08-16T12:11:52.000Z","text":"Blair on the need for a long-term commitment in Afghanistan in Jan 2002: \n\nhttps://t.co/9DPkO21CVQ","public_metrics":{"retweet_count":0,"reply_count":1,"like_count":6,"quote_count":1}},{"id":"1427232084637233153","created_at":"2021-08-16T11:33:40.000Z","text":"I would genuinely like to know what Tony Blair thinks of all this. Has anyone asked him?","public_metrics":{"retweet_count":4,"reply_count":10,"like_count":79,"quote_count":0}},{"id":"1427198435275464705","created_at":"2021-08-16T09:19:57.000Z","text":"RT @dgatopoulos: “What is clear is that our country will not become a gateway for a new wave of refugees.” \n\n#Greece #Afghanishtan \nMigrati…","public_metrics":{"retweet_count":20,"reply_count":0,"like_count":0,"quote_count":0}}],"meta":{"oldest_id":"1427198435275464705","newest_id":"1432091709563940870","result_count":100,"next_token":"7140dibdnow9c7btw3z1mdk4hga9ucod8ho0bruz6zmt1"}}