{"data":[{"public_metrics":{"retweet_count":2,"reply_count":3,"like_count":19,"quote_count":0},"created_at":"2021-09-29T13:58:25.000Z","id":"1443213578543185920","text":"Botched elections have consequences. At least in Berlin. https://t.co/DrIPV1cf7f"},{"public_metrics":{"retweet_count":24,"reply_count":3,"like_count":286,"quote_count":0},"created_at":"2021-09-29T11:37:49.000Z","id":"1443178194383904768","text":"German political memes still delivering https://t.co/as9thpMUYG"},{"public_metrics":{"retweet_count":420,"reply_count":0,"like_count":0,"quote_count":0},"created_at":"2021-09-29T10:35:23.000Z","id":"1443162484391747585","text":"RT @spignal: The first time Angela Merkel featured on The Economist's cover, the inside pages featured an ad for the Nokia N70, a cutting-e…"},{"public_metrics":{"retweet_count":0,"reply_count":0,"like_count":9,"quote_count":0},"created_at":"2021-09-29T10:35:04.000Z","id":"1443162404523810817","text":"@spignal Greenspan strap is a definite vibe"},{"public_metrics":{"retweet_count":0,"reply_count":0,"like_count":4,"quote_count":0},"created_at":"2021-09-29T10:22:58.000Z","id":"1443159357831749634","text":"@alec_trik Probably not. Dietmar Bartsch is no Mélenchon!"},{"public_metrics":{"retweet_count":0,"reply_count":0,"like_count":2,"quote_count":0},"created_at":"2021-09-29T10:22:04.000Z","id":"1443159131616075778","text":"@not_engeling Fair point."},{"public_metrics":{"retweet_count":0,"reply_count":1,"like_count":6,"quote_count":0},"created_at":"2021-09-29T10:21:55.000Z","id":"1443159094265790471","text":"@HugoMills Yes, precise comparisons are hard bc of competing systems (in France, vote with your heart in first round and head in the second). Yet unwillingness of all other parties to work with the AfD also means their vote is in a sense \"wasted\"."},{"public_metrics":{"retweet_count":13,"reply_count":11,"like_count":100,"quote_count":1},"created_at":"2021-09-29T10:10:23.000Z","id":"1443156192826695685","text":"cf Germany: AfD plus Die Linke, 15.2%. https://t.co/JOPwHDrWwk"},{"public_metrics":{"retweet_count":0,"reply_count":0,"like_count":1,"quote_count":0},"created_at":"2021-09-29T10:07:20.000Z","id":"1443155423503294468","text":"@hanskundnani Yep,the official stats on this aren't espec helpful."},{"public_metrics":{"retweet_count":4,"reply_count":5,"like_count":24,"quote_count":4},"created_at":"2021-09-29T09:48:35.000Z","id":"1443150707113267203","text":"And here's a comparable chart for MPs with what Germans call a \"migration background\" (at least one parent without German citizenship). The AfD has a higher share of such MPs than both the FDP and the Union. Share in population: 26%. https://t.co/GHlBEal351"},{"public_metrics":{"retweet_count":23,"reply_count":8,"like_count":103,"quote_count":8},"created_at":"2021-09-29T07:12:59.000Z","id":"1443111547253952515","text":"More than two-thirds of Germans believe @ArminLaschet should resign \"all political offices\". https://t.co/LmbH5ka7eZ"},{"public_metrics":{"retweet_count":17,"reply_count":4,"like_count":68,"quote_count":1},"created_at":"2021-09-29T05:46:28.000Z","id":"1443089776849084417","text":"And of course the memes have started.\nhttps://t.co/iDOQ5BdynZ"},{"public_metrics":{"retweet_count":0,"reply_count":1,"like_count":35,"quote_count":1},"created_at":"2021-09-29T05:44:06.000Z","id":"1443089182004494343","text":"There also seems to be an element of performative media management to this. Hacks were led to believe by politicians (you know who you are \uD83D\uDE43) that these talks would kick off today. We're in charge, not the press, is the message."},{"public_metrics":{"retweet_count":46,"reply_count":7,"like_count":259,"quote_count":7},"created_at":"2021-09-29T05:34:07.000Z","id":"1443086669742317571","text":"Not sure about their Insta filter settings, but this photo posted by Green/FDP leaders last night sets the tone for the coalition talks to come. Note, Wissing (left) and Habeck (right) have negotiated \uD83D\uDEA6and \uD83C\uDDEF\uD83C\uDDF2 coalitions in Rhineland-Palatinate and Schleswig-Holstein respectively https://t.co/m231QBLALA"},{"public_metrics":{"retweet_count":1,"reply_count":1,"like_count":13,"quote_count":0},"created_at":"2021-09-28T18:32:48.000Z","id":"1442920243702034432","text":"A long, difficult day for @ArminLaschet, but at the end of it he's left quietly humming this https://t.co/Hnwm7eDT3t"},{"public_metrics":{"retweet_count":0,"reply_count":1,"like_count":0,"quote_count":0},"created_at":"2021-09-28T16:54:09.000Z","id":"1442895416513601536","text":"@s13GES @dramhappert I completely agree with that. And indeed we've seen it play out in most eastern Laender in the last parliamentary cycle, not least in complicating coalition arithmetic."},{"public_metrics":{"retweet_count":0,"reply_count":2,"like_count":3,"quote_count":0},"created_at":"2021-09-28T16:10:12.000Z","id":"1442884355492306947","text":"@FrederickKliem I'm not sure I get the point given that votes translate into seats. Nor am I downplaying the problem the AfD represents in large parts of Saxony, Thuringia, Sax-An etc - espec in Landtag votes. I just want to counter a narrative taking hold that does not correspond to the facts."},{"public_metrics":{"retweet_count":0,"reply_count":1,"like_count":5,"quote_count":0},"created_at":"2021-09-28T14:03:47.000Z","id":"1442852542795370498","text":"@dramhappert But it doesn't increase their weight in parliament, which is what counts."},{"public_metrics":{"retweet_count":0,"reply_count":0,"like_count":1,"quote_count":0},"created_at":"2021-09-28T13:49:18.000Z","id":"1442848896057810955","text":"@Martinned81 Indeed."},{"public_metrics":{"retweet_count":7,"reply_count":2,"like_count":78,"quote_count":2},"created_at":"2021-09-28T13:47:56.000Z","id":"1442848554599567381","text":"Yes, they took first spot in Saxony, but even there the AfD vote was flat v 2017. This was purely an artefact of the CDU collapse. https://t.co/xOuQIIzjN4"},{"public_metrics":{"retweet_count":38,"reply_count":18,"like_count":247,"quote_count":5},"created_at":"2021-09-28T13:41:13.000Z","id":"1442846863011586053","text":"By my calculations - which might be wonky - the AfD secured 15.7% of the vote in the five states of the former GDR, down from 16.3% in 2017. I'm not sure why I keep reading that they're winning in the east. The winners were the SPD; the losers, big time, the CDU."},{"public_metrics":{"retweet_count":8,"reply_count":0,"like_count":41,"quote_count":1},"created_at":"2021-09-28T13:35:27.000Z","id":"1442845410905759749","text":"It's funny that by literally telling the truth - that Olaf Scholz currently has the best chance to become chancellor - @Markus_Soeder is considered to be delivering the CDU the sickest of burns."},{"public_metrics":{"retweet_count":0,"reply_count":0,"like_count":0,"quote_count":0},"created_at":"2021-09-28T12:48:30.000Z","id":"1442833594569924615","text":"@AbuneMediation @TheEconomist @zannymb @joerglau Well spotted!!"},{"public_metrics":{"retweet_count":6,"reply_count":0,"like_count":0,"quote_count":0},"created_at":"2021-09-28T12:29:04.000Z","id":"1442828707090112521","text":"RT @tnyCloseRead: For reference, the percentage in the U.S. is about twenty-seven per cent in the House, twenty-four in the Senate."},{"public_metrics":{"retweet_count":1,"reply_count":0,"like_count":3,"quote_count":0},"created_at":"2021-09-28T09:55:59.000Z","id":"1442790180793065476","text":"'Jiang predicted that China-Germany relations will experience a brief bumpy period, as the Greens and the FDP, who are hawkish on China, are likely to join a coalition. \"Yet such turbulence will be short-lived, as Germany will eventually sway back to rationality,\" Jiang noted.'"},{"public_metrics":{"retweet_count":1,"reply_count":1,"like_count":2,"quote_count":0},"created_at":"2021-09-28T09:54:14.000Z","id":"1442789740537913344","text":"'\"Scholz follows the line of... Gerhard Schröder, which stresses a pragmatic approach and an independent values system different from [that of] the US,\" Zhao Junjie, a research fellow at the Chinese Academy of Social Sciences' Institute of European Studies told the Global Times.'"},{"public_metrics":{"retweet_count":13,"reply_count":1,"like_count":13,"quote_count":7},"created_at":"2021-09-28T09:53:19.000Z","id":"1442789510404841477","text":"State-owned Chinese media on @OlafScholz. \n\"Chinese observers said Scholz shares abundant connections with China, and the new government will be more likely than others to continue Merkel's 'pragmatic' policy.\" (via my colleague @DSORennie)   https://t.co/SQ9mU2yaxE"},{"public_metrics":{"retweet_count":0,"reply_count":0,"like_count":4,"quote_count":0},"created_at":"2021-09-28T09:37:39.000Z","id":"1442785568241459202","text":"@NvOndarza @TomMcTague John Bercow has a strong career in German reality TV ahead of him."},{"public_metrics":{"retweet_count":1,"reply_count":3,"like_count":5,"quote_count":0},"created_at":"2021-09-28T09:25:36.000Z","id":"1442782535440900097","text":"@NvOndarza @TomMcTague But where I think Tom has a point is that, by and large, Germans have had little to no interest in thinking about why Brexit might have happened and what lessons might be drawn from it. It's just TrumpBolsonaroJohnsonBrexit."},{"public_metrics":{"retweet_count":0,"reply_count":1,"like_count":12,"quote_count":0},"created_at":"2021-09-28T09:22:12.000Z","id":"1442781679840645127","text":"@TomMcTague Germany certainly pays *far* more attention to general political developments in Britain than vice versa."},{"public_metrics":{"retweet_count":1,"reply_count":3,"like_count":51,"quote_count":0},"created_at":"2021-09-28T09:21:20.000Z","id":"1442781459916460039","text":"@TomMcTague I think more accurate to say that Germans were fascinated by Brexit as a phenomenon (of \"populism\"); uninterested in it as a development of contemporary politics; and largely preoccupied by other demands on their time - let the commission deal with it."},{"public_metrics":{"retweet_count":1,"reply_count":0,"like_count":0,"quote_count":0},"created_at":"2021-09-28T09:12:56.000Z","id":"1442779346977099778","text":"RT @jonathanmolesuk: @tom_nuttall There seem to be embers for the left. It is in power in ES, PT, across Scandinavia, and soon DE. But it's…"},{"public_metrics":{"retweet_count":0,"reply_count":0,"like_count":0,"quote_count":0},"created_at":"2021-09-28T09:12:21.000Z","id":"1442779200302325768","text":"@mathiesonmadrid Probably- because they are indeed no longer floundering everywhere. Only in some places."},{"public_metrics":{"retweet_count":0,"reply_count":0,"like_count":2,"quote_count":0},"created_at":"2021-09-28T08:33:17.000Z","id":"1442769369256312835","text":"@TheRealBenPohl No, but it does style itself \"the last people's party in Europe\"."},{"public_metrics":{"retweet_count":10,"reply_count":1,"like_count":43,"quote_count":1},"created_at":"2021-09-28T08:30:59.000Z","id":"1442768789691588608","text":"And this nice Spiegel graphic shows developments over time. The Union, it's fair to say, has a lot of work to do. https://t.co/lEeGEay0ki"},{"public_metrics":{"retweet_count":1,"reply_count":2,"like_count":18,"quote_count":1},"created_at":"2021-09-28T08:26:35.000Z","id":"1442767681107763202","text":"@jfkirkegaard Won't pretend to have followed Scandi votes especially closely. And this German election certainly saw a leftward shift. But I think it's more about the slow collapse of the notion of a centre-right people's party, a few years after witnessing the same on the left."},{"public_metrics":{"retweet_count":40,"reply_count":22,"like_count":287,"quote_count":7},"created_at":"2021-09-28T08:18:59.000Z","id":"1442765771483062273","text":"You have to squint extremely hard to see in the SPD's narrow win signs of a grand revival for Europe's left. The best lesson Scholz can offer his comrades is to run a tight ship, not to make mistakes, and to be extremely lucky in your opponents."},{"public_metrics":{"retweet_count":89,"reply_count":12,"like_count":302,"quote_count":21},"created_at":"2021-09-28T07:23:51.000Z","id":"1442751897048424452","text":"The share of women in Germany's parliament has risen, slightly, from 31% to 34%. That lifts the country from 12th to 10th in the EU. Party breakdown below. https://t.co/sb6Z2OZk8p"},{"public_metrics":{"retweet_count":51,"reply_count":8,"like_count":206,"quote_count":3},"created_at":"2021-09-27T17:10:29.000Z","id":"1442537140139831297","text":"Not much to add to this, really. https://t.co/IkT7ctTdMI"},{"public_metrics":{"retweet_count":7,"reply_count":4,"like_count":53,"quote_count":1},"created_at":"2021-09-27T14:05:56.000Z","id":"1442490695508389897","text":"In April Laschet happily ignored a merry procession of his party colleagues telling him, to his face, to stand down in favour of @Markus_Soeder. He'll cope with a couple of irate tweets - if that's all this is."},{"public_metrics":{"retweet_count":0,"reply_count":0,"like_count":0,"quote_count":0},"created_at":"2021-09-27T13:00:26.000Z","id":"1442474211369496578","text":"@hanskundnani @pbergsen @adam_tooze yes!"},{"public_metrics":{"retweet_count":3,"reply_count":0,"like_count":30,"quote_count":0},"created_at":"2021-09-27T12:46:19.000Z","id":"1442470657560915972","text":"CSU MP channelling Macron on NATO: the CDU/CSU Union is \"brain dead\". Having watched the party's reactions to the election result, it seems hard to disagree. https://t.co/FQTQOK7sSh"},{"public_metrics":{"retweet_count":1,"reply_count":0,"like_count":0,"quote_count":0},"created_at":"2021-09-27T11:18:58.000Z","id":"1442448677772070914","text":"RT @EconomistPods: Today on “The Intelligence”: what next after Germany’s close election, work toward an HIV vaccine and evidence the might…"},{"public_metrics":{"retweet_count":3,"reply_count":0,"like_count":0,"quote_count":0},"created_at":"2021-09-27T09:28:21.000Z","id":"1442420838481993730","text":"RT @BGALondon: Join us tonight @ 6.30pm BST for a virtual panel discussion on the significance of the #GermanElection results with Fritz St…"},{"public_metrics":{"retweet_count":0,"reply_count":1,"like_count":9,"quote_count":0},"created_at":"2021-09-27T09:13:54.000Z","id":"1442417202846748674","text":"@Lambsdorff \"Equally viable\"? Really?"},{"public_metrics":{"retweet_count":0,"reply_count":0,"like_count":6,"quote_count":0},"created_at":"2021-09-27T09:04:39.000Z","id":"1442414873086873609","text":"Tonight ⬇️ https://t.co/MFLuHzFz2m"},{"public_metrics":{"retweet_count":14,"reply_count":7,"like_count":73,"quote_count":1},"created_at":"2021-09-27T08:37:06.000Z","id":"1442407942339371008","text":"\uD83D\uDEA6is certainly not a done deal, and the talks will have to be tough, if only for theatrical purposes. But if Jamaica somehow emerges from this mess, it's going to look tired and eccentric; an admission of failure, almost."},{"public_metrics":{"retweet_count":20,"reply_count":2,"like_count":91,"quote_count":4},"created_at":"2021-09-27T08:30:17.000Z","id":"1442406226881433605","text":"Huge pressure on @ArminLaschet this morning, including from one CDU minister-president who denies his own party's claim of legitimacy to lead a government. https://t.co/7yBuVPfTAy"},{"public_metrics":{"retweet_count":7,"reply_count":2,"like_count":35,"quote_count":2},"created_at":"2021-09-27T06:06:11.000Z","id":"1442369961410764803","text":"America is back latest. https://t.co/Jz3S1vMZrG https://t.co/X9TR2Sv5BW"},{"public_metrics":{"retweet_count":0,"reply_count":0,"like_count":7,"quote_count":0},"created_at":"2021-09-27T06:04:49.000Z","id":"1442369616840433665","text":"@RensvanTilburg You're missing the CSU :)"},{"public_metrics":{"retweet_count":2,"reply_count":0,"like_count":0,"quote_count":0},"created_at":"2021-09-27T06:01:04.000Z","id":"1442368674455646209","text":"RT @ronpatz: @tom_nuttall Just to say that SSW did not get a “constituency seat“ but a regular “list seat“. As an official minority party,…"},{"public_metrics":{"retweet_count":0,"reply_count":0,"like_count":2,"quote_count":0},"created_at":"2021-09-27T06:00:59.000Z","id":"1442368655254114308","text":"@ronpatz Oops quite right."},{"public_metrics":{"retweet_count":0,"reply_count":0,"like_count":1,"quote_count":0},"created_at":"2021-09-27T06:00:22.000Z","id":"1442368498227875841","text":"@leonardocarella True, red-green would still have fallen short."},{"public_metrics":{"retweet_count":0,"reply_count":1,"like_count":1,"quote_count":0},"created_at":"2021-09-27T05:58:20.000Z","id":"1442367987395141637","text":"@OliverRakau Indeed, I'm sceptical too. The Greens have signalled their priorities pretty clearly. And they don't include rewriting the SGP beyond the point needed to enable their own investment plans."},{"public_metrics":{"retweet_count":1,"reply_count":2,"like_count":5,"quote_count":1},"created_at":"2021-09-27T05:57:18.000Z","id":"1442367725020532736","text":"@kajleers CDU and CSU are presented separately."},{"public_metrics":{"retweet_count":14,"reply_count":3,"like_count":43,"quote_count":1},"created_at":"2021-09-27T05:55:27.000Z","id":"1442367260178403328","text":"The hard-left Linke fall below the 5% threshold but retain their proportional seats because they won three direct constituencies. A 5,000-vote swing in the Leipzig constituency they won would have ejected them from the Bundestag and upended Germany's parliamentary arithmetic. https://t.co/1oqOcaxCot"},{"public_metrics":{"retweet_count":25,"reply_count":7,"like_count":135,"quote_count":1},"created_at":"2021-09-27T05:50:30.000Z","id":"1442366013509709825","text":"A noticeable shift to the left this year for the first time in decades: SPD and Greens up 5/6 points; FDP flattish, Union collapse. \n\nA large share of minnow parties make up an 8.6% share for \"others\", and a Danish minority party in Schleswig-Holstein nabs a constituency seat."},{"public_metrics":{"retweet_count":29,"reply_count":4,"like_count":122,"quote_count":5},"created_at":"2021-09-27T05:48:09.000Z","id":"1442365421638856708","text":"And here are the provisional results from the federal returning officer. \n\nPossible coalitions in this new Bundestag: SPD-led Ampel; Union-led Jamaica; SPD-led GroKo. https://t.co/habUETjVrK"},{"public_metrics":{"retweet_count":10,"reply_count":4,"like_count":41,"quote_count":0},"created_at":"2021-09-27T05:45:44.000Z","id":"1442364814953648130","text":"Great thread full of thought-provoking speculations: Lindner as finance minister, but econ min Habeck representing in Ecofin/Eurogroup? All is fair in love and Sondierungsgespräche... https://t.co/yWVwGrDEz7"},{"public_metrics":{"retweet_count":4,"reply_count":3,"like_count":37,"quote_count":1},"created_at":"2021-09-27T05:39:16.000Z","id":"1442363188981469185","text":"@SamHedGyn Nope, Aachen went Green. https://t.co/4Za4aUBgjC"},{"public_metrics":{"retweet_count":697,"reply_count":50,"like_count":1524,"quote_count":108},"created_at":"2021-09-27T05:21:06.000Z","id":"1442358616703397902","text":"This is the constituency map Germans are waking up to. SPD dominance in the north, conservatives in the industrial south, dots of Green in some cities, and a very AfD-blue Saxony after the CDU slumped there.\nhttps://t.co/2s5JWJON9Z https://t.co/pYePloyQnd"},{"public_metrics":{"retweet_count":2,"reply_count":0,"like_count":0,"quote_count":0},"created_at":"2021-09-26T22:00:47.000Z","id":"1442247808585719808","text":"RT @annemcelvoy: @tom_nuttall @JuliaKloeckner @akk @peteraltmaier @HBraun Plus particularly awful in the former East."},{"public_metrics":{"retweet_count":11,"reply_count":2,"like_count":40,"quote_count":2},"created_at":"2021-09-26T22:00:29.000Z","id":"1442247730877796361","text":"In other news, it looks like the (non-binding) referendum in Berlin for forced expropriation of large landlords' residential properties is going to win by a handsome margin. https://t.co/lcbbNQGVjz"},{"public_metrics":{"retweet_count":83,"reply_count":13,"like_count":254,"quote_count":15},"created_at":"2021-09-26T21:55:34.000Z","id":"1442246493411348481","text":"Reports suggest a string of CDU heavyweights have failed to win their constituencies: @JuliaKloeckner, @akk, @peteraltmaier, @HBraun. And Merkel's seat has been lost. All will make it into the Bundestag on state lists, but nevertheless a stark sign of the swing against the CDU."},{"public_metrics":{"retweet_count":0,"reply_count":2,"like_count":9,"quote_count":1},"created_at":"2021-09-26T20:59:46.000Z","id":"1442232450533543940","text":"@ErikFossing These aren't competing accounts, Erik. We're going to need a three-party coalition, that's fragmentation. But it hasn't come at the expense of the (broad) centre."},{"public_metrics":{"retweet_count":18,"reply_count":3,"like_count":72,"quote_count":2},"created_at":"2021-09-26T20:40:54.000Z","id":"1442227703332016128","text":"The two old Volksparteien on a combined 50% of the vote, on latest projections. A simple illustration of the fragmentation of German politics - and yet both remain far ahead of their competitors. https://t.co/88GqAnGotY"},{"public_metrics":{"retweet_count":22,"reply_count":3,"like_count":72,"quote_count":4},"created_at":"2021-09-26T19:26:22.000Z","id":"1442208944869412867","text":"With Laschet having led the Union to its worst ever result and possibly failing to make it into the Btag, and the SPD edging ahead in seat projections, at what remain early days it certainly looks like advantage to Team Scholz. https://t.co/1SaR5KPG2y"},{"public_metrics":{"retweet_count":111,"reply_count":0,"like_count":0,"quote_count":0},"created_at":"2021-09-26T19:23:08.000Z","id":"1442208134848598022","text":"RT @mathieuvonrohr: 9pm: ARD and ZDF projections are converging, both see SPD clearly winning most votes (around 26%) and most seats (204-2…"},{"public_metrics":{"retweet_count":50,"reply_count":9,"like_count":286,"quote_count":2},"created_at":"2021-09-26T18:30:43.000Z","id":"1442194940629561350","text":"Amid the chatter and rumour, this is news https://t.co/9qZ62iKh53"},{"public_metrics":{"retweet_count":1,"reply_count":2,"like_count":24,"quote_count":0},"created_at":"2021-09-26T17:55:24.000Z","id":"1442186055281610756","text":"As we've seen in several state elections in recent years, it was older voters wot won it for the SPD. (If indeed it was won.) https://t.co/tzdBQ9Riar"},{"public_metrics":{"retweet_count":3,"reply_count":0,"like_count":0,"quote_count":0},"created_at":"2021-09-26T17:10:36.000Z","id":"1442174778253590528","text":"RT @prof_mayer: @tom_nuttall Seat projections are VERY volatile at this point…"},{"public_metrics":{"retweet_count":2,"reply_count":4,"like_count":10,"quote_count":0},"created_at":"2021-09-26T17:07:37.000Z","id":"1442174030203613185","text":"But... https://t.co/OO88iu1qZp"},{"public_metrics":{"retweet_count":5,"reply_count":3,"like_count":43,"quote_count":0},"created_at":"2021-09-26T17:06:58.000Z","id":"1442173864285388803","text":"V early days, but it's pole position for the guy in the middle. Most projections have the SPD marginally ahead and the Union has suffered its worst result in history. https://t.co/ABebMx25HL"},{"public_metrics":{"retweet_count":8,"reply_count":3,"like_count":35,"quote_count":0},"created_at":"2021-09-26T16:08:09.000Z","id":"1442159062804836352","text":"SPD Hq the moment exit polls declared a two point lead over the Union https://t.co/epdXRfq6lg"},{"public_metrics":{"retweet_count":9,"reply_count":4,"like_count":42,"quote_count":0},"created_at":"2021-09-26T16:03:56.000Z","id":"1442158000974802947","text":"Plot twist. One exit poll has a dead heat, another gives the SPD a two point lead. https://t.co/yqblORUmcM"},{"public_metrics":{"retweet_count":4,"reply_count":1,"like_count":48,"quote_count":0},"created_at":"2021-09-26T15:51:23.000Z","id":"1442154845289472003","text":"Ten minutes to go...let's see if the Genossen will do the old man proud. https://t.co/IbjZN8PJna"},{"public_metrics":{"retweet_count":2,"reply_count":3,"like_count":44,"quote_count":0},"created_at":"2021-09-26T14:29:05.000Z","id":"1442134133354942464","text":"Scham, aber sexy."},{"public_metrics":{"retweet_count":27,"reply_count":4,"like_count":85,"quote_count":4},"created_at":"2021-09-26T14:28:34.000Z","id":"1442134004145147911","text":"Electoral workers in Berlin are handing out chocolates to citizens who have been forced to wait for two hours to vote. Ballot papers have run out and fresh supplies are running late because of road closures in the marathon. https://t.co/E7ODsoETda"},{"public_metrics":{"retweet_count":12,"reply_count":2,"like_count":45,"quote_count":1},"created_at":"2021-09-26T13:54:01.000Z","id":"1442125307570360332","text":"Turnout at 2pm 36.5% v 41.1% in 2017 - BUT postal votes, likely to be espec high this year, not included. #btw21"},{"public_metrics":{"retweet_count":11,"reply_count":3,"like_count":80,"quote_count":3},"created_at":"2021-09-26T10:34:17.000Z","id":"1442075045048643594","text":"Huge 26-mile election metaphor taking place in Berlin today. https://t.co/cy51TfIg01"},{"public_metrics":{"retweet_count":44,"reply_count":4,"like_count":142,"quote_count":2},"created_at":"2021-09-26T09:54:55.000Z","id":"1442065135158403073","text":"Three clangers to watch out for in #btw21 coverage\n\n- closest election ever! (A few thousand votes separated Union/SPD in '02)\n- Merkel is leaving the chancellery after the election! (not til coalition is formed)\n- Germany heading for 1st ever 3-way coalition! (First since 1950s)"},{"public_metrics":{"retweet_count":0,"reply_count":2,"like_count":0,"quote_count":0},"created_at":"2021-09-26T08:50:17.000Z","id":"1442048871140507648","text":"@lazycuttlefish @andischeuermann @Loukas_RS It's all explained in the accompanying methodology. https://t.co/K3pcKqeSdS"},{"public_metrics":{"retweet_count":0,"reply_count":0,"like_count":1,"quote_count":0},"created_at":"2021-09-26T08:28:53.000Z","id":"1442043486866378755","text":"@Sneller Yes, counted along with the ordinary ballots. No official numbers I think - states report on how many ballots have been requested, but not all of them will be used."},{"public_metrics":{"retweet_count":0,"reply_count":1,"like_count":1,"quote_count":0},"created_at":"2021-09-26T07:05:07.000Z","id":"1442022405908598784","text":"@Loukas_RS Genau."},{"public_metrics":{"retweet_count":0,"reply_count":1,"like_count":2,"quote_count":0},"created_at":"2021-09-26T07:01:51.000Z","id":"1442021582529077249","text":"@Loukas_RS Its a proportional system, so votes translate directly into seats."},{"public_metrics":{"retweet_count":3,"reply_count":7,"like_count":18,"quote_count":4},"created_at":"2021-09-26T06:58:28.000Z","id":"1442020730640666626","text":"The model is bullish on Laschet. Let's see if it's borne out. https://t.co/cXMLVGh1rx"},{"public_metrics":{"retweet_count":0,"reply_count":2,"like_count":22,"quote_count":0},"created_at":"2021-09-26T06:57:31.000Z","id":"1442020494283321345","text":"We will have full coverage this evening and tomorrow. Our election forecast will be converted into a results page, including a nationwide constituency map. https://t.co/Z1iyeuKILW"},{"public_metrics":{"retweet_count":0,"reply_count":1,"like_count":10,"quote_count":0},"created_at":"2021-09-26T06:54:13.000Z","id":"1442019661177102338","text":"Bar a turnout estimate at 2pm, not a lot will happen before the 6pm exit poll. Then it'll be projections, speeches, discussions and TV debates galore."},{"public_metrics":{"retweet_count":13,"reply_count":4,"like_count":191,"quote_count":0},"created_at":"2021-09-26T06:52:21.000Z","id":"1442019191368953859","text":"(•_•)\n&lt;)   )╯Happy\n /    \\ \n\n  (•_•)\n \\(   (&gt;  Wahl\n  /    \\\n\n (•_•)\n&lt;)   )/  Tag!\n  /   \\"},{"public_metrics":{"retweet_count":24,"reply_count":2,"like_count":269,"quote_count":6},"created_at":"2021-09-25T19:08:27.000Z","id":"1441842048722771970","text":"Biggest German news of the weekend: Berghain is reopening. https://t.co/yEEYS3tvhm"},{"public_metrics":{"retweet_count":1,"reply_count":1,"like_count":13,"quote_count":0},"created_at":"2021-09-25T16:57:59.000Z","id":"1441809218592395275","text":"Thanks @ARD_Presseclub for discussing our special report on Germany's post-Merkel future. https://t.co/jWOcKppNlT"},{"public_metrics":{"retweet_count":0,"reply_count":1,"like_count":2,"quote_count":0},"created_at":"2021-09-25T16:19:16.000Z","id":"1441799474863656960","text":"@EnergyHubPlus Don't think so."},{"public_metrics":{"retweet_count":31,"reply_count":9,"like_count":269,"quote_count":3},"created_at":"2021-09-25T16:15:08.000Z","id":"1441798434944688133","text":"In 24 hours we will know...probably not a whole lot more than we do now about the composition of Germany’s next government."},{"public_metrics":{"retweet_count":12,"reply_count":5,"like_count":30,"quote_count":2},"created_at":"2021-09-25T08:15:58.000Z","id":"1441677849002340361","text":"If you're an @TheEconomist subscriber, join us on Monday evening for a discussion of the #btw21 results. Featuring our editor @zannymb, @joerglau of @DIEZEIT and what is likely to be a very sleep-deprived me. https://t.co/fFXNEMXrWA"},{"public_metrics":{"retweet_count":3,"reply_count":0,"like_count":0,"quote_count":0},"created_at":"2021-09-25T06:41:26.000Z","id":"1441654058239021056","text":"RT @fabianstelzer: @tom_nuttall As nasty as this is, it’s fortunately not the full picture: according to @Nuklearia most of their pro nucle…"},{"public_metrics":{"retweet_count":41,"reply_count":13,"like_count":143,"quote_count":4},"created_at":"2021-09-25T06:06:14.000Z","id":"1441645199537545220","text":"A pro-nuclear protestor tried to add her voice to yesterday's climate strike in Germany. It didn't go down well. https://t.co/5mr0MOlZH6"},{"public_metrics":{"retweet_count":0,"reply_count":0,"like_count":23,"quote_count":0},"created_at":"2021-09-25T06:04:16.000Z","id":"1441644704752275457","text":"@heimbergecon \"No longer\"? This is from 2014. https://t.co/2DFuUB3nWX"},{"public_metrics":{"retweet_count":0,"reply_count":1,"like_count":1,"quote_count":0},"created_at":"2021-09-24T14:42:14.000Z","id":"1441412668145946629","text":"@ThorstenHild @ArminLaschet Not sure. Though this particular question was not exactly a nail-biter in 2017?"},{"public_metrics":{"retweet_count":0,"reply_count":1,"like_count":1,"quote_count":0},"created_at":"2021-09-24T14:29:45.000Z","id":"1441409524892643330","text":"@LKwesiJ @ArminLaschet That one's espec hard to read. But yeah, median opinion in Berlin would see that as 50-50 at best. For what it's worth."},{"public_metrics":{"retweet_count":6,"reply_count":4,"like_count":11,"quote_count":1},"created_at":"2021-09-24T14:26:52.000Z","id":"1441408800641232896","text":".@ArminLaschet's star is rising in prediction markets. (Still underpriced IMO.) https://t.co/vvAnFIO7el https://t.co/ziQYYBpLUy"}],"meta":{"oldest_id":"1441408800641232896","newest_id":"1443213578543185920","result_count":100,"next_token":"7140dibdnow9c7btw3z2gc0jf71k4mf4sciyaxyp6gxti"}}