{"data":[{"id":"1459821930438090755","created_at":"2021-11-14T09:54:05.000Z","text":"In Austria, from midnight tonight the unvaccinated will be able to leave their homes only to work, buy food, exercise etc. Curious to see how this will be enforced. Austria’s vax rate is among the lowest in Western Europe. https://t.co/GkfPgC3z3m","public_metrics":{"retweet_count":42,"reply_count":13,"like_count":113,"quote_count":5}},{"id":"1459127901245292557","created_at":"2021-11-12T11:56:15.000Z","text":"Excellent, deeply reported account on the nuts &amp; bolts of Lukashenko's migration trafficking. Fascinating how Belarus's actions have reactivated smuggler networks in Turkey and Germany that originally emerged in 2015-16.  \nhttps://t.co/JBBO6appYP","public_metrics":{"retweet_count":14,"reply_count":1,"like_count":25,"quote_count":2}},{"id":"1459121965143404544","created_at":"2021-11-12T11:32:40.000Z","text":"I mean, the jokes write themselves. https://t.co/dd9PSQZyG8","public_metrics":{"retweet_count":30,"reply_count":6,"like_count":229,"quote_count":3}},{"id":"1458841057538580486","created_at":"2021-11-11T16:56:26.000Z","text":"@stefanauer_hku Not sure, sorry. Just a pundit here!","public_metrics":{"retweet_count":0,"reply_count":0,"like_count":0,"quote_count":0}},{"id":"1458806993033039874","created_at":"2021-11-11T14:41:05.000Z","text":"@stefanauer_hku Think so yes","public_metrics":{"retweet_count":0,"reply_count":1,"like_count":1,"quote_count":0}},{"id":"1458805014202306569","created_at":"2021-11-11T14:33:13.000Z","text":"Starting in 30 mins https://t.co/40BkQitlZd","public_metrics":{"retweet_count":0,"reply_count":1,"like_count":7,"quote_count":0}},{"id":"1458778451196928000","created_at":"2021-11-11T12:47:40.000Z","text":"@alec_trik I do live in Germany after all","public_metrics":{"retweet_count":0,"reply_count":0,"like_count":6,"quote_count":0}},{"id":"1458775673414336514","created_at":"2021-11-11T12:36:37.000Z","text":"@jonlaidler I fear the comments have now reached runaway growth and will be difficult to rein in. We left it too late to intervene.","public_metrics":{"retweet_count":0,"reply_count":0,"like_count":2,"quote_count":0}},{"id":"1458773921583489029","created_at":"2021-11-11T12:29:40.000Z","text":"I see Germany has reached covid defcon 4, aka endlessly retweeting a video of a crowded street with a sanctimonious comment attached.","public_metrics":{"retweet_count":16,"reply_count":4,"like_count":198,"quote_count":0}},{"id":"1458739413530386438","created_at":"2021-11-11T10:12:32.000Z","text":"RT @TadeuszGiczan: And here we go. Lukashenko promises to cut off gas transit to Europe in response to new EU sanctions.","public_metrics":{"retweet_count":480,"reply_count":0,"like_count":0,"quote_count":0}},{"id":"1458710180502417411","created_at":"2021-11-11T08:16:23.000Z","text":"50K covid cases in Germany yesterday, by far the highest single-day count. Deaths rising too, although a long way off their winter highs. https://t.co/A1tZcUjHNV","public_metrics":{"retweet_count":25,"reply_count":5,"like_count":66,"quote_count":5}},{"id":"1458520765037436928","created_at":"2021-11-10T19:43:43.000Z","text":"The Greens are seeking the foreign office and transport, agriculture, environment, family and \"transformation\" ministries, reports @faznet. That leaves the finance ministry for @c_lindner. https://t.co/3yK4dVxfvf","public_metrics":{"retweet_count":12,"reply_count":6,"like_count":39,"quote_count":2}},{"id":"1458506693315371012","created_at":"2021-11-10T18:47:48.000Z","text":"The situation for migrants on the border is awful. But accepting them into the EU and Germany, the preferred destination for most, would be to give in to Lukashenka's blackmail, says @Tsihanouskaya.","public_metrics":{"retweet_count":2,"reply_count":4,"like_count":19,"quote_count":1}},{"id":"1458504737456861186","created_at":"2021-11-10T18:40:01.000Z","text":"RT @richardjensor: @tom_nuttall @Tsihanouskaya Seven planes from the Middle East set to land in Minsk in the next 24 hours. 8,000 might be…","public_metrics":{"retweet_count":12,"reply_count":0,"like_count":0,"quote_count":0}},{"id":"1458503524476669962","created_at":"2021-11-10T18:35:12.000Z","text":"RT @daphnetoli: “About 800 to 1000 migrants land in Belarus every day”\n\n“For the entire current year, there were already 8407 unauthorized…","public_metrics":{"retweet_count":3,"reply_count":0,"like_count":0,"quote_count":0}},{"id":"1458500918660538372","created_at":"2021-11-10T18:24:51.000Z","text":"Over 8K middle Eastern migrants land in Belarus every day, says @Tsihanouskaya, speaking in Berlin. Can this figure be right? https://t.co/QIK7sxmns3","public_metrics":{"retweet_count":9,"reply_count":10,"like_count":38,"quote_count":2}},{"id":"1458400508855603206","created_at":"2021-11-10T11:45:51.000Z","text":"Merkel knows that the road to Minsk runs via Moscow. Interesting to muse on the counterfactual had this crisis taken place in two months' time. https://t.co/MF7xBJgy3a","public_metrics":{"retweet_count":12,"reply_count":3,"like_count":35,"quote_count":0}},{"id":"1458385961914601472","created_at":"2021-11-10T10:48:03.000Z","text":"RT @p_zalewski: Poland PM says Turkey is helping organize the transfer of migrants to Belarus, speaks of \"full synchronization of Turkish a…","public_metrics":{"retweet_count":225,"reply_count":0,"like_count":0,"quote_count":0}},{"id":"1458385423013658631","created_at":"2021-11-10T10:45:54.000Z","text":"Many thanks all!","public_metrics":{"retweet_count":0,"reply_count":0,"like_count":0,"quote_count":0}},{"id":"1458370545171456006","created_at":"2021-11-10T09:46:47.000Z","text":"Gratefully accepting your recommendations of things to read on nuclear-sharing &amp; TPNW, especially but not only as they pertain to Germany - here or by DM. Thanks!","public_metrics":{"retweet_count":2,"reply_count":17,"like_count":13,"quote_count":0}},{"id":"1458336004427993090","created_at":"2021-11-10T07:29:32.000Z","text":"Acc to @ThePioneerDe the Belarus migrant drama has spilled into Germany's coalition talks: the Greens reject border pushbacks; the FDP wants to turn Frontex into a \"robust police force\". This eve the 22 working groups pass their work to party leaders to write a coalition deal.","public_metrics":{"retweet_count":14,"reply_count":2,"like_count":25,"quote_count":4}},{"id":"1458131960354770950","created_at":"2021-11-09T17:58:44.000Z","text":"@olivernmoody I've always admired Germans' ideological flexibility.","public_metrics":{"retweet_count":0,"reply_count":1,"like_count":7,"quote_count":0}},{"id":"1458124370749050882","created_at":"2021-11-09T17:28:35.000Z","text":"Excited to see Keiner Davon making a storming recovery after a bruising defeat at the polls in September. https://t.co/uI5yfrIXc4","public_metrics":{"retweet_count":13,"reply_count":3,"like_count":166,"quote_count":2}},{"id":"1458079761390051337","created_at":"2021-11-09T14:31:19.000Z","text":"@OliverRakau I would absolutely argue that!","public_metrics":{"retweet_count":0,"reply_count":0,"like_count":12,"quote_count":0}},{"id":"1458076393313640450","created_at":"2021-11-09T14:17:56.000Z","text":"It's very funny that Germany's entire fiscal-policy debate atm is basically This One Weird Trick Will Help You Invest €50bn/yr AND Not Violate The Debt Brake.","public_metrics":{"retweet_count":56,"reply_count":9,"like_count":440,"quote_count":13}},{"id":"1458012527166689280","created_at":"2021-11-09T10:04:09.000Z","text":"(New BuBa \"campus\" in Frankfurt likely to cost over €1.3bn.)","public_metrics":{"retweet_count":0,"reply_count":4,"like_count":2,"quote_count":0}},{"id":"1458012376570138624","created_at":"2021-11-09T10:03:33.000Z","text":"New extremely expensive and potentially catastrophic German construction project just dropped.\nhttps://t.co/qlBW0ZcbXo","public_metrics":{"retweet_count":9,"reply_count":2,"like_count":30,"quote_count":0}},{"id":"1457691794817404928","created_at":"2021-11-08T12:49:41.000Z","text":"RT @TadeuszGiczan: A section of the barbed wire fence has been removed. Polish servicemen formed a human shield to cover the hole and are t…","public_metrics":{"retweet_count":1398,"reply_count":0,"like_count":0,"quote_count":0}},{"id":"1457649516069466114","created_at":"2021-11-08T10:01:41.000Z","text":"With covid numbers spiralling and Lukashenka escalating his weaponisation of migrants - many of whom will make their way to eastern Germany via Poland - it may be a rough start for Olaf Scholz's incoming govt, supposed to take office in a month. https://t.co/9Ha7IQbXQf","public_metrics":{"retweet_count":5,"reply_count":4,"like_count":22,"quote_count":0}},{"id":"1457615505150418950","created_at":"2021-11-08T07:46:32.000Z","text":"Germany's 7-day covid-19 incidence is now at its highest level since the start of the pandemic. Deaths also growing quickly, but remain at a fraction of their January high thanks to vaccinations. Restrictions on the unvaxxed growing. https://t.co/HsrTf9Lp6h","public_metrics":{"retweet_count":8,"reply_count":0,"like_count":30,"quote_count":1}},{"id":"1457443865724690439","created_at":"2021-11-07T20:24:30.000Z","text":"@gullivercragg Yep, eg some Latin American countries","public_metrics":{"retweet_count":1,"reply_count":1,"like_count":1,"quote_count":0}},{"id":"1457308489643171840","created_at":"2021-11-07T11:26:34.000Z","text":"The current covid-19 death rates in Romania and Bulgaria are some of the highest the world has seen during the pandemic. Puts fourth wave in parts of western Europe in context. https://t.co/qjDOtmkUy7","public_metrics":{"retweet_count":107,"reply_count":16,"like_count":189,"quote_count":21}},{"id":"1456685051790471168","created_at":"2021-11-05T18:09:14.000Z","text":"@graef_j Agreed, in fact.","public_metrics":{"retweet_count":0,"reply_count":0,"like_count":1,"quote_count":0}},{"id":"1456607133110308878","created_at":"2021-11-05T12:59:37.000Z","text":"@mattsteinglass not afaik - the street in question is actually behind the embassy, which is situated on Unter Den Linden","public_metrics":{"retweet_count":0,"reply_count":1,"like_count":3,"quote_count":0}},{"id":"1456593647340773382","created_at":"2021-11-05T12:06:02.000Z","text":"@MarietjeSchaake Yep","public_metrics":{"retweet_count":0,"reply_count":0,"like_count":1,"quote_count":0}},{"id":"1456591265026482179","created_at":"2021-11-05T11:56:34.000Z","text":"@triammerer @georg_renner Sorry, quite right.","public_metrics":{"retweet_count":0,"reply_count":1,"like_count":5,"quote_count":0}},{"id":"1456591232562499590","created_at":"2021-11-05T11:56:26.000Z","text":"RT @triammerer: @tom_nuttall @georg_renner not this morning. The incident ocurred october 19th","public_metrics":{"retweet_count":2,"reply_count":0,"like_count":0,"quote_count":0}},{"id":"1456590404695040004","created_at":"2021-11-05T11:53:09.000Z","text":"A man believed to be an FSB agent was found dead this morning in front of the Russian embassy, having apparently fallen from an upper floor. The body was whisked away to Russia.  https://t.co/OFN3ajbRKS","public_metrics":{"retweet_count":65,"reply_count":11,"like_count":122,"quote_count":11}},{"id":"1456581564519829504","created_at":"2021-11-05T11:18:01.000Z","text":"Everybody needs more Manu Dibango. https://t.co/3XyFLjSxaj","public_metrics":{"retweet_count":1,"reply_count":0,"like_count":7,"quote_count":0}},{"id":"1456567105579520004","created_at":"2021-11-05T10:20:34.000Z","text":"Never underestimate the power of a stubborn Norwegian. https://t.co/sk2hxIq0xI","public_metrics":{"retweet_count":8,"reply_count":1,"like_count":49,"quote_count":2}},{"id":"1456560337189224479","created_at":"2021-11-05T09:53:40.000Z","text":"On which topic, enjoyed this profile of @cem_oezdemir - Germany's most prominent Turkish-German politician and one of the most interesting figures in public life  -  who may yet be in line for a \uD83D\uDEA6government post.  https://t.co/Eqyo6XKqPW","public_metrics":{"retweet_count":1,"reply_count":2,"like_count":10,"quote_count":1}},{"id":"1456553103487025155","created_at":"2021-11-05T09:24:55.000Z","text":"RT @lijukic: All the different ways to call Germany in Europe https://t.co/VGIvvwmuwJ","public_metrics":{"retweet_count":59,"reply_count":0,"like_count":0,"quote_count":0}},{"id":"1456525851391111170","created_at":"2021-11-05T07:36:38.000Z","text":"@heimbergecon This is literally taken from the Sondierungspapier, and is also Scholz's position, so doesn't seem like big news itself.","public_metrics":{"retweet_count":0,"reply_count":2,"like_count":15,"quote_count":0}},{"id":"1456333477637406728","created_at":"2021-11-04T18:52:13.000Z","text":"RT @CarloMasala1: So there is still a chance that Angela Merkel will be the longest serving chancellor of the Federal Republic of Germany.…","public_metrics":{"retweet_count":6,"reply_count":0,"like_count":0,"quote_count":0}},{"id":"1456325825318604810","created_at":"2021-11-04T18:21:48.000Z","text":"There was always a risk of a stumble in a pas de trois: the Greens are now saying the coalition talks may need more time than planned, Scholz may not be sworn in week of Dec 6th. https://t.co/bNEjjaZT7J","public_metrics":{"retweet_count":16,"reply_count":4,"like_count":41,"quote_count":5}},{"id":"1456308251717472257","created_at":"2021-11-04T17:11:58.000Z","text":"@courtneytenz No problem.","public_metrics":{"retweet_count":0,"reply_count":0,"like_count":1,"quote_count":0}},{"id":"1456307296015982599","created_at":"2021-11-04T17:08:10.000Z","text":"@courtneytenz There's a whole segment on citizenship in the piece, if you would care to read it.","public_metrics":{"retweet_count":0,"reply_count":0,"like_count":0,"quote_count":0}},{"id":"1456304976372842502","created_at":"2021-11-04T16:58:57.000Z","text":"Took a break from politics this week to write a mini-essay about Germany's Turkish minority, 60 years after the \"guest-worker\" deal. https://t.co/smgwdy6JtA","public_metrics":{"retweet_count":27,"reply_count":5,"like_count":156,"quote_count":3}},{"id":"1456293043238223874","created_at":"2021-11-04T16:11:32.000Z","text":"@TomMcTague Yes: it's genuine but sort of affectless and certainly not political. People like her \"ultimate chill\", as someone commented the other day. You don't see a reception like this in places where Merkel's policies have bitten: eg Greece.","public_metrics":{"retweet_count":1,"reply_count":2,"like_count":9,"quote_count":0}},{"id":"1456226716737757186","created_at":"2021-11-04T11:47:59.000Z","text":"@duncanrobinson @MatthewOToole2 Someone should write a column on that!","public_metrics":{"retweet_count":0,"reply_count":1,"like_count":8,"quote_count":0}},{"id":"1456212581740392452","created_at":"2021-11-04T10:51:49.000Z","text":"@janole @foosel @koehntopp That's a 7-day rolling average. RKI daily caseload numbers yesterday highest for a single day.","public_metrics":{"retweet_count":0,"reply_count":1,"like_count":1,"quote_count":0}},{"id":"1456211773883887620","created_at":"2021-11-04T10:48:36.000Z","text":"Merkel worship is awfully cringe, but this is v sweet and she must at least be recognised for services to memedom.\nhttps://t.co/C4lQgPTtgS https://t.co/6lGFBJ3Ug5","public_metrics":{"retweet_count":7,"reply_count":4,"like_count":70,"quote_count":1}},{"id":"1456170055931240450","created_at":"2021-11-04T08:02:50.000Z","text":"Nasty fourth covid wave taking hold in Germany. Yesterday saw the highest daily caseload since the start of the pandemic. Vax rate remains among lowest in W Europe. https://t.co/gTb4W5TY8c","public_metrics":{"retweet_count":73,"reply_count":14,"like_count":140,"quote_count":16}},{"id":"1455847677539799042","created_at":"2021-11-03T10:41:49.000Z","text":"(Every single serious CDU leadership contender is a middle-aged man from North Rhine-Westphalia.)","public_metrics":{"retweet_count":2,"reply_count":6,"like_count":36,"quote_count":0}},{"id":"1455847423855796224","created_at":"2021-11-03T10:40:48.000Z","text":"SPD memes have fallen off a bit since the election, but this one slams. https://t.co/OXq49njAK3","public_metrics":{"retweet_count":18,"reply_count":1,"like_count":152,"quote_count":0}},{"id":"1455813910657998850","created_at":"2021-11-03T08:27:38.000Z","text":"On a straight-line projection, within about 25 minutes my timeline is going to be 99% FT journos pointing me to great pieces they've written that are temporarily in front of the paywall.","public_metrics":{"retweet_count":3,"reply_count":1,"like_count":53,"quote_count":1}},{"id":"1455597442762743809","created_at":"2021-11-02T18:07:28.000Z","text":"Can't help feeling Boris is auditioning for a role in German politics with all these tortured football metaphors. https://t.co/R1KKmB8tud","public_metrics":{"retweet_count":0,"reply_count":4,"like_count":20,"quote_count":0}},{"id":"1455540610706944001","created_at":"2021-11-02T14:21:38.000Z","text":"(This will be the fourth party leader in just over three years, in case you'd lost count.)","public_metrics":{"retweet_count":2,"reply_count":3,"like_count":17,"quote_count":1}},{"id":"1455539688316473348","created_at":"2021-11-02T14:17:58.000Z","text":"The winner of the CDU leadership race will be announced on Dec 17th (if only two candidates), or Jan 14th (if run-off necessary). Coronation at party congress on Jan 21/22. Looking like a straight fight between @_FriedrichMerz and @n_roettgen at this stage. https://t.co/yk0yokbsbI","public_metrics":{"retweet_count":11,"reply_count":4,"like_count":35,"quote_count":0}},{"id":"1455526264152920068","created_at":"2021-11-02T13:24:38.000Z","text":"@VKJudit \"Love notes\"?","public_metrics":{"retweet_count":0,"reply_count":0,"like_count":3,"quote_count":0}},{"id":"1455515200229097478","created_at":"2021-11-02T12:40:40.000Z","text":"Labour supply shortages, W Berlin edition. https://t.co/zqYCwEUFJ9","public_metrics":{"retweet_count":3,"reply_count":2,"like_count":33,"quote_count":1}},{"id":"1455479463538569216","created_at":"2021-11-02T10:18:40.000Z","text":"RT @derJamesJackson: How Germany voted: urban/rural &amp; rich/poor https://t.co/9j0pUAtHsD","public_metrics":{"retweet_count":1089,"reply_count":0,"like_count":0,"quote_count":0}},{"id":"1455142046432436227","created_at":"2021-11-01T11:57:53.000Z","text":"@MissJulesBerlin Oh really? Must have been relatively recently, I walked past it a couple of months ago.","public_metrics":{"retweet_count":0,"reply_count":1,"like_count":0,"quote_count":0}},{"id":"1455100989955006466","created_at":"2021-11-01T09:14:45.000Z","text":"I live around the corner from his \"vegan snackbar\", whose walls are plastered with cheery listings for plant-based burgers next to dire warnings about the global ambitions of the Rothschilds.","public_metrics":{"retweet_count":1,"reply_count":6,"like_count":41,"quote_count":2}},{"id":"1455100346787934216","created_at":"2021-11-01T09:12:11.000Z","text":"Extraordinary story from Berlin: Attila Hildmann, a superstar vegan chef turned coronavirus \"Querdenker\"/antisemitic conspiracy theorist, was fed information by a mole in the Berlin prosecutor's office, which was investigating him for hate speech. \nhttps://t.co/ptImgEOBGs","public_metrics":{"retweet_count":19,"reply_count":3,"like_count":89,"quote_count":1}}],"meta":{"oldest_id":"1455100346787934216","newest_id":"1459821930438090755","result_count":65}}