{"data":[{"id":"1465338911882948616","created_at":"2021-11-29T15:16:35.000Z","text":"Great answers, thanks all!","public_metrics":{"retweet_count":0,"reply_count":0,"like_count":4,"quote_count":0}},{"id":"1465309341670588419","created_at":"2021-11-29T13:19:05.000Z","text":"@spignal Come on Stan, it was the liveliest Sunday you've had in months","public_metrics":{"retweet_count":0,"reply_count":0,"like_count":10,"quote_count":0}},{"id":"1465301256726065164","created_at":"2021-11-29T12:46:58.000Z","text":"@PhilippaSigl @AchimTruger @ulbrich_jens \uD83D\uDE25","public_metrics":{"retweet_count":0,"reply_count":0,"like_count":0,"quote_count":0}},{"id":"1465284740433555457","created_at":"2021-11-29T11:41:20.000Z","text":"@lanegreene @lynneguist I mean, maybe not quite \"all\"","public_metrics":{"retweet_count":0,"reply_count":1,"like_count":3,"quote_count":0}},{"id":"1465250223924596738","created_at":"2021-11-29T09:24:11.000Z","text":"Currently seeking your suggestions for the most interesting, amusing, scandalous, bizarre or inspirational examples of careers embarked upon after leaving political office. Past or present, regional or national etc.","public_metrics":{"retweet_count":12,"reply_count":55,"like_count":69,"quote_count":6}},{"id":"1464651181498806282","created_at":"2021-11-27T17:43:48.000Z","text":"Two confirmed Omicron cases in Bavaria. https://t.co/bQvLGw3enM","public_metrics":{"retweet_count":13,"reply_count":1,"like_count":32,"quote_count":6}},{"id":"1464644596185677828","created_at":"2021-11-27T17:17:38.000Z","text":"Merry Christmas ✈️\uD83C\uDDEC\uD83C\uDDE7\uD83C\uDFEA","public_metrics":{"retweet_count":0,"reply_count":4,"like_count":19,"quote_count":0}},{"id":"1464561734681776132","created_at":"2021-11-27T11:48:22.000Z","text":"Reluctantly embracing the fact that my weekend will be spent recovering from a booster jab while reading about a viral variant that may render it obsolete. https://t.co/wJDlp6fV2K","public_metrics":{"retweet_count":4,"reply_count":4,"like_count":79,"quote_count":2}},{"id":"1464540035571671044","created_at":"2021-11-27T10:22:08.000Z","text":"Omicron is probably already present in Germany via a returning passenger from South Africa, says a minister in Hesse state. https://t.co/gRaLssxuUG","public_metrics":{"retweet_count":15,"reply_count":1,"like_count":28,"quote_count":4}},{"id":"1464185590568656897","created_at":"2021-11-26T10:53:42.000Z","text":"@chrshmmmr Yes, but the number of first jabs is going up quickly too.","public_metrics":{"retweet_count":0,"reply_count":0,"like_count":1,"quote_count":0}},{"id":"1464171444993245184","created_at":"2021-11-26T09:57:30.000Z","text":"@FlorianNeuhof Because the number has gone up quickly, suggesting a substantial pool of people are susceptible to 2G-style nudges. We didn't know that before.","public_metrics":{"retweet_count":1,"reply_count":1,"like_count":7,"quote_count":0}},{"id":"1464161930592112673","created_at":"2021-11-26T09:19:41.000Z","text":"There's not a lot of good covid news in Germany atm, but here's some: the number of people signing up for first jabs has rocketed in recent days. If the new nudges work, it should take some heat out of the mandate debate. https://t.co/8u25qCQ1s9","public_metrics":{"retweet_count":19,"reply_count":8,"like_count":94,"quote_count":2}},{"id":"1463955366161567755","created_at":"2021-11-25T19:38:52.000Z","text":"@CaminoMortera Hope it didn't ruin your appetite!","public_metrics":{"retweet_count":0,"reply_count":0,"like_count":3,"quote_count":0}},{"id":"1463925007290179587","created_at":"2021-11-25T17:38:14.000Z","text":"Kinda seems like the Greens could have seen this Özdemir spat coming","public_metrics":{"retweet_count":1,"reply_count":1,"like_count":23,"quote_count":0}},{"id":"1463874983747272709","created_at":"2021-11-25T14:19:28.000Z","text":"@glcarlstrom Still have nightmares about my Thanksgiving in LA, as a large circle of guests one-by-one proffered their earnest thanks for the ocean or whatever while I sweated to think of an answer that wouldn't sound sarky","public_metrics":{"retweet_count":1,"reply_count":0,"like_count":23,"quote_count":1}},{"id":"1463872996607733762","created_at":"2021-11-25T14:11:34.000Z","text":"@glcarlstrom The name is too earnest","public_metrics":{"retweet_count":0,"reply_count":1,"like_count":17,"quote_count":0}},{"id":"1463872404145463299","created_at":"2021-11-25T14:09:13.000Z","text":"Voila https://t.co/q01ovHJDFp","public_metrics":{"retweet_count":6,"reply_count":2,"like_count":17,"quote_count":1}},{"id":"1463872170677919748","created_at":"2021-11-25T14:08:17.000Z","text":"@OliverRakau On Twitter I let my hair down a little.","public_metrics":{"retweet_count":0,"reply_count":0,"like_count":0,"quote_count":0}},{"id":"1463869990684270593","created_at":"2021-11-25T13:59:37.000Z","text":"German fiscal jiggery-pokery watch, #1 in what may become a long thread https://t.co/gJyX7IO6qn","public_metrics":{"retweet_count":0,"reply_count":1,"like_count":17,"quote_count":2}},{"id":"1463866677595197444","created_at":"2021-11-25T13:46:27.000Z","text":"@MKarnitschnig @ClaudMajor @_RafaelLoss @ProfOnderco Keyboard trouble? https://t.co/CCB1CGMRnZ","public_metrics":{"retweet_count":0,"reply_count":1,"like_count":2,"quote_count":0}},{"id":"1463837902786412551","created_at":"2021-11-25T11:52:07.000Z","text":"This simple graphic, from the @faz morning newsletter, sums up the magnitude of the SPD's shift inside government. With the exception of labour, where @hubertus_heil looks set to remain in office, every ministry the SPD will take over is currently in CDU/CSU hands. https://t.co/eiTHeiEaNg","public_metrics":{"retweet_count":73,"reply_count":8,"like_count":291,"quote_count":8}},{"id":"1463836420985049100","created_at":"2021-11-25T11:46:14.000Z","text":"RT @EconomistPods: Today on “The Intelligence”: who’s who in Germany’s new coalition government, on the road with a British lorry driver an…","public_metrics":{"retweet_count":1,"reply_count":0,"like_count":0,"quote_count":0}},{"id":"1463831980886446094","created_at":"2021-11-25T11:28:35.000Z","text":"@lukascph Sure. But the base needs to know what it's voting for.","public_metrics":{"retweet_count":0,"reply_count":1,"like_count":1,"quote_count":0}},{"id":"1463831357570879491","created_at":"2021-11-25T11:26:06.000Z","text":"In the CDU leadership race you'd all forgotten about, Merz is tacking towards the centre and Roettgen is tilting right - here, on immigration. Not entirely sure this is the \"orientation debate\" the party needs. https://t.co/tTBrAdANkt","public_metrics":{"retweet_count":10,"reply_count":3,"like_count":69,"quote_count":1}},{"id":"1463825264383770626","created_at":"2021-11-25T11:01:54.000Z","text":"@ulrichspeck @ClaudMajor @_RafaelLoss @ProfOnderco That remains to be seen, to put it mildly.","public_metrics":{"retweet_count":0,"reply_count":0,"like_count":6,"quote_count":0}},{"id":"1463819894747807745","created_at":"2021-11-25T10:40:34.000Z","text":"@ulrichspeck @ClaudMajor @_RafaelLoss @ProfOnderco Yes and no. Trittin perhaps, but Mützenich retains huge influence in the SPD. Just ask foreign diplomats who had to deal with the grand coalition! I assure you this sort of language was not in the bag.","public_metrics":{"retweet_count":0,"reply_count":1,"like_count":3,"quote_count":0}},{"id":"1463811037963206659","created_at":"2021-11-25T10:05:22.000Z","text":"There are signs that the\uD83D\uDEA6coalition will take a markedly tougher stance on rule of law inside the EU than its predecessor. This appears to be combined with a recommitment to the DE-FR-PL Weimar triangle, which depending on diplomatic taste may look either savvy or incoherent. https://t.co/SjR7hdqSXB","public_metrics":{"retweet_count":11,"reply_count":5,"like_count":79,"quote_count":0}},{"id":"1463809201881370627","created_at":"2021-11-25T09:58:04.000Z","text":"@ulrichspeck @ClaudMajor @_RafaelLoss @ProfOnderco Agree with that. But I'm pretty sure that P3 diplomats will have been pleasantly surprised by the strength and especially the specificity of the commitment on nuclear-sharing/Tornado.","public_metrics":{"retweet_count":0,"reply_count":2,"like_count":2,"quote_count":0}},{"id":"1463805448746844164","created_at":"2021-11-25T09:43:09.000Z","text":"@thorstenbenner @jgotkowska Let's see what the final mix is. Maas certainly seemed to be gunning for it in the talks.","public_metrics":{"retweet_count":0,"reply_count":0,"like_count":2,"quote_count":0}},{"id":"1463801174793113603","created_at":"2021-11-25T09:26:10.000Z","text":"RT @ohneKlippo: Sporty Spice, Brainy Spice, Schlumpfi Spice, Ginger Spice https://t.co/7iYMB20gOt","public_metrics":{"retweet_count":19,"reply_count":0,"like_count":0,"quote_count":0}},{"id":"1463800292965769222","created_at":"2021-11-25T09:22:40.000Z","text":"@jgotkowska https://t.co/hK0IyvWY61","public_metrics":{"retweet_count":0,"reply_count":2,"like_count":3,"quote_count":0}},{"id":"1463789518146969603","created_at":"2021-11-25T08:39:51.000Z","text":"@ClaudMajor Now just waiting to find out who will sit in the BMVg \uD83D\uDE11","public_metrics":{"retweet_count":1,"reply_count":0,"like_count":5,"quote_count":0}},{"id":"1463787248281952261","created_at":"2021-11-25T08:30:50.000Z","text":"@ClaudMajor @_RafaelLoss @ProfOnderco More resounding than might have been expected, no?","public_metrics":{"retweet_count":1,"reply_count":2,"like_count":4,"quote_count":1}},{"id":"1463777485544435714","created_at":"2021-11-25T07:52:02.000Z","text":"Germany's new government spokesman - the replacement for @RegSprecher - will be Steffen Hebestreit, @hebesteff, reports @ThePioneerDe.","public_metrics":{"retweet_count":9,"reply_count":1,"like_count":22,"quote_count":0}},{"id":"1463646458452877313","created_at":"2021-11-24T23:11:23.000Z","text":"Here's our optimistic take on Germany's next government. My detailed report to follow tomorrow. https://t.co/GHD17HYe5b","public_metrics":{"retweet_count":26,"reply_count":3,"like_count":107,"quote_count":1}},{"id":"1463645613883637767","created_at":"2021-11-24T23:08:02.000Z","text":"@gideonrachman terrible optics","public_metrics":{"retweet_count":0,"reply_count":1,"like_count":3,"quote_count":0}},{"id":"1463526058620243970","created_at":"2021-11-24T15:12:58.000Z","text":"No hard news on Weidmann's successor at BuBa - he leaves at year's end - and sadly no questions at the incoming government's press conference.","public_metrics":{"retweet_count":0,"reply_count":0,"like_count":11,"quote_count":0}},{"id":"1463518433111388162","created_at":"2021-11-24T14:42:39.000Z","text":"Traffic-light green-lights legalisation of green https://t.co/EZMVCt0Fm7","public_metrics":{"retweet_count":3,"reply_count":2,"like_count":39,"quote_count":0}},{"id":"1463514648066600962","created_at":"2021-11-24T14:27:37.000Z","text":"First interesting line comes from vice-chancellor-in-waiting Robert Habeck, who says the Ampel parties opted not to write yet higher carbon emission-reduction targets into the deal, but to focus on measures that can implement them: expansion of renewables and so forth.","public_metrics":{"retweet_count":1,"reply_count":1,"like_count":30,"quote_count":0}},{"id":"1463511458193498125","created_at":"2021-11-24T14:14:57.000Z","text":"DW is running an live English-language interpretation of the Ampel press conference, for those interested. https://t.co/8QkPA7sZK1","public_metrics":{"retweet_count":6,"reply_count":0,"like_count":19,"quote_count":1}},{"id":"1463508013415870468","created_at":"2021-11-24T14:01:15.000Z","text":"Rough translation of the section on Russia, whose tortured wording hints at the fierce debates that went into it. Note: no mention of Nord Stream 2 in the coalition deal. https://t.co/eBwksPQvJj","public_metrics":{"retweet_count":5,"reply_count":0,"like_count":18,"quote_count":4}},{"id":"1463506711071842309","created_at":"2021-11-24T13:56:05.000Z","text":"As NATO, the US, France and Britain feared, Germany will attend the first meeting of the controversial nuclear ban treaty next March. The pledge is \"balanced\" by a commitment to remain in NATO's nuclear-sharing arrangements (US nukes on German soil delivered by German planes). https://t.co/qoBsCPv4p1","public_metrics":{"retweet_count":21,"reply_count":1,"like_count":25,"quote_count":8}},{"id":"1463503186908618755","created_at":"2021-11-24T13:42:04.000Z","text":"At 51,776 words, the German coalition treaty is a shade longer than The Great Gatsby (50,061).","public_metrics":{"retweet_count":66,"reply_count":10,"like_count":278,"quote_count":21}},{"id":"1463501405180895235","created_at":"2021-11-24T13:35:00.000Z","text":"Neuer Koalitionsvertrag just dropped https://t.co/fYHfSuk4ZQ","public_metrics":{"retweet_count":59,"reply_count":9,"like_count":136,"quote_count":35}},{"id":"1463464089334730756","created_at":"2021-11-24T11:06:43.000Z","text":"As is customary, Olaf Scholz's first foreign trip as chancellor will probably be to Paris. But @ABaerbock's, as foreign minister, is likely to take her to Liverpool for the G7 foreign/development jamboree on Dec 10th.\nhttps://t.co/9gctlo5Qxk","public_metrics":{"retweet_count":5,"reply_count":3,"like_count":20,"quote_count":0}},{"id":"1463461335040245760","created_at":"2021-11-24T10:55:46.000Z","text":"@alanbeattie Flattery will get you everywhere.","public_metrics":{"retweet_count":0,"reply_count":1,"like_count":0,"quote_count":0}},{"id":"1463456988675854337","created_at":"2021-11-24T10:38:30.000Z","text":"@alanbeattie https://t.co/aTBqTvB6y8","public_metrics":{"retweet_count":0,"reply_count":1,"like_count":1,"quote_count":0}},{"id":"1463455347058880513","created_at":"2021-11-24T10:31:59.000Z","text":"@alanbeattie I mean, that's not entirely inaccurate.","public_metrics":{"retweet_count":0,"reply_count":1,"like_count":3,"quote_count":0}},{"id":"1463455191194386436","created_at":"2021-11-24T10:31:21.000Z","text":"Mad to think that German political Twitter is going to fall silent at 3pm, as everyone quietly and diligently makes their way through a book-length Koalitionsvertrag.","public_metrics":{"retweet_count":17,"reply_count":10,"like_count":292,"quote_count":5}},{"id":"1463450683475173379","created_at":"2021-11-24T10:13:27.000Z","text":"Nope https://t.co/EkiCiJY95k","public_metrics":{"retweet_count":2,"reply_count":2,"like_count":46,"quote_count":0}},{"id":"1463448182612975616","created_at":"2021-11-24T10:03:30.000Z","text":"@sam_fortune Yep","public_metrics":{"retweet_count":0,"reply_count":0,"like_count":2,"quote_count":0}},{"id":"1463446715105742853","created_at":"2021-11-24T09:57:41.000Z","text":"@ERDonnachie *especially* in the SPD, I think is the problem.","public_metrics":{"retweet_count":0,"reply_count":2,"like_count":7,"quote_count":0}},{"id":"1463445451051610113","created_at":"2021-11-24T09:52:39.000Z","text":"As expected, Christian Linder will be Germany's next finance minister, Baerbock foreign minister, Habeck will run a jumbo economy and climate ministry.\nMore of a surprise: SPD will get both defence and development, as well as the Kryptonite health ministry. https://t.co/awD3iO0kwb","public_metrics":{"retweet_count":42,"reply_count":7,"like_count":100,"quote_count":8}},{"id":"1463441486205358082","created_at":"2021-11-24T09:36:54.000Z","text":"@jfkirkegaard It's Germany's new ejector seat!","public_metrics":{"retweet_count":0,"reply_count":1,"like_count":2,"quote_count":0}},{"id":"1463440231777148928","created_at":"2021-11-24T09:31:55.000Z","text":"We won't get ministerial names this afternoon, simply the distribution of posts by party. https://t.co/oiGBGFu124","public_metrics":{"retweet_count":6,"reply_count":2,"like_count":32,"quote_count":0}},{"id":"1463420308241760259","created_at":"2021-11-24T08:12:45.000Z","text":"@shin_taehwan Should be this afternoon","public_metrics":{"retweet_count":0,"reply_count":0,"like_count":3,"quote_count":0}},{"id":"1463418891351248901","created_at":"2021-11-24T08:07:07.000Z","text":"@pierreikonnikov Press conference 3pm","public_metrics":{"retweet_count":0,"reply_count":0,"like_count":3,"quote_count":0}},{"id":"1463417661036150790","created_at":"2021-11-24T08:02:14.000Z","text":"Habemus Koalitionsvertrag \uD83C\uDF87","public_metrics":{"retweet_count":45,"reply_count":11,"like_count":307,"quote_count":13}},{"id":"1463228261291470853","created_at":"2021-11-23T19:29:37.000Z","text":"Thanks @derspiegel, and espec @chrischeuermann, for publishing my burblings on covid in Germany and Britain. https://t.co/mgeuwLmiCC","public_metrics":{"retweet_count":3,"reply_count":0,"like_count":47,"quote_count":0}},{"id":"1463225850455805953","created_at":"2021-11-23T19:20:02.000Z","text":"@SDullien @lucasguttenberg @MarkusGallander @derspiegel We do that for UK elections, which are always on Thursdays, our print day.","public_metrics":{"retweet_count":0,"reply_count":0,"like_count":0,"quote_count":0}},{"id":"1463191068892176392","created_at":"2021-11-23T17:01:50.000Z","text":"@lucasguttenberg @MarkusGallander @derspiegel Typical German provincialism.","public_metrics":{"retweet_count":0,"reply_count":3,"like_count":10,"quote_count":0}},{"id":"1463188563420499971","created_at":"2021-11-23T16:51:52.000Z","text":"@MarkusGallander That's fine for Nancy P but some of us have deadlines","public_metrics":{"retweet_count":0,"reply_count":1,"like_count":5,"quote_count":0}},{"id":"1463187940398534658","created_at":"2021-11-23T16:49:24.000Z","text":"@Pieter_de_Pous Well, we all knew it was a symbolic goal. But plenty of Greens were upset about it at the time the paper was issued.","public_metrics":{"retweet_count":0,"reply_count":1,"like_count":4,"quote_count":0}},{"id":"1463183180899438594","created_at":"2021-11-23T16:30:29.000Z","text":"@Pieter_de_Pous The \"ideally\" phrasing in the Sondierungspapier suggests it was not in the bag at all.","public_metrics":{"retweet_count":0,"reply_count":2,"like_count":6,"quote_count":0}},{"id":"1463173001483018244","created_at":"2021-11-23T15:50:02.000Z","text":"Looks like the Greens, who are pushing hard in the final phase of coalition talks, have secured a symbolic coal-exit date of 2030 (brought forward from 2038). https://t.co/DMKsulSI3e","public_metrics":{"retweet_count":10,"reply_count":4,"like_count":83,"quote_count":4}},{"id":"1463114712820895744","created_at":"2021-11-23T11:58:25.000Z","text":"Wise words from @Isabel_Schnabel https://t.co/0KPxBiKvlQ https://t.co/KWEjyq2Azw","public_metrics":{"retweet_count":4,"reply_count":3,"like_count":28,"quote_count":0}},{"id":"1463106305716113412","created_at":"2021-11-23T11:25:01.000Z","text":"Germany's coalition agreement will be presented tomorrow \"at the earliest,\" according to one report. https://t.co/g9kJArT2o2","public_metrics":{"retweet_count":4,"reply_count":0,"like_count":18,"quote_count":0}},{"id":"1463104500479283201","created_at":"2021-11-23T11:17:50.000Z","text":"@PhilippaSigl An exploration of temptation and degeneracy as the world descends into war...nice analogy","public_metrics":{"retweet_count":0,"reply_count":1,"like_count":2,"quote_count":0}},{"id":"1463096601610788864","created_at":"2021-11-23T10:46:27.000Z","text":"@damienmcguin And well over twice as many per-capita deaths since \"Freedom day\"! It's bizarre watching the British coverage.","public_metrics":{"retweet_count":0,"reply_count":1,"like_count":14,"quote_count":0}},{"id":"1463091900035088385","created_at":"2021-11-23T10:27:46.000Z","text":"Angela Merkel's husband, who normally aspires to Pynchonesque levels of reclusivity, has blamed German \"laziness and complacency\" for the country's lowish vaccination rate. https://t.co/oLZGVlDKoM","public_metrics":{"retweet_count":12,"reply_count":4,"like_count":52,"quote_count":4}},{"id":"1463068511224352773","created_at":"2021-11-23T08:54:50.000Z","text":"Dude where's my Koalitionsvertrag","public_metrics":{"retweet_count":17,"reply_count":15,"like_count":452,"quote_count":1}},{"id":"1462860350106312705","created_at":"2021-11-22T19:07:40.000Z","text":"God only knows why Lukashenko consented to this BBC interview, in which he is made to look like a gibbering idiot. https://t.co/PN2S47gug7","public_metrics":{"retweet_count":13,"reply_count":6,"like_count":83,"quote_count":2}},{"id":"1462795749037682693","created_at":"2021-11-22T14:50:58.000Z","text":"@dmarusic Dodgy translation. He said \"Genesen\", which in this context is best rendered as \"recovered\".","public_metrics":{"retweet_count":0,"reply_count":0,"like_count":33,"quote_count":0}},{"id":"1462756727972061187","created_at":"2021-11-22T12:15:55.000Z","text":"@LeopoldTraugott Yes indeed. Makes you wonder about the planning.","public_metrics":{"retweet_count":0,"reply_count":1,"like_count":0,"quote_count":0}},{"id":"1462754434593734658","created_at":"2021-11-22T12:06:48.000Z","text":"The booster campaign in Germany is belatedly gathering speed - demand now seriously outstrips supply. But the 14m unvaxxed (blue line) remain largely unmoved. https://t.co/7M64U7CCHT","public_metrics":{"retweet_count":13,"reply_count":6,"like_count":31,"quote_count":1}},{"id":"1462723973439971329","created_at":"2021-11-22T10:05:46.000Z","text":"@Birdyword The newer, cuddlier iteration of Lindner has been distancing himself from the black zero. The red line is the debt brake, which is fine because its opponents knew they could never muster a constitutional majority anyway. https://t.co/D3qAzq5Pun","public_metrics":{"retweet_count":0,"reply_count":0,"like_count":4,"quote_count":0}},{"id":"1462370574718619648","created_at":"2021-11-21T10:41:29.000Z","text":"Ah well, nevertheless https://t.co/PcoqTIl1wm","public_metrics":{"retweet_count":7,"reply_count":2,"like_count":33,"quote_count":0}},{"id":"1461724229041336320","created_at":"2021-11-19T15:53:08.000Z","text":"RT @jsuedekum: This week @tom_nuttall nails it in his @TheEconomist piece on the German debt brake   \n\n\"The absurdity of some of Germany’s…","public_metrics":{"retweet_count":39,"reply_count":0,"like_count":0,"quote_count":0}},{"id":"1461671497332842503","created_at":"2021-11-19T12:23:36.000Z","text":"Bavaria, with one of the highest covid caseloads in Germany, is closing bars and clubs, cancelling all Christmas markets, imposing contact limitations on the unvaccinated etc. https://t.co/f2OjHSkdoE","public_metrics":{"retweet_count":26,"reply_count":4,"like_count":45,"quote_count":4}},{"id":"1461664158907310082","created_at":"2021-11-19T11:54:26.000Z","text":"This is obviously cringe, but having served as the Economist's de-facto cannabis correspondent in the US for a couple of years, it is amazing how difficult it is to write about weed without resorting to lame puns. https://t.co/8iZDsLbRov","public_metrics":{"retweet_count":14,"reply_count":11,"like_count":169,"quote_count":0}},{"id":"1461632473050370053","created_at":"2021-11-19T09:48:32.000Z","text":"RT @VollCornHirsch: @tom_nuttall No. Indonesia, Micronesia and Turkmenistan already have a vaccine mandate for adults.\nhttps://t.co/2kGME5K…","public_metrics":{"retweet_count":5,"reply_count":0,"like_count":0,"quote_count":0}},{"id":"1461631749776101381","created_at":"2021-11-19T09:45:39.000Z","text":"Compulsory vaccination in Austria from February. A world first? https://t.co/bq3xDn9Kqd","public_metrics":{"retweet_count":40,"reply_count":11,"like_count":112,"quote_count":7}},{"id":"1461608470071939077","created_at":"2021-11-19T08:13:09.000Z","text":"@ClaudMajor @Ce_Moll What higher purpose is there in life?","public_metrics":{"retweet_count":0,"reply_count":1,"like_count":5,"quote_count":0}},{"id":"1461417792025112579","created_at":"2021-11-18T19:35:28.000Z","text":"\"Any illusions of 'autonomy' on either side of the Atlantic must be retired,\" says Jim Mattis, receiving the Kissinger prize in Berlin. cc @EmmanuelMacron https://t.co/gYNGHyS9zY","public_metrics":{"retweet_count":29,"reply_count":5,"like_count":90,"quote_count":3}},{"id":"1461374168151306240","created_at":"2021-11-18T16:42:07.000Z","text":"@ProfOnderco Thanks Michal.","public_metrics":{"retweet_count":0,"reply_count":0,"like_count":1,"quote_count":0}},{"id":"1461369521437130752","created_at":"2021-11-18T16:23:39.000Z","text":"Also this week, I basically turned this joke into a short piece. https://t.co/gmmUFGK5sF https://t.co/CFOzBQO0Ch","public_metrics":{"retweet_count":1,"reply_count":0,"like_count":13,"quote_count":0}},{"id":"1461368978492719120","created_at":"2021-11-18T16:21:30.000Z","text":"Germany's closest NATO allies—America, France and Britain—have \"major concerns\" that the incoming traffic-light government will go soft on nukes, and have been lobbying hard. My report, after doing the diplomatic rounds.  https://t.co/CCB1CH4sfx","public_metrics":{"retweet_count":68,"reply_count":4,"like_count":163,"quote_count":15}},{"id":"1461274404109889540","created_at":"2021-11-18T10:05:41.000Z","text":"@jonlaidler Not surprising if you know the explanation, sure. Many, espec outside Germany, won't.","public_metrics":{"retweet_count":0,"reply_count":2,"like_count":30,"quote_count":0}},{"id":"1461270246967365634","created_at":"2021-11-18T09:49:10.000Z","text":"@tomashirstecon Footnote suggests income","public_metrics":{"retweet_count":0,"reply_count":0,"like_count":3,"quote_count":0}},{"id":"1461269627288363013","created_at":"2021-11-18T09:46:42.000Z","text":"Useful to remind oneself from time to time of Germany's surprisingly bad record on social mobility. https://t.co/PgVfMswYNk","public_metrics":{"retweet_count":468,"reply_count":54,"like_count":1911,"quote_count":64}},{"id":"1461241808676175874","created_at":"2021-11-18T07:56:10.000Z","text":"RT @Birdyword: @tom_nuttall They have put some restrictions in place I think. But it looks quite like the 'burn through a lot of people and…","public_metrics":{"retweet_count":1,"reply_count":0,"like_count":0,"quote_count":0}},{"id":"1461237136657686528","created_at":"2021-11-18T07:37:36.000Z","text":"Do we have a good explanation for this? https://t.co/H1m5ai5AHl","public_metrics":{"retweet_count":41,"reply_count":66,"like_count":214,"quote_count":32}},{"id":"1461232865409175554","created_at":"2021-11-18T07:20:38.000Z","text":"Covid numbers at record levels, intensive-care units filling up, Christmas markets cancelled: November 2021 in Germany is acquiring a depressing resemblance to November 2020.\nhttps://t.co/412bvcNrd7","public_metrics":{"retweet_count":23,"reply_count":8,"like_count":41,"quote_count":1}},{"id":"1461003454445502469","created_at":"2021-11-17T16:09:02.000Z","text":"@gullivercragg @Sargans2 I'm sure she is","public_metrics":{"retweet_count":0,"reply_count":1,"like_count":2,"quote_count":0}},{"id":"1461000627757146116","created_at":"2021-11-17T15:57:48.000Z","text":"Poland, the Balts and Belarus's democratic opposition won't appreciate it, but Merkel has called Lukashenko again. She wants to convince him to accept UNHCR &amp; IOM humanitarian aid, and to enable return flights for migrants stuck in the borderlands.","public_metrics":{"retweet_count":11,"reply_count":3,"like_count":19,"quote_count":2}},{"id":"1460924127473246208","created_at":"2021-11-17T10:53:49.000Z","text":"@ERDonnachie Fair enough, and I'm not in Britain so hard to judge - but the death numbers are irrefutable. And then there's this. https://t.co/0BJW6Sgc8q","public_metrics":{"retweet_count":0,"reply_count":4,"like_count":1,"quote_count":0}},{"id":"1460923796785930246","created_at":"2021-11-17T10:52:30.000Z","text":"RT @ERDonnachie: @tom_nuttall I don't think the comparison is quite justified. The health system Germany is so proud of now threatens to co…","public_metrics":{"retweet_count":1,"reply_count":0,"like_count":0,"quote_count":0}},{"id":"1460920274145234950","created_at":"2021-11-17T10:38:30.000Z","text":"The biggest difference, though, appears to be in attitudes. Germany is in full panic mode ahead of tomorrow's meeting of federal and state leaders. After celebrating \"Freedom Day\" in July, the UK appears broadly to have accepted the costs that accompany its liberty.","public_metrics":{"retweet_count":10,"reply_count":3,"like_count":65,"quote_count":1}},{"id":"1460919288974524416","created_at":"2021-11-17T10:34:35.000Z","text":"Germany's covid-19 death rate is higher than Britain's for the first time since the summer. Britain's case rate remains higher - but higher share of vaxxed means stronger decoupling effect. https://t.co/Y4gjcTPL8I","public_metrics":{"retweet_count":51,"reply_count":8,"like_count":155,"quote_count":5}},{"id":"1460898160386191360","created_at":"2021-11-17T09:10:38.000Z","text":"Nothing but respect for just going ahead and publishing this picture https://t.co/ibup2iUPhC","public_metrics":{"retweet_count":13,"reply_count":9,"like_count":293,"quote_count":1}}],"meta":{"oldest_id":"1460898160386191360","newest_id":"1465338911882948616","result_count":100,"next_token":"7140dibdnow9c7btw3z3al4wnc6e9hj5wxqvji614bho0"}}