Date,Dow Jones Close,SNP500 Close,NASDAQ Close,Ten Year Treasury Bonds Close,Crude Oil Close,Dow Jones Close Standardized,SNP500 Close Standardized,NASDAQ Close Standardized,Ten Year Treasury Bonds Close Standardized,Crude Oil Close Standardized,Standardized sum,Dow,SP500,NASDAQ,Bonds,Crypto,Exchange,Oil,Benchmark Valuation,Central Bank Communication,Company Variables,Currency Markets,Dividends or Earnings,Financial Institutions,Geopolitical Issues,Government or Fiscal,Housing,Inflation Rates,Interest Rates,International Trade,Macroeconomic Activity,Supply Chain,Oil/Energy,Rest of World,Sales,Psych w/ funds,Psych w/ Benchmark Valuation,Psych w/ Central Bank,Psych w/ Company Variables,Psych w/ Currency Markets,Psych w/ Dividends or Earnings,Psych w/ Financial Institutions,Psych w/ Geopolitical Issues,Psych w/ Government or Fiscal,Psych w/ Housing,Psych w/ Inflation Rates,Psych w/ Interest Rates,Psych w/ International Trade,Psych w/ Macroeconomic Activity,Psych w/ Supply Chain,Psych w/ Oil/Energy,Psych w/ Rest of World,Psych w/ Covid,Pure Psychology,Momentum,Non-momentum,KU Factors,Bankruptcy,Executive turnover/health,Legal or accounting issues,Firm added to index,Executive salary issues,Assets,Reorganization/spinoffs/partnerships,Liabilities/Debt,Share issuances,IPOs,Business spending,Mergers and acquisitions,Accident/recall/data breach,Price target announcements,New products/production processes,Insider trading,Credit ratings,"Resource discovery, exploration/drilling",Labor layoff/strike/union,CEO/CFO comments,Purchase/sale of large stake,Stock split,Share buyback,Exchange rates,FX Intervention,Gap from benchmark levels,Overvalued,Undervalued,Trade agreements,Trade negotiations,Tariffs,Quotas,Subsidies,Foreclosures,Home prices/Sales,Real estate prices,Commercial prices,Fiscal policy,Comments by officials,Stimulus plan,Industry regulation,Taxes and rules on CEO bonuses,Government shutdown,Impeachment,Military spending,Austerity meausres,Credit worthiness/ratings,Bailout or nationalization of banks,Healthcare issues,Political elections,"Political conflicts, instability or corruption",Congressional testimony,Financial reform,Cabinet changes,Leverage or credit issues,Liquidity Issues,Credit card defaults,Credit ratings.1,Capital funding,Monetary policy,Comments by officials/books,Macroprudential policy,Commodity prices,Armed conflicts/embargo,Border control/policy/immigration,Travel bans/transportation,Nuclear testing,Terrorism,Natural disasters,COVID cases/deaths,COVID vaccination,Climate change/pollution,Crime/assasination/shooting,Protests,Civil unrest,analyst comments w/ funds,Analyst price targets,Analyst Ratings,Fundementals Sum,Psychology Sum,KU Sum,Sum,Title,Standardized Fundementals Sum,Standardized Psychology Sum,Standardized KU Sum,Standardized Sum,Google Sentiment,Google Magnitude,VADER Sentiment,Standardized Google Sentiment,Standardized Google Magnitude,Standardized VADER Sentiment,Fundementals Final Standrdized Sum,Standardized Macro Indicators
8/2/2021,34838.16016,4387.160156,14681.07031,1.174000025,79.06135559,-0.603220307,-1.058138308,-0.977115606,-1.896197517,1.714531788,-8.460419852,0,0,0,-1,0,0,-1,0,-1,1,0,0,0,0,0,0,0,0,0,-1,-1,-1,1,0,0,0,0,0,0,0,0,0,0,0,0,0,0,-1,0,0,0,0,0,1,0,1,0,0,0,0,0,0,1,0,0,1,0,0,0,0,0,0,0,0,0,0,0,0,0,0,0,0,0,0,0,0,0,0,0,0,0,0,0,0,0,0,0,0,0,0,0,0,0,0,0,0,0,0,0,0,0,0,0,0,0,0,0,0,0,0,0,0,0,-1,0,0,0,0,0,0,0,0,0,0,-8,0,1,-2,Stocks Fall as Yields Dip on Growth Concerns: Markets Wrap,-0.824849397,0.093329185,0.707895239,-0.347146994,1.100000038,5.700000031,-2.8,0.619041572,-1.230247437,-1.100230183,-0.767344916,-0.796181124
8/3/2021,35116.39844,4423.149902,14761.29004,1.175999999,78.94207764,-0.151273335,-0.738436963,-0.806364485,-1.882138314,1.622712142,-5.866502863,1,1,1,0,0,1,-1,0,0,1,0,1,0,0,0,0,0,0,0,0,0,-1,1,0,0,0,0,0,0,0,0,0,0,0,0,0,0,0,0,0,0,0,0,0,0,0,0,0,0,0,0,0,0,0,0,0,0,0,0,0,0,0,0,0,0,0,0,0,0,0,0,0,0,0,0,0,0,0,0,0,0,0,0,0,0,0,0,0,0,0,0,0,0,0,0,0,0,0,0,0,0,0,0,0,0,0,0,0,0,0,0,0,0,0,0,0,0,0,0,0,0,0,0,0,10,0,0,5,"Stocks Rise as Earnings Offset Virus, Oil Concerns: Markets Wrap",0.869488306,0.093329185,0.125981356,0.591947862,-2.100000062,12.90000006,13.9,-0.326492521,-0.457896376,-0.619821537,-0.532081295,-0.559524583
8/4/2021,34792.67188,4402.660156,14780.53027,1.184000015,77.7791214,-0.677107662,-0.9204499,-0.765410834,-1.825900657,0.727473502,-10.38418665,-1,-1,1,0,1,-1,-1,0,-1,0,0,0,0,0,0,0,0,0,0,-1,0,-1,0,0,0,0,0,0,0,1,0,0,0,0,0,0,0,0,0,0,0,0,0,0,0,0,0,0,0,0,0,0,0,0,0,0,0,0,0,0,0,0,0,0,0,0,0,0,0,0,0,0,0,0,0,0,0,0,0,0,0,0,0,0,0,0,0,0,0,0,0,0,0,0,0,0,0,0,0,0,0,0,0,0,0,0,0,0,0,0,0,0,0,0,0,0,0,0,0,0,0,0,0,0,-10,1,0,-4,U.S. Stocks Slip as Economic Growth Worries Mount: Markets Wrap,-1.013109142,0.739967113,0.125981356,-0.615459809,-2.900000014,9.800000034,-13.1,-0.562876023,-0.790436418,-1.396530126,-0.941827116,-0.971696377
8/5/2021,35064.25,4429.100098,14895.12012,1.217000008,78.42520905,-0.235978896,-0.68558064,-0.521501444,-1.593920833,1.224828957,-5.436458568,1,1,1,1,1,0,1,0,0,1,0,1,0,0,0,0,0,0,0,1,0,1,1,0,0,0,0,0,0,0,0,0,0,0,0,0,0,0,0,0,0,0,0,0,0,0,0,0,0,0,0,0,0,0,0,0,0,0,0,0,0,0,0,0,0,0,0,0,0,0,0,0,0,0,0,0,0,0,0,0,0,0,0,0,0,0,0,0,0,0,0,0,0,0,0,0,0,0,0,0,0,0,0,0,0,0,0,0,0,0,0,0,0,0,0,0,0,0,0,0,0,0,0,0,22,0,0,11,Stocks Gain as Earnings Outweigh Virus Concerns: Markets Wrap,1.999046775,0.093329185,0.125981356,1.396886309,2.599999987,6.799999945,27.9,1.062260649,-1.112249368,-0.21708375,-0.493077048,-0.520289405
8/6/2021,35208.51172,4436.52002,14835.75977,1.289999962,78.15682983,-0.001652233,-0.619668559,-0.647852484,-1.08075356,1.018231804,-3.995085096,1,1,-1,1,1,-1,-1,0,1,0,0,0,0,0,0,0,0,0,0,1,0,-1,0,0,0,0,0,0,0,0,0,0,0,0,0,0,0,0,0,0,0,0,0,0,0,1,0,0,0,0,0,0,0,0,0,0,0,0,0,0,0,0,0,0,0,0,0,0,0,0,0,0,0,0,0,0,0,0,0,0,0,0,0,0,0,1,0,0,0,0,0,0,0,0,0,0,0,0,0,0,0,0,0,0,0,1,1,0,0,0,0,0,0,0,0,0,0,0,0,0,0,0,0,0,4,0,3,6,"Stocks, Treasury Yields Rise on Robust Jobs Report: Markets Wrap",0.304709072,0.093329185,1.871723005,0.72610427,2.300000041,16.0999999,36.3,0.973616846,-0.114629256,0.024558922,-0.362347057,-0.388785405
8/9/2021,35101.85156,4432.350098,14860.17969,1.317000031,77.86857605,-0.174902069,-0.65671049,-0.595873641,-0.890951361,0.796335302,-4.566306778,-1,0,1,1,1,-1,-1,0,-1,0,0,0,0,0,0,0,0,0,0,-1,0,-1,0,0,0,0,-1,0,0,0,0,0,0,0,0,0,0,-1,0,0,0,0,0,0,0,1,0,0,0,0,0,0,0,0,0,0,0,0,0,0,0,0,0,0,0,0,0,0,0,0,0,0,0,0,0,0,0,0,0,0,0,0,0,0,0,-1,0,0,0,0,0,0,0,0,0,0,0,0,0,0,0,0,0,0,0,0,0,0,-1,0,0,0,0,0,0,0,0,0,0,0,0,0,0,0,-6,-2,-2,-6,"U.S. Stocks Decline Amid Stimulus, Virus Concern: Markets Wrap",-0.636589653,-1.19994667,-1.03784641,-0.883772625,-2.400000067,18.59999998,12.1,-0.415136341,0.153548203,-0.67160211,-0.41415584,-0.44090093
8/10/2021,35264.67188,4436.75,14788.08984,1.342000008,78.25623322,0.08956963,-0.617625618,-0.749319966,-0.715209195,1.0947521,-2.693499148,1,1,-1,1,0,-1,1,0,0,0,0,0,0,0,0,0,0,0,0,-1,0,1,0,0,0,0,-1,0,0,0,0,0,0,0,0,0,0,-1,0,1,0,-1,0,0,0,1,0,0,0,0,0,0,0,0,0,0,0,0,0,0,0,0,0,0,0,0,0,0,0,0,0,0,0,0,0,0,0,0,0,0,0,0,0,0,0,0,0,0,0,0,0,0,0,0,0,0,0,0,0,0,0,0,0,0,0,0,0,0,0,0,0,0,0,0,0,-1,0,0,0,0,0,0,0,0,4,-2,-1,0,Tech Drop Exposes Doubts in U.S. Growth Optimism: Markets Wrap,0.304709072,-1.19994667,-0.455932527,-0.078834178,-1.900000111,11.30000013,16.9,-0.267396657,-0.629529937,-0.533520583,-0.244295545,-0.270034947
8/11/2021,35484.96875,4442.410156,14765.13965,1.328999996,78.62400055,0.447401426,-0.567345756,-0.798170425,-0.80659529,1.377857786,-1.040556777,1,1,-1,-1,1,1,1,0,0,0,0,0,0,0,0,0,1,0,0,0,0,1,0,0,0,0,1,0,0,0,0,0,0,0,1,0,0,0,0,0,0,0,0,0,0,0,0,0,0,0,0,0,0,0,0,0,0,0,0,0,0,0,0,0,0,0,0,0,0,0,0,0,0,0,0,0,0,0,0,0,0,0,0,0,0,0,0,0,0,0,0,0,0,0,0,0,0,0,0,0,0,0,0,0,0,0,0,0,0,0,0,0,0,0,0,0,0,0,0,0,0,0,0,0,10,2,0,7,"Stocks, Bonds Rise as Taper Debate Takes Spotlight: Markets Wrap",0.869488306,1.386605041,0.125981356,0.860260677,-1.800000057,19.70000018,19.3,-0.237848701,0.271546303,-0.464479819,-0.094376635,-0.119228416
8/12/2021,35499.85156,4460.830078,14816.25977,1.366999984,78.31587219,0.471575817,-0.403719321,-0.689359067,-0.539467036,1.140661919,-0.060923065,0,1,1,1,0,0,-1,0,0,1,0,0,0,0,0,0,0,0,0,1,0,0,0,0,0,0,0,0,0,0,0,0,0,0,0,0,0,0,0,0,0,0,0,0,0,0,0,0,0,0,0,0,0,0,0,0,0,0,0,0,0,0,0,0,0,0,0,0,0,0,0,0,0,0,0,0,0,0,0,0,0,0,0,0,0,0,0,0,0,0,0,0,0,0,0,0,0,0,0,0,0,0,0,0,0,0,0,0,0,0,0,0,0,0,0,0,0,0,0,0,0,0,0,0,8,0,0,4,Stocks Set Another Record as Trading Range Narrows: Markets Wrap,0.681228561,0.093329185,0.125981356,0.457791454,-2.700000046,18.40000007,-13.3,-0.503780153,0.132094017,-1.402283523,-0.005525613,-0.029851336
8/13/2021,35515.37891,4468,14822.90039,1.297000051,78.96195984,0.496797144,-0.340028021,-0.675224224,-1.031545083,1.638017373,0.264051571,0,1,1,-1,0,1,-1,-1,0,0,0,0,0,0,0,0,0,0,0,0,0,-1,0,0,0,0,0,0,0,0,0,0,0,0,0,0,0,0,0,-1,0,-1,-1,1,0,0,0,0,0,0,0,0,0,0,0,0,0,0,0,0,0,0,0,0,0,0,0,0,0,0,0,0,0,0,0,0,0,0,0,0,0,0,0,0,0,0,0,0,0,0,0,0,0,0,0,0,0,0,0,0,0,0,0,0,0,0,0,0,0,0,0,0,0,0,0,0,0,0,0,0,0,0,0,0,-2,-2,0,-3,Stocks Grind to Another Record High; Yields Fall: Markets Wrap,-0.260070163,-1.19994667,0.125981356,-0.481303402,-5.10000013,21.40000028,27.1,-1.212930726,0.45390698,-0.240097338,0.023949004,-0.00020221
8/16/2021,35625.39844,4479.709961,14793.75977,1.256999969,79.2999115,0.67550366,-0.236006996,-0.737251278,-1.312733383,1.898171087,0.863049269,1,1,0,-1,0,-1,-1,0,0,1,0,0,0,0,0,0,0,0,0,-1,0,0,0,0,0,0,0,0,0,0,0,0,0,0,0,0,0,0,0,0,0,0,0,0,0,0,0,0,-1,0,0,0,0,0,0,0,0,0,0,0,0,0,0,0,0,0,0,0,0,0,0,0,0,0,0,0,0,0,0,0,0,0,0,0,0,0,0,0,0,0,0,0,0,0,0,0,0,0,0,0,0,0,0,0,0,0,0,0,0,0,0,0,0,0,0,0,0,0,0,0,0,0,0,0,-2,0,-1,-2,"S&P 500 Extends Gain, Doubles From Pandemic Bottom: Markets Wrap",-0.260070163,0.093329185,-0.455932527,-0.347146994,-5.800000079,11.50000013,-11.4,-1.419766287,-0.608075741,-1.347626252,0.078277022,0.054447467
8/17/2021,35343.28125,4448.080078,14656.17969,1.258000016,79.54840851,0.217256111,-0.516979141,-1.030096354,-1.30570336,2.089463001,-1.638179227,-1,-1,-1,0,0,-1,-1,0,-1,-1,0,0,0,0,0,0,0,0,0,-1,-1,0,-1,-1,0,0,0,0,0,0,0,0,0,0,0,0,0,-1,-1,0,-1,-1,0,0,0,1,0,0,0,0,0,0,0,0,0,0,0,0,0,0,0,0,0,0,0,0,0,0,0,0,0,0,0,0,0,0,0,0,0,0,0,0,-1,0,0,0,0,0,0,0,0,0,0,0,0,0,0,0,0,0,0,0,0,0,0,0,-1,0,0,0,0,0,0,0,0,-1,0,0,0,0,0,0,0,0,-22,-4,-3,-17,Stocks Suffer Worst Drop in a Month; Dollar Climbs: Markets Wrap,-2.142667611,-2.493222526,-1.619760293,-2.359493112,-1.200000011,7.500000075,0.1,-0.060561051,-1.037159668,-1.016805927,-0.14857992,-0.173752621
8/18/2021,34960.69141,4400.27002,14525.91016,1.273000002,77.68966675,-0.404190801,-0.941681772,-1.307380612,-1.200258062,0.658611703,-9.584698629,-1,-1,-1,0,0,0,-1,0,-1,0,0,0,0,0,0,0,0,0,0,0,0,-1,0,0,0,0,0,0,0,0,0,0,0,0,0,0,0,0,0,0,0,0,0,-1,0,1,0,0,0,0,0,0,0,0,0,0,0,0,0,0,0,0,0,0,0,0,0,0,0,0,0,0,0,0,0,0,0,0,0,0,0,0,0,0,-1,-1,0,0,0,0,0,0,0,0,0,0,0,0,0,0,0,0,0,0,0,-1,-1,0,0,0,0,0,0,0,0,0,0,0,0,0,0,0,0,0,-12,-1,-4,-10,"Stocks Slump, Bonds Waver With Fed Taper in Focus: Markets Wrap",-1.201368887,-0.553308742,-2.201674176,-1.420398257,-1.30000011,13.49999991,-5.6,-0.09010902,-0.393533804,-1.18077774,-0.869314986,-0.898754926
8/19/2021,34894.12109,4405.799805,14541.79004,1.241999984,78.49478912,-0.512322057,-0.892560011,-1.273579609,-1.418178674,1.278391391,-8.45474688,-1,1,1,-1,0,-1,-1,0,0,0,0,0,0,0,0,0,0,0,0,0,0,0,-1,0,0,0,-1,0,0,0,0,0,0,0,0,0,0,0,-1,0,0,-1,0,0,0,1,0,0,0,0,0,0,0,0,0,0,0,0,0,0,0,0,0,0,0,0,0,0,0,0,0,0,0,0,0,0,0,0,0,0,0,0,0,0,0,0,0,0,0,0,0,0,0,0,0,0,0,0,0,0,0,0,0,0,0,0,0,0,-1,0,0,0,0,0,0,-1,0,0,0,0,0,0,0,0,-6,-3,-2,-7,Stocks in Choppy Trading Ahead of Big Options Day: Markets Wrap,-0.636589653,-1.846584598,-1.03784641,-1.017929033,-2.300000138,22.00000016,-28.1,-0.385588423,0.518269555,-1.828034898,-0.766830388,-0.795663549
8/20/2021,35120.07813,4441.669922,14714.66016,1.25999999,78.32581329,-0.145296354,-0.573921346,-0.905618176,-1.291644156,1.148314534,-5.304496493,1,1,1,0,1,0,-1,0,0,1,0,0,0,0,0,0,0,0,0,0,0,0,0,0,0,0,1,0,0,0,0,0,0,0,0,0,0,0,0,0,0,0,0,0,0,0,0,0,0,0,0,0,0,0,0,0,0,0,0,0,0,0,0,0,0,0,0,0,0,0,0,0,0,0,0,0,0,0,0,0,0,0,0,0,0,0,0,0,0,0,0,0,0,0,0,0,0,0,0,0,0,0,0,0,0,0,0,0,0,0,0,0,0,0,0,0,0,0,0,0,0,0,0,0,8,1,0,5,Stock Traders Buy the Dip at End of Jittery Week: Markets Wrap,0.681228561,0.739967113,0.125981356,0.591947862,-2.000000098,11.90000006,16.3,-0.296944592,-0.565167356,-0.550780774,-0.481108324,-0.508249818
8/23/2021,35335.71094,4479.529785,14942.65039,1.254999995,77.90833282,0.204959533,-0.237607521,-0.420331234,-1.326792587,0.82693989,-2.858495759,1,1,1,0,0,1,1,0,0,0,0,0,0,0,0,0,0,0,0,-1,0,1,0,0,0,0,0,0,0,0,0,0,0,0,0,0,0,0,0,0,0,0,1,0,0,1,0,0,0,0,0,0,0,0,0,0,0,0,0,0,0,0,0,0,0,0,0,0,0,0,0,0,0,0,0,0,0,0,0,0,1,0,0,0,0,0,0,0,0,0,0,0,0,0,0,0,0,0,0,1,0,0,0,0,0,0,0,0,0,0,0,0,0,0,0,0,1,0,0,0,0,1,1,1,10,1,6,13,"U.S. Stocks Rise Amid Recovery Bets, FDA Approval: Markets Wrap",0.869488306,0.739967113,3.617464655,1.665199125,-2.300000063,10.20000011,39.5,-0.3855884,-0.747528017,0.116613273,-0.259260442,-0.285088446
8/24/2021,35366.26172,4486.22998,15019.7998,1.289999962,77.2026062,0.254583663,-0.178088864,-0.25611542,-1.08075356,0.283674617,-2.930098696,0,1,1,1,0,0,1,0,0,1,0,0,0,0,0,0,0,0,0,1,0,1,0,0,0,0,0,0,0,0,0,0,0,0,0,0,0,1,0,0,1,0,0,1,0,1,0,0,0,0,0,0,0,0,0,0,0,0,0,0,0,0,0,0,0,0,0,0,0,0,0,0,0,0,0,0,0,0,0,0,0,0,0,0,0,0,0,0,0,0,0,0,0,0,0,0,0,0,0,0,0,0,0,0,0,0,0,0,1,0,0,0,0,0,0,0,1,0,0,0,0,1,0,0,14,3,3,14,U.S. Stocks Top Record as Strong Earnings Continue: Markets Wrap,1.246007796,2.033242969,1.871723005,1.799355533,-0.100000052,15.10000004,26.1,0.264466271,-0.221900221,-0.268864323,-0.2657547,-0.291621155
8/25/2021,35405.5,4496.189941,15041.86035,1.342000008,77.18273163,0.31831904,-0.089613304,-0.209158598,-0.715209195,0.268375259,-1.281860393,1,1,0,1,0,1,1,0,1,1,0,1,0,0,0,0,0,0,0,0,0,1,0,0,0,0,0,0,0,0,0,0,0,0,0,0,0,0,0,0,0,1,1,1,0,0,0,0,0,0,0,0,0,0,0,0,0,0,0,0,0,0,0,0,0,0,0,0,0,0,0,0,0,0,0,0,0,0,0,0,0,0,0,0,0,0,0,0,0,0,0,0,0,0,0,0,0,0,0,0,0,0,0,0,0,1,0,0,0,0,0,0,0,0,0,-1,1,0,0,0,0,0,0,0,18,3,1,13,Stocks Extend Gain as ‘Not That Many Bears Left’: Markets Wrap,1.622527285,2.033242969,0.707895239,1.665199125,-3.700000076,26.20000033,-14.5,-0.799259557,0.968807691,-1.436803905,-0.11626244,-0.1412438
8/26/2021,35213.12109,4470,14945.80957,1.342000008,76.84477234,0.005834842,-0.322261775,-0.413606785,-0.715209195,0.008215672,-4.311081722,-1,-1,-1,0,-1,-1,-1,0,0,0,0,0,0,0,0,0,0,0,0,-1,0,-1,-1,0,0,0,0,0,0,0,0,0,0,0,0,0,0,0,0,0,-1,-1,-1,0,0,1,0,0,0,0,0,0,0,0,0,0,0,0,0,0,0,0,0,0,0,0,0,0,0,0,0,0,0,0,0,0,0,0,0,0,0,0,0,0,-1,0,0,0,0,0,0,0,0,0,0,0,0,0,0,0,0,0,0,0,0,0,-1,0,0,0,0,0,0,-1,0,0,0,0,0,0,0,0,0,0,-18,-3,-3,-14,"U.S. Stocks Fall on Kabul Blasts, Hawkish Fed View: Markets Wrap",-1.766148121,-1.846584598,-1.619760293,-1.957023888,-4.60000004,19.20000002,19.8,-1.065191002,0.217910796,-0.450096327,-0.391007385,-0.417615421
8/27/2021,35455.80078,4509.370117,15129.5,1.312000036,76.97399902,0.400023417,0.027467822,-0.02261386,-0.926099791,0.107693807,-1.240585818,1,1,1,-1,1,1,1,0,1,0,0,0,0,0,0,0,0,1,0,1,0,0,0,0,0,0,1,0,0,0,0,0,0,0,0,0,0,0,0,0,0,0,0,0,0,1,0,0,0,0,0,0,0,0,0,0,0,0,0,0,0,0,0,0,0,0,0,0,0,0,0,0,0,0,0,0,0,0,0,0,0,0,0,0,0,1,0,0,0,0,0,0,0,0,0,0,0,0,0,0,0,0,0,0,0,0,0,0,0,0,0,0,0,0,0,0,0,0,0,0,0,0,0,0,16,1,1,11,U.S. Stocks Rise on Powell’s Dovish Taper Tone: Markets Wrap,1.43426754,0.739967113,0.707895239,1.396886309,1.399999947,12.60000014,45.3,0.707685363,-0.490077661,0.283461785,-0.11251891,-0.137478106
8/30/2021,35399.83984,4528.790039,15265.88965,1.284999967,77.18273163,0.30912515,0.19997738,0.267697335,-1.11590199,0.268375259,-0.212180598,-1,1,1,-1,0,0,1,0,0,1,0,0,0,0,0,0,0,0,0,0,0,0,0,0,0,0,0,0,0,0,0,0,0,0,0,0,0,0,0,0,0,0,0,0,1,1,0,0,0,0,0,0,1,0,0,0,0,0,0,0,0,0,0,0,0,0,0,0,0,0,0,0,0,0,0,0,0,0,0,0,-1,0,0,0,0,0,-1,0,0,0,0,0,0,0,0,0,0,0,0,0,0,0,0,0,0,0,0,0,0,0,0,-1,0,0,0,0,0,0,0,0,0,1,0,0,4,1,-1,3,Big Tech Drives S&P 500 to 12th Record in August: Markets Wrap,0.304709072,0.739967113,-0.455932527,0.323635046,0,0,0,0.294014226,-1.841692028,-1.019682626,-0.0192444,-0.043651348
8/31/2021,35360.73047,4522.680176,15259.24023,1.30400002,77.48092651,0.245599163,0.145702714,0.253543761,-0.982337449,0.497924377,0.481297699,-1,-1,-1,1,0,0,-1,0,1,0,0,1,0,0,0,0,0,0,0,0,0,0,0,0,0,0,0,0,0,0,0,0,-1,0,0,0,0,0,0,0,0,-1,-1,0,0,1,0,0,0,0,0,0,0,0,0,1,0,0,0,0,0,0,0,0,0,0,0,0,0,0,0,0,0,0,0,0,0,0,0,0,1,0,0,0,0,0,0,0,0,0,0,0,0,0,0,0,0,0,0,0,0,0,0,0,0,0,0,0,0,0,0,0,0,0,0,0,0,0,0,0,0,0,0,0,-2,-3,2,-1,Stocks Drop With Valuation Near Highest Since 2000: Markets Wrap,-0.260070163,-1.846584598,1.289809122,-0.212990586,0,0,0,0.294014226,-1.841692028,-1.019682626,0.043652839,0.019618285
9/1/2021,35312.53125,4524.089844,15309.37988,1.302000046,77.85864258,0.167308385,0.158224969,0.360268147,-0.996396652,0.78868856,1.434280224,-1,0,1,-1,1,1,-1,0,0,0,0,0,0,0,0,0,0,0,0,-1,0,0,1,0,0,0,0,0,0,0,0,0,0,0,0,0,0,0,0,0,0,0,0,1,0,1,0,0,-1,0,0,0,0,0,0,0,0,0,0,0,1,0,0,0,0,0,0,0,0,0,0,0,0,0,0,0,0,0,0,0,0,0,0,0,0,0,0,0,0,0,0,0,0,0,0,0,0,0,0,0,0,0,0,0,0,0,0,0,0,0,0,0,0,0,0,0,0,0,0,0,0,0,0,0,0,1,0,2,Megacaps Hit All-Time High in Defensive Stock Tilt: Markets Wrap,-0.071810418,0.739967113,0.125981356,0.189478638,-2.50000003,20.00000019,47.3,-0.44468427,0.303727598,0.340995754,0.130086645,0.106563839
9/2/2021,35443.82031,4536.950195,15331.17969,1.29400003,78.04749298,0.380563344,0.27246505,0.406669973,-1.05263431,0.934064774,2.823386497,1,1,0,0,1,1,1,0,0,0,0,0,0,0,0,0,0,0,0,1,0,0,-1,0,0,0,0,0,0,0,0,0,0,0,0,0,0,0,0,0,0,0,0,0,0,0,0,0,-1,0,0,0,0,0,0,0,0,0,0,0,0,0,0,0,0,0,0,0,0,0,0,0,0,0,0,0,0,0,0,0,0,0,0,0,0,0,0,0,0,0,0,0,0,0,0,0,0,0,0,0,0,0,0,0,0,1,0,0,0,0,0,0,0,0,0,0,0,0,0,0,0,0,0,0,10,0,0,5,Cyclicals Beat Tech in Run-Up to Key Jobs Report: Markets Wrap,0.869488306,0.093329185,0.125981356,0.591947862,-6.100000159,37.20000014,43.5,-1.508410129,2.148788453,0.231681212,0.256076095,0.23329923
9/3/2021,35369.08984,4535.430176,15363.51953,1.322000027,77.44116974,0.259177424,0.258962534,0.475506704,-0.855802924,0.467319789,1.815490583,-1,0,1,1,1,1,-1,0,0,0,0,0,0,0,-1,0,0,0,0,-1,0,0,0,0,0,0,0,0,0,0,0,0,0,0,0,0,0,-1,0,0,0,0,0,0,0,1,0,0,0,0,0,0,0,0,0,0,0,0,0,0,1,0,0,0,0,0,0,0,0,0,0,0,0,0,0,0,0,0,0,0,0,0,0,-1,1,-1,0,0,0,0,0,0,0,0,0,0,0,0,0,0,0,0,0,0,0,0,1,0,0,0,0,0,0,0,0,-1,0,0,0,0,0,0,0,0,0,-1,0,0,Traders Weigh Fed Timeline After Weak Jobs Report: Markets Wrap,-0.071810418,-0.553308742,0.125981356,-0.078834178,1.199999907,16.30000013,40.7,0.648589472,-0.093175035,0.151133655,0.164661742,0.141343643
9/7/2021,35100,4520.029785,15374.33008,1.370000005,76.43724823,-0.177909588,0.122158965,0.498517421,-0.518377809,-0.30549461,-1.143316862,-1,-1,1,1,-1,-1,-1,0,0,0,0,0,0,0,0,0,0,0,0,-1,0,0,1,0,0,0,0,0,0,0,0,0,0,0,0,0,0,-1,0,0,1,0,-1,1,0,0,0,0,0,0,0,0,0,0,0,0,0,0,0,0,0,0,0,0,0,0,0,0,0,0,0,0,0,0,0,0,0,0,0,0,0,0,0,0,0,-1,0,0,0,0,0,0,0,0,0,0,0,0,0,0,0,0,0,0,0,0,0,0,0,0,0,0,0,0,0,0,0,0,0,0,0,0,0,-1,-6,0,-2,-5,U.S. Stocks Drop Amid Concern Recovery Has Peaked: Markets Wrap,-0.636589653,0.093329185,-1.03784641,-0.749616217,-3.50000009,18.20000012,8.2,-0.740163682,0.110639826,-0.78379335,-0.10369679,-0.128603753
9/8/2021,35031.07031,4514.069824,15286.63965,1.333999991,77.31195068,-0.289873207,0.069215898,0.311864596,-0.771446859,0.36784752,-0.937176157,-1,-1,-1,-1,-1,-1,1,0,0,0,0,0,0,0,0,0,0,0,0,-1,0,0,0,0,0,0,0,0,0,0,0,0,0,0,0,0,0,-1,0,0,0,0,0,-1,0,1,0,0,-1,0,0,0,0,0,0,0,0,0,0,0,0,0,0,0,0,0,0,0,0,0,0,0,0,0,0,0,0,0,0,0,0,0,0,0,0,0,0,0,0,0,0,0,0,0,0,0,0,0,0,0,0,0,0,0,0,0,0,0,0,0,0,0,0,0,0,0,0,0,0,0,0,0,0,-1,-12,-2,-2,-9,"U.S. Stocks Extend Drop on Growth, Valuation Risks: Markets Wrap",-1.201368887,-1.19994667,-1.03784641,-1.286241849,-6.400000208,26.30000026,51.1,-1.597053962,0.979534781,0.450310296,-0.085000198,-0.109796464
9/9/2021,34879.37891,4493.279785,15248.25,1.299000025,76.83483887,-0.53626802,-0.115464578,0.230150587,-1.017485879,0.00056893,-4.315496881,-1,-1,-1,-1,0,1,-1,0,0,0,0,0,0,0,0,0,0,0,0,-1,0,0,-1,0,0,0,0,0,0,0,0,0,0,0,0,0,0,-1,0,0,0,0,0,0,0,1,0,0,0,0,0,0,0,0,0,0,0,0,0,0,0,0,0,0,0,0,-1,0,0,0,0,0,0,0,0,0,0,0,0,0,0,0,0,0,0,0,0,0,0,0,0,0,0,0,0,0,0,0,0,0,0,0,0,0,0,-1,-1,0,0,0,0,0,0,0,0,0,0,0,0,0,0,0,0,0,-12,-1,-3,-9,U.S. Stocks Drop With Worries Mounting Over Growth: Markets Wrap,-1.201368887,-0.553308742,-1.619760293,-1.286241849,0.699999943,23.19999993,3.4,0.500849786,0.646994707,-0.921874877,-0.391407832,-0.418018238
9/10/2021,34607.71875,4458.580078,15115.49023,1.340999961,76.57640076,-0.977530045,-0.423706348,-0.052434254,-0.722239219,-0.198375599,-7.122856392,-1,-1,-1,1,0,-1,1,0,0,-1,0,0,0,0,0,0,-1,0,0,-1,0,1,1,0,0,0,0,0,0,0,0,0,-1,0,0,0,0,-1,0,0,0,0,0,1,0,1,0,0,-1,0,0,0,0,0,0,0,0,0,0,0,0,0,0,0,0,0,0,0,0,0,0,0,0,0,0,-1,0,0,0,0,0,0,0,0,0,-1,0,0,0,0,0,0,0,0,0,0,0,0,0,0,0,0,0,0,0,0,0,0,0,0,0,0,0,0,0,0,0,0,0,0,0,-1,0,0,-6,-1,-4,-7,Stocks Decline Amid Mixed Messages on Recovery: Markets Wrap,-0.636589653,-0.553308742,-2.201674176,-1.017929033,-1.700000028,23.60000002,14.8,-0.208300753,0.689903109,-0.593931251,-0.646030308,-0.674148252
9/13/2021,34869.62891,4468.72998,15105.58008,1.324000001,76.91435242,-0.552105104,-0.333543519,-0.073528431,-0.84174372,0.061778114,-5.217427978,1,1,0,-1,0,0,1,0,0,-1,0,0,0,0,0,0,0,0,0,0,0,1,1,0,0,0,0,0,0,0,0,0,0,0,0,0,0,0,0,0,0,0,0,-1,0,0,0,0,0,0,0,0,0,0,0,0,0,0,0,0,0,0,0,0,0,0,0,0,0,0,0,0,0,0,0,0,0,0,0,0,0,0,0,0,0,0,0,0,0,0,0,0,0,0,0,0,0,0,0,0,0,0,0,0,0,0,0,0,0,0,0,0,0,0,0,0,0,0,0,0,0,0,0,0,6,-1,0,2,U.S. Stocks Snap Slide Before CPI; Crude Oil Jumps: Markets Wrap,0.492968816,-0.553308742,0.125981356,0.189478638,-7.100000167,21.40000006,-18.1,-1.803889526,0.453906956,-1.54036505,-0.473211366,-0.500306105
9/14/2021,34577.57031,4443.049805,15037.75977,1.27699995,76.83483887,-1.026500647,-0.561663675,-0.217886857,-1.172139655,0.00056893,-8.932865711,-1,-1,-1,-1,0,0,0,0,0,0,0,0,0,0,0,0,-1,0,0,-1,0,1,-1,0,0,0,0,0,0,0,0,0,0,0,0,0,0,0,0,0,0,0,0,-1,0,0,0,0,0,0,0,0,0,0,0,0,0,0,0,0,0,0,0,0,0,0,0,0,0,0,0,0,0,0,0,0,0,0,0,0,0,0,0,0,0,-1,0,0,0,0,0,0,0,0,0,0,0,0,0,0,0,0,0,0,0,0,0,0,0,0,0,0,0,0,0,0,0,0,0,0,0,0,0,0,-12,-1,-1,-8,Treasuries Rally After CPI Seen Pushing Off Taper: Markets Wrap,-1.201368887,-0.553308742,-0.455932527,-1.152085441,-1.299999962,29.80000009,112.4,-0.090108976,1.354983194,2.213726463,-0.810194909,-0.839284818
9/15/2021,34814.39063,4480.700195,15161.53027,1.30400002,76.74537659,-0.641829542,-0.227210625,0.045563938,-0.982337449,-0.068298742,-5.622337262,1,1,1,1,0,1,1,0,0,0,0,0,0,0,0,0,0,0,0,0,0,1,-1,0,0,0,0,0,0,0,0,0,0,0,0,0,0,1,0,0,0,0,0,0,0,0,0,0,0,0,0,0,0,0,0,0,0,0,0,0,0,0,0,0,0,0,0,0,0,0,0,0,0,0,0,0,0,0,0,0,0,0,0,0,0,0,0,0,0,0,0,0,0,0,0,0,0,0,0,0,0,0,0,0,0,0,0,0,0,0,0,0,0,0,0,0,0,0,0,0,0,0,0,0,12,1,0,7,U.S. Stocks Gain the Most Since August; Oil Jumps: Markets Wrap,1.057748051,0.739967113,0.125981356,0.860260677,-0.100000054,1.900000006,5.6,0.264466271,-1.637877165,-0.858587511,-0.509935912,-0.537248085
9/16/2021,34751.32031,4473.75,15181.91992,1.33099997,76.00983429,-0.744275691,-0.288950063,0.088964179,-0.792536086,-0.634515996,-7.113940972,-1,-1,0,1,0,-1,0,0,0,0,0,0,0,1,0,0,0,0,0,1,0,0,-1,0,0,0,0,0,0,0,0,0,0,0,0,0,0,0,0,0,0,0,0,0,0,1,0,0,0,0,0,0,0,0,0,0,0,0,0,1,0,0,0,0,0,0,0,0,0,0,0,-1,0,0,0,0,0,0,0,0,0,0,0,0,0,0,0,0,0,0,0,0,0,0,0,0,0,0,0,0,0,0,0,0,0,0,0,0,0,0,0,0,0,0,0,0,0,0,0,0,0,0,0,0,-2,0,0,0,Stocks Drop as September Swoon Resumes; Bonds Fall: Markets Wrap,-0.260070163,0.093329185,0.125981356,-0.078834178,2.49999985,17.99999994,109.5,1.032712669,0.089185611,2.130302207,-0.645221695,-0.673334851
9/17/2021,34584.87891,4432.990234,15043.96973,1.370000005,75.77127838,-1.014629169,-0.651024083,-0.204668692,-0.518377809,-0.818155295,-9.620565143,-1,-1,-1,1,-1,-1,-1,0,0,0,0,0,0,0,0,0,0,0,0,-1,0,-1,-1,0,0,0,0,0,0,0,0,0,0,0,0,0,0,-1,0,0,0,0,0,0,0,0,0,0,0,0,0,0,0,0,0,0,0,0,0,0,0,0,0,0,0,0,0,0,0,0,0,0,0,0,0,0,0,0,0,0,0,0,0,0,0,0,0,0,0,0,0,0,0,0,0,0,0,0,0,0,0,0,0,0,0,0,0,0,-1,0,0,0,0,0,0,0,0,0,0,0,0,0,0,0,-16,-1,-1,-10,Stocks Fall the Most in a Month; Bond Yields Climb: Markets Wrap,-1.577888377,-0.553308742,-0.455932527,-1.420398257,-4.100000107,25.50000005,5.3,-0.917451324,0.893717974,-0.867217606,-0.872568014,-0.902027215
9/20/2021,33970.46875,4357.72998,14713.90039,1.309000015,75.7116394,-2.012625604,-1.319570185,-0.907235379,-0.947189018,-0.864065121,-18.15205592,-1,-1,-1,-1,-1,0,-1,0,0,-1,0,0,0,0,0,0,0,-1,0,-1,0,-1,-1,0,0,0,0,0,0,0,0,0,0,0,0,-1,0,-1,0,0,-1,0,0,0,1,1,0,0,0,0,0,0,0,-1,0,0,0,0,0,0,0,0,0,0,0,0,-1,0,0,0,0,0,0,0,0,0,0,0,0,0,0,0,0,0,0,0,0,0,0,0,0,0,0,0,0,0,0,0,0,0,-1,0,0,0,0,0,0,0,0,0,0,0,0,0,0,0,0,0,0,0,0,0,0,0,-22,-2,-3,-15,Stocks Pare Losses at Close as Dip Buyers Emerge: Markets Wrap,-2.142667611,-1.19994667,-1.619760293,-2.091180296,-1.500000022,14.99999997,29.7,-0.149204872,-0.232627327,-0.165303178,-1.646358936,-1.680399501
9/21/2021,33919.83984,4354.189941,14746.40039,1.324000001,75.93031311,-2.094862968,-1.351016787,-0.838057741,-0.84174372,-0.695731053,-17.46423681,-1,0,1,1,-1,1,1,0,-1,-1,0,0,0,0,0,0,0,0,0,0,0,1,-1,0,0,0,0,0,0,0,0,0,0,0,0,0,0,0,0,0,-1,0,0,0,0,0,-1,0,0,0,0,0,0,-1,0,0,0,0,0,-1,0,0,0,0,0,0,0,0,0,0,0,0,0,0,0,0,0,0,0,0,0,0,0,0,0,0,0,0,0,0,0,0,0,0,0,0,0,0,0,0,0,0,0,0,0,-1,0,0,0,0,0,0,0,0,0,0,0,0,0,0,0,0,0,0,0,-1,-4,-5,Stocks Fall After Dip Buying Wanes: Markets Wrap (Correct),-0.071810418,-0.553308742,-2.201674176,-0.749616217,-1.400000201,18.20000016,112.3,-0.119656986,0.11063983,2.210849764,-1.583974976,-1.617646185
9/22/2021,34258.32031,4395.640137,14896.84961,1.335999966,75.97006989,-1.545063624,-0.982809593,-0.517820151,-0.757387649,-0.665126458,-13.40462242,1,1,1,-1,0,-1,1,0,1,-1,0,0,0,0,0,0,0,1,0,0,0,1,1,0,0,0,0,0,0,0,0,0,0,0,0,0,0,0,0,0,1,0,0,0,0,1,0,0,0,0,0,0,0,-1,0,0,0,0,0,0,0,0,0,0,0,0,0,0,0,0,0,0,0,0,0,0,0,0,0,0,0,0,0,0,0,0,0,0,0,0,0,0,0,0,0,0,0,0,0,0,0,0,0,0,0,1,0,0,0,0,0,0,0,0,0,0,0,0,0,0,0,0,0,0,10,1,0,7,"Stocks Gain, Treasuries Curve Flattens After Fed: Markets Wrap",0.869488306,0.739967113,0.125981356,0.860260677,2.699999883,21.30000012,27.6,1.091808558,0.443179865,-0.225713846,-1.215775227,-1.247266446
9/23/2021,34764.82031,4448.97998,15052.24023,1.409999967,76.20862579,-0.722347421,-0.5089852,-0.18706458,-0.237190352,-0.481487167,-6.411224158,1,1,1,1,0,0,1,0,1,-1,0,0,0,0,0,0,0,1,0,1,0,1,1,0,0,0,0,0,0,0,0,0,0,0,0,0,0,1,0,0,0,0,0,1,0,0,0,0,0,0,0,0,0,-1,0,0,0,0,0,0,0,0,0,0,0,0,0,0,0,0,0,0,0,0,0,0,0,0,0,0,0,0,0,0,0,1,0,0,0,0,0,0,0,0,0,0,0,0,0,0,0,0,0,0,0,0,0,0,0,0,0,0,0,0,0,0,0,0,0,0,0,0,0,0,18,2,0,11,Stocks Rally Amid Growth Optimism; Yields Surge: Markets Wrap,1.622527285,1.386605041,0.125981356,1.396886309,1.699999971,26.70000004,104.2,0.796329189,1.02244315,1.977837188,-0.58148654,-0.609222341
9/24/2021,34798,4455.47998,15047.7002,1.460000038,76.16886902,-0.668453109,-0.4512449,-0.196728228,0.114294802,-0.512091755,-5.142669568,0,1,0,1,-1,-1,1,0,0,0,0,0,0,0,0,0,0,0,0,0,0,0,-1,0,0,0,0,0,0,0,0,0,0,0,0,0,0,0,0,0,0,0,0,0,0,1,0,0,0,0,0,0,0,0,0,0,0,0,0,0,0,0,0,0,0,0,0,0,0,0,0,0,0,0,0,0,0,0,0,0,0,0,0,0,0,0,-1,0,0,0,0,0,0,0,0,0,0,0,0,0,0,0,0,0,0,0,0,0,0,0,0,0,0,0,0,0,0,0,0,0,0,0,0,0,0,0,-1,0,Stocks Rise While China’s Crackdown Roils Crypto: Markets Wrap,-0.071810418,0.093329185,-0.455932527,-0.078834178,8.599999747,38.79999996,107.4,2.835136947,2.320422002,2.069891539,-0.466430912,-0.493485506
9/27/2021,34869.37109,4443.109863,14969.96973,1.483999968,75.55260468,-0.552523885,-0.561130172,-0.362180853,0.283006945,-0.986489355,-6.53795196,1,-1,-1,1,0,-1,1,-1,0,0,0,0,0,0,0,0,0,-1,0,-1,0,0,0,0,0,0,0,0,0,0,0,0,0,0,0,0,0,-1,0,0,0,0,0,0,0,0,0,0,-1,0,0,0,0,0,0,0,0,0,0,-1,0,0,0,0,0,0,0,0,0,0,0,0,0,0,0,0,0,0,0,0,0,0,0,0,0,0,0,0,0,0,0,0,0,0,0,0,0,0,0,0,0,0,0,0,0,0,0,0,0,0,0,0,0,0,0,0,0,0,0,0,0,0,0,0,-6,-1,-2,-6,Bond Yield Spike Spurs Growth-Into-Value Rotation: Markets Wrap,-0.636589653,-0.553308742,-1.03784641,-0.883772625,-12.20000022,35.49999999,66,-3.310834455,1.966427771,0.878938369,-0.592980524,-0.620784377
9/28/2021,34299.98828,4352.629883,14546.67969,1.534000039,75.36374664,-1.477381662,-1.364874974,-1.26317178,0.634492099,-1.13187145,-13.8084233,-1,-1,-1,1,0,-1,-1,0,-1,0,0,0,0,0,0,1,0,0,0,-1,0,0,0,0,0,0,0,0,0,0,0,0,0,0,0,0,0,0,0,0,0,0,0,0,0,1,0,0,0,0,0,0,0,0,0,0,0,0,0,-1,0,0,0,0,0,0,0,0,0,0,0,0,0,0,0,0,0,0,0,0,1,0,0,0,-1,0,0,0,0,0,0,0,0,0,0,0,0,0,0,0,-1,0,0,0,0,0,-1,0,0,0,0,0,0,0,0,0,0,0,0,0,0,0,0,0,-10,0,-3,-7,Stocks Tumble Most Since May on Debt-Ceiling Agita: Markets Wrap,-1.013109142,0.093329185,-1.619760293,-1.017929033,-0.299999921,35.69999994,144.5,0.205370431,1.987881961,3.137146674,-1.252399243,-1.284107301
9/29/2021,34390.71875,4359.459961,14512.44043,1.541000009,76.61616516,-1.330006681,-1.30420255,-1.336051507,0.68369974,-0.167765138,-10.36297841,1,1,-1,-1,0,-1,-1,0,-1,-1,0,0,0,0,-1,1,-1,0,0,0,0,0,0,0,0,0,1,0,0,0,0,0,0,0,-1,0,0,0,0,0,0,0,0,-1,0,1,0,0,0,0,0,0,0,0,0,0,0,0,0,-1,1,0,0,0,0,0,0,0,0,0,0,0,0,0,0,0,0,0,0,0,1,0,0,0,0,0,0,0,0,0,0,0,0,0,0,0,0,0,0,0,0,0,0,0,0,0,0,0,0,0,0,0,0,0,0,0,0,0,0,0,0,0,0,0,-10,-1,1,-4,Tech Weighs on Equities While Dollar Extends Rally: Markets Wrap,-1.013109142,-0.553308742,0.707895239,-0.615459809,-0.100000077,27.59999984,81.2,0.264466264,1.11898701,1.316196538,-0.939903567,-0.969761439
10/1/2021,34326.46094,4357.040039,14566.7002,1.478999972,75.12519073,-1.434381689,-1.325699015,-1.22055727,0.247858507,-1.315510749,-15.14487065,1,1,1,-1,1,1,1,0,0,1,0,0,0,0,0,0,1,0,0,1,0,0,0,0,0,0,0,0,0,0,0,0,0,0,0,0,0,1,0,0,0,0,0,1,0,1,0,0,0,0,0,0,0,0,0,0,0,0,0,1,1,0,0,0,0,0,0,0,0,0,0,0,0,0,0,0,0,0,0,0,0,0,0,0,-1,0,0,0,0,0,0,0,0,0,0,0,0,0,0,0,0,0,0,0,0,-1,-1,0,1,0,0,0,0,0,0,0,0,0,0,0,0,0,0,0,16,2,0,11,"Reopening Trade Roars Back, Fueling Stock Rally: Markets Wrap",1.43426754,1.386605041,0.125981356,1.396886309,-6.900000075,17.70000017,0.4,-1.74479362,0.057004341,-1.008175832,-1.679297111,-1.406038345
10/4/2021,34002.92188,4300.459961,14255.48047,1.480999947,74.60831451,-1.959911456,-1.828306814,-1.883001756,0.261917718,-1.713399808,-21.36810635,-1,-1,-1,1,0,1,1,0,0,0,0,0,0,0,-1,0,-1,0,0,-1,-1,1,0,0,0,0,0,0,0,0,0,0,0,0,-1,0,0,-1,0,-1,0,0,0,0,0,1,0,0,0,0,0,0,0,0,0,0,0,0,0,0,-1,0,0,0,0,0,-1,0,0,0,0,0,0,0,0,0,0,0,0,0,0,0,0,0,0,0,0,0,0,0,0,0,0,0,0,0,0,0,0,0,0,0,0,0,0,0,0,0,0,0,0,0,0,0,0,0,0,0,0,0,0,0,0,0,-6,-3,-2,-7,Nasdaq Falls 2% as Tech Selloff Batters Indexes: Markets Wrap,-0.636589653,-1.846584598,-1.03784641,-1.017929033,-2.500000074,19.80000002,77.3,-0.444684283,0.282273384,1.204005297,-1.373612622,-1.973816512
10/5/2021,34314.67188,4345.720215,14433.83008,1.529000044,73.97216797,-1.453530851,-1.426254406,-1.503376994,0.599343669,-2.203102639,-17.96076367,1,1,1,1,1,-1,1,0,0,0,0,0,0,0,0,0,0,0,0,1,0,1,0,0,0,0,0,0,0,0,0,0,0,0,0,0,0,-1,0,0,0,0,1,1,0,0,0,0,0,0,0,0,0,0,0,0,0,0,0,0,0,0,0,0,0,0,0,0,0,0,0,0,0,0,0,0,0,0,0,0,0,0,0,0,0,0,0,0,0,0,0,0,0,0,0,0,0,0,0,0,0,0,0,0,0,0,0,0,0,0,0,0,0,0,0,0,0,0,0,0,0,0,0,0,14,1,0,8,"Stocks Rebound, Treasuries Fall Ahead of Jobs Data: Markets Wrap",1.246007796,0.739967113,0.125981356,0.994417085,2.199999973,17.00000021,89,0.944068887,-0.018085341,1.540579019,-1.938048946,-1.662946913
10/6/2021,34416.98828,4363.549805,14501.91016,1.524000049,74.64807129,-1.287336655,-1.267871963,-1.358465637,0.564195238,-1.682795212,-15.09682269,1,1,1,0,1,-1,-1,0,0,0,0,0,0,0,1,0,0,0,0,1,0,-1,0,0,0,0,0,0,0,0,0,0,0,0,0,0,0,0,0,0,0,0,0,0,0,0,0,0,0,0,0,0,0,0,0,0,0,0,0,0,0,0,0,0,0,0,0,0,0,0,0,0,0,0,0,0,0,0,0,0,0,0,0,0,1,0,0,0,0,0,0,0,0,0,0,0,1,0,0,0,1,0,0,0,0,0,0,0,0,0,0,0,0,0,0,0,0,0,0,0,0,0,0,0,6,0,3,6,Stocks Rebound on Possible Debt Limit Extension: Markets Wrap,0.492968816,0.093329185,1.871723005,0.72610427,-1.799999953,22.00000007,49.4,-0.237848671,0.518269546,0.401406422,-1.629009072,-1.401654679
10/7/2021,34754.94141,4399.759766,14654.01953,1.57099998,75.13512421,-0.738393879,-0.946214421,-1.034694347,0.894590329,-1.307863999,-9.39772895,1,1,1,1,0,0,1,0,0,0,0,0,0,0,1,0,0,0,0,0,0,1,0,0,0,0,0,0,0,0,0,0,0,0,0,0,0,1,0,0,1,0,0,1,0,1,0,0,0,0,0,0,0,0,0,0,0,0,0,0,0,0,0,0,0,0,0,0,0,0,0,0,0,0,0,0,0,0,0,0,0,0,0,0,0,0,-1,0,0,0,0,0,0,0,0,0,0,0,0,0,0,0,0,0,0,0,0,0,0,0,0,0,0,0,0,0,0,0,0,0,0,0,0,0,14,3,-1,10,"U.S. Stocks Advance as Debt, Energy Worries Ease: Markets Wrap",1.246007796,2.033242969,-0.455932527,1.262729901,5.200000017,26.50000002,150.9,1.830507084,1.000988951,3.321255377,-1.369254758,-0.881696709
10/8/2021,34746.25,4391.339844,14579.54004,1.605000019,75.13512421,-0.752511478,-1.021009625,-1.193227122,1.133600169,-1.307863999,-9.423036164,0,-1,-1,1,0,0,1,0,0,0,0,0,0,0,0,0,0,0,0,-1,0,1,0,0,0,0,0,0,0,0,0,0,0,0,0,0,0,0,0,0,0,0,0,0,0,0,0,0,0,0,0,0,0,0,0,0,0,0,0,0,0,0,0,0,0,0,0,0,0,0,0,0,0,0,0,0,0,0,0,0,0,0,0,0,0,0,0,0,0,0,0,0,0,0,0,0,0,0,0,0,0,0,0,0,0,0,0,0,0,0,0,0,0,0,0,0,0,0,0,0,0,0,0,0,0,0,0,0,"Stocks Fall, Yields Gain After U.S. Jobs Miss: Markets Wrap",-0.071810418,0.093329185,0.125981356,-0.078834178,-1.500000051,18.30000012,45.1,-0.149204881,0.121366924,0.277708388,-0.852357171,-0.884005618
10/11/2021,34496.05859,4361.189941,14486.2002,1.613999963,75.34386444,-1.158901462,-1.288834925,-1.391904957,1.196867013,-1.147176681,-11.36985304,-1,-1,-1,0,1,-1,1,0,0,0,0,0,0,0,0,0,0,0,0,0,-1,1,0,0,0,0,0,0,0,0,1,0,0,0,0,0,0,-1,0,0,0,0,0,1,0,1,0,0,0,0,0,0,0,0,0,0,0,0,0,0,0,0,0,0,0,0,0,0,0,0,0,0,0,0,0,0,0,0,0,0,0,0,0,0,0,-1,-1,0,0,0,0,0,0,0,0,0,0,0,0,0,0,0,0,0,0,0,0,0,1,0,0,0,0,0,0,0,0,0,0,0,0,0,0,0,-4,1,-1,-1,Stocks Close Near Session Lows While Crude Jumps: Markets Wrap,-0.448329908,0.739967113,-0.455932527,-0.212990586,5.099999963,28.70000007,65,1.800959129,1.236985113,0.850171385,-0.85465249,-1.061623849
10/12/2021,34378.33984,4350.649902,14465.91992,1.580000043,75.21464539,-1.350113946,-1.382463389,-1.4350724,0.95785801,-1.246648942,-13.369322,-1,-1,-1,-1,0,-1,0,0,0,-1,0,0,0,0,0,-1,-1,0,0,0,0,0,-1,0,0,0,0,0,0,0,0,0,0,0,-1,0,0,0,-1,0,0,0,0,0,0,1,0,0,0,0,0,0,0,0,0,0,0,0,0,0,-1,0,0,0,0,0,0,0,0,0,0,0,0,0,0,0,0,0,0,0,-1,0,0,0,0,0,0,0,0,0,0,0,0,0,0,0,0,0,0,0,0,0,0,0,0,0,0,0,0,0,0,0,0,0,0,0,0,0,0,0,0,0,0,0,-18,-2,-2,-12,Stocks Drop Before Earnings Amid Inflation Worries: Markets Wrap,-1.766148121,-1.19994667,-1.03784641,-1.688711073,-0.500000193,36.90000016,98.8,0.146274472,2.116607161,1.82249547,-1.031225291,-1.244045805
10/13/2021,34377.80859,4363.799805,14571.63965,1.549000025,75.61223602,-1.350976864,-1.265651182,-1.210043439,0.739937397,-0.94058541,-12.08195849,0,1,1,-1,0,1,0,1,0,0,0,0,0,0,0,0,-1,0,0,0,0,0,0,0,0,0,0,0,0,0,0,0,0,0,0,0,0,0,-1,0,0,0,0,0,0,1,0,0,0,0,0,0,0,0,0,0,0,0,0,0,0,0,0,0,0,0,0,0,0,0,0,0,0,0,0,0,0,0,0,0,0,0,0,0,0,0,0,0,0,0,0,0,0,0,0,0,0,0,0,0,0,0,0,0,0,0,0,0,0,0,0,0,0,0,0,0,0,0,0,0,0,0,0,0,4,-1,0,2,Megacap Tech Rallies as 10-Year Bond Yield Drops: Markets Wrap,0.304709072,-0.553308742,0.125981356,0.189478638,-5.200000137,30.30000017,81.5,-1.242478667,1.408618693,1.324826633,-1.212573542,-1.126592935
10/14/2021,34912.55859,4438.259766,14823.42969,1.519000053,76.13904572,-0.482373725,-0.604214181,-0.674097586,0.529046801,-0.535049601,-5.300064876,1,1,1,-1,0,-1,1,0,0,1,0,0,0,0,0,0,0,0,0,1,0,0,0,0,0,0,0,0,0,0,0,0,0,0,0,0,0,0,0,0,0,0,0,0,0,0,0,0,0,0,0,0,0,0,0,0,0,0,0,1,0,0,0,0,0,0,0,0,0,0,0,0,0,0,0,0,0,0,0,0,0,0,0,0,0,0,0,0,0,0,0,0,0,0,0,0,0,0,0,0,0,0,0,0,0,0,0,0,0,0,0,0,0,0,0,0,0,0,0,0,0,0,0,0,8,0,1,5,Stocks Stage Rally as Earnings Season Kicks Off: Markets Wrap,0.681228561,0.093329185,0.707895239,0.591947862,-4.40000017,40.30000037,-2.8,-1.006095161,2.481328517,-1.100230183,-1.095811979,-0.507845499
10/15/2021,35294.76172,4471.370117,14897.33984,1.575999975,75.79115295,0.138445048,-0.310090857,-0.516776675,0.92973876,-0.802855937,-1.684618987,1,1,1,1,1,0,1,0,0,1,0,0,0,0,0,0,0,0,0,1,0,1,0,0,0,0,0,0,0,0,0,0,0,0,0,0,0,0,0,0,0,0,0,1,0,0,0,0,0,0,0,0,0,0,0,0,0,0,0,0,1,0,0,0,0,0,0,0,0,0,0,0,0,0,0,0,0,0,0,0,0,0,0,0,0,0,1,0,0,0,0,0,0,0,0,0,0,0,0,0,0,0,0,0,0,0,0,0,1,0,0,0,0,0,0,0,0,0,0,0,0,0,0,0,18,1,3,13,Corporate America’s Strength Emboldens Stock Bulls: Markets Wrap,1.622527285,0.739967113,1.871723005,1.665199125,0.200000002,0.400000013,9.4,0.353110106,-1.798783634,-0.749272969,-0.480706384,-0.177989561
10/18/2021,35258.60938,4486.459961,15021.80957,1.583999991,74.82698822,0.079722213,-0.176045915,-0.251837539,0.985976417,-1.54506574,-2.721751694,-1,1,1,1,1,-1,0,0,0,0,0,0,0,0,0,0,0,0,0,0,0,-1,0,0,0,0,-1,0,0,0,0,0,0,0,-1,0,0,0,0,0,0,0,0,0,0,1,0,0,0,0,0,0,0,0,0,0,0,0,0,0,0,0,0,0,0,0,0,0,0,0,0,0,0,0,0,0,0,0,0,0,0,0,0,0,0,0,0,0,0,0,0,0,0,0,0,0,0,0,0,0,0,0,0,0,0,0,0,0,1,0,0,0,0,0,0,0,0,0,0,0,0,0,0,0,2,-2,1,1,U.S. Stocks Extend Rebound as Oil Pares Back Gains: Markets Wrap,0.116449327,-1.19994667,0.707895239,0.05532223,-0.10000001,11.49999993,-20.2,0.264466284,-0.608075762,-1.600775718,-0.152791923,-0.272612574
10/19/2021,35457.30859,4519.629883,15129.08984,1.63499999,74.33000183,0.402472577,0.118606586,-0.023486903,1.344490758,-1.927643695,-0.256682028,1,1,1,1,1,1,1,0,0,1,0,0,0,0,0,0,0,0,0,1,0,1,0,0,0,0,0,0,0,0,0,0,0,0,0,0,0,0,0,0,0,0,0,1,0,0,0,0,0,0,0,0,0,0,0,0,0,0,0,0,0,0,0,0,0,0,0,0,0,0,0,0,0,0,0,0,0,0,0,0,0,0,0,0,0,0,0,0,0,0,0,0,0,0,0,0,0,0,0,0,0,0,0,0,0,0,1,0,0,0,0,0,0,0,0,0,0,0,0,0,0,0,0,0,20,1,1,12,U.S. Stocks Rise on Earnings; Dollar Declines: Markets Wrap,1.81078703,0.739967113,0.707895239,1.531042717,-2.100000077,17.20000011,30.6,-0.326492526,0.003368845,-0.139412891,-0.246858,-0.047711445
10/20/2021,35609.33984,4536.189941,15121.67969,1.636000037,75.09999847,0.649419414,0.26571162,-0.039259724,1.351520782,-1.334903641,2.677465355,1,1,-1,1,1,1,1,0,0,0,0,1,0,0,1,0,0,0,0,1,0,1,0,0,0,0,0,0,0,0,0,0,0,0,0,0,0,0,0,0,0,0,0,1,0,0,0,0,0,0,0,0,0,0,0,0,0,0,0,-1,-1,0,0,0,0,0,0,0,0,0,0,0,0,0,0,0,0,0,0,0,0,0,0,1,0,0,0,0,0,0,0,0,0,0,0,0,0,0,0,0,0,0,0,0,0,0,0,0,-1,0,0,0,0,0,0,1,1,0,0,0,0,0,0,0,18,1,0,10,S&P 500 Almost Tops Record Amid Recovery Bets: Markets Wrap,1.622527285,0.739967113,0.125981356,1.262729901,-1.800000005,16.30000013,17.1,-0.237848686,-0.093175035,-0.527767186,-0.0232806,0.219986085
10/21/2021,35603.07813,4549.779785,15215.7002,1.675999999,74.88999939,0.639248417,0.386431878,0.160866947,1.632708239,-1.496560017,3.968086391,0,1,1,1,-1,-1,-1,0,0,0,0,0,0,0,0,0,0,0,0,1,0,-1,0,0,0,0,0,0,0,0,0,0,0,0,0,0,0,0,0,0,0,0,0,0,0,1,0,0,0,0,0,0,0,0,0,0,0,0,0,0,0,0,0,0,0,0,0,0,0,0,0,0,0,0,0,0,0,0,0,0,0,0,0,0,0,0,0,0,0,0,0,0,0,0,0,0,0,0,0,0,0,0,0,0,0,0,0,0,0,0,0,0,0,0,0,0,0,0,0,0,0,0,0,0,0,0,0,1,Tech Dented by Earnings After S&P Record: Market Wrap (Correct),-0.071810418,0.093329185,0.125981356,0.05532223,4.999999918,32.60000005,86.8,1.771411176,1.655341934,1.477291653,0.242841309,0.337736157
10/22/2021,35677.01953,4544.899902,15090.2002,1.654999971,75.5,0.759352638,0.343083276,-0.106265163,1.485084487,-1.026984208,4.36281309,1,-1,-1,-1,-1,1,1,0,-1,-1,0,0,0,0,0,0,-1,-1,0,0,-1,1,1,0,0,0,0,0,0,0,0,0,0,0,-1,-1,0,0,-1,0,0,0,0,0,0,1,0,0,-1,0,0,0,0,0,0,0,0,0,0,0,-1,0,0,0,0,0,0,0,0,0,0,0,0,0,0,0,0,0,0,0,0,0,0,0,0,0,-1,0,0,0,0,0,0,0,0,0,0,0,0,0,0,0,0,0,0,0,0,0,0,0,0,0,0,0,0,1,1,0,0,0,0,0,0,0,-8,-3,-1,-7,"Stocks Fall on Drag From Powell Comments, Tech Woe: Markets Wrap",-0.824849397,-1.846584598,-0.455932527,-1.017929033,4.599999784,22.19999988,53,1.653219378,0.539723721,0.504967567,0.359898323,0.373749127
10/25/2021,35741.14844,4566.47998,15226.70996,1.63499999,75.13999939,0.863518271,0.534781766,0.184301692,1.344490758,-1.304111107,4.868944139,1,1,1,0,0,-1,-1,0,0,1,0,1,0,0,0,0,0,0,0,0,0,-1,0,0,0,0,0,0,0,0,0,0,0,0,0,0,0,0,0,0,0,0,0,0,0,1,0,0,0,0,0,0,0,0,0,0,0,1,0,0,1,0,0,0,0,0,0,0,0,0,0,0,0,0,0,1,0,0,0,0,0,0,0,0,0,0,0,0,0,0,0,0,0,0,0,0,0,0,0,0,0,0,0,0,0,0,0,0,0,0,0,0,0,0,0,0,0,0,0,0,0,0,0,0,4,0,3,6,Stocks Gain Before Earnings; Oil Drops From High: Markets Wrap,0.304709072,0.093329185,1.871723005,0.72610427,-9.000000179,23.90000013,34.6,-2.36530038,0.722084415,-0.024344952,0.395699327,0.419926096
10/26/2021,35756.87891,4574.790039,15235.70996,1.618999958,76.16000366,0.88906953,0.608601043,0.203458576,1.232015444,-0.51891627,7.242684967,0,1,1,-1,0,-1,1,0,0,1,0,1,0,0,0,0,0,0,0,0,0,0,0,0,0,0,0,1,0,0,0,0,0,0,0,0,0,0,0,0,0,0,0,0,0,0,0,0,0,0,0,0,0,0,0,0,0,0,0,0,0,0,0,0,0,0,0,0,0,0,0,0,0,0,0,0,0,0,0,0,0,0,0,0,0,0,0,0,0,0,0,0,0,0,0,0,0,0,0,0,0,0,0,0,0,0,0,0,0,0,0,0,0,0,0,0,0,0,0,0,0,0,0,0,6,1,0,4,Stocks Rise Amid Positive Early Earnings Results: Markets Wrap,0.492968816,0.739967113,0.125981356,0.457791454,0.299999864,16.9,42.4,0.382658004,-0.028812461,0.200037529,0.441604506,0.63649482
10/27/2021,35490.69141,4551.680176,15235.83984,1.529000044,75.90000153,0.456696836,0.403313285,0.203735031,0.599343669,-0.719064775,2.832072135,-1,-1,1,-1,-1,0,-1,0,0,-1,0,0,0,0,0,0,0,0,0,0,0,-1,-1,0,0,0,0,0,0,0,0,0,0,0,0,0,0,-1,0,0,0,0,0,0,0,0,0,0,0,0,0,0,0,0,0,0,0,0,0,0,0,0,0,0,0,0,0,0,0,0,0,0,0,0,0,0,0,0,0,0,0,0,0,0,0,0,0,0,0,0,0,0,0,0,0,0,0,0,0,0,0,0,0,0,0,0,0,0,0,0,0,0,0,0,0,0,0,0,0,0,0,0,0,0,-14,-1,0,-8,Stocks Drop as Growth Concern Lingers; Oil Falls: Markets Wrap,-1.389628632,-0.553308742,0.125981356,-1.152085441,-3.200000151,23.6999999,47.1,-0.651519882,0.700630194,0.335242357,0.656898545,0.234091667
10/28/2021,35730.48047,4596.419922,15448.12012,1.567999959,76.87999725,0.846190114,0.800741957,0.655582673,0.873501102,0.035331654,9.6340425,1,1,1,1,0,1,1,0,0,-1,0,1,0,0,0,0,0,0,0,0,0,0,0,0,0,0,0,0,0,1,0,0,0,0,0,0,0,0,0,0,0,0,0,0,0,0,0,0,0,0,0,0,0,0,0,0,0,0,0,0,0,0,0,0,0,0,0,0,0,0,0,0,0,0,0,0,0,0,0,0,0,0,0,0,0,0,0,0,0,0,0,0,0,0,0,0,0,0,0,0,0,0,0,0,0,0,0,0,0,0,0,0,0,0,0,0,0,0,0,0,0,0,0,0,12,1,0,7,"Tech Shares Stumble After-Hours on Apple, Amazon: Markets Wrap",1.057748051,0.739967113,0.125981356,0.860260677,-4.900000334,41.70000044,70.9,-1.153834907,2.631507897,1.019896595,0.256863866,0.854670808
10/29/2021,35819.55859,4605.379883,15498.38965,1.557000041,76.19000244,0.990881156,0.880334393,0.762583514,0.796175055,-0.49582334,8.802452333,1,1,1,-1,1,-1,1,0,0,0,0,1,0,0,0,0,0,0,0,0,0,1,0,0,0,0,0,0,0,0,0,0,0,0,0,0,0,0,0,0,0,0,0,0,0,0,0,0,0,0,0,0,0,0,0,0,0,0,0,0,0,0,0,0,0,0,0,0,0,0,0,0,0,0,0,0,0,0,0,0,0,0,0,0,0,0,0,0,0,0,0,0,0,0,0,0,0,0,0,0,0,0,0,0,0,0,0,0,0,0,0,0,0,0,0,0,0,0,0,0,0,0,0,0,10,0,0,5,Stocks Gain as Traders Brush Off Big Tech Earnings: Markets Wrap,0.869488306,0.093329185,0.125981356,0.591947862,-5.800000152,34.40000027,18.1,-1.419766309,1.848429722,-0.499000201,0.873790387,0.778800511
11/1/2021,35913.83984,4613.669922,15595.91992,1.575000048,75.94999695,1.144023726,0.95397583,0.970180859,0.92270958,-0.680578519,9.930934429,1,1,1,0,0,0,1,0,0,0,0,1,0,0,0,0,0,0,0,0,-1,0,0,0,0,0,0,0,0,0,0,0,0,0,0,0,0,0,-1,0,0,0,0,1,0,1,0,0,0,0,0,0,0,0,0,0,0,0,0,0,1,0,0,0,0,0,0,0,0,0,0,0,0,0,0,0,0,0,0,0,0,0,0,0,0,0,0,0,0,0,0,0,0,0,0,0,0,0,0,0,0,0,0,0,0,0,0,0,0,0,0,0,0,0,0,0,0,0,0,0,0,0,0,0,8,0,1,6,Stocks Close at All-Time High as Earnings Roll In: Markets Wrap,0.681228561,0.093329185,0.707895239,0.72610427,3.199999965,12.10000005,42.3,1.239548279,-0.543713161,0.19716083,0.798366649,0.881757803
11/2/2021,36052.62891,4630.649902,15649.59961,1.549000025,76.26999664,1.369461074,1.104811083,1.084440372,0.739937397,-0.434244154,11.59321732,1,1,1,-1,0,-1,-1,0,0,1,0,1,0,0,0,0,0,1,0,0,-1,0,0,0,0,0,0,0,0,0,0,0,0,0,0,1,0,0,0,0,0,0,0,1,0,1,0,0,0,0,0,0,-1,0,0,0,0,0,0,1,1,0,0,0,0,0,0,0,0,0,0,0,0,0,0,0,0,0,0,0,0,0,0,0,0,0,0,0,0,0,0,0,0,0,0,0,0,0,0,0,0,0,0,0,0,0,0,0,0,0,0,0,0,0,0,0,0,0,0,0,0,0,0,0,4,2,1,6,Earnings Fuel Stock Gains as Clock Ticks on Fed: Markets Wrap,0.304709072,1.386605041,0.707895239,0.72610427,5.900000026,13.70000017,94,2.037342663,-0.37207958,1.684413943,0.900717952,1.033416519
11/3/2021,36157.57813,4660.569824,15811.58008,1.578999996,77.26999664,1.539931803,1.370593434,1.42922272,0.950827987,0.335551483,16.87838228,1,1,1,1,0,1,-1,0,1,0,0,0,0,0,0,0,0,0,0,1,0,0,0,0,0,0,0,0,0,0,0,0,0,0,0,0,0,0,0,0,0,0,0,1,1,1,0,0,0,0,0,0,0,0,0,0,0,0,0,0,0,0,0,0,0,0,0,0,0,0,0,0,0,0,0,0,0,0,0,0,0,0,0,0,0,0,0,0,0,0,0,0,0,0,0,0,0,0,0,0,0,0,0,0,0,0,1,0,0,0,0,0,0,0,0,0,0,0,0,0,0,0,0,0,12,2,1,10,"Stocks Hit Record, Bond Curve Steepens After Fed: Markets Wrap",1.057748051,1.386605041,0.707895239,1.262729901,2.199999943,15.59999998,16.4,0.944068878,-0.168264738,-0.547904075,1.051484031,1.515609614
11/4/2021,36124.23047,4680.060059,15940.30957,1.524000049,77.29000092,1.485764655,1.543727591,1.703228937,0.564195238,0.350950691,16.94360134,0,1,1,-1,0,-1,-1,0,0,1,0,0,0,0,0,0,0,0,0,1,0,0,0,0,0,0,0,0,0,0,0,0,0,0,0,0,0,0,0,0,0,0,0,0,0,0,0,0,0,0,0,0,0,0,0,0,0,0,0,0,0,0,0,0,0,0,0,0,0,0,0,0,0,0,0,0,0,0,0,0,0,0,0,0,0,0,0,0,0,0,0,0,0,0,0,0,0,0,0,0,0,0,0,0,0,0,0,0,0,0,0,0,0,0,0,0,0,0,0,0,0,0,0,0,2,0,0,1,Nasdaq 100 Extends Rally as Treasury Yields Tumble: Markets Wrap,0.116449327,0.093329185,0.125981356,0.05532223,-6.300000096,26.40000033,78.6,-1.567505989,0.990261887,1.241402378,1.53083902,1.521559887
11/5/2021,36327.94922,4697.529785,15971.58984,1.452999949,77.83999634,1.816668341,1.698913318,1.769810328,0.065086325,0.774334766,18.37443923,1,1,1,-1,0,1,1,0,0,1,0,0,0,0,0,0,0,0,0,1,0,0,0,0,0,0,0,0,0,0,0,0,0,0,0,0,0,0,0,0,0,0,0,0,0,1,0,0,0,0,0,0,0,0,0,0,0,0,0,0,1,0,0,0,0,0,0,0,0,0,0,0,0,0,0,0,0,0,0,0,0,0,0,0,1,0,0,0,0,0,0,0,0,0,0,0,0,0,0,0,0,0,0,0,0,0,0,0,0,0,0,0,0,0,0,0,1,0,0,0,0,0,0,0,12,0,3,10,Reopening Trade Fuels Stock Gains; Yields Tumble: Markets Wrap,1.057748051,0.093329185,1.871723005,1.262729901,-0.100000091,17.70000006,56.6,0.26446626,0.057004329,0.608528713,1.536754272,1.652102672
11/8/2021,36432.21875,4701.700195,15982.36035,1.496999979,77.73999786,1.986035037,1.735959583,1.792735818,0.374393032,0.697356372,19.75943953,1,0,-1,1,0,1,1,0,0,1,0,1,0,0,1,0,0,0,0,1,0,-1,0,0,0,0,0,0,0,0,0,0,0,0,0,0,0,1,0,0,0,0,0,1,0,0,0,0,0,0,0,0,0,0,0,0,0,0,0,0,0,0,0,0,0,-1,0,0,0,0,0,0,0,0,0,0,0,0,0,0,0,0,0,0,0,0,0,0,0,0,0,0,0,0,0,0,0,0,0,0,0,0,0,0,0,0,0,0,0,0,0,0,0,0,0,0,1,0,0,0,0,0,0,0,12,2,0,8,Stocks Continue Streak of Gains; Treasuries Fall: Markets Wrap,1.057748051,1.386605041,0.125981356,0.994417085,-2.799999959,18.59999999,30.6,-0.533328067,0.153548204,-0.139412891,1.666528704,1.778463454
11/9/2021,36319.98047,4685.25,15886.54004,1.432000041,78.05000305,1.80372457,1.589830476,1.588778196,-0.082536584,0.935997015,17.50738102,-1,-1,-1,-1,1,1,1,0,0,0,0,0,0,0,0,0,0,-1,0,0,0,1,0,0,0,0,0,0,0,0,0,0,0,0,0,0,0,0,0,0,0,0,0,0,0,1,0,0,0,0,0,0,1,0,0,0,0,0,0,0,0,0,0,0,0,-1,0,0,0,0,0,0,0,0,0,0,0,0,0,0,0,0,0,0,0,0,0,0,0,0,0,0,0,0,0,0,0,0,0,0,0,0,0,0,0,0,0,0,0,0,0,0,0,0,0,0,0,0,0,0,0,0,0,0,-2,0,0,0,U.S. Stocks Snap Winning Streak; Treasuries Jump: Markets Wrap,-0.260070163,0.093329185,0.125981356,-0.078834178,-4.100000045,15.50000006,30.3,-0.917451306,-0.178991827,-0.148042987,1.792145748,1.572996441
11/10/2021,36079.94141,4646.709961,15622.70996,1.559999943,78.48000336,1.413825213,1.247474565,1.027204603,0.817263445,1.267009377,17.31833161,-1,-1,-1,1,-1,-1,-1,0,0,0,0,0,0,0,0,0,-1,-1,0,0,0,0,0,0,0,0,0,0,0,0,0,0,0,0,-1,0,0,0,0,0,0,0,0,0,0,0,0,0,0,0,0,0,0,0,0,0,0,0,0,0,0,0,0,0,0,0,0,0,0,0,0,0,0,0,0,0,0,0,0,0,0,0,0,0,0,0,0,0,0,0,0,0,0,0,0,0,0,0,0,0,0,0,0,0,0,0,0,0,0,0,0,0,0,0,0,0,0,0,0,0,0,0,0,0,-14,-1,0,-8,U.S. Stocks Extend Slide; Bonds Fall on Auction: Markets Wrap,-1.389628632,-0.553308742,0.125981356,-1.152085441,-2.400000126,25.70000016,48.4,-0.415136359,0.915172182,0.372639437,1.587888078,1.555748479
11/11/2021,35921.23047,4649.27002,15704.28027,1.559999943,77.98999786,1.156028447,1.270215884,1.200830492,0.817263445,0.889805281,16.00243065,-1,0,1,0,1,-1,-1,0,0,-1,0,0,0,0,0,0,-1,0,0,1,0,0,0,0,0,0,0,0,0,0,0,0,0,0,-1,0,0,0,0,0,0,0,0,0,0,1,0,0,0,0,0,0,0,0,0,0,0,0,0,0,0,0,0,0,0,0,-1,0,0,0,0,0,0,0,0,0,0,0,0,0,0,0,0,0,0,0,0,0,0,0,0,0,0,0,0,0,0,0,0,0,0,0,0,0,0,0,0,0,0,0,0,0,0,0,0,0,0,0,0,0,0,0,0,0,-4,-1,-1,-3,Stocks Pare Rebound With Consumer Prices in Focus: Markets Wrap,-0.448329908,-0.553308742,-0.455932527,-0.481303402,-3.399999991,26.80000016,40.1,-0.710615713,1.033170261,0.133873464,1.570741635,1.435691989
11/12/2021,36100.30859,4682.850098,15860.95996,1.582000017,78.02999878,1.446907956,1.568511851,1.534329903,0.971917214,0.920597815,19.32679422,1,1,1,1,-1,1,-1,0,0,1,0,0,0,0,0,0,0,0,0,0,0,-1,-1,0,0,0,0,0,0,0,0,0,0,0,0,0,0,-1,0,0,0,0,1,1,0,1,0,0,0,0,0,0,1,0,0,0,0,0,0,0,-1,0,0,0,0,0,0,0,0,0,0,0,0,0,0,0,0,0,0,0,0,0,0,0,0,0,0,0,0,0,0,0,0,0,0,0,0,0,0,0,0,0,0,0,0,0,0,0,0,-1,0,0,0,0,0,0,0,0,0,0,0,0,0,0,4,1,-1,3,Stocks Gain as Tech Overcomes Inflation Worries: Markets Wrap,0.304709072,0.739967113,-0.455932527,0.323635046,-5.100000054,24.10000009,58.6,-1.212930703,0.743538606,0.666062682,1.451391777,1.738990972
11/15/2021,36087.44922,4682.799805,15853.84961,1.623000026,78.30000305,1.426020271,1.568065092,1.51919522,1.260134694,1.128445924,20.7055836,0,0,0,1,0,0,0,0,-1,0,0,0,0,0,0,0,0,0,0,0,0,0,0,0,0,0,0,0,0,0,0,0,0,0,0,0,0,0,0,0,0,0,0,0,0,1,0,0,0,0,0,0,0,0,0,0,0,0,0,0,0,0,0,0,0,-1,0,0,0,0,0,0,0,0,0,0,0,0,0,0,0,0,0,0,0,0,0,0,0,0,0,0,0,0,0,0,0,0,0,0,0,0,0,0,0,0,0,0,0,0,0,0,0,0,0,0,0,0,0,0,0,0,0,0,0,0,-1,0,Stocks in Choppy Trading as Bond Yields Top 1.6%: Markets Wrap,-0.071810418,0.093329185,-0.455932527,-0.078834178,0.900000036,2.800000072,10.4,0.559945692,-1.541333275,-0.720505984,1.752905594,1.8647851
11/16/2021,36142.21875,4700.899902,15973.86035,1.633999944,77.87999725,1.514983312,1.728850482,1.774643205,1.337460742,0.805127292,21.4831951,1,1,1,1,-1,-1,0,1,-1,0,0,0,0,0,0,0,0,0,0,1,0,0,0,0,0,0,0,0,0,0,0,0,0,0,0,0,0,0,0,0,0,0,0,0,0,0,0,0,0,0,0,0,0,0,0,0,0,0,0,0,0,0,0,0,0,0,0,0,0,0,0,1,0,0,0,0,0,0,0,0,0,0,0,0,0,0,0,0,0,0,0,0,0,0,0,0,0,0,0,0,0,0,0,0,0,0,0,0,0,0,0,0,0,0,0,0,0,0,0,0,0,0,0,0,6,0,1,4,Stocks Climb After Solid Economic Data; Bonds Fall: Markets Wrap,0.492968816,0.093329185,0.707895239,0.457791454,-2.69999998,9.100000046,6.6,-0.503780134,-0.865526102,-0.829820526,1.87795932,1.935730642
11/17/2021,35931.05078,4688.669922,15921.57031,1.603999972,77.58000183,1.171979737,1.620210064,1.663341622,1.126570146,0.574192126,18.46888108,-1,-1,0,-1,0,1,-1,0,0,0,0,0,0,0,0,0,-1,0,0,0,0,-1,0,0,0,0,0,0,0,0,0,0,0,0,-1,-1,0,0,0,0,0,0,0,0,0,1,0,0,0,0,0,0,-1,0,0,1,0,0,0,-1,-1,0,0,0,0,0,0,0,0,0,0,0,0,0,0,0,0,0,0,0,0,0,0,0,0,0,0,0,0,0,0,0,0,0,0,0,0,0,0,0,0,0,0,0,0,0,0,0,1,0,0,0,0,0,0,0,0,0,0,0,0,0,-1,0,-10,-2,-2,-8,Stocks Drop as Inflation Angst Curbs Risk Appetite: Markets Wrap,-1.013109142,-1.19994667,-1.03784641,-1.152085441,0.30000005,16.20000018,66.2,0.382658059,-0.103902128,0.884691766,1.948487289,1.660719094
11/18/2021,35870.94922,4704.540039,15993.70996,1.588999987,76.38999939,1.074355793,1.761186267,1.816893948,1.021124854,-0.341866561,15.99508291,-1,1,1,-1,0,1,1,0,0,1,0,0,0,0,0,0,0,0,0,0,0,0,0,0,0,0,0,0,0,0,0,0,0,0,0,0,0,0,0,0,0,0,0,0,0,1,0,0,0,0,0,0,1,0,0,0,0,0,0,1,1,0,0,0,0,0,0,0,0,0,0,0,0,0,0,0,0,0,0,0,0,0,0,0,0,0,0,0,0,0,0,0,0,0,0,0,0,0,0,0,0,0,0,0,0,0,0,0,0,0,0,0,0,0,0,0,0,0,0,0,0,0,0,0,6,0,3,7,Big Tech Drives S&P 500 to 66th Record This Year: Markets Wrap,0.492968816,0.093329185,1.871723005,0.860260677,0.899999992,19.59999999,56.4,0.559945679,0.260819184,0.602775316,1.67509441,1.435021616
11/19/2021,35601.98047,4697.959961,16057.44043,1.536000013,77.19999695,0.63746547,1.702734624,1.952546975,0.648551303,0.281666027,15.6688932,-1,-1,1,-1,0,0,-1,0,-1,0,0,0,0,0,0,0,0,0,0,0,-1,-1,-1,0,0,0,0,0,0,0,0,0,0,0,0,0,0,0,0,0,-1,0,0,0,0,0,0,0,0,0,0,0,0,0,0,0,0,0,0,0,0,0,0,0,0,0,0,0,0,0,0,0,0,0,0,0,0,0,0,0,0,0,0,0,0,0,0,0,0,0,0,0,0,0,0,0,0,0,0,0,0,0,0,0,0,0,0,0,0,0,0,0,0,0,0,-1,1,0,0,0,0,0,0,0,-14,-1,0,-8,Cyclicals Weigh on Stocks; Treasury Curve Flattens: Markets Wrap,-1.389628632,-0.553308742,0.125981356,-1.152085441,-0.499999955,14.7000001,27.4,0.146274542,-0.264808607,-0.231467243,1.45072535,1.405261632
11/22/2021,35619.25,4682.939941,15854.75977,1.625,77.55999756,0.665516649,1.569309937,1.521132534,1.274193898,0.558792926,16.76683783,0,-1,-1,1,0,-1,1,0,-1,-1,0,0,0,0,0,0,0,0,0,0,0,1,0,0,0,0,-1,0,0,0,0,0,0,0,0,0,0,0,0,0,0,0,0,-1,0,1,0,0,0,0,0,0,1,0,0,0,0,1,0,0,0,0,0,0,0,0,-1,0,0,0,0,0,0,0,0,0,0,0,0,0,0,0,0,0,0,0,0,0,0,0,0,0,0,0,0,0,0,0,0,-1,0,0,0,0,0,0,0,0,0,0,0,0,0,0,0,0,0,0,0,0,0,0,0,0,-4,-2,0,-3,U.S. Stocks Sink Into Close on Rout in Tech Shares: Markets Wrap,-0.448329908,-1.19994667,0.125981356,-0.481303402,-1.30000002,21.90000009,56.2,-0.090108993,0.50754245,0.597021919,1.421140528,1.505432833
11/23/2021,35813.80078,4690.700195,15775.13965,1.667000055,77.93000031,0.981528651,1.638245229,1.351657708,1.569441395,0.843619429,19.15347724,1,1,-1,1,0,-1,1,0,0,0,-1,0,0,0,0,0,0,0,0,0,-1,1,0,0,0,0,0,0,0,0,0,0,0,0,0,0,0,0,0,0,0,0,0,0,1,0,0,0,0,0,0,0,0,0,0,0,0,0,0,0,0,0,0,0,0,0,0,0,0,0,0,0,0,0,0,0,0,0,0,0,0,0,0,0,0,0,0,0,0,0,0,0,0,0,0,0,0,0,0,0,0,0,0,0,0,0,0,0,0,0,0,0,0,0,0,0,0,0,0,0,0,0,0,0,2,1,0,2,Stocks Rise Amid Gains in Cyclicals; Techs Fall: Markets Wrap,0.116449327,0.739967113,0.125981356,0.189478638,-7.700000159,30.80000018,16.1,-1.981177161,1.462254184,-0.556534171,1.520722138,1.723178362
11/24/2021,35804.37891,4701.459961,15845.23047,1.644999981,77.76000214,0.966224554,1.733825555,1.500849012,1.414787626,0.712755579,18.98532698,0,1,1,-1,0,-1,-1,0,0,0,-1,0,0,0,0,0,0,0,0,1,0,-1,0,0,0,0,0,0,0,0,0,0,0,0,0,0,0,0,0,0,-1,0,0,0,0,0,0,0,0,0,0,0,0,0,0,0,0,0,0,0,0,0,0,0,0,0,0,0,0,0,0,0,0,0,0,0,0,0,0,0,0,0,0,0,0,0,0,0,0,0,0,0,0,0,0,0,0,0,0,0,0,0,0,0,0,0,0,0,0,0,0,0,0,0,0,0,0,0,0,0,0,0,0,0,-4,-1,0,-3,U.S. Stocks Rise Post-Fed Minutes; Dollar Gains: Markets Wrap,-0.448329908,-0.553308742,0.125981356,-0.481303402,-0.200000026,24.50000011,38.8,0.23491834,0.786447001,0.096476384,1.737186055,1.707837139
11/26/2021,34899.33984,4594.620117,15491.66016,1.481999993,77.05999756,-0.503845156,0.784754067,0.748259507,0.268947734,0.173895108,4.416033782,-1,-1,-1,-1,0,1,-1,0,0,0,0,0,0,0,0,0,0,0,0,0,0,-1,-1,0,0,0,0,0,0,0,0,0,0,0,0,0,0,-1,0,0,-1,0,-1,0,0,1,0,0,0,0,0,0,0,0,0,0,0,0,0,0,0,0,0,0,0,0,0,0,0,0,0,0,0,0,0,0,0,0,0,0,0,0,0,0,0,0,0,0,0,0,0,0,0,0,0,0,0,0,0,0,0,0,0,0,0,0,0,0,0,0,0,0,0,0,0,-1,0,0,0,0,0,0,0,0,-12,-3,-1,-9,Stocks Sink With Oil on Virus Woes; Havens Rally: Markets Wrap,-1.201368887,-1.846584598,-0.455932527,-1.286241849,-1.300000012,16.00000006,45.9,-0.090108991,-0.125356337,0.300721976,1.721935128,0.378604727
11/29/2021,35135.94141,4655.27002,15782.83008,1.529999971,77.70999908,-0.11952937,1.323514623,1.368027117,0.606372849,0.674263442,11.55794598,1,1,1,1,0,-1,1,0,0,0,0,0,0,0,0,1,0,0,0,0,0,0,0,0,0,0,0,0,0,0,0,0,0,0,0,0,0,0,0,0,0,0,1,0,0,1,0,0,0,0,0,0,0,0,0,0,0,0,0,0,0,0,0,0,0,0,1,0,0,0,0,0,0,0,0,0,0,0,0,0,1,0,0,0,0,0,0,0,0,0,0,0,0,0,0,0,0,0,0,0,0,0,0,0,0,0,0,0,0,0,0,0,0,0,0,0,0,0,0,0,0,0,0,0,10,1,2,9,Stocks Rally as Wall Street’s Covid Fears Ease: Markets Wrap,0.869488306,0.739967113,1.289809122,1.128573493,-4.900000189,30.80000004,59.5,-1.153834864,1.462254169,0.691952968,0.400526349,1.030198532
