,Date,Dow,SP500,NASDAQ,Bonds,Crypto,Exchange,Oil,Benchmark Valuation,Central Bank Communication,Company Variables,Currency Markets,Dividends or Earnings,Financial Institutions,Geopolitical Issues,Government or Fiscal,Housing,Inflation Rates,Interest Rates,International Trade,Macroeconomic Activity,Supply Chain,Oil/Energy,Rest of World,Sales,Psych w/ funds,Psych w/ Benchmark Valuation,Psych w/ Central Bank,Psych w/ Company Variables,Psych w/ Currency Markets,Psych w/ Dividends or Earnings,Psych w/ Financial Institutions,Psych w/ Geopolitical Issues,Psych w/ Government or Fiscal,Psych w/ Housing,Psych w/ Inflation Rates,Psych w/ Interest Rates,Psych w/ International Trade,Psych w/ Macroeconomic Activity,Psych w/ Supply Chain,Psych w/ Oil/Energy,Psych w/ Rest of World,Psych w/ Covid,Pure Psychology,Momentum,Non-momentum,KU Factors,Bankruptcy,Executive turnover/health,Legal or accounting issues,Firm added to index,Executive salary issues,Assets,Reorganization/spinoffs/partnerships,Liabilities/Debt,Share issuances,IPOs,Business spending,Mergers and acquisitions,Accident/recall/data breach,Price target announcements,New products/production processes,Insider trading,Credit ratings,"Resource discovery, exploration/drilling",Labor layoff/strike/union,CEO/CFO comments,Purchase/sale of large stake,Stock split,Share buyback,Exchange rates,FX Intervention,Gap from benchmark levels,Overvalued,Undervalued,Trade agreements,Trade negotiations,Tariffs,Quotas,Subsidies,Foreclosures,Home prices/Sales,Real estate prices,Commercial prices,Fiscal policy,Comments by officials,Stimulus plan,Industry regulation,Taxes and rules on CEO bonuses,Government shutdown,Impeachment,Military spending,Austerity meausres,Credit worthiness/ratings,Bailout or nationalization of banks,Healthcare issues,Political elections,"Political conflicts, instability or corruption",Congressional testimony,Financial reform,Cabinet changes,Leverage or credit issues,Liquidity Issues,Credit card defaults,Credit ratings.1,Capital funding,Monetary policy,Comments by officials/books,Macroprudential policy,Commodity prices,Armed conflicts/embargo,Border control/policy/immigration,Travel bans/transportation,Nuclear testing,Terrorism,Natural disasters,COVID cases/deaths,COVID vaccination,Climate change/pollution,Crime/assasination/shooting,Protests,Civil unrest,analyst comments w/ funds,Analyst price targets,Analyst Ratings,Fundementals Sum,Psychology Sum,KU Sum,Sum,Title,Standardized Fundementals Sum,Standardized Psychology Sum,Standardized KU Sum,Standardized Sum,Google Sentiment,Google Magnitude,VADER Sentiment,Standardized Google Sentiment,Standardized Google Magnitude,Standardized VADER Sentiment
0,8/2/2021,0,0,0,-1,0,0,-1,0,-1,1,0,0,0,0,0,0,0,0,0,-1,-1,-1,1,0,0,0,0,0,0,0,0,0,0,0,0,0,0,-1,0,0,0,0,0,1,0,1,0,0,0,0,0,0,1,0,0,1,0,0,0,0,0,0,0,0,0,0,0,0,0,0,0,0,0,0,0,0,0,0,0,0,0,0,0,0,0,0,0,0,0,0,0,0,0,0,0,0,0,0,0,0,0,0,0,0,0,0,0,0,0,0,0,0,0,-1,0,0,0,0,0,0,0,0,0,0,-8,0,1,-2,Stocks Fall as Yields Dip on Growth Concerns: Markets Wrap,-0.8248493973903557,0.09332918546170792,0.7078952392563116,-0.3471469936388465,1.100000038,5.700000031,-2.8,0.6190415717085502,-1.2302474369534124,-1.1002301828743108
1,8/3/2021,1,1,1,0,0,1,-1,0,0,1,0,1,0,0,0,0,0,0,0,0,0,-1,1,0,0,0,0,0,0,0,0,0,0,0,0,0,0,0,0,0,0,0,0,0,0,0,0,0,0,0,0,0,0,0,0,0,0,0,0,0,0,0,0,0,0,0,0,0,0,0,0,0,0,0,0,0,0,0,0,0,0,0,0,0,0,0,0,0,0,0,0,0,0,0,0,0,0,0,0,0,0,0,0,0,0,0,0,0,0,0,0,0,0,0,0,0,0,0,0,0,0,0,0,0,10,0,0,5,"Stocks Rise as Earnings Offset Virus, Oil Concerns: Markets Wrap",0.86948830595501,0.09332918546170792,0.1259813561388351,0.591947861663053,-2.100000062,12.90000006,13.9,-0.3264925211824092,-0.4578963759021286,-0.6198215371821634
2,8/4/2021,-1,-1,1,0,1,-1,-1,0,-1,0,0,0,0,0,0,0,0,0,0,-1,0,-1,0,0,0,0,0,0,0,1,0,0,0,0,0,0,0,0,0,0,0,0,0,0,0,0,0,0,0,0,0,0,0,0,0,0,0,0,0,0,0,0,0,0,0,0,0,0,0,0,0,0,0,0,0,0,0,0,0,0,0,0,0,0,0,0,0,0,0,0,0,0,0,0,0,0,0,0,0,0,0,0,0,0,0,0,0,0,0,0,0,0,0,0,0,0,0,0,0,0,0,0,0,0,-10,1,0,-4,U.S. Stocks Slip as Economic Growth Worries Mount: Markets Wrap,-1.0131091422065075,0.7399671133035414,0.1259813561388351,-0.6154598094393892,-2.900000014,9.800000034,-13.1,-0.5628760228351534,-0.7904364175266351,-1.3965301260257554
3,8/5/2021,1,1,1,1,1,0,1,0,0,1,0,1,0,0,0,0,0,0,0,1,0,1,1,0,0,0,0,0,0,0,0,0,0,0,0,0,0,0,0,0,0,0,0,0,0,0,0,0,0,0,0,0,0,0,0,0,0,0,0,0,0,0,0,0,0,0,0,0,0,0,0,0,0,0,0,0,0,0,0,0,0,0,0,0,0,0,0,0,0,0,0,0,0,0,0,0,0,0,0,0,0,0,0,0,0,0,0,0,0,0,0,0,0,0,0,0,0,0,0,0,0,0,0,0,22,0,0,11,Stocks Gain as Earnings Outweigh Virus Concerns: Markets Wrap,1.9990467748519205,0.09332918546170792,0.1259813561388351,1.396886309064681,2.599999987,6.799999945,27.9,1.0622606488311417,-1.112249367882263,-0.21708375037437497
4,8/6/2021,1,1,-1,1,1,-1,-1,0,1,0,0,0,0,0,0,0,0,0,0,1,0,-1,0,0,0,0,0,0,0,0,0,0,0,0,0,0,0,0,0,0,0,0,0,0,0,1,0,0,0,0,0,0,0,0,0,0,0,0,0,0,0,0,0,0,0,0,0,0,0,0,0,0,0,0,0,0,0,0,0,0,0,0,0,0,0,1,0,0,0,0,0,0,0,0,0,0,0,0,0,0,0,0,0,0,0,1,1,0,0,0,0,0,0,0,0,0,0,0,0,0,0,0,0,0,4,0,3,6,"Stocks, Treasury Yields Rise on Robust Jobs Report: Markets Wrap",0.3047090715065549,0.09332918546170792,1.8717230054912644,0.7261042695633244,2.300000041,16.0999999,36.3,0.9736168463486209,-0.11462925620307411,0.024558921710298047
5,8/9/2021,-1,0,1,1,1,-1,-1,0,-1,0,0,0,0,0,0,0,0,0,0,-1,0,-1,0,0,0,0,-1,0,0,0,0,0,0,0,0,0,0,-1,0,0,0,0,0,0,0,1,0,0,0,0,0,0,0,0,0,0,0,0,0,0,0,0,0,0,0,0,0,0,0,0,0,0,0,0,0,0,0,0,0,0,0,0,0,0,0,-1,0,0,0,0,0,0,0,0,0,0,0,0,0,0,0,0,0,0,0,0,0,0,-1,0,0,0,0,0,0,0,0,0,0,0,0,0,0,0,-6,-2,-2,-6,"U.S. Stocks Decline Amid Stimulus, Virus Concern: Markets Wrap",-0.6365896525742039,-1.199946670221959,-1.0378464100961176,-0.8837726252399318,-2.400000067,18.59999998,12.1,-0.41513634109821435,0.15354820305236308,-0.6716021097717362
6,8/10/2021,1,1,-1,1,0,-1,1,0,0,0,0,0,0,0,0,0,0,0,0,-1,0,1,0,0,0,0,-1,0,0,0,0,0,0,0,0,0,0,-1,0,1,0,-1,0,0,0,1,0,0,0,0,0,0,0,0,0,0,0,0,0,0,0,0,0,0,0,0,0,0,0,0,0,0,0,0,0,0,0,0,0,0,0,0,0,0,0,0,0,0,0,0,0,0,0,0,0,0,0,0,0,0,0,0,0,0,0,0,0,0,0,0,0,0,0,0,0,-1,0,0,0,0,0,0,0,0,4,-2,-1,0,Tech Drop Exposes Doubts in U.S. Growth Optimism: Markets Wrap,0.3047090715065549,-1.199946670221959,-0.4559325269786413,-0.07883417783830379,-1.900000111,11.30000013,16.9,-0.26739665670196083,-0.6295299368243655,-0.5335205828662087
7,8/11/2021,1,1,-1,-1,1,1,1,0,0,0,0,0,0,0,0,0,1,0,0,0,0,1,0,0,0,0,1,0,0,0,0,0,0,0,1,0,0,0,0,0,0,0,0,0,0,0,0,0,0,0,0,0,0,0,0,0,0,0,0,0,0,0,0,0,0,0,0,0,0,0,0,0,0,0,0,0,0,0,0,0,0,0,0,0,0,0,0,0,0,0,0,0,0,0,0,0,0,0,0,0,0,0,0,0,0,0,0,0,0,0,0,0,0,0,0,0,0,0,0,0,0,0,0,0,10,2,0,7,"Stocks, Bonds Rise as Taper Debate Takes Spotlight: Markets Wrap",0.86948830595501,1.386605041145375,0.1259813561388351,0.8602606774635957,-1.800000057,19.70000018,19.3,-0.23784870126660418,0.27154630280301306,-0.46447981941344496
8,8/12/2021,0,1,1,1,0,0,-1,0,0,1,0,0,0,0,0,0,0,0,0,1,0,0,0,0,0,0,0,0,0,0,0,0,0,0,0,0,0,0,0,0,0,0,0,0,0,0,0,0,0,0,0,0,0,0,0,0,0,0,0,0,0,0,0,0,0,0,0,0,0,0,0,0,0,0,0,0,0,0,0,0,0,0,0,0,0,0,0,0,0,0,0,0,0,0,0,0,0,0,0,0,0,0,0,0,0,0,0,0,0,0,0,0,0,0,0,0,0,0,0,0,0,0,0,0,8,0,0,4,Stocks Set Another Record as Trading Range Narrows: Markets Wrap,0.6812285611388583,0.09332918546170792,0.1259813561388351,0.45779145376278163,-2.700000046,18.40000007,-13.3,-0.5037801533315551,0.13209401665285073,-1.4022835229801525
9,8/13/2021,0,1,1,-1,0,1,-1,-1,0,0,0,0,0,0,0,0,0,0,0,0,0,-1,0,0,0,0,0,0,0,0,0,0,0,0,0,0,0,0,0,-1,0,-1,-1,1,0,0,0,0,0,0,0,0,0,0,0,0,0,0,0,0,0,0,0,0,0,0,0,0,0,0,0,0,0,0,0,0,0,0,0,0,0,0,0,0,0,0,0,0,0,0,0,0,0,0,0,0,0,0,0,0,0,0,0,0,0,0,0,0,0,0,0,0,0,0,0,0,0,0,0,0,0,0,0,0,-2,-2,0,-3,Stocks Grind to Another Record High; Yields Fall: Markets Wrap,-0.26007016294190033,-1.199946670221959,0.1259813561388351,-0.4813034015391179,-5.10000013,21.40000028,27.1,-1.212930725659089,0.4539069799882671,-0.2400973381919628
10,8/16/2021,1,1,0,-1,0,-1,-1,0,0,1,0,0,0,0,0,0,0,0,0,-1,0,0,0,0,0,0,0,0,0,0,0,0,0,0,0,0,0,0,0,0,0,0,0,0,0,0,0,0,-1,0,0,0,0,0,0,0,0,0,0,0,0,0,0,0,0,0,0,0,0,0,0,0,0,0,0,0,0,0,0,0,0,0,0,0,0,0,0,0,0,0,0,0,0,0,0,0,0,0,0,0,0,0,0,0,0,0,0,0,0,0,0,0,0,0,0,0,0,0,0,0,0,0,0,0,-2,0,-1,-2,"S&P 500 Extends Gain, Doubles From Pandemic Bottom: Markets Wrap",-0.26007016294190033,0.09332918546170792,-0.4559325269786413,-0.3471469936388465,-5.800000079,11.50000013,-11.4,-1.4197662869459258,-0.6080757407704649,-1.347626251913381
11,8/17/2021,-1,-1,-1,0,0,-1,-1,0,-1,-1,0,0,0,0,0,0,0,0,0,-1,-1,0,-1,-1,0,0,0,0,0,0,0,0,0,0,0,0,0,-1,-1,0,-1,-1,0,0,0,1,0,0,0,0,0,0,0,0,0,0,0,0,0,0,0,0,0,0,0,0,0,0,0,0,0,0,0,0,0,0,0,0,0,0,0,0,-1,0,0,0,0,0,0,0,0,0,0,0,0,0,0,0,0,0,0,0,0,0,0,0,-1,0,0,0,0,0,0,0,0,-1,0,0,0,0,0,0,0,0,-22,-4,-3,-17,Stocks Suffer Worst Drop in a Month; Dollar Climbs: Markets Wrap,-2.142667611103418,-2.493222525905626,-1.6197602932135942,-2.359493112142917,-1.200000011,7.500000075,0.1,-0.06056105079773573,-1.037159667748383,-1.0168059270355547
12,8/18/2021,-1,-1,-1,0,0,0,-1,0,-1,0,0,0,0,0,0,0,0,0,0,0,0,-1,0,0,0,0,0,0,0,0,0,0,0,0,0,0,0,0,0,0,0,0,0,-1,0,1,0,0,0,0,0,0,0,0,0,0,0,0,0,0,0,0,0,0,0,0,0,0,0,0,0,0,0,0,0,0,0,0,0,0,0,0,0,0,-1,-1,0,0,0,0,0,0,0,0,0,0,0,0,0,0,0,0,0,0,0,-1,-1,0,0,0,0,0,0,0,0,0,0,0,0,0,0,0,0,0,-12,-1,-4,-10,"Stocks Slump, Bonds Waver With Fed Taper in Focus: Markets Wrap",-1.201368887022659,-0.5533087423801256,-2.2016741763310703,-1.4203982568410172,-1.30000011,13.49999991,-5.6,-0.09010901952966521,-0.39353380383107356,-1.1807777402358688
13,8/19/2021,-1,1,1,-1,0,-1,-1,0,0,0,0,0,0,0,0,0,0,0,0,0,0,0,-1,0,0,0,-1,0,0,0,0,0,0,0,0,0,0,0,-1,0,0,-1,0,0,0,1,0,0,0,0,0,0,0,0,0,0,0,0,0,0,0,0,0,0,0,0,0,0,0,0,0,0,0,0,0,0,0,0,0,0,0,0,0,0,0,0,0,0,0,0,0,0,0,0,0,0,0,0,0,0,0,0,0,0,0,0,0,0,-1,0,0,0,0,0,0,-1,0,0,0,0,0,0,0,0,-6,-3,-2,-7,Stocks in Choppy Trading Ahead of Big Options Day: Markets Wrap,-0.6365896525742039,-1.8465845980637925,-1.0378464100961176,-1.017929033140203,-2.300000138,22.00000016,-28.1,-0.38558842259778203,0.5182695552774514,-1.8280348976055287
14,8/20/2021,1,1,1,0,1,0,-1,0,0,1,0,0,0,0,0,0,0,0,0,0,0,0,0,0,0,0,1,0,0,0,0,0,0,0,0,0,0,0,0,0,0,0,0,0,0,0,0,0,0,0,0,0,0,0,0,0,0,0,0,0,0,0,0,0,0,0,0,0,0,0,0,0,0,0,0,0,0,0,0,0,0,0,0,0,0,0,0,0,0,0,0,0,0,0,0,0,0,0,0,0,0,0,0,0,0,0,0,0,0,0,0,0,0,0,0,0,0,0,0,0,0,0,0,0,8,1,0,5,Stock Traders Buy the Dip at End of Jittery Week: Markets Wrap,0.6812285611388583,0.7399671133035414,0.1259813561388351,0.591947861663053,-2.000000098,11.90000006,16.3,-0.2969445923401981,-0.5651673561716322,-0.5507807737293996
15,8/23/2021,1,1,1,0,0,1,1,0,0,0,0,0,0,0,0,0,0,0,0,-1,0,1,0,0,0,0,0,0,0,0,0,0,0,0,0,0,0,0,0,0,0,0,1,0,0,1,0,0,0,0,0,0,0,0,0,0,0,0,0,0,0,0,0,0,0,0,0,0,0,0,0,0,0,0,0,0,0,0,0,0,1,0,0,0,0,0,0,0,0,0,0,0,0,0,0,0,0,0,0,1,0,0,0,0,0,0,0,0,0,0,0,0,0,0,0,0,1,0,0,0,0,1,1,1,10,1,6,13,"U.S. Stocks Rise Amid Recovery Bets, FDA Approval: Markets Wrap",0.86948830595501,0.7399671133035414,3.6174646548436935,1.6651991248652238,-2.300000063,10.20000011,39.5,-0.3855884004368274,-0.7475280172662392,0.11661327298064977
16,8/24/2021,0,1,1,1,0,0,1,0,0,1,0,0,0,0,0,0,0,0,0,1,0,1,0,0,0,0,0,0,0,0,0,0,0,0,0,0,0,1,0,0,1,0,0,1,0,1,0,0,0,0,0,0,0,0,0,0,0,0,0,0,0,0,0,0,0,0,0,0,0,0,0,0,0,0,0,0,0,0,0,0,0,0,0,0,0,0,0,0,0,0,0,0,0,0,0,0,0,0,0,0,0,0,0,0,0,0,0,0,1,0,0,0,0,0,0,0,1,0,0,0,0,1,0,0,14,3,3,14,U.S. Stocks Top Record as Strong Earnings Continue: Markets Wrap,1.2460077955873134,2.0332429689872082,1.8717230054912644,1.799355532765495,-0.100000052,15.10000004,26.1,0.2644662713617722,-0.2219002214546405,-0.2688643229639477
17,8/25/2021,1,1,0,1,0,1,1,0,1,1,0,1,0,0,0,0,0,0,0,0,0,1,0,0,0,0,0,0,0,0,0,0,0,0,0,0,0,0,0,0,0,1,1,1,0,0,0,0,0,0,0,0,0,0,0,0,0,0,0,0,0,0,0,0,0,0,0,0,0,0,0,0,0,0,0,0,0,0,0,0,0,0,0,0,0,0,0,0,0,0,0,0,0,0,0,0,0,0,0,0,0,0,0,0,0,1,0,0,0,0,0,0,0,0,0,-1,1,0,0,0,0,0,0,0,18,3,1,13,Stocks Extend Gain as ‘Not That Many Bears Left’: Markets Wrap,1.622527285219617,2.0332429689872082,0.7078952392563116,1.6651991248652238,-3.700000076,26.20000033,-14.5,-0.7992595569906307,0.9688076906454333,-1.4368039047065342
18,8/26/2021,-1,-1,-1,0,-1,-1,-1,0,0,0,0,0,0,0,0,0,0,0,0,-1,0,-1,-1,0,0,0,0,0,0,0,0,0,0,0,0,0,0,0,0,0,-1,-1,-1,0,0,1,0,0,0,0,0,0,0,0,0,0,0,0,0,0,0,0,0,0,0,0,0,0,0,0,0,0,0,0,0,0,0,0,0,0,0,0,0,0,-1,0,0,0,0,0,0,0,0,0,0,0,0,0,0,0,0,0,0,0,0,0,-1,0,0,0,0,0,0,-1,0,0,0,0,0,0,0,0,0,0,-18,-3,-3,-14,"U.S. Stocks Fall on Kabul Blasts, Hawkish Fed View: Markets Wrap",-1.7661481214711143,-1.8465845980637925,-1.6197602932135942,-1.9570238884421027,-4.60000004,19.20000002,19.8,-1.065191001668597,0.21791079550490455,-0.4500963270274525
19,8/27/2021,1,1,1,-1,1,1,1,0,1,0,0,0,0,0,0,0,0,1,0,1,0,0,0,0,0,0,1,0,0,0,0,0,0,0,0,0,0,0,0,0,0,0,0,0,0,1,0,0,0,0,0,0,0,0,0,0,0,0,0,0,0,0,0,0,0,0,0,0,0,0,0,0,0,0,0,0,0,0,0,0,0,0,0,0,0,1,0,0,0,0,0,0,0,0,0,0,0,0,0,0,0,0,0,0,0,0,0,0,0,0,0,0,0,0,0,0,0,0,0,0,0,0,0,0,16,1,1,11,U.S. Stocks Rise on Powell’s Dovish Taper Tone: Markets Wrap,1.4342675404034653,0.7399671133035414,0.7078952392563116,1.396886309064681,1.399999947,12.60000014,45.3,0.7076853632583334,-0.49007766140130116,0.283461784658162
20,8/30/2021,-1,1,1,-1,0,0,1,0,0,1,0,0,0,0,0,0,0,0,0,0,0,0,0,0,0,0,0,0,0,0,0,0,0,0,0,0,0,0,0,0,0,0,0,0,1,1,0,0,0,0,0,0,1,0,0,0,0,0,0,0,0,0,0,0,0,0,0,0,0,0,0,0,0,0,0,0,0,0,0,0,-1,0,0,0,0,0,-1,0,0,0,0,0,0,0,0,0,0,0,0,0,0,0,0,0,0,0,0,0,0,0,0,-1,0,0,0,0,0,0,0,0,0,1,0,0,4,1,-1,3,Big Tech Drives S&P 500 to 12th Record in August: Markets Wrap,0.3047090715065549,0.7399671133035414,-0.4559325269786413,0.32363504586251024,0.0,0.0,0.0,0.29401422620617007,-1.8416920278149829,-1.0196826255127533
21,8/31/2021,-1,-1,-1,1,0,0,-1,0,1,0,0,1,0,0,0,0,0,0,0,0,0,0,0,0,0,0,0,0,0,0,0,0,-1,0,0,0,0,0,0,0,0,-1,-1,0,0,1,0,0,0,0,0,0,0,0,0,1,0,0,0,0,0,0,0,0,0,0,0,0,0,0,0,0,0,0,0,0,0,0,0,0,1,0,0,0,0,0,0,0,0,0,0,0,0,0,0,0,0,0,0,0,0,0,0,0,0,0,0,0,0,0,0,0,0,0,0,0,0,0,0,0,0,0,0,0,-2,-3,2,-1,Stocks Drop With Valuation Near Highest Since 2000: Markets Wrap,-0.26007016294190033,-1.8465845980637925,1.289809122373788,-0.21299058573857516,0.0,0.0,0.0,0.29401422620617007,-1.8416920278149829,-1.0196826255127533
22,9/1/2021,-1,0,1,-1,1,1,-1,0,0,0,0,0,0,0,0,0,0,0,0,-1,0,0,1,0,0,0,0,0,0,0,0,0,0,0,0,0,0,0,0,0,0,0,0,1,0,1,0,0,-1,0,0,0,0,0,0,0,0,0,0,0,1,0,0,0,0,0,0,0,0,0,0,0,0,0,0,0,0,0,0,0,0,0,0,0,0,0,0,0,0,0,0,0,0,0,0,0,0,0,0,0,0,0,0,0,0,0,0,0,0,0,0,0,0,0,0,0,0,0,0,0,0,0,0,0,0,1,0,2,Megacaps Hit All-Time High in Defensive Stock Tilt: Markets Wrap,-0.07181041812574859,0.7399671133035414,0.1259813561388351,0.1894786379622389,-2.50000003,20.00000019,47.3,-0.44468426964494606,0.30372759795657406,0.3409957542021318
23,9/2/2021,1,1,0,0,1,1,1,0,0,0,0,0,0,0,0,0,0,0,0,1,0,0,-1,0,0,0,0,0,0,0,0,0,0,0,0,0,0,0,0,0,0,0,0,0,0,0,0,0,-1,0,0,0,0,0,0,0,0,0,0,0,0,0,0,0,0,0,0,0,0,0,0,0,0,0,0,0,0,0,0,0,0,0,0,0,0,0,0,0,0,0,0,0,0,0,0,0,0,0,0,0,0,0,0,0,0,1,0,0,0,0,0,0,0,0,0,0,0,0,0,0,0,0,0,0,10,0,0,5,Cyclicals Beat Tech in Run-Up to Key Jobs Report: Markets Wrap,0.86948830595501,0.09332918546170792,0.1259813561388351,0.591947861663053,-6.100000159,37.20000014,43.5,-1.5084101290226855,2.1487884532284856,0.23168121206858933
24,9/3/2021,-1,0,1,1,1,1,-1,0,0,0,0,0,0,0,-1,0,0,0,0,-1,0,0,0,0,0,0,0,0,0,0,0,0,0,0,0,0,0,-1,0,0,0,0,0,0,0,1,0,0,0,0,0,0,0,0,0,0,0,0,0,0,1,0,0,0,0,0,0,0,0,0,0,0,0,0,0,0,0,0,0,0,0,0,0,-1,1,-1,0,0,0,0,0,0,0,0,0,0,0,0,0,0,0,0,0,0,0,0,1,0,0,0,0,0,0,0,0,-1,0,0,0,0,0,0,0,0,0,-1,0,0,Traders Weigh Fed Timeline After Weak Jobs Report: Markets Wrap,-0.07181041812574859,-0.5533087423801256,0.1259813561388351,-0.07883417783830379,1.199999907,16.30000013,40.7,0.6485894724802188,-0.09317503547684788,0.15113365470703172
25,9/6/2021,0,0,0,0,1,-1,-1,0,0,0,0,0,0,0,0,0,0,0,0,0,0,-1,1,0,0,0,0,0,0,0,0,0,0,0,0,0,0,0,0,0,0,0,0,0,0,0,0,0,0,0,0,0,0,0,0,0,0,0,0,0,0,0,0,0,0,0,0,0,0,0,0,0,0,0,0,0,0,0,0,0,0,0,0,0,0,0,0,0,0,0,0,0,0,0,0,0,0,0,0,0,0,0,0,0,0,0,0,0,0,0,0,0,0,0,0,0,0,0,0,0,0,0,0,-1,-2,0,-1,-2,Stocks Climb as Traders Weigh Fed Taper Outlook: Markets Wrap,-0.26007016294190033,0.09332918546170792,-0.4559325269786413,-0.3471469936388465,-6e-08,13.29999998,39.3,0.2940142084774064,-0.41498799237600553,0.1108598760262527
26,9/7/2021,-1,-1,1,1,-1,-1,-1,0,0,0,0,0,0,0,0,0,0,0,0,-1,0,0,1,0,0,0,0,0,0,0,0,0,0,0,0,0,0,-1,0,0,1,0,-1,1,0,0,0,0,0,0,0,0,0,0,0,0,0,0,0,0,0,0,0,0,0,0,0,0,0,0,0,0,0,0,0,0,0,0,0,0,0,0,0,0,0,-1,0,0,0,0,0,0,0,0,0,0,0,0,0,0,0,0,0,0,0,0,0,0,0,0,0,0,0,0,0,0,0,0,0,0,0,0,0,-1,-6,0,-2,-5,U.S. Stocks Drop Amid Concern Recovery Has Peaked: Markets Wrap,-0.6365896525742039,0.09332918546170792,-1.0378464100961176,-0.7496162173396606,-3.50000009,18.20000012,8.2,-0.7401636821684034,0.11063982596249879,-0.7837933503824772
27,9/8/2021,-1,-1,-1,-1,-1,-1,1,0,0,0,0,0,0,0,0,0,0,0,0,-1,0,0,0,0,0,0,0,0,0,0,0,0,0,0,0,0,0,-1,0,0,0,0,0,-1,0,1,0,0,-1,0,0,0,0,0,0,0,0,0,0,0,0,0,0,0,0,0,0,0,0,0,0,0,0,0,0,0,0,0,0,0,0,0,0,0,0,0,0,0,0,0,0,0,0,0,0,0,0,0,0,0,0,0,0,0,0,0,0,0,0,0,0,0,0,0,0,0,0,0,0,0,0,0,0,-1,-12,-2,-2,-9,"U.S. Stocks Extend Drop on Growth, Valuation Risks: Markets Wrap",-1.201368887022659,-1.199946670221959,-1.0378464100961176,-1.286241848940746,-6.400000208,26.30000026,51.1,-1.5970539619395838,0.9795347811634149,0.45031029633567454
28,9/9/2021,-1,-1,-1,-1,0,1,-1,0,0,0,0,0,0,0,0,0,0,0,0,-1,0,0,-1,0,0,0,0,0,0,0,0,0,0,0,0,0,0,-1,0,0,0,0,0,0,0,1,0,0,0,0,0,0,0,0,0,0,0,0,0,0,0,0,0,0,0,0,-1,0,0,0,0,0,0,0,0,0,0,0,0,0,0,0,0,0,0,0,0,0,0,0,0,0,0,0,0,0,0,0,0,0,0,0,0,0,0,-1,-1,0,0,0,0,0,0,0,0,0,0,0,0,0,0,0,0,0,-12,-1,-3,-9,U.S. Stocks Drop With Worries Mounting Over Growth: Markets Wrap,-1.201368887022659,-0.5533087423801256,-1.6197602932135942,-1.286241848940746,0.699999943,23.19999993,3.4,0.5008497857201302,0.6469947069285304,-0.9218748772880048
29,9/10/2021,-1,-1,-1,1,0,-1,1,0,0,-1,0,0,0,0,0,0,-1,0,0,-1,0,1,1,0,0,0,0,0,0,0,0,0,-1,0,0,0,0,-1,0,0,0,0,0,1,0,1,0,0,-1,0,0,0,0,0,0,0,0,0,0,0,0,0,0,0,0,0,0,0,0,0,0,0,0,0,0,-1,0,0,0,0,0,0,0,0,0,-1,0,0,0,0,0,0,0,0,0,0,0,0,0,0,0,0,0,0,0,0,0,0,0,0,0,0,0,0,0,0,0,0,0,0,0,-1,0,0,-6,-1,-4,-7,Stocks Decline Amid Mixed Messages on Recovery: Markets Wrap,-0.6365896525742039,-0.5533087423801256,-2.2016741763310703,-1.017929033140203,-1.700000028,23.60000002,14.8,-0.20830075321823233,0.6899031086907199,-0.593931250887377
30,9/13/2021,1,1,0,-1,0,0,1,0,0,-1,0,0,0,0,0,0,0,0,0,0,0,1,1,0,0,0,0,0,0,0,0,0,0,0,0,0,0,0,0,0,0,0,0,-1,0,0,0,0,0,0,0,0,0,0,0,0,0,0,0,0,0,0,0,0,0,0,0,0,0,0,0,0,0,0,0,0,0,0,0,0,0,0,0,0,0,0,0,0,0,0,0,0,0,0,0,0,0,0,0,0,0,0,0,0,0,0,0,0,0,0,0,0,0,0,0,0,0,0,0,0,0,0,0,0,6,-1,0,2,U.S. Stocks Snap Slide Before CPI; Crude Oil Jumps: Markets Wrap,0.4929688163227066,-0.5533087423801256,0.1259813561388351,0.1894786379622389,-7.100000167,21.40000006,-18.1,-1.8038895261812145,0.4539069563886514,-1.5403650498856798
31,9/14/2021,-1,-1,-1,-1,0,0,0,0,0,0,0,0,0,0,0,0,-1,0,0,-1,0,1,-1,0,0,0,0,0,0,0,0,0,0,0,0,0,0,0,0,0,0,0,0,-1,0,0,0,0,0,0,0,0,0,0,0,0,0,0,0,0,0,0,0,0,0,0,0,0,0,0,0,0,0,0,0,0,0,0,0,0,0,0,0,0,0,-1,0,0,0,0,0,0,0,0,0,0,0,0,0,0,0,0,0,0,0,0,0,0,0,0,0,0,0,0,0,0,0,0,0,0,0,0,0,0,-12,-1,-1,-8,Treasuries Rally After CPI Seen Pushing Off Taper: Markets Wrap,-1.201368887022659,-0.5533087423801256,-0.4559325269786413,-1.1520854410404746,-1.299999962,29.80000009,112.4,-0.09010897579871477,1.3549831938706105,2.213726462858348
32,9/15/2021,1,1,1,1,0,1,1,0,0,0,0,0,0,0,0,0,0,0,0,0,0,1,-1,0,0,0,0,0,0,0,0,0,0,0,0,0,0,1,0,0,0,0,0,0,0,0,0,0,0,0,0,0,0,0,0,0,0,0,0,0,0,0,0,0,0,0,0,0,0,0,0,0,0,0,0,0,0,0,0,0,0,0,0,0,0,0,0,0,0,0,0,0,0,0,0,0,0,0,0,0,0,0,0,0,0,0,0,0,0,0,0,0,0,0,0,0,0,0,0,0,0,0,0,0,12,1,0,7,U.S. Stocks Gain the Most Since August; Oil Jumps: Markets Wrap,1.0577480507711619,0.7399671133035414,0.1259813561388351,0.8602606774635957,-0.100000054,1.900000006,5.6,0.2644662707708134,-1.6378771646593004,-0.8585875107896379
33,9/16/2021,-1,-1,0,1,0,-1,0,0,0,0,0,0,0,1,0,0,0,0,0,1,0,0,-1,0,0,0,0,0,0,0,0,0,0,0,0,0,0,0,0,0,0,0,0,0,0,1,0,0,0,0,0,0,0,0,0,0,0,0,0,1,0,0,0,0,0,0,0,0,0,0,0,-1,0,0,0,0,0,0,0,0,0,0,0,0,0,0,0,0,0,0,0,0,0,0,0,0,0,0,0,0,0,0,0,0,0,0,0,0,0,0,0,0,0,0,0,0,0,0,0,0,0,0,0,0,-2,0,0,0,Stocks Drop as September Swoon Resumes; Bonds Fall: Markets Wrap,-0.26007016294190033,0.09332918546170792,0.1259813561388351,-0.07883417783830379,2.49999985,17.99999994,109.5,1.032712668870995,0.08918561059982164,2.1303022070195916
34,9/17/2021,-1,-1,-1,1,-1,-1,-1,0,0,0,0,0,0,0,0,0,0,0,0,-1,0,-1,-1,0,0,0,0,0,0,0,0,0,0,0,0,0,0,-1,0,0,0,0,0,0,0,0,0,0,0,0,0,0,0,0,0,0,0,0,0,0,0,0,0,0,0,0,0,0,0,0,0,0,0,0,0,0,0,0,0,0,0,0,0,0,0,0,0,0,0,0,0,0,0,0,0,0,0,0,0,0,0,0,0,0,0,0,0,0,-1,0,0,0,0,0,0,0,0,0,0,0,0,0,0,0,-16,-1,-1,-10,Stocks Fall the Most in a Month; Bond Yields Climb: Markets Wrap,-1.5778883766549627,-0.5533087423801256,-0.4559325269786413,-1.4203982568410172,-4.100000107,25.50000005,5.3,-0.9174513240683694,0.8937179744209062,-0.8672176062212333
35,9/20/2021,-1,-1,-1,-1,-1,0,-1,0,0,-1,0,0,0,0,0,0,0,-1,0,-1,0,-1,-1,0,0,0,0,0,0,0,0,0,0,0,0,-1,0,-1,0,0,-1,0,0,0,1,1,0,0,0,0,0,0,0,-1,0,0,0,0,0,0,0,0,0,0,0,0,-1,0,0,0,0,0,0,0,0,0,0,0,0,0,0,0,0,0,0,0,0,0,0,0,0,0,0,0,0,0,0,0,0,0,-1,0,0,0,0,0,0,0,0,0,0,0,0,0,0,0,0,0,0,0,0,0,0,0,-22,-2,-3,-15,Stocks Pare Losses at Close as Dip Buyers Emerge: Markets Wrap,-2.142667611103418,-1.199946670221959,-1.6197602932135942,-2.091180296342374,-1.500000022,14.99999997,29.7,-0.1492048724864172,-0.2326273269905595,-0.16530317778480216
36,9/21/2021,-1,0,1,1,-1,1,1,0,-1,-1,0,0,0,0,0,0,0,0,0,0,0,1,-1,0,0,0,0,0,0,0,0,0,0,0,0,0,0,0,0,0,-1,0,0,0,0,0,-1,0,0,0,0,0,0,-1,0,0,0,0,0,-1,0,0,0,0,0,0,0,0,0,0,0,0,0,0,0,0,0,0,0,0,0,0,0,0,0,0,0,0,0,0,0,0,0,0,0,0,0,0,0,0,0,0,0,0,0,-1,0,0,0,0,0,0,0,0,0,0,0,0,0,0,0,0,0,0,0,-1,-4,-5,Stocks Fall After Dip Buying Wanes: Markets Wrap (Correct),-0.07181041812574859,-0.5533087423801256,-2.2016741763310703,-0.7496162173396606,-1.400000201,18.20000016,112.3,-0.11965698589775953,0.11063983025333797,2.2108497643811496
37,9/22/2021,1,1,1,-1,0,-1,1,0,1,-1,0,0,0,0,0,0,0,1,0,0,0,1,1,0,0,0,0,0,0,0,0,0,0,0,0,0,0,0,0,0,1,0,0,0,0,1,0,0,0,0,0,0,0,-1,0,0,0,0,0,0,0,0,0,0,0,0,0,0,0,0,0,0,0,0,0,0,0,0,0,0,0,0,0,0,0,0,0,0,0,0,0,0,0,0,0,0,0,0,0,0,0,0,0,0,0,1,0,0,0,0,0,0,0,0,0,0,0,0,0,0,0,0,0,0,10,1,0,7,"Stocks Gain, Treasuries Curve Flattens After Fed: Markets Wrap",0.86948830595501,0.7399671133035414,0.1259813561388351,0.8602606774635957,2.699999883,21.30000012,27.6,1.091808557580754,0.4431798647979599,-0.22571384580597037
38,9/23/2021,1,1,1,1,0,0,1,0,1,-1,0,0,0,0,0,0,0,1,0,1,0,1,1,0,0,0,0,0,0,0,0,0,0,0,0,0,0,1,0,0,0,0,0,1,0,0,0,0,0,0,0,0,0,-1,0,0,0,0,0,0,0,0,0,0,0,0,0,0,0,0,0,0,0,0,0,0,0,0,0,0,0,0,0,0,0,1,0,0,0,0,0,0,0,0,0,0,0,0,0,0,0,0,0,0,0,0,0,0,0,0,0,0,0,0,0,0,0,0,0,0,0,0,0,0,18,2,0,11,Stocks Rally Amid Growth Optimism; Yields Surge: Markets Wrap,1.622527285219617,1.386605041145375,0.1259813561388351,1.396886309064681,1.699999971,26.70000004,104.2,0.796329188788247,1.0224431496716004,1.9778371877280723
39,9/24/2021,0,1,0,1,-1,-1,1,0,0,0,0,0,0,0,0,0,0,0,0,0,0,0,-1,0,0,0,0,0,0,0,0,0,0,0,0,0,0,0,0,0,0,0,0,0,0,1,0,0,0,0,0,0,0,0,0,0,0,0,0,0,0,0,0,0,0,0,0,0,0,0,0,0,0,0,0,0,0,0,0,0,0,0,0,0,0,0,-1,0,0,0,0,0,0,0,0,0,0,0,0,0,0,0,0,0,0,0,0,0,0,0,0,0,0,0,0,0,0,0,0,0,0,0,0,0,0,0,-1,0,Stocks Rise While China’s Crackdown Roils Crypto: Markets Wrap,-0.07181041812574859,0.09332918546170792,-0.4559325269786413,-0.07883417783830379,8.599999747,38.79999996,107.4,2.835136946684249,2.320422002350915,2.069891538998424
40,9/27/2021,1,-1,-1,1,0,-1,1,-1,0,0,0,0,0,0,0,0,0,-1,0,-1,0,0,0,0,0,0,0,0,0,0,0,0,0,0,0,0,0,-1,0,0,0,0,0,0,0,0,0,0,-1,0,0,0,0,0,0,0,0,0,0,-1,0,0,0,0,0,0,0,0,0,0,0,0,0,0,0,0,0,0,0,0,0,0,0,0,0,0,0,0,0,0,0,0,0,0,0,0,0,0,0,0,0,0,0,0,0,0,0,0,0,0,0,0,0,0,0,0,0,0,0,0,0,0,0,0,-6,-1,-2,-6,Bond Yield Spike Spurs Growth-Into-Value Rotation: Markets Wrap,-0.6365896525742039,-0.5533087423801256,-1.0378464100961176,-0.8837726252399318,-12.20000022,35.49999999,66.0,-3.31083445529456,1.9664277706796824,0.8789383694382493
41,9/28/2021,-1,-1,-1,1,0,-1,-1,0,-1,0,0,0,0,0,0,1,0,0,0,-1,0,0,0,0,0,0,0,0,0,0,0,0,0,0,0,0,0,0,0,0,0,0,0,0,0,1,0,0,0,0,0,0,0,0,0,0,0,0,0,-1,0,0,0,0,0,0,0,0,0,0,0,0,0,0,0,0,0,0,0,0,1,0,0,0,-1,0,0,0,0,0,0,0,0,0,0,0,0,0,0,0,-1,0,0,0,0,0,-1,0,0,0,0,0,0,0,0,0,0,0,0,0,0,0,0,0,-10,0,-3,-7,Stocks Tumble Most Since May on Debt-Ceiling Agita: Markets Wrap,-1.0131091422065075,0.09332918546170792,-1.6197602932135942,-1.017929033140203,-0.299999921,35.69999994,144.5,0.20537043111063416,1.987881961370034,3.1371466740390628
42,9/29/2021,1,1,-1,-1,0,-1,-1,0,-1,-1,0,0,0,0,-1,1,-1,0,0,0,0,0,0,0,0,0,1,0,0,0,0,0,0,0,-1,0,0,0,0,0,0,0,0,-1,0,1,0,0,0,0,0,0,0,0,0,0,0,0,0,-1,1,0,0,0,0,0,0,0,0,0,0,0,0,0,0,0,0,0,0,0,1,0,0,0,0,0,0,0,0,0,0,0,0,0,0,0,0,0,0,0,0,0,0,0,0,0,0,0,0,0,0,0,0,0,0,0,0,0,0,0,0,0,0,0,-10,-1,1,-4,Tech Weighs on Equities While Dollar Extends Rally: Markets Wrap,-1.0131091422065075,-0.5533087423801256,0.7078952392563116,-0.6154598094393892,-0.100000077,27.59999984,81.2,0.2644662639747873,1.1189870104599575,1.3161965379724196
43,10/1/2021,1,1,1,-1,1,1,1,0,0,1,0,0,0,0,0,0,1,0,0,1,0,0,0,0,0,0,0,0,0,0,0,0,0,0,0,0,0,1,0,0,0,0,0,1,0,1,0,0,0,0,0,0,0,0,0,0,0,0,0,1,1,0,0,0,0,0,0,0,0,0,0,0,0,0,0,0,0,0,0,0,0,0,0,0,-1,0,0,0,0,0,0,0,0,0,0,0,0,0,0,0,0,0,0,0,0,-1,-1,0,1,0,0,0,0,0,0,0,0,0,0,0,0,0,0,0,16,2,0,11,"Reopening Trade Roars Back, Fueling Stock Rally: Markets Wrap",1.4342675404034653,1.386605041145375,0.1259813561388351,1.396886309064681,-6.900000075,17.70000017,0.4,-1.7447936200381713,0.05700434119129609,-1.0081758316039593
44,10/4/2021,-1,-1,-1,1,0,1,1,0,0,0,0,0,0,0,-1,0,-1,0,0,-1,-1,1,0,0,0,0,0,0,0,0,0,0,0,0,-1,0,0,-1,0,-1,0,0,0,0,0,1,0,0,0,0,0,0,0,0,0,0,0,0,0,0,-1,0,0,0,0,0,-1,0,0,0,0,0,0,0,0,0,0,0,0,0,0,0,0,0,0,0,0,0,0,0,0,0,0,0,0,0,0,0,0,0,0,0,0,0,0,0,0,0,0,0,0,0,0,0,0,0,0,0,0,0,0,0,0,0,-6,-3,-2,-7,Nasdaq Falls 2% as Tech Selloff Batters Indexes: Markets Wrap,-0.6365896525742039,-1.8465845980637925,-1.0378464100961176,-1.017929033140203,-2.500000074,19.80000002,77.3,-0.44468428264603943,0.2822733836666064,1.2040052973616784
45,10/5/2021,1,1,1,1,1,-1,1,0,0,0,0,0,0,0,0,0,0,0,0,1,0,1,0,0,0,0,0,0,0,0,0,0,0,0,0,0,0,-1,0,0,0,0,1,1,0,0,0,0,0,0,0,0,0,0,0,0,0,0,0,0,0,0,0,0,0,0,0,0,0,0,0,0,0,0,0,0,0,0,0,0,0,0,0,0,0,0,0,0,0,0,0,0,0,0,0,0,0,0,0,0,0,0,0,0,0,0,0,0,0,0,0,0,0,0,0,0,0,0,0,0,0,0,0,0,14,1,0,8,"Stocks Rebound, Treasuries Fall Ahead of Jobs Data: Markets Wrap",1.2460077955873134,0.7399671133035414,0.1259813561388351,0.9944170853638671,2.199999973,17.00000021,89.0,0.9440688867765527,-0.018085340706517117,1.5405790191939017
46,10/6/2021,1,1,1,0,1,-1,-1,0,0,0,0,0,0,0,1,0,0,0,0,1,0,-1,0,0,0,0,0,0,0,0,0,0,0,0,0,0,0,0,0,0,0,0,0,0,0,0,0,0,0,0,0,0,0,0,0,0,0,0,0,0,0,0,0,0,0,0,0,0,0,0,0,0,0,0,0,0,0,0,0,0,0,0,0,0,1,0,0,0,0,0,0,0,0,0,0,0,1,0,0,0,1,0,0,0,0,0,0,0,0,0,0,0,0,0,0,0,0,0,0,0,0,0,0,0,6,0,3,6,Stocks Rebound on Possible Debt Limit Extension: Markets Wrap,0.4929688163227066,0.09332918546170792,1.8717230054912644,0.7261042695633244,-1.799999953,22.00000007,49.4,-0.23784867053674705,0.5182695456230632,0.40140642222330014
47,10/7/2021,1,1,1,1,0,0,1,0,0,0,0,0,0,0,1,0,0,0,0,0,0,1,0,0,0,0,0,0,0,0,0,0,0,0,0,0,0,1,0,0,1,0,0,1,0,1,0,0,0,0,0,0,0,0,0,0,0,0,0,0,0,0,0,0,0,0,0,0,0,0,0,0,0,0,0,0,0,0,0,0,0,0,0,0,0,0,-1,0,0,0,0,0,0,0,0,0,0,0,0,0,0,0,0,0,0,0,0,0,0,0,0,0,0,0,0,0,0,0,0,0,0,0,0,0,14,3,-1,10,"U.S. Stocks Advance as Debt, Energy Worries Ease: Markets Wrap",1.2460077955873134,2.0332429689872082,-0.4559325269786413,1.2627299011644098,5.200000017,26.50000002,150.9,1.8305070841617272,1.0009889514722803,3.3212553765797663
48,10/8/2021,0,-1,-1,1,0,0,1,0,0,0,0,0,0,0,0,0,0,0,0,-1,0,1,0,0,0,0,0,0,0,0,0,0,0,0,0,0,0,0,0,0,0,0,0,0,0,0,0,0,0,0,0,0,0,0,0,0,0,0,0,0,0,0,0,0,0,0,0,0,0,0,0,0,0,0,0,0,0,0,0,0,0,0,0,0,0,0,0,0,0,0,0,0,0,0,0,0,0,0,0,0,0,0,0,0,0,0,0,0,0,0,0,0,0,0,0,0,0,0,0,0,0,0,0,0,0,0,0,0,"Stocks Fall, Yields Gain After U.S. Jobs Miss: Markets Wrap",-0.07181041812574859,0.09332918546170792,0.1259813561388351,-0.07883417783830379,-1.500000051,18.30000012,45.1,-0.14920488105531965,0.12136692398944929,0.2777083877037652
49,10/11/2021,-1,-1,-1,0,1,-1,1,0,0,0,0,0,0,0,0,0,0,0,0,0,-1,1,0,0,0,0,0,0,0,0,1,0,0,0,0,0,0,-1,0,0,0,0,0,1,0,1,0,0,0,0,0,0,0,0,0,0,0,0,0,0,0,0,0,0,0,0,0,0,0,0,0,0,0,0,0,0,0,0,0,0,0,0,0,0,0,-1,-1,0,0,0,0,0,0,0,0,0,0,0,0,0,0,0,0,0,0,0,0,0,1,0,0,0,0,0,0,0,0,0,0,0,0,0,0,0,-4,1,-1,-1,Stocks Close Near Session Lows While Crude Jumps: Markets Wrap,-0.4483299077580521,0.7399671133035414,-0.4559325269786413,-0.21299058573857516,5.099999963,28.70000007,65.0,1.8009591287263707,1.236985113428737,0.8501713846662644
50,10/12/2021,-1,-1,-1,-1,0,-1,0,0,0,-1,0,0,0,0,0,-1,-1,0,0,0,0,0,-1,0,0,0,0,0,0,0,0,0,0,0,-1,0,0,0,-1,0,0,0,0,0,0,1,0,0,0,0,0,0,0,0,0,0,0,0,0,0,-1,0,0,0,0,0,0,0,0,0,0,0,0,0,0,0,0,0,0,0,-1,0,0,0,0,0,0,0,0,0,0,0,0,0,0,0,0,0,0,0,0,0,0,0,0,0,0,0,0,0,0,0,0,0,0,0,0,0,0,0,0,0,0,0,-18,-2,-2,-12,Stocks Drop Before Earnings Amid Inflation Worries: Markets Wrap,-1.7661481214711143,-1.199946670221959,-1.0378464100961176,-1.68871107264156,-0.500000193,36.90000016,98.8,0.14627447178130001,2.1166071612930537,1.8224954699593536
51,10/13/2021,0,1,1,-1,0,1,0,1,0,0,0,0,0,0,0,0,-1,0,0,0,0,0,0,0,0,0,0,0,0,0,0,0,0,0,0,0,0,0,-1,0,0,0,0,0,0,1,0,0,0,0,0,0,0,0,0,0,0,0,0,0,0,0,0,0,0,0,0,0,0,0,0,0,0,0,0,0,0,0,0,0,0,0,0,0,0,0,0,0,0,0,0,0,0,0,0,0,0,0,0,0,0,0,0,0,0,0,0,0,0,0,0,0,0,0,0,0,0,0,0,0,0,0,0,0,4,-1,0,2,Megacap Tech Rallies as 10-Year Bond Yield Drops: Markets Wrap,0.3047090715065549,-0.5533087423801256,0.1259813561388351,0.1894786379622389,-5.200000137,30.30000017,81.5,-1.2424786672069144,1.4086186925870408,1.324826633404015
52,10/14/2021,1,1,1,-1,0,-1,1,0,0,1,0,0,0,0,0,0,0,0,0,1,0,0,0,0,0,0,0,0,0,0,0,0,0,0,0,0,0,0,0,0,0,0,0,0,0,0,0,0,0,0,0,0,0,0,0,0,0,0,0,1,0,0,0,0,0,0,0,0,0,0,0,0,0,0,0,0,0,0,0,0,0,0,0,0,0,0,0,0,0,0,0,0,0,0,0,0,0,0,0,0,0,0,0,0,0,0,0,0,0,0,0,0,0,0,0,0,0,0,0,0,0,0,0,0,8,0,1,5,Stocks Stage Rally as Earnings Season Kicks Off: Markets Wrap,0.6812285611388583,0.09332918546170792,0.7078952392563116,0.591947861663053,-4.40000017,40.30000037,-2.8,-1.0060951611219795,2.481328516736272,-1.1002301828743108
53,10/15/2021,1,1,1,1,1,0,1,0,0,1,0,0,0,0,0,0,0,0,0,1,0,1,0,0,0,0,0,0,0,0,0,0,0,0,0,0,0,0,0,0,0,0,0,1,0,0,0,0,0,0,0,0,0,0,0,0,0,0,0,0,1,0,0,0,0,0,0,0,0,0,0,0,0,0,0,0,0,0,0,0,0,0,0,0,0,0,1,0,0,0,0,0,0,0,0,0,0,0,0,0,0,0,0,0,0,0,0,0,1,0,0,0,0,0,0,0,0,0,0,0,0,0,0,0,18,1,3,13,Corporate America’s Strength Emboldens Stock Bulls: Markets Wrap,1.622527285219617,0.7399671133035414,1.8717230054912644,1.6651991248652238,0.200000002,0.400000013,9.4,0.3531101057560676,-1.7987836343126589,-0.7492729686560954
54,10/18/2021,-1,1,1,1,1,-1,0,0,0,0,0,0,0,0,0,0,0,0,0,0,0,-1,0,0,0,0,-1,0,0,0,0,0,0,0,-1,0,0,0,0,0,0,0,0,0,0,1,0,0,0,0,0,0,0,0,0,0,0,0,0,0,0,0,0,0,0,0,0,0,0,0,0,0,0,0,0,0,0,0,0,0,0,0,0,0,0,0,0,0,0,0,0,0,0,0,0,0,0,0,0,0,0,0,0,0,0,0,0,0,1,0,0,0,0,0,0,0,0,0,0,0,0,0,0,0,2,-2,1,1,U.S. Stocks Extend Rebound as Oil Pares Back Gains: Markets Wrap,0.11644932669040314,-1.199946670221959,0.7078952392563116,0.05532223006196756,-0.10000001,11.49999993,-20.2,0.26446628377190673,-0.608075762224661,-1.600775717906848
55,10/19/2021,1,1,1,1,1,1,1,0,0,1,0,0,0,0,0,0,0,0,0,1,0,1,0,0,0,0,0,0,0,0,0,0,0,0,0,0,0,0,0,0,0,0,0,1,0,0,0,0,0,0,0,0,0,0,0,0,0,0,0,0,0,0,0,0,0,0,0,0,0,0,0,0,0,0,0,0,0,0,0,0,0,0,0,0,0,0,0,0,0,0,0,0,0,0,0,0,0,0,0,0,0,0,0,0,0,0,1,0,0,0,0,0,0,0,0,0,0,0,0,0,0,0,0,0,20,1,1,12,U.S. Stocks Rise on Earnings; Dollar Declines: Markets Wrap,1.8107870300357687,0.7399671133035414,0.7078952392563116,1.5310427169649525,-2.100000077,17.20000011,30.6,-0.32649252561460007,0.0033688446202857396,-0.1394128914900157
56,10/20/2021,1,1,-1,1,1,1,1,0,0,0,0,1,0,0,1,0,0,0,0,1,0,1,0,0,0,0,0,0,0,0,0,0,0,0,0,0,0,0,0,0,0,0,0,1,0,0,0,0,0,0,0,0,0,0,0,0,0,0,0,-1,-1,0,0,0,0,0,0,0,0,0,0,0,0,0,0,0,0,0,0,0,0,0,0,1,0,0,0,0,0,0,0,0,0,0,0,0,0,0,0,0,0,0,0,0,0,0,0,0,-1,0,0,0,0,0,0,1,1,0,0,0,0,0,0,0,18,1,0,10,S&P 500 Almost Tops Record Amid Recovery Bets: Markets Wrap,1.622527285219617,0.7399671133035414,0.1259813561388351,1.2627299011644098,-1.800000005,16.30000013,17.1,-0.2378486859016756,-0.09317503547684788,-0.5277671859118117
57,10/21/2021,0,1,1,1,-1,-1,-1,0,0,0,0,0,0,0,0,0,0,0,0,1,0,-1,0,0,0,0,0,0,0,0,0,0,0,0,0,0,0,0,0,0,0,0,0,0,0,1,0,0,0,0,0,0,0,0,0,0,0,0,0,0,0,0,0,0,0,0,0,0,0,0,0,0,0,0,0,0,0,0,0,0,0,0,0,0,0,0,0,0,0,0,0,0,0,0,0,0,0,0,0,0,0,0,0,0,0,0,0,0,0,0,0,0,0,0,0,0,0,0,0,0,0,0,0,0,0,0,0,1,Tech Dented by Earnings After S&P Record: Market Wrap (Correct),-0.07181041812574859,0.09332918546170792,0.1259813561388351,0.05532223006196756,4.999999918,32.60000005,86.8,1.7714111759503284,1.655341934334381,1.4772916526955349
58,10/22/2021,1,-1,-1,-1,-1,1,1,0,-1,-1,0,0,0,0,0,0,-1,-1,0,0,-1,1,1,0,0,0,0,0,0,0,0,0,0,0,-1,-1,0,0,-1,0,0,0,0,0,0,1,0,0,-1,0,0,0,0,0,0,0,0,0,0,0,-1,0,0,0,0,0,0,0,0,0,0,0,0,0,0,0,0,0,0,0,0,0,0,0,0,0,-1,0,0,0,0,0,0,0,0,0,0,0,0,0,0,0,0,0,0,0,0,0,0,0,0,0,0,0,0,1,1,0,0,0,0,0,0,0,-8,-3,-1,-7,"Stocks Fall on Drag From Powell Comments, Tech Woe: Markets Wrap",-0.8248493973903557,-1.8465845980637925,-0.4559325269786413,-1.017929033140203,4.599999784,22.19999988,53.0,1.653219378438212,0.5397237212954777,0.5049675674024457
59,10/25/2021,1,1,1,0,0,-1,-1,0,0,1,0,1,0,0,0,0,0,0,0,0,0,-1,0,0,0,0,0,0,0,0,0,0,0,0,0,0,0,0,0,0,0,0,0,0,0,1,0,0,0,0,0,0,0,0,0,0,0,1,0,0,1,0,0,0,0,0,0,0,0,0,0,0,0,0,0,1,0,0,0,0,0,0,0,0,0,0,0,0,0,0,0,0,0,0,0,0,0,0,0,0,0,0,0,0,0,0,0,0,0,0,0,0,0,0,0,0,0,0,0,0,0,0,0,0,4,0,3,6,Stocks Gain Before Earnings; Oil Drops From High: Markets Wrap,0.3047090715065549,0.09332918546170792,1.8717230054912644,0.7261042695633244,-9.000000179,23.90000013,34.6,-2.3653003798368855,0.7220844145713787,-0.024344952402076143
60,10/26/2021,0,1,1,-1,0,-1,1,0,0,1,0,1,0,0,0,0,0,0,0,0,0,0,0,0,0,0,0,1,0,0,0,0,0,0,0,0,0,0,0,0,0,0,0,0,0,0,0,0,0,0,0,0,0,0,0,0,0,0,0,0,0,0,0,0,0,0,0,0,0,0,0,0,0,0,0,0,0,0,0,0,0,0,0,0,0,0,0,0,0,0,0,0,0,0,0,0,0,0,0,0,0,0,0,0,0,0,0,0,0,0,0,0,0,0,0,0,0,0,0,0,0,0,0,0,6,1,0,4,Stocks Rise Amid Positive Early Earnings Results: Markets Wrap,0.4929688163227066,0.7399671133035414,0.1259813561388351,0.45779145376278163,0.299999864,16.9,42.4,0.38265800445938053,-0.02881246126037344,0.2000375288194059
61,10/27/2021,-1,-1,1,-1,-1,0,-1,0,0,-1,0,0,0,0,0,0,0,0,0,0,0,-1,-1,0,0,0,0,0,0,0,0,0,0,0,0,0,0,-1,0,0,0,0,0,0,0,0,0,0,0,0,0,0,0,0,0,0,0,0,0,0,0,0,0,0,0,0,0,0,0,0,0,0,0,0,0,0,0,0,0,0,0,0,0,0,0,0,0,0,0,0,0,0,0,0,0,0,0,0,0,0,0,0,0,0,0,0,0,0,0,0,0,0,0,0,0,0,0,0,0,0,0,0,0,0,-14,-1,0,-8,Stocks Drop as Growth Concern Lingers; Oil Falls: Markets Wrap,-1.389628631838811,-0.5533087423801256,0.1259813561388351,-1.1520854410404746,-3.200000151,23.6999999,47.1,-0.6515198817542384,0.7006301938451529,0.335242357247735
62,10/28/2021,1,1,1,1,0,1,1,0,0,-1,0,1,0,0,0,0,0,0,0,0,0,0,0,0,0,0,0,0,0,1,0,0,0,0,0,0,0,0,0,0,0,0,0,0,0,0,0,0,0,0,0,0,0,0,0,0,0,0,0,0,0,0,0,0,0,0,0,0,0,0,0,0,0,0,0,0,0,0,0,0,0,0,0,0,0,0,0,0,0,0,0,0,0,0,0,0,0,0,0,0,0,0,0,0,0,0,0,0,0,0,0,0,0,0,0,0,0,0,0,0,0,0,0,0,12,1,0,7,"Tech Shares Stumble After-Hours on Apple, Amazon: Markets Wrap",1.0577480507711619,0.7399671133035414,0.1259813561388351,0.8602606774635957,-4.900000334,41.70000044,70.9,-1.153834906977947,2.631507896622545,1.0198965948209755
63,10/29/2021,1,1,1,-1,1,-1,1,0,0,0,0,1,0,0,0,0,0,0,0,0,0,1,0,0,0,0,0,0,0,0,0,0,0,0,0,0,0,0,0,0,0,0,0,0,0,0,0,0,0,0,0,0,0,0,0,0,0,0,0,0,0,0,0,0,0,0,0,0,0,0,0,0,0,0,0,0,0,0,0,0,0,0,0,0,0,0,0,0,0,0,0,0,0,0,0,0,0,0,0,0,0,0,0,0,0,0,0,0,0,0,0,0,0,0,0,0,0,0,0,0,0,0,0,0,10,0,0,5,Stocks Gain as Traders Brush Off Big Tech Earnings: Markets Wrap,0.86948830595501,0.09332918546170792,0.1259813561388351,0.591947861663053,-5.800000152,34.40000027,18.1,-1.4197663085159216,1.848429722419103,-0.4990002011398268
64,11/1/2021,1,1,1,0,0,0,1,0,0,0,0,1,0,0,0,0,0,0,0,0,-1,0,0,0,0,0,0,0,0,0,0,0,0,0,0,0,0,0,-1,0,0,0,0,1,0,1,0,0,0,0,0,0,0,0,0,0,0,0,0,0,1,0,0,0,0,0,0,0,0,0,0,0,0,0,0,0,0,0,0,0,0,0,0,0,0,0,0,0,0,0,0,0,0,0,0,0,0,0,0,0,0,0,0,0,0,0,0,0,0,0,0,0,0,0,0,0,0,0,0,0,0,0,0,0,8,0,1,6,Stocks Close at All-Time High as Earnings Roll In: Markets Wrap,0.6812285611388583,0.09332918546170792,0.7078952392563116,0.7261042695633244,3.199999965,12.10000005,42.3,1.2395482792074113,-0.5437131611904412,0.19716083034220738
65,11/2/2021,1,1,1,-1,0,-1,-1,0,0,1,0,1,0,0,0,0,0,1,0,0,-1,0,0,0,0,0,0,0,0,0,0,0,0,0,0,1,0,0,0,0,0,0,0,1,0,1,0,0,0,0,0,0,-1,0,0,0,0,0,0,1,1,0,0,0,0,0,0,0,0,0,0,0,0,0,0,0,0,0,0,0,0,0,0,0,0,0,0,0,0,0,0,0,0,0,0,0,0,0,0,0,0,0,0,0,0,0,0,0,0,0,0,0,0,0,0,0,0,0,0,0,0,0,0,0,4,2,1,6,Earnings Fuel Stock Gains as Clock Ticks on Fed: Markets Wrap,0.3047090715065549,1.386605041145375,0.7078952392563116,0.7261042695633244,5.900000026,13.70000017,94.0,2.0373426631773275,-0.372079579886718,1.684413943053826
66,11/3/2021,1,1,1,1,0,1,-1,0,1,0,0,0,0,0,0,0,0,0,0,1,0,0,0,0,0,0,0,0,0,0,0,0,0,0,0,0,0,0,0,0,0,0,0,1,1,1,0,0,0,0,0,0,0,0,0,0,0,0,0,0,0,0,0,0,0,0,0,0,0,0,0,0,0,0,0,0,0,0,0,0,0,0,0,0,0,0,0,0,0,0,0,0,0,0,0,0,0,0,0,0,0,0,0,0,0,0,1,0,0,0,0,0,0,0,0,0,0,0,0,0,0,0,0,0,12,2,1,10,"Stocks Hit Record, Bond Curve Steepens After Fed: Markets Wrap",1.0577480507711619,1.386605041145375,0.7078952392563116,1.2627299011644098,2.199999943,15.59999998,16.4,0.9440688779121708,-0.1682647377561475,-0.5479040752522012
67,11/4/2021,0,1,1,-1,0,-1,-1,0,0,1,0,0,0,0,0,0,0,0,0,1,0,0,0,0,0,0,0,0,0,0,0,0,0,0,0,0,0,0,0,0,0,0,0,0,0,0,0,0,0,0,0,0,0,0,0,0,0,0,0,0,0,0,0,0,0,0,0,0,0,0,0,0,0,0,0,0,0,0,0,0,0,0,0,0,0,0,0,0,0,0,0,0,0,0,0,0,0,0,0,0,0,0,0,0,0,0,0,0,0,0,0,0,0,0,0,0,0,0,0,0,0,0,0,0,2,0,0,1,Nasdaq 100 Extends Rally as Treasury Yields Tumble: Markets Wrap,0.11644932669040314,0.09332918546170792,0.1259813561388351,0.05532223006196756,-6.300000096,26.40000033,78.6,-1.5675059893664223,0.9902618866993339,1.2414023775652587
68,11/5/2021,1,1,1,-1,0,1,1,0,0,1,0,0,0,0,0,0,0,0,0,1,0,0,0,0,0,0,0,0,0,0,0,0,0,0,0,0,0,0,0,0,0,0,0,0,0,1,0,0,0,0,0,0,0,0,0,0,0,0,0,0,1,0,0,0,0,0,0,0,0,0,0,0,0,0,0,0,0,0,0,0,0,0,0,0,1,0,0,0,0,0,0,0,0,0,0,0,0,0,0,0,0,0,0,0,0,0,0,0,0,0,0,0,0,0,0,0,1,0,0,0,0,0,0,0,12,0,3,10,Reopening Trade Fuels Stock Gains; Yields Tumble: Markets Wrap,1.0577480507711619,0.09332918546170792,1.8717230054912644,1.2627299011644098,-0.100000091,17.70000006,56.6,0.2644662598380758,0.05700432939148843,0.6085287125815914
69,11/8/2021,1,0,-1,1,0,1,1,0,0,1,0,1,0,0,1,0,0,0,0,1,0,-1,0,0,0,0,0,0,0,0,0,0,0,0,0,0,0,1,0,0,0,0,0,1,0,0,0,0,0,0,0,0,0,0,0,0,0,0,0,0,0,0,0,0,0,-1,0,0,0,0,0,0,0,0,0,0,0,0,0,0,0,0,0,0,0,0,0,0,0,0,0,0,0,0,0,0,0,0,0,0,0,0,0,0,0,0,0,0,0,0,0,0,0,0,0,0,1,0,0,0,0,0,0,0,12,2,0,8,Stocks Continue Streak of Gains; Treasuries Fall: Markets Wrap,1.0577480507711619,1.386605041145375,0.1259813561388351,0.9944170853638671,-2.799999959,18.59999999,30.6,-0.5333280671043171,0.15354820412507297,-0.1394128914900157
70,11/9/2021,-1,-1,-1,-1,1,1,1,0,0,0,0,0,0,0,0,0,0,-1,0,0,0,1,0,0,0,0,0,0,0,0,0,0,0,0,0,0,0,0,0,0,0,0,0,0,0,1,0,0,0,0,0,0,1,0,0,0,0,0,0,0,0,0,0,0,0,-1,0,0,0,0,0,0,0,0,0,0,0,0,0,0,0,0,0,0,0,0,0,0,0,0,0,0,0,0,0,0,0,0,0,0,0,0,0,0,0,0,0,0,0,0,0,0,0,0,0,0,0,0,0,0,0,0,0,0,-2,0,0,0,U.S. Stocks Snap Winning Streak; Treasuries Jump: Markets Wrap,-0.26007016294190033,0.09332918546170792,0.1259813561388351,-0.07883417783830379,-4.100000045,15.50000006,30.3,-0.917451305748647,-0.17899182720141946,-0.1480429869216112
71,11/10/2021,-1,-1,-1,1,-1,-1,-1,0,0,0,0,0,0,0,0,0,-1,-1,0,0,0,0,0,0,0,0,0,0,0,0,0,0,0,0,-1,0,0,0,0,0,0,0,0,0,0,0,0,0,0,0,0,0,0,0,0,0,0,0,0,0,0,0,0,0,0,0,0,0,0,0,0,0,0,0,0,0,0,0,0,0,0,0,0,0,0,0,0,0,0,0,0,0,0,0,0,0,0,0,0,0,0,0,0,0,0,0,0,0,0,0,0,0,0,0,0,0,0,0,0,0,0,0,0,0,-14,-1,0,-8,U.S. Stocks Extend Slide; Bonds Fall on Auction: Markets Wrap,-1.389628631838811,-0.5533087423801256,0.1259813561388351,-1.1520854410404746,-2.400000126,25.70000016,48.4,-0.41513635853149866,0.9151721822746145,0.3726394374513152
72,11/11/2021,-1,0,1,0,1,-1,-1,0,0,-1,0,0,0,0,0,0,-1,0,0,1,0,0,0,0,0,0,0,0,0,0,0,0,0,0,-1,0,0,0,0,0,0,0,0,0,0,1,0,0,0,0,0,0,0,0,0,0,0,0,0,0,0,0,0,0,0,0,-1,0,0,0,0,0,0,0,0,0,0,0,0,0,0,0,0,0,0,0,0,0,0,0,0,0,0,0,0,0,0,0,0,0,0,0,0,0,0,0,0,0,0,0,0,0,0,0,0,0,0,0,0,0,0,0,0,0,-4,-1,-1,-3,Stocks Pare Rebound With Consumer Prices in Focus: Markets Wrap,-0.4483299077580521,-0.5533087423801256,-0.4559325269786413,-0.4813034015391179,-3.399999991,26.80000016,40.1,-0.7106157134364741,1.0331702605710684,0.13387346384384075
73,11/12/2021,1,1,1,1,-1,1,-1,0,0,1,0,0,0,0,0,0,0,0,0,0,0,-1,-1,0,0,0,0,0,0,0,0,0,0,0,0,0,0,-1,0,0,0,0,1,1,0,1,0,0,0,0,0,0,1,0,0,0,0,0,0,0,-1,0,0,0,0,0,0,0,0,0,0,0,0,0,0,0,0,0,0,0,0,0,0,0,0,0,0,0,0,0,0,0,0,0,0,0,0,0,0,0,0,0,0,0,0,0,0,0,0,-1,0,0,0,0,0,0,0,0,0,0,0,0,0,0,4,1,-1,3,Stocks Gain as Tech Overcomes Inflation Worries: Markets Wrap,0.3047090715065549,0.7399671133035414,-0.4559325269786413,0.32363504586251024,-5.100000054,24.10000009,58.6,-1.2129307032026553,0.7435386063344406,0.6660626821255612
74,11/15/2021,0,0,0,1,0,0,0,0,-1,0,0,0,0,0,0,0,0,0,0,0,0,0,0,0,0,0,0,0,0,0,0,0,0,0,0,0,0,0,0,0,0,0,0,0,0,1,0,0,0,0,0,0,0,0,0,0,0,0,0,0,0,0,0,0,0,-1,0,0,0,0,0,0,0,0,0,0,0,0,0,0,0,0,0,0,0,0,0,0,0,0,0,0,0,0,0,0,0,0,0,0,0,0,0,0,0,0,0,0,0,0,0,0,0,0,0,0,0,0,0,0,0,0,0,0,0,0,-1,0,Stocks in Choppy Trading as Bond Yields Top 1.6%: Markets Wrap,-0.07181041812574859,0.09332918546170792,-0.4559325269786413,-0.07883417783830379,0.900000036,2.800000072,10.4,0.5599456921586526,-1.5413332753368625,-0.7205059838841105
75,11/16/2021,1,1,1,1,-1,-1,0,1,-1,0,0,0,0,0,0,0,0,0,0,1,0,0,0,0,0,0,0,0,0,0,0,0,0,0,0,0,0,0,0,0,0,0,0,0,0,0,0,0,0,0,0,0,0,0,0,0,0,0,0,0,0,0,0,0,0,0,0,0,0,0,0,1,0,0,0,0,0,0,0,0,0,0,0,0,0,0,0,0,0,0,0,0,0,0,0,0,0,0,0,0,0,0,0,0,0,0,0,0,0,0,0,0,0,0,0,0,0,0,0,0,0,0,0,0,6,0,1,4,Stocks Climb After Solid Economic Data; Bonds Fall: Markets Wrap,0.4929688163227066,0.09332918546170792,0.7078952392563116,0.45779145376278163,-2.69999998,9.100000046,6.6,-0.503780133829915,-0.8655261024280357,-0.829820526017653
76,11/17/2021,-1,-1,0,-1,0,1,-1,0,0,0,0,0,0,0,0,0,-1,0,0,0,0,-1,0,0,0,0,0,0,0,0,0,0,0,0,-1,-1,0,0,0,0,0,0,0,0,0,1,0,0,0,0,0,0,-1,0,0,1,0,0,0,-1,-1,0,0,0,0,0,0,0,0,0,0,0,0,0,0,0,0,0,0,0,0,0,0,0,0,0,0,0,0,0,0,0,0,0,0,0,0,0,0,0,0,0,0,0,0,0,0,0,1,0,0,0,0,0,0,0,0,0,0,0,0,0,-1,0,-10,-2,-2,-8,Stocks Drop as Inflation Angst Curbs Risk Appetite: Markets Wrap,-1.0131091422065075,-1.199946670221959,-1.0378464100961176,-1.1520854410404746,0.30000005,16.20000018,66.2,0.3826580594185479,-0.10390212814024931,0.8846917663926464
77,11/18/2021,-1,1,1,-1,0,1,1,0,0,1,0,0,0,0,0,0,0,0,0,0,0,0,0,0,0,0,0,0,0,0,0,0,0,0,0,0,0,0,0,0,0,0,0,0,0,1,0,0,0,0,0,0,1,0,0,0,0,0,0,1,1,0,0,0,0,0,0,0,0,0,0,0,0,0,0,0,0,0,0,0,0,0,0,0,0,0,0,0,0,0,0,0,0,0,0,0,0,0,0,0,0,0,0,0,0,0,0,0,0,0,0,0,0,0,0,0,0,0,0,0,0,0,0,0,6,0,3,7,Big Tech Drives S&P 500 to 66th Record This Year: Markets Wrap,0.4929688163227066,0.09332918546170792,1.8717230054912644,0.8602606774635957,0.899999992,19.59999999,56.4,0.5599456791575593,0.2608191843945765,0.6027753156271943
78,11/19/2021,-1,-1,1,-1,0,0,-1,0,-1,0,0,0,0,0,0,0,0,0,0,0,-1,-1,-1,0,0,0,0,0,0,0,0,0,0,0,0,0,0,0,0,0,-1,0,0,0,0,0,0,0,0,0,0,0,0,0,0,0,0,0,0,0,0,0,0,0,0,0,0,0,0,0,0,0,0,0,0,0,0,0,0,0,0,0,0,0,0,0,0,0,0,0,0,0,0,0,0,0,0,0,0,0,0,0,0,0,0,0,0,0,0,0,0,0,0,0,0,-1,1,0,0,0,0,0,0,0,-14,-1,0,-8,Cyclicals Weigh on Stocks; Treasury Curve Flattens: Markets Wrap,-1.389628631838811,-0.5533087423801256,0.1259813561388351,-1.1520854410404746,-0.499999955,14.7000001,27.4,0.14627454210539598,-0.264808607126183,-0.23146724276036743
79,11/22/2021,0,-1,-1,1,0,-1,1,0,-1,-1,0,0,0,0,0,0,0,0,0,0,0,1,0,0,0,0,-1,0,0,0,0,0,0,0,0,0,0,0,0,0,0,0,0,-1,0,1,0,0,0,0,0,0,1,0,0,0,0,1,0,0,0,0,0,0,0,0,-1,0,0,0,0,0,0,0,0,0,0,0,0,0,0,0,0,0,0,0,0,0,0,0,0,0,0,0,0,0,0,0,0,-1,0,0,0,0,0,0,0,0,0,0,0,0,0,0,0,0,0,0,0,0,0,0,0,0,-4,-2,0,-3,U.S. Stocks Sink Into Close on Rout in Tech Shares: Markets Wrap,-0.4483299077580521,-1.199946670221959,0.1259813561388351,-0.4813034015391179,-1.30000002,21.90000009,56.2,-0.09010899293651964,0.5075424497415325,0.5970219186727975
80,11/23/2021,1,1,-1,1,0,-1,1,0,0,0,-1,0,0,0,0,0,0,0,0,0,-1,1,0,0,0,0,0,0,0,0,0,0,0,0,0,0,0,0,0,0,0,0,0,0,1,0,0,0,0,0,0,0,0,0,0,0,0,0,0,0,0,0,0,0,0,0,0,0,0,0,0,0,0,0,0,0,0,0,0,0,0,0,0,0,0,0,0,0,0,0,0,0,0,0,0,0,0,0,0,0,0,0,0,0,0,0,0,0,0,0,0,0,0,0,0,0,0,0,0,0,0,0,0,0,2,1,0,2,Stocks Rise Amid Gains in Cyclicals; Techs Fall: Markets Wrap,0.11644932669040314,0.7399671133035414,0.1259813561388351,0.1894786379622389,-7.700000159,30.80000018,16.1,-1.9811771606941955,1.4622541837945024,-0.5565341706837966
81,11/24/2021,0,1,1,-1,0,-1,-1,0,0,0,-1,0,0,0,0,0,0,0,0,1,0,-1,0,0,0,0,0,0,0,0,0,0,0,0,0,0,0,0,0,0,-1,0,0,0,0,0,0,0,0,0,0,0,0,0,0,0,0,0,0,0,0,0,0,0,0,0,0,0,0,0,0,0,0,0,0,0,0,0,0,0,0,0,0,0,0,0,0,0,0,0,0,0,0,0,0,0,0,0,0,0,0,0,0,0,0,0,0,0,0,0,0,0,0,0,0,0,0,0,0,0,0,0,0,0,-4,-1,0,-3,U.S. Stocks Rise Post-Fed Minutes; Dollar Gains: Markets Wrap,-0.4483299077580521,-0.5533087423801256,0.1259813561388351,-0.4813034015391179,-0.200000026,24.50000011,38.8,0.23491833956476707,0.7864470005876613,0.09647638364026026
82,11/25/2021,0,0,0,0,0,0,-1,0,0,0,0,0,0,0,0,0,0,0,0,1,0,-1,-1,0,0,0,0,0,0,0,0,0,0,0,-1,0,0,0,0,0,0,0,0,0,0,0,0,0,0,0,0,0,0,0,0,0,0,0,0,0,0,0,0,0,0,0,0,0,0,0,0,0,0,0,0,0,0,0,0,0,0,0,0,0,0,0,0,0,0,0,0,0,0,0,0,0,0,0,0,0,0,0,0,0,0,0,0,0,0,0,0,0,0,0,0,0,0,0,0,0,0,0,0,0,-4,-1,0,-3,"Stocks, U.S. Futures Hold Gains Amid Low Volumes: Markets Wrap",-0.4483299077580521,-0.5533087423801256,0.1259813561388351,-0.4813034015391179,-3.100000031,10.39999997,45.0,-0.6219719068172417,-0.7260738362302757,0.27483168922656664
83,11/26/2021,-1,-1,-1,-1,0,1,-1,0,0,0,0,0,0,0,0,0,0,0,0,0,0,-1,-1,0,0,0,0,0,0,0,0,0,0,0,0,0,0,-1,0,0,-1,0,-1,0,0,1,0,0,0,0,0,0,0,0,0,0,0,0,0,0,0,0,0,0,0,0,0,0,0,0,0,0,0,0,0,0,0,0,0,0,0,0,0,0,0,0,0,0,0,0,0,0,0,0,0,0,0,0,0,0,0,0,0,0,0,0,0,0,0,0,0,0,0,0,0,-1,0,0,0,0,0,0,0,0,-12,-3,-1,-9,Stocks Sink With Oil on Virus Woes; Havens Rally: Markets Wrap,-1.201368887022659,-1.8465845980637925,-0.4559325269786413,-1.286241848940746,-1.300000012,16.00000006,45.9,-0.09010899057268448,-0.1253563370666675,0.300721975521353
84,11/29/2021,1,1,1,1,0,-1,1,0,0,0,0,0,0,0,0,1,0,0,0,0,0,0,0,0,0,0,0,0,0,0,0,0,0,0,0,0,0,0,0,0,0,0,1,0,0,1,0,0,0,0,0,0,0,0,0,0,0,0,0,0,0,0,0,0,0,0,1,0,0,0,0,0,0,0,0,0,0,0,0,0,1,0,0,0,0,0,0,0,0,0,0,0,0,0,0,0,0,0,0,0,0,0,0,0,0,0,0,0,0,0,0,0,0,0,0,0,0,0,0,0,0,0,0,0,10,1,2,9,Stocks Rally as Wall Street’s Covid Fears Ease: Markets Wrap,0.86948830595501,0.7399671133035414,1.289809122373788,1.1285734932641385,-4.900000189,30.80000004,59.5,-1.1538348641334348,1.462254168776565,0.6919529684203476
