{"data":[{"id":"1431325122829471750","created_at":"2021-08-27T18:37:56.000Z","public_metrics":{"retweet_count":61,"reply_count":34,"like_count":273,"quote_count":3},"text":"Our nation's top public health agency is finally speaking out about America's gun violence crisis. Now we need our nation's lawmakers to do their jobs and enact common sense gun laws. https://t.co/EqtQ4f0hXo"},{"id":"1430980474533564418","created_at":"2021-08-26T19:48:26.000Z","public_metrics":{"retweet_count":39,"reply_count":23,"like_count":162,"quote_count":0},"text":"As we prepare to mark 20 years since 9/11, the @Sept11Memorial is working to ensure the lessons learned that day will be taught for generations to come. @AAMers' accreditation of the Memorial underscores the great work of so many. https://t.co/3IGNMnbZug https://t.co/S8p3lfFHf2"},{"id":"1430947996984827905","created_at":"2021-08-26T17:39:22.000Z","public_metrics":{"retweet_count":39,"reply_count":9,"like_count":121,"quote_count":0},"text":"The Visionary Network at @Sept11Memorial is ensuring the next generation never forgets the lives lost, the sacrifices made, &amp; the ongoing consequences of that day.\n\nIt’s an important mission—one I am glad to support. Join us: https://t.co/lV1Nk95bcs https://t.co/10U5rVcrim"},{"id":"1430528882244034570","created_at":"2021-08-25T13:53:58.000Z","public_metrics":{"retweet_count":24,"reply_count":16,"like_count":85,"quote_count":1},"text":"In Buenos Aires, Argentina, changes to road infrastructure will reduce speeding and are expected to decrease serious crashes by 30%.\n\nMayor @HoraciorLarreta explains how he's working with the @WHO &amp; @VitalStrat Partnership for Healthy Cities to keep residents safe: https://t.co/K9ry11iJ6n"},{"id":"1430170317964578824","created_at":"2021-08-24T14:09:09.000Z","public_metrics":{"retweet_count":46,"reply_count":33,"like_count":480,"quote_count":2},"text":"New York is at a critical moment in its pandemic recovery, and @GovKathyHochul's experience as a local leader will serve her – and New Yorkers – well. I'm rooting for her."},{"id":"1429809262600019973","created_at":"2021-08-23T14:14:27.000Z","public_metrics":{"retweet_count":425,"reply_count":0,"like_count":0,"quote_count":0},"text":"RT @COP26: The power sector accounts for a quarter of global greenhouse gas emissions.\n\nTo meet the #ParisAgreement goals, we need to move…"},{"id":"1429788460899053572","created_at":"2021-08-23T12:51:47.000Z","public_metrics":{"retweet_count":75,"reply_count":40,"like_count":236,"quote_count":6},"text":"The staggering cost of climate change is reaching a tipping point. Inaction will cost us our lives and planet's future. https://t.co/doYsGtIH8T"},{"id":"1428785496050868233","created_at":"2021-08-20T18:26:22.000Z","public_metrics":{"retweet_count":25,"reply_count":17,"like_count":95,"quote_count":2},"text":"Now, more than ever, city leaders need to work together to prioritize their residents' health. The Partnership for Healthy Cities supports them to do just that. https://t.co/YJ9XkZDp1v"},{"id":"1428725042939142149","created_at":"2021-08-20T14:26:09.000Z","public_metrics":{"retweet_count":54,"reply_count":24,"like_count":213,"quote_count":6},"text":"COVID-19 has been devastating - for our health, our country, and our economy. And the next pandemic could be worse.\n\n@DrTomFrieden outlines how we can improve pandemic response now to better prepare for the future. https://t.co/XFEDk1X9xh"},{"id":"1428396234927128587","created_at":"2021-08-19T16:39:35.000Z","public_metrics":{"retweet_count":80,"reply_count":72,"like_count":235,"quote_count":85},"text":"The Dominican Republic has the highest road traffic mortality rate in the area. After the city led a pilot program to add bike lanes, streets became safer, &amp; more people are choosing to cycle. \n\nHear from Mayor @CarolinaMejiaG on the Partnership for Healthy Cities initiative: https://t.co/Ev7Mi0BSD1"},{"id":"1428352321579147264","created_at":"2021-08-19T13:45:05.000Z","public_metrics":{"retweet_count":60,"reply_count":27,"like_count":546,"quote_count":7},"text":"Local leaders are protecting the health and safety of millions of people through the Partnership for Healthy Cities with @WHO and @VitalStrat. We're glad to support work in 6 new cities: Bucharest, Cairo, Córdoba, Dublin, Greater Manchester, &amp; Warsaw: https://t.co/4iyk5j1YXo https://t.co/mRVwj5ShIi"},{"id":"1428010826494103554","created_at":"2021-08-18T15:08:06.000Z","public_metrics":{"retweet_count":31,"reply_count":0,"like_count":0,"quote_count":0},"text":"RT @SadiqKhan: Immigration enriches, rather than diminishes, our city - and Sumayya Vally's @SerpentineUK Pavilion Commission captures this…"},{"id":"1427658353099091979","created_at":"2021-08-17T15:47:30.000Z","public_metrics":{"retweet_count":64,"reply_count":56,"like_count":294,"quote_count":6},"text":"The data is clear: Climate change is multiplying the threat of extreme weather.\n\nWe need to cut emissions – and we need to do it fast. https://t.co/Z1cEsEll5J"}],"meta":{"oldest_id":"1427658353099091979","newest_id":"1431325122829471750","result_count":13}}