{"data":[{"public_metrics":{"retweet_count":571,"reply_count":0,"like_count":0,"quote_count":0},"created_at":"2021-08-29T21:14:21.000Z","text":"RT @AlecStapp: Endorse every sentence of this from @ezraklein on US foreign policy &amp; militarism:\n\n\"You can just give people money. You can…","id":"1432089262250283008"},{"public_metrics":{"retweet_count":18,"reply_count":0,"like_count":0,"quote_count":0},"created_at":"2021-08-27T23:56:12.000Z","text":"RT @annehelen: Found this @ezraklein podcast with Robert Wright on Afghanistan *enormously* clarifying \n\nhttps://t.co/xAZgmHFfWD","id":"1431405217799573511"},{"public_metrics":{"retweet_count":0,"reply_count":0,"like_count":7,"quote_count":0},"created_at":"2021-08-27T16:19:24.000Z","text":"@atrembath Congrats!","id":"1431290261003546631"},{"public_metrics":{"retweet_count":19,"reply_count":5,"like_count":79,"quote_count":1},"created_at":"2021-08-27T16:15:33.000Z","text":"Excellent thread on inflation and the Fed. https://t.co/KIO7WbpxSr","id":"1431289289132756993"},{"public_metrics":{"retweet_count":41,"reply_count":0,"like_count":0,"quote_count":0},"created_at":"2021-08-27T16:15:02.000Z","text":"RT @eosnos: \"The choice we face is not between isolationism and militarism. We are not powerful enough to achieve the unachievable. But we…","id":"1431289160824868868"},{"public_metrics":{"retweet_count":427,"reply_count":161,"like_count":2256,"quote_count":94},"created_at":"2021-08-27T14:23:30.000Z","text":"\"I think, if there’s one thing I would propose as a miracle cure for the ills of US foreign policy, it would be for Americans to get much better at trying to see the world from the perspective of other people around the world.\"\n\nListen to @robertwrighter: https://t.co/skCZYlATCQ","id":"1431261093221986309"},{"public_metrics":{"retweet_count":653,"reply_count":0,"like_count":0,"quote_count":0},"created_at":"2021-08-26T20:42:05.000Z","text":"RT @zackbeauchamp: This is just insanely dishonest. \n\nThe reasons that there had been no US service deaths since February 2020 — that very…","id":"1430993978304843778"},{"public_metrics":{"retweet_count":168,"reply_count":31,"like_count":1232,"quote_count":6},"created_at":"2021-08-26T16:18:24.000Z","text":"This is key, and it's one part of my piece I want to emphasize: We're often told the choice is between isolationism and militarism. But it's not. We could do so much more good than we do, with so much more certainty about the results. https://t.co/nTQWudLVzq","id":"1430927619697041408"},{"public_metrics":{"retweet_count":165,"reply_count":59,"like_count":1000,"quote_count":43},"created_at":"2021-08-26T16:15:49.000Z","text":"Full column here: https://t.co/uF4MrITu8z","id":"1430926970238291969"},{"public_metrics":{"retweet_count":174,"reply_count":32,"like_count":1539,"quote_count":23},"created_at":"2021-08-26T16:15:49.000Z","text":"But this is a way the left-right split in this country is not what it seems. \n\nThe right doesn't doubt the US government's ability to do extraordinary, seemingly impossible, things. It just doubts its ability to do those things here at home.","id":"1430926969013628931"},{"public_metrics":{"retweet_count":91,"reply_count":14,"like_count":1296,"quote_count":5},"created_at":"2021-08-26T16:15:49.000Z","text":"Cooke writes, \"COVID-19, by contrast, was — and is — a far, far more difficult challenge.\"\n\nThat's wild. I think we could have matched Canada or Germany or South Korea's performance over the first 6 months. \n\nI don't think Canada, Germany or SK could have remade Afghanistan.","id":"1430926967876907008"},{"public_metrics":{"retweet_count":163,"reply_count":18,"like_count":1321,"quote_count":3},"created_at":"2021-08-26T16:15:48.000Z","text":"The illusion that we could control events in Afghanistan has been at the base of failure after failure. The refusal to admit that is remarkable.\n\nGiven the incredible record of failed American predictions and policymaking about Afghanistan, maybe a bit of humility is in order?","id":"1430926966648016898"},{"public_metrics":{"retweet_count":51,"reply_count":6,"like_count":790,"quote_count":2},"created_at":"2021-08-26T16:15:48.000Z","text":"But, and this is key, so is worse. \n\nPerhaps this will sound \"pseudo-scientific\" to Cooke, but policymaking is probabilistic, and any alternative you try has some chance of going wrong in different, and perhaps worse, ways. https://t.co/SgFaiz1fO8","id":"1430926964299165701"},{"public_metrics":{"retweet_count":34,"reply_count":6,"like_count":791,"quote_count":0},"created_at":"2021-08-26T16:15:47.000Z","text":"There are places where Cooke and I probably don't disagree: He identifies the visa process in the withdrawal as a mess, and in my column, I call it \"unforgivable.\" Better is always possible.","id":"1430926960067182593"},{"public_metrics":{"retweet_count":557,"reply_count":28,"like_count":2979,"quote_count":30},"created_at":"2021-08-26T16:15:46.000Z","text":"But you see this all the time. The same people who say the US government would make a mess out of a national healthcare system will tell you we can invade Iran, Iraq, Syria, etc, and remake their societies.","id":"1430926958871810051"},{"public_metrics":{"retweet_count":63,"reply_count":13,"like_count":983,"quote_count":0},"created_at":"2021-08-26T16:15:46.000Z","text":"Cooke's argument — again, read it for yourself — is that because I believed Elizabeth Warren could have mounted a stronger domestic response to COVID, I'm a hypocrite for saying events in Afghanistan had spun beyond our control, and a reckoning with our overreach is overdue.","id":"1430926957567385603"},{"public_metrics":{"retweet_count":1458,"reply_count":175,"like_count":8587,"quote_count":115},"created_at":"2021-08-26T16:15:46.000Z","text":"This is worth reading, as it illustrates a peculiar pathology in modern conservatism: The idea that the US government is too incompetent to execute domestic policy well, but it has extraordinary control over outcomes in countries it invades. https://t.co/f3okFaUJdn","id":"1430926955730198533"},{"public_metrics":{"retweet_count":5185,"reply_count":0,"like_count":0,"quote_count":0},"created_at":"2021-08-26T15:47:19.000Z","text":"RT @paulkrugman: Things people may not know: California is often described as high-tax, Texas as low-tax. But that's only true for high inc…","id":"1430919796955107334"},{"public_metrics":{"retweet_count":251,"reply_count":55,"like_count":1032,"quote_count":44},"created_at":"2021-08-26T15:44:24.000Z","text":"At least for my adult life, on foreign policy, our political problem has been that the parties have agreed on too much, and dissenting voices have been shut out. That has allowed too much to go unquestioned, and too many failures to go uncorrected. https://t.co/uF4MrITu8z","id":"1430919064570908672"},{"public_metrics":{"retweet_count":17,"reply_count":0,"like_count":0,"quote_count":0},"created_at":"2021-08-25T16:27:48.000Z","text":"RT @nytopinion: Is one of your favorite places in your country being affected by climate change? \n\nHow do you feel seeing it reshaped by en…","id":"1430567597326561286"},{"public_metrics":{"retweet_count":81,"reply_count":72,"like_count":4499,"quote_count":3},"created_at":"2021-08-25T13:40:59.000Z","text":"@samstein Jesus, the wording on that poll.","id":"1430525615959023625"},{"public_metrics":{"retweet_count":0,"reply_count":0,"like_count":15,"quote_count":0},"created_at":"2021-08-25T01:21:25.000Z","text":"@_waleedshahid Don’t just tweet that. Write the book proposal!","id":"1430339498445991941"},{"public_metrics":{"retweet_count":28,"reply_count":12,"like_count":188,"quote_count":9},"created_at":"2021-08-24T20:54:28.000Z","text":"Our full conversation, with transcript, is here: https://t.co/PAOP6LXQ5y","id":"1430272316521385985"},{"public_metrics":{"retweet_count":155,"reply_count":26,"like_count":865,"quote_count":38},"created_at":"2021-08-24T20:54:27.000Z","text":"I didn't realize how much \"The Body Keeps the Score\" is about the ways the mind hides the score. We are social creatures, and when a violation threatens to cut us off from our community, our mind rebels. This is particularly, guttingly true for children: https://t.co/txWJGiKlrO https://t.co/UNTDk9fKYh","id":"1430272313778339840"},{"public_metrics":{"retweet_count":5,"reply_count":4,"like_count":58,"quote_count":0},"created_at":"2021-08-24T15:59:10.000Z","text":"And here are van der Kolk's book recommendations:\n\n\"The Apology,\" by V\n\n\"Love in Goon Park,\" by Deborah Blum\n\n\"The Narrow Road to the Deep North,\" by Richard Flanagan","id":"1430198004061933568"},{"public_metrics":{"retweet_count":39,"reply_count":8,"like_count":269,"quote_count":16},"created_at":"2021-08-24T15:59:10.000Z","text":"My conversation with Bessel van der Kolk, author of \"The Body Keeps the Score,\" on how trauma changes the brain and disconnects the body from the mind: https://t.co/PAOP6LXQ5y","id":"1430198002510008325"},{"public_metrics":{"retweet_count":23,"reply_count":0,"like_count":0,"quote_count":0},"created_at":"2021-08-24T13:40:11.000Z","text":"RT @elizupnick: If you are (or know) a jr. staffer interested in jumping into a new project to help fix our broken democracy, check this ou…","id":"1430163029182717953"},{"public_metrics":{"retweet_count":71,"reply_count":14,"like_count":242,"quote_count":6},"created_at":"2021-08-24T13:39:31.000Z","text":"\"Of the 20 California counties with the highest proportion of residents currently hospitalized with the coronavirus, 19 have a vaccination rate below the statewide average of 55 percent.\" https://t.co/DcPXUB8TD2","id":"1430162859938312192"},{"public_metrics":{"retweet_count":62,"reply_count":18,"like_count":702,"quote_count":3},"created_at":"2021-08-24T03:05:39.000Z","text":"The Pod Save the World episode on Afghanistan is excellent. https://t.co/sr4myRYaM3","id":"1430003342864912389"},{"public_metrics":{"retweet_count":465,"reply_count":78,"like_count":1669,"quote_count":65},"created_at":"2021-08-22T17:23:18.000Z","text":"The prices hospitals and insurers don't want you to see: https://t.co/Bn23f48pTD","id":"1429494399541538822"}],"meta":{"oldest_id":"1429494399541538822","newest_id":"1432089262250283008","result_count":30}}