{"data":[{"public_metrics":{"retweet_count":22,"reply_count":14,"like_count":241,"quote_count":3},"id":"1457782330563518475","text":"This is fair. I meant that CA made paid leave for both parents law, but Matt is right that there are other problems. (It's also *very* confusing to sign up for.) \n\nInequality in who gets the opportunity to care for their infant children is one of the cruelest forms of inequality. https://t.co/rircK2fVz5","created_at":"2021-11-08T18:49:26.000Z"},{"public_metrics":{"retweet_count":32,"reply_count":0,"like_count":0,"quote_count":0},"id":"1457775166113546246","text":"RT @MaggieAstor: A thread worth reading.\n\nA thing my father-in-law says that I really like is that love is a verb more than a noun. That's…","created_at":"2021-11-08T18:20:58.000Z"},{"public_metrics":{"retweet_count":66,"reply_count":19,"like_count":1011,"quote_count":4},"id":"1457771045633421319","text":"Anyway, I'm trying to stay off this site during the rest of my leave, but everyone should read Gopnik's \"The Gardener and the Carpenter.\" It's life-changing. https://t.co/7be3DI5Bsh","created_at":"2021-11-08T18:04:36.000Z"},{"public_metrics":{"retweet_count":294,"reply_count":11,"like_count":2041,"quote_count":21},"id":"1457771043959934980","text":"What you see in all this, though, is bad policy is supported by bad culture. Watching adult men with children struggle to imagine what a man might do with parental leave, or what parental leave might do for them, is a brutal commentary on fatherhood in America.","created_at":"2021-11-08T18:04:35.000Z"},{"public_metrics":{"retweet_count":63,"reply_count":10,"like_count":1145,"quote_count":1},"id":"1457771041145585664","text":"That's a policy choice that we are closer to fixing. Many states, like California, have fixed it. We should fix it nationally, too. \n\nThat there's no chance of Congress passing a strong, well-designed parental leave program this session is heartbreaking.","created_at":"2021-11-08T18:04:34.000Z"},{"public_metrics":{"retweet_count":87,"reply_count":5,"like_count":1301,"quote_count":2},"id":"1457771038649962510","text":"Parents have done remarkable, heroic work under these circumstances. I'm not saying, in any way, that you can't be a great parent if you didn't get or take leave. It's the acts of care that build love.\n\nBut we shouldn't have made it so hard for you.","created_at":"2021-11-08T18:04:34.000Z"},{"public_metrics":{"retweet_count":64,"reply_count":6,"like_count":1333,"quote_count":3},"id":"1457771036527661059","text":"But a lot of fathers (and mothers!) never had a choice. They weren't given the time to care for their infant children. They weren't given the cultural permission to do it. They still aren't.","created_at":"2021-11-08T18:04:33.000Z"},{"public_metrics":{"retweet_count":130,"reply_count":21,"like_count":1814,"quote_count":6},"id":"1457771034631802887","text":"That's what was so telling and sad about Tucker Carlson's comment, among others: To think all a parent does for a baby is breastfeed is to reveal pretty clearly you've been on the outside of the experience, looking in through a foggy window. https://t.co/iDkbHyQ6ai","created_at":"2021-11-08T18:04:33.000Z"},{"public_metrics":{"retweet_count":137,"reply_count":6,"like_count":1848,"quote_count":5},"id":"1457771032048111618","text":"This is a way that shitty ideas about masculinity really hurt men too. We tell men that missing out on infant parenting is escaping gross work. We don't tell them what they're missing.","created_at":"2021-11-08T18:04:32.000Z"},{"public_metrics":{"retweet_count":183,"reply_count":8,"like_count":1838,"quote_count":12},"id":"1457771029107908611","text":"This is something @AlisonGopnik says, and it's among the most important lines I've ever heard: We don't just care for others because we love them. We love them because we perform acts of care for them. https://t.co/obhLW2p1CJ","created_at":"2021-11-08T18:04:32.000Z"},{"public_metrics":{"retweet_count":133,"reply_count":16,"like_count":2178,"quote_count":15},"id":"1457771026503258118","text":"I've seen a lot of older men who have no idea how to care for babies. They can't change a diaper, they don't know how to quiet a tantrum. They hold the baby for a minute and pass them back. They want to connect and build a relationship, but they can't. It's a lifelong loss.","created_at":"2021-11-08T18:04:31.000Z"},{"public_metrics":{"retweet_count":303,"reply_count":10,"like_count":3088,"quote_count":44},"id":"1457771023697268749","text":"Men should take paternity leave because they should care for their children, and experience the love that grows out of caring for their children. \n\nTo miss that is to parent (and live) in grayscale, not color.","created_at":"2021-11-08T18:04:30.000Z"},{"public_metrics":{"retweet_count":1025,"reply_count":107,"like_count":8579,"quote_count":288},"id":"1457771021327503360","text":"I managed to miss most of the horrible Paternity Leave Discourse because, well, I'm on paternity leave until January.\n\nBut: Parental leave should be universal, and it should be universally taken. And not just so men can be helpmates to their wives, who're doing the Real Work.","created_at":"2021-11-08T18:04:30.000Z"},{"public_metrics":{"retweet_count":1,"reply_count":5,"like_count":25,"quote_count":0},"id":"1457762717553487872","text":"@jaj7d @Nolan_Mc @davidshor @LilyMasonPhD @JakeMGrumbach Wait, really? Can I watch it?","created_at":"2021-11-08T17:31:30.000Z"}],"meta":{"oldest_id":"1457762717553487872","newest_id":"1457782330563518475","result_count":14}}