{"data":[{"id":"1437796184358277125","text":"Why Colson Whitehead loves zombies, Marvel comics and midcentury furniture: https://t.co/8ZwVlPCNkS","created_at":"2021-09-14T15:11:37.000Z","public_metrics":{"retweet_count":16,"reply_count":6,"like_count":91,"quote_count":5}},{"id":"1436405951045648385","text":"Good @PaulKrugman newsletter on inflation, getting at the point that because we don’t understand inflationary dynamics that well, people’s implicit historical analogies matter a lot for their forecasting. https://t.co/ickTcIMgnn","created_at":"2021-09-10T19:07:20.000Z","public_metrics":{"retweet_count":25,"reply_count":11,"like_count":120,"quote_count":4}},{"id":"1436399124652331010","text":"The Apple decision seems very good for anyone who uses Apple products. An example of courts making it harder for a company to mistreat its own customers.","created_at":"2021-09-10T18:40:12.000Z","public_metrics":{"retweet_count":40,"reply_count":15,"like_count":357,"quote_count":3}},{"id":"1436397937429397504","text":"RT @ElaineMaag: Just a friendly reminder that the most important piece of the #ChildTaxCredit #CTC for low-income families with children is…","created_at":"2021-09-10T18:35:29.000Z","public_metrics":{"retweet_count":40,"reply_count":0,"like_count":0,"quote_count":0}},{"id":"1436397340378624002","text":"Full conversation and transcript here: https://t.co/iOJCTEKtj3","created_at":"2021-09-10T18:33:07.000Z","public_metrics":{"retweet_count":4,"reply_count":12,"like_count":63,"quote_count":2}},{"id":"1436397338218483716","text":"And here he is on what the left has gotten wrong: https://t.co/pzLcADvylh","created_at":"2021-09-10T18:33:07.000Z","public_metrics":{"retweet_count":3,"reply_count":3,"like_count":58,"quote_count":0}},{"id":"1436397334238142467","text":"Here's @tylercowen on how rightwing critiques of government spending have made government bigger, its spending less effective, and impeded both scientific and technological progress: https://t.co/SUBxQ49oHy https://t.co/tDFRTuzehe","created_at":"2021-09-10T18:33:06.000Z","public_metrics":{"retweet_count":75,"reply_count":14,"like_count":374,"quote_count":15}},{"id":"1436366553621008385","text":"RT @DKThomp: In the last 48 hours:\n\n- BioNTech announced human trials for cancer vaccines using mRNA technology\n\n- Moderna announced promis…","created_at":"2021-09-10T16:30:47.000Z","public_metrics":{"retweet_count":1813,"reply_count":0,"like_count":0,"quote_count":0}},{"id":"1436366336507080706","text":"RT @aseitzwald: Big movement in new @BerkeleyIGS poll as Dems have become more engaged in CA recall:\n\nNow just 38.5% of likely voters suppo…","created_at":"2021-09-10T16:29:55.000Z","public_metrics":{"retweet_count":36,"reply_count":0,"like_count":0,"quote_count":0}},{"id":"1436366175621902338","text":"RT @CaseyNewton: Game-changer: judge says developers can now direct customers to use outside payment systems https://t.co/xyEK8IEGHN","created_at":"2021-09-10T16:29:17.000Z","public_metrics":{"retweet_count":149,"reply_count":0,"like_count":0,"quote_count":0}},{"id":"1436352574190350344","text":"RT @WesleyLowery: these are truly insane amounts of money to pay for a journalism degree https://t.co/BG6KaZyY7z https://t.co/ZFndxWBCFL","created_at":"2021-09-10T15:35:14.000Z","public_metrics":{"retweet_count":468,"reply_count":0,"like_count":0,"quote_count":0}},{"id":"1436349784403550209","text":"If you want recall elections, there should be a recall question, alone. \n\nIf it succeeds, it should *then* trigger a new election all parties can run in cleanly.","created_at":"2021-09-10T15:24:09.000Z","public_metrics":{"retweet_count":48,"reply_count":37,"like_count":832,"quote_count":9}},{"id":"1436349782914568195","text":"This is why the design of the CA recall is so maddening. You’re asking parties to choose between maximizing the chance they lose the recall by running an alt candidate or maximizing the chance they lose on the replacement because they didn’t run one. \n\nThere’s no good answer. https://t.co/gh41BC0Qcl","created_at":"2021-09-10T15:24:08.000Z","public_metrics":{"retweet_count":40,"reply_count":22,"like_count":603,"quote_count":2}},{"id":"1436346193806704640","text":"For much more on embodied learning, and why it matters, my conversation with @anniemurphypaul is a great pairing here: https://t.co/Pm1IB60PeY","created_at":"2021-09-10T15:09:53.000Z","public_metrics":{"retweet_count":5,"reply_count":0,"like_count":53,"quote_count":2}},{"id":"1436345540116029444","text":"Lots of gems (and good disagreements!) in this conversation with @tylercowen, but his argument at the end for why books are overrated, and embodied learning underrated, really is a key to what makes Tyler's outlook different.\n\nAs he'd say, \"recommended.\"  https://t.co/iOJCTEKtj3","created_at":"2021-09-10T15:07:17.000Z","public_metrics":{"retweet_count":52,"reply_count":18,"like_count":428,"quote_count":12}},{"id":"1435338121210593280","text":"RT @ConorDougherty: In addition to sky high prices and near-zero inventory, the Bay Area housing market trades on a sadistic pricing scheme…","created_at":"2021-09-07T20:24:10.000Z","public_metrics":{"retweet_count":135,"reply_count":0,"like_count":0,"quote_count":0}},{"id":"1433842947552780288","text":"@colinmort @conorduffy_7 There was an excellent Reddit thread about this awhile back but yes, a human being could annihilate a goose if they had to.","created_at":"2021-09-03T17:22:52.000Z","public_metrics":{"retweet_count":0,"reply_count":0,"like_count":10,"quote_count":0}},{"id":"1433842123653091331","text":"(Though the zoning policy is important too.)","created_at":"2021-09-03T17:19:36.000Z","public_metrics":{"retweet_count":3,"reply_count":4,"like_count":137,"quote_count":0}},{"id":"1433841449301209092","text":"\uD83D\uDC4F\uD83D\uDC4F\uD83D\uDC4F\uD83D\uDC4F https://t.co/Wy5Y9T9sgu","created_at":"2021-09-03T17:16:55.000Z","public_metrics":{"retweet_count":19,"reply_count":12,"like_count":598,"quote_count":0}},{"id":"1433810548768997377","text":"The pithiest description of Joe Biden’s economic vision I’ve heard, from @FeliciaWongRI: He wants to build a “high-care, low-carbon” economy: https://t.co/DC9gzKnlyq","created_at":"2021-09-03T15:14:08.000Z","public_metrics":{"retweet_count":43,"reply_count":9,"like_count":207,"quote_count":13}},{"id":"1433795911444881410","text":"@janecoaston I assume that workout actually made you two years younger, so net-net...","created_at":"2021-09-03T14:15:58.000Z","public_metrics":{"retweet_count":0,"reply_count":2,"like_count":37,"quote_count":0}},{"id":"1433793391834251264","text":"RT @ezraklein: I don't think most Californians know how much Newsom and the Democratic legislature have done in the last 18 months.\n\nTo be…","created_at":"2021-09-03T14:05:57.000Z","public_metrics":{"retweet_count":4082,"reply_count":0,"like_count":0,"quote_count":0}},{"id":"1433581655260741669","text":"@ddayen Which is why my piece ends on the difficulties of implementation.\n\nI’m not sure we’re saying anything that different. I’m just rejecting that the pieces contradict. My position is consistent: Pass good policy and I’ll praise you and argue you deserve the chance to implement it.","created_at":"2021-09-03T00:04:35.000Z","public_metrics":{"retweet_count":0,"reply_count":1,"like_count":5,"quote_count":0}},{"id":"1433563201891803138","text":"And I'll add the February piece here, which I still think describes a powerful and poisonous dynamic in California's politics. One hope I have is that the recall has focused Democrats' minds on the danger of letting symbolism stand-in for progress. https://t.co/5ipDXQhgKQ","created_at":"2021-09-02T22:51:16.000Z","public_metrics":{"retweet_count":10,"reply_count":7,"like_count":103,"quote_count":2}},{"id":"1433562830830125071","text":"Anyway, full piece here! https://t.co/8qX6jn4mas","created_at":"2021-09-02T22:49:47.000Z","public_metrics":{"retweet_count":24,"reply_count":11,"like_count":130,"quote_count":10}},{"id":"1433562829299216385","text":"But @ddayen is right in that thread that Jerry Brown doesn't deserve all the credit for the tax increases.","created_at":"2021-09-02T22:49:47.000Z","public_metrics":{"retweet_count":1,"reply_count":2,"like_count":39,"quote_count":0}},{"id":"1433562827806023687","text":"And I think of housing as basically the key to everything else in California. If people can't afford to live here, nothing else we do can really be just. Great climate policy in a housing climate that forces people to move to Texas isn't great climate policy.","created_at":"2021-09-02T22:49:47.000Z","public_metrics":{"retweet_count":19,"reply_count":6,"like_count":154,"quote_count":2}},{"id":"1433562825025208329","text":"Which is why the longest section of this piece is on housing, also the main subject of my Feb piece. \n\nPolitical pressure is finally driving new policy, even at the cost of angering homeowners and other interests. \n\nYou have to be willing to piss people off to make change. https://t.co/YixrpC7sZQ","created_at":"2021-09-02T22:49:46.000Z","public_metrics":{"retweet_count":8,"reply_count":1,"like_count":74,"quote_count":0}},{"id":"1433562819903963136","text":"One reason I focus on housing so much is I'm less impressed by policy where Newsom and the Dems are just spending down a surplus. \n\nThat's good to do in just ways, but that money won't always be there. It's governing on easy mode.","created_at":"2021-09-02T22:49:45.000Z","public_metrics":{"retweet_count":3,"reply_count":2,"like_count":72,"quote_count":0}},{"id":"1433562818331086851","text":"Just one example: The forerunner to SB9, SB1120, had died a few months before, when the Assembly passed it minutes before the clock stopped, and so the Senate couldn't vote on it.\n\nEveryone involved in that fiasco should be ashamed. Valuable lost time. https://t.co/HB2jtdHxYW","created_at":"2021-09-02T22:49:44.000Z","public_metrics":{"retweet_count":2,"reply_count":1,"like_count":58,"quote_count":0}},{"id":"1433562816372305920","text":"I update my views when policy changes, not before.\n\nMost of of what I emphasize in here, like SB9 and universal pre-k for 4 year olds, passed in the last few months.\n\nIn my view, this piece would've been crazy to write in February. https://t.co/tFFDUMClN5","created_at":"2021-09-02T22:49:44.000Z","public_metrics":{"retweet_count":9,"reply_count":5,"like_count":196,"quote_count":0}},{"id":"1433549157730447417","text":"RT @hanlonbt: As an evidence-based advocacy organization, @cayimby  has been frustrated by the lack of good data about the efficacy of stat…","created_at":"2021-09-02T21:55:27.000Z","public_metrics":{"retweet_count":10,"reply_count":0,"like_count":0,"quote_count":0}},{"id":"1433526826635198465","text":"RT @ezralevin: @frankthorp \"I am shocked and appalled at the inevitable consequences of my actions\"","created_at":"2021-09-02T20:26:43.000Z","public_metrics":{"retweet_count":109,"reply_count":0,"like_count":0,"quote_count":0}},{"id":"1433526571134951432","text":"“We dominate all Western democracies in the last 5 years in GDP,” @GavinNewsom told me. “The GOP loves GDP! 21% G.D.P. growth in the last five years. Texas was 12%. And our taxes are lower for the middle class in California than they are in Texas.” https://t.co/8qX6jn4mas","created_at":"2021-09-02T20:25:42.000Z","public_metrics":{"retweet_count":183,"reply_count":25,"like_count":876,"quote_count":27}},{"id":"1433522231083102222","text":"RT @nytopinion: Join us for a LIVE conversation to discuss the California recall election. \n\nHost: @mcottle\n\nGuests: \n@ezraklein\n@fmanjoo\n@…","created_at":"2021-09-02T20:08:28.000Z","public_metrics":{"retweet_count":14,"reply_count":0,"like_count":0,"quote_count":0}},{"id":"1433515952071577612","text":"Welp, guess I'm subscribing to another Substack. I'l follow @JamesFallows anywhere. https://t.co/9ffAEYIF6C","created_at":"2021-09-02T19:43:31.000Z","public_metrics":{"retweet_count":8,"reply_count":4,"like_count":86,"quote_count":2}},{"id":"1433515544120987680","text":"There's much more in the column, including on Newsom's weaknesses.\n\nI'll be joining some of my @nytopinion colleagues for a Twitter Spaces on the California recall at 1pm PT/4pm ET. Tune in! https://t.co/jOO2f3MNUp","created_at":"2021-09-02T19:41:53.000Z","public_metrics":{"retweet_count":62,"reply_count":21,"like_count":398,"quote_count":5}},{"id":"1433515542309048324","text":"But even beyond housing there's been a flurry of policymaking that, if implemented well, will really change lives in California. Universal pre-k for 4 year olds, for instance, is a big deal. \n\nI'd like to see Newsom and the Democrats get the chance to finish what they've started. https://t.co/ye26z0FY0P","created_at":"2021-09-02T19:41:53.000Z","public_metrics":{"retweet_count":195,"reply_count":15,"like_count":1041,"quote_count":5}},{"id":"1433515538169270279","text":"But on issues like housing, where symbolic gestures have dominated, California's Democrats have woken up. The state is on the cusp of ending single-family zoning! \n\nWrecking the political coalition that's finally moving policy on this issue would be madness. https://t.co/EAAo4KRKrE","created_at":"2021-09-02T19:41:52.000Z","public_metrics":{"retweet_count":154,"reply_count":13,"like_count":952,"quote_count":6}},{"id":"1433515533765251079","text":"And I want to take the moment to disagree with my friend @tylercowen's case for Larry Elder. \n\nTyler's view is that California Democrats need a wake-up call and the legislature could stop Elder from doing anything really nuts. https://t.co/O6UTkdmJMo","created_at":"2021-09-02T19:41:51.000Z","public_metrics":{"retweet_count":64,"reply_count":58,"like_count":466,"quote_count":8}},{"id":"1433515532251107337","text":"I don't think most Californians know how much Newsom and the Democratic legislature have done in the last 18 months.\n\nTo be honest, I didn't know a lot of it, until I sat down to pick through their record. But it's impressive. https://t.co/8qX6jn4mas","created_at":"2021-09-02T19:41:50.000Z","public_metrics":{"retweet_count":4082,"reply_count":257,"like_count":11791,"quote_count":379}},{"id":"1433510571689709583","text":"@ConorDougherty I think the issue here is the Republican base wanted Elder and the CA Republican Party, like all the other Republican Parties, doesn’t have the power to challenge or persuade its own voters.","created_at":"2021-09-02T19:22:08.000Z","public_metrics":{"retweet_count":0,"reply_count":2,"like_count":33,"quote_count":0}},{"id":"1433475874968408066","text":"RT @EricTopol: Good to see: Some of the first data to show vaccinations reduce the chance of #LongCovid when a breakthrough infection occur…","created_at":"2021-09-02T17:04:15.000Z","public_metrics":{"retweet_count":417,"reply_count":0,"like_count":0,"quote_count":0}},{"id":"1433474859774844956","text":"I wonder if anything that happened this week has changed Stephen Breyer's mind about waiting to retire until Republicans can choose or block his replacement.","created_at":"2021-09-02T17:00:13.000Z","public_metrics":{"retweet_count":350,"reply_count":141,"like_count":3970,"quote_count":25}},{"id":"1433473643619622917","text":"RT @jdcmedlock: Great timing https://t.co/HTDlCpGA6c","created_at":"2021-09-02T16:55:23.000Z","public_metrics":{"retweet_count":93,"reply_count":0,"like_count":0,"quote_count":0}},{"id":"1433283198880944141","text":"We live in the foreign policy aftermath of 2000, and the legal aftermath of 2014.\n\nThis whole era is a brutal reminder that you never know which elections will turn out to be the hinges on which history turns, and so you need to treat them all that way.  https://t.co/rLyZIM9xif https://t.co/nTKbugxgh3","created_at":"2021-09-02T04:18:38.000Z","public_metrics":{"retweet_count":255,"reply_count":23,"like_count":1088,"quote_count":12}},{"id":"1433252304338112514","text":"This gets at what’s always struck me as @tylercowen’s greatest trait: He’s an unusually good appreciator of people, books, ideas, art. A lot of people spend their energy figuring out why they don’t like things. He does the opposite, and that pays off. https://t.co/I1fpMybCEH","created_at":"2021-09-02T02:15:52.000Z","public_metrics":{"retweet_count":31,"reply_count":9,"like_count":421,"quote_count":8}},{"id":"1433218434205106177","text":"RT @ortmanc: When the campaign fundraising email copy is written by a kid too young to know who @JamesCarville is. https://t.co/p0Pt2tnI0Q","created_at":"2021-09-02T00:01:17.000Z","public_metrics":{"retweet_count":462,"reply_count":0,"like_count":0,"quote_count":0}},{"id":"1433192773973278721","text":"This is worth reading. https://t.co/N7BLJOFIFR","created_at":"2021-09-01T22:19:19.000Z","public_metrics":{"retweet_count":426,"reply_count":55,"like_count":1270,"quote_count":50}},{"id":"1433165307737083904","text":"@Noahpinion @ATabarrok @tylercowen That's the problem. You might've met the love of your life here the day after you move to Japan, and it'll be all @tylercowen's fault that you didn't. \n\n(I'm just kidding, of course! This sounds amazing.)","created_at":"2021-09-01T20:30:10.000Z","public_metrics":{"retweet_count":0,"reply_count":1,"like_count":12,"quote_count":0}},{"id":"1433163989144387585","text":"@Noahpinion @ATabarrok @tylercowen Wait, won't you only know if it's the best life advice you've ever gotten after it happens?","created_at":"2021-09-01T20:24:56.000Z","public_metrics":{"retweet_count":0,"reply_count":4,"like_count":22,"quote_count":0}},{"id":"1433152596320010242","text":"The one caveat I'd offer is policies become more salient when they're threatened. So Obamacare became a political winner when repeal was a threat. The Child Tax Credit may become more visible when its expiration looms.","created_at":"2021-09-01T19:39:40.000Z","public_metrics":{"retweet_count":17,"reply_count":10,"like_count":235,"quote_count":0}},{"id":"1433152594298302464","text":"Doesn't mean you shouldn't try. If your policies help people, that's great! If that changes the minds of 3 percent of the electorate, that could win you the election!\n\nBut it's depressing how hard it is to break through on a mass scale with even the most direct policies.","created_at":"2021-09-01T19:39:39.000Z","public_metrics":{"retweet_count":17,"reply_count":3,"like_count":259,"quote_count":3}},{"id":"1433152592385757188","text":"This is something I talk about in an upcoming podcast with @FeliciaWongRI, but the evidence that you can build policy feedback loops, even with really clear policies like stimulus checks and the child tax credit, is much weaker than I wish it was. https://t.co/RRVfjRrSzh","created_at":"2021-09-01T19:39:39.000Z","public_metrics":{"retweet_count":69,"reply_count":21,"like_count":410,"quote_count":16}},{"id":"1433131972616810501","text":"@dreamoforgonon @attackerman @CerebroCast @Elana_Brooklyn Hah! See, lost my fan credentials almost instantly.","created_at":"2021-09-01T18:17:43.000Z","public_metrics":{"retweet_count":0,"reply_count":2,"like_count":3,"quote_count":0}},{"id":"1433131384386691072","text":"@dreamoforgonon @attackerman @CerebroCast I'm excited!\n\nBut as I told Spencer, I'm really waiting for the Madrox episode.","created_at":"2021-09-01T18:15:22.000Z","public_metrics":{"retweet_count":0,"reply_count":1,"like_count":7,"quote_count":0}},{"id":"1433130965933576192","text":"RT @dreamoforgonon: Oh, my god. Well @ezraklein, thank you for listening! And thank you for mentioning @CEREBROcast in the same breath as @…","created_at":"2021-09-01T18:13:43.000Z","public_metrics":{"retweet_count":8,"reply_count":0,"like_count":0,"quote_count":0}},{"id":"1433096960181821441","text":"RT @joeposner: It's finally happening! Mark your calendars: September 14th at 8pm! We've been working with @HBODocs all year on this: https…","created_at":"2021-09-01T15:58:35.000Z","public_metrics":{"retweet_count":12,"reply_count":0,"like_count":0,"quote_count":0}},{"id":"1433093009822785536","text":"\"States that ended enhanced federal unemployment benefits early have so far seen about the same job growth as states that continued offering the pandemic-related extra aid, according to a Wall Street Journal analysis and economists.\" https://t.co/kYUO3BbGEK","created_at":"2021-09-01T15:42:53.000Z","public_metrics":{"retweet_count":105,"reply_count":17,"like_count":343,"quote_count":10}}],"meta":{"oldest_id":"1433093009822785536","newest_id":"1437796184358277125","result_count":59}}