{"data":[{"id":"1465359604745785347","created_at":"2021-11-29T16:38:49.000Z","public_metrics":{"retweet_count":0,"reply_count":0,"like_count":19,"quote_count":0},"text":"@janecoaston https://t.co/kPEIOsoKFl"},{"id":"1465359196635889665","created_at":"2021-11-29T16:37:12.000Z","public_metrics":{"retweet_count":0,"reply_count":4,"like_count":42,"quote_count":0},"text":"@yayitsrob This is extremely well put."},{"id":"1465359155795922946","created_at":"2021-11-29T16:37:02.000Z","public_metrics":{"retweet_count":40,"reply_count":0,"like_count":0,"quote_count":0},"text":"RT @yayitsrob: There’s a gap between the way that experts talk about mild infection when arguing against boosting (“vaccines aren’t perfect…"},{"id":"1465138553516478473","created_at":"2021-11-29T02:00:26.000Z","public_metrics":{"retweet_count":265,"reply_count":0,"like_count":0,"quote_count":0},"text":"RT @MattGrossmann: Young Republicans are the least likely to be vaccinated but the partisan gap is so large that only elderly Republicans a…"},{"id":"1465042310392016900","created_at":"2021-11-28T19:38:00.000Z","public_metrics":{"retweet_count":72,"reply_count":0,"like_count":0,"quote_count":0},"text":"RT @patrick_sharkey: My thoughts on the links between violence and urban inequality, and a lot more https://t.co/IFETpadRqI"},{"id":"1465003956774465537","created_at":"2021-11-28T17:05:36.000Z","public_metrics":{"retweet_count":3,"reply_count":5,"like_count":597,"quote_count":1},"text":"@GWillowWilson What a nightmare this web site is. I’ll take your Hanukkah well wishes!"},{"id":"1465002002232999937","created_at":"2021-11-28T16:57:50.000Z","public_metrics":{"retweet_count":90,"reply_count":20,"like_count":416,"quote_count":8},"text":"A lot of wisdom here from ⁦@zeynep⁩: https://t.co/2M6AxUMulW"},{"id":"1464996725760806919","created_at":"2021-11-28T16:36:52.000Z","public_metrics":{"retweet_count":27,"reply_count":8,"like_count":216,"quote_count":7},"text":"For more analysis of how this happened, and why it’s so hard to solve, listen to @JerusalemDemsas: https://t.co/9trD6jCn4h"},{"id":"1464995366080712715","created_at":"2021-11-28T16:31:28.000Z","public_metrics":{"retweet_count":200,"reply_count":43,"like_count":1186,"quote_count":29},"text":"Our inability to complete big projects on anything like the promised cost and timelines needs to be seen as more of a crisis. \n\nThink of what we need to build to meet our climate goals, and imagine if those projects fall into these traps: https://t.co/EdU8xNz5Gl"},{"id":"1464973604781658112","created_at":"2021-11-28T15:04:59.000Z","public_metrics":{"retweet_count":94,"reply_count":0,"like_count":0,"quote_count":0},"text":"RT @awprokop: I delved into the child care plan of the Build Back Better Act. It's one of the most ambitious parts of the bill, that could…"},{"id":"1463619507113512960","created_at":"2021-11-24T21:24:17.000Z","public_metrics":{"retweet_count":2,"reply_count":20,"like_count":74,"quote_count":0},"text":"@jbarro You’d need a less tainted Chris Christie for something like this. Problem with Rubio, and I suspect even DeSantis, is there’s a particularly personality type and performance style required for this to work in front of a Republican audience."},{"id":"1463599088440541184","created_at":"2021-11-24T20:03:09.000Z","public_metrics":{"retweet_count":15,"reply_count":0,"like_count":0,"quote_count":0},"text":"RT @tylercowen: It was such a wonderful year for non-fiction books...https://t.co/m4qgEECF5l"},{"id":"1463597864144179200","created_at":"2021-11-24T19:58:17.000Z","public_metrics":{"retweet_count":115,"reply_count":15,"like_count":449,"quote_count":4},"text":"You should absolutely read this thread, and this piece. https://t.co/j3yeXLccJy"},{"id":"1463587331928068099","created_at":"2021-11-24T19:16:26.000Z","public_metrics":{"retweet_count":0,"reply_count":0,"like_count":4,"quote_count":0},"text":"@CaseyNewton Why do you hate frames?"},{"id":"1463587189330046976","created_at":"2021-11-24T19:15:52.000Z","public_metrics":{"retweet_count":13,"reply_count":7,"like_count":151,"quote_count":4},"text":"(Also, the underlying CNBC article here, tracking the politics of the Diablo Canyon nuclear plant closure, is very good, and you should read it: https://t.co/qMnt20lBsT)"},{"id":"1463586298061484033","created_at":"2021-11-24T19:12:20.000Z","public_metrics":{"retweet_count":7,"reply_count":7,"like_count":186,"quote_count":0},"text":"Which is all to say I think an arms race of subscription widgets and advertisements has really increased the returns right now to truly clean design, which is an advantage for business models that don't require visual clutter."},{"id":"1463585837346553857","created_at":"2021-11-24T19:10:30.000Z","public_metrics":{"retweet_count":5,"reply_count":10,"like_count":183,"quote_count":2},"text":"It's easy to track when a widget is leading some of the audience to subscribe or to click on to that breaking news article. It's harder to track the generalized annoyance of readers, and the new market opportunity opening for competitors..."},{"id":"1463585836285394945","created_at":"2021-11-24T19:10:30.000Z","public_metrics":{"retweet_count":4,"reply_count":4,"like_count":219,"quote_count":0},"text":"I've been in meetings deciding whether to add some of these widgets to a page. I've asked for some of them!\n\nAll of these decisions make sense on their own. Some are financially necessary. But the reading experience degrades quickly as they add up."},{"id":"1463585833949151235","created_at":"2021-11-24T19:10:29.000Z","public_metrics":{"retweet_count":8,"reply_count":8,"like_count":257,"quote_count":1},"text":"I don't mean to pick on CNBC, as this applies to lots of sites. But I just went to read something there and... https://t.co/VfCsPB5ITS"},{"id":"1463585829104742404","created_at":"2021-11-24T19:10:28.000Z","public_metrics":{"retweet_count":110,"reply_count":43,"like_count":2483,"quote_count":34},"text":"One underplayed advantage for Substack and subscriber-based sites is how clean the reading experience is. A mixture of advertising, sign-up obsession, and recirculation efforts has made so many sites an awful reading experience."},{"id":"1463583262639460357","created_at":"2021-11-24T19:00:16.000Z","public_metrics":{"retweet_count":0,"reply_count":4,"like_count":44,"quote_count":0},"text":"@mattyglesias @janecoaston @goofrider @bengrossbg Is California Good?"},{"id":"1463523509812940802","created_at":"2021-11-24T15:02:50.000Z","public_metrics":{"retweet_count":29,"reply_count":55,"like_count":819,"quote_count":14},"text":"@mattyglesias Imma let you finish but 2000 was the most important election of our lifetime: https://t.co/rLyZIM9xif"},{"id":"1463294469936009216","created_at":"2021-11-23T23:52:42.000Z","public_metrics":{"retweet_count":0,"reply_count":1,"like_count":19,"quote_count":0},"text":"@schmangee I can't speak for others, but I'm using this focus group report as a news peg to repeat ideas, I didn't just miss this conversation for the past year \uD83D\uDE09. \n\nI was writing about the schools back in Feb, as just one example. https://t.co/5ipDXQhgKQ"},{"id":"1463270895804317697","created_at":"2021-11-23T22:19:02.000Z","public_metrics":{"retweet_count":46,"reply_count":89,"like_count":602,"quote_count":23},"text":"And to be clear, I'm not arguing that all COVID policy should be poll-tested. But Dems can't pretend COVID policy doesn't have political consequences, and there'll be a lot of on-the-margin decisions they need to make about masking and school ordinances in the coming year..."},{"id":"1463270894046904321","created_at":"2021-11-23T22:19:02.000Z","public_metrics":{"retweet_count":97,"reply_count":49,"like_count":692,"quote_count":26},"text":"Reminds me of something from my popularism piece: Liberals are hot on debating whether Defund the Police hurt Dems, but there's clearer evidence that tight COVID policy frustrated many Dem voters, and there's much less discussion of it. https://t.co/IEpo3PnnlY https://t.co/qeyYfBa29G"},{"id":"1463270890322366468","created_at":"2021-11-23T22:19:01.000Z","public_metrics":{"retweet_count":233,"reply_count":121,"like_count":1333,"quote_count":66},"text":"\"These swing voters didn’t agree with what they thought the liberal position on race in schools was. However, it wasn’t as salient as the fact that they felt Democrats closed their schools and didn’t feel bad about it.\" https://t.co/I755Fq50P3"},{"id":"1463253014626537473","created_at":"2021-11-23T21:07:59.000Z","public_metrics":{"retweet_count":1,"reply_count":2,"like_count":3,"quote_count":0},"text":"@EricLevitz @maxberger @michelleinbklyn @chrislhayes @awprokop @Millicentsomer I'd add the California recall, where fears, including mine, of Dems staying home really didn't pan out, and genuine fear of Elder seemed to me to be a driver."},{"id":"1463245494386188299","created_at":"2021-11-23T20:38:06.000Z","public_metrics":{"retweet_count":1,"reply_count":2,"like_count":5,"quote_count":0},"text":"@maxberger @michelleinbklyn @chrislhayes @awprokop @Millicentsomer But I genuinely don't know! That's why I was asking if there's any relevant survey data."},{"id":"1463245260935499776","created_at":"2021-11-23T20:37:10.000Z","public_metrics":{"retweet_count":2,"reply_count":6,"like_count":18,"quote_count":0},"text":"@maxberger @michelleinbklyn @chrislhayes @awprokop @Millicentsomer True! I just suspect that kind of super concerned person is still pretty engaged (even if hating every minute of it), while the danger for Dems and maybe democracy are people disengaging because Trump seems gone and Dem governance is frustrating, boring, etc"},{"id":"1463241112915636228","created_at":"2021-11-23T20:20:41.000Z","public_metrics":{"retweet_count":0,"reply_count":0,"like_count":0,"quote_count":0},"text":"@swinshi @DKThomp I agree! I'm very much on the side that believes the underlying technologies here will be widely adopted, carry some important functionality, and make crazy profits for some old and some new companies. It's decentralization that I doubt."},{"id":"1463240555538771969","created_at":"2021-11-23T20:18:28.000Z","public_metrics":{"retweet_count":0,"reply_count":1,"like_count":7,"quote_count":0},"text":"@DKThomp @swinshi I'm going to tag in @stevenbjohnson and @cdixon who're having a related conversation and can maybe talk me out of my skepticism, or give me some links that will do so..."},{"id":"1463240270980337664","created_at":"2021-11-23T20:17:20.000Z","public_metrics":{"retweet_count":0,"reply_count":2,"like_count":20,"quote_count":0},"text":"@DKThomp @swinshi Which is, of course, just the story of the internet we have. \n\nMy weak hypothesis of people talking past each other here is that the structure of the current internet looks like a software problem to software engineers but it looks like market and power dynamics to me."},{"id":"1463239359138701314","created_at":"2021-11-23T20:13:43.000Z","public_metrics":{"retweet_count":0,"reply_count":3,"like_count":19,"quote_count":0},"text":"@DKThomp @swinshi One conversation I feel like I keep having is I'll look at a crypto use case and observe that it is *very* complicated to execute. And crypto folks say, yes, absolutely, it's early. Give developers time to build better UX, tools, etc. \n\nAgreed — but that's your new middleman!"},{"id":"1463238734787190791","created_at":"2021-11-23T20:11:14.000Z","public_metrics":{"retweet_count":0,"reply_count":2,"like_count":18,"quote_count":0},"text":"@DKThomp @swinshi Just to continue this conversation across threads, to what degree are the middlemen of the current internet representative of technological failures vs dynamics of power, aggregation, and convenience?"},{"id":"1463218280944918539","created_at":"2021-11-23T18:49:58.000Z","public_metrics":{"retweet_count":0,"reply_count":2,"like_count":15,"quote_count":0},"text":"@kevinroose @DKThomp @ibogost I'm sure we got lots of new listeners out of this, good job everyone"},{"id":"1463215853135007749","created_at":"2021-11-23T18:40:19.000Z","public_metrics":{"retweet_count":0,"reply_count":1,"like_count":11,"quote_count":1},"text":"@DKThomp @ibogost @kevinroose No no no, they should listen to my podcast with Katie Haun https://t.co/iOKRlISQjX"},{"id":"1463215484573155331","created_at":"2021-11-23T18:38:51.000Z","public_metrics":{"retweet_count":3,"reply_count":18,"like_count":72,"quote_count":1},"text":"@chrislhayes @awprokop @michelleinbklyn Is there data on whether Democratic disengagement is bigger or smaller than it normally is after winning an election? I'm not sure how much of this is despair and how much is just normal demobilization and exhaustion. Dems disengaged after Obama won, too..."},{"id":"1463213522288984064","created_at":"2021-11-23T18:31:03.000Z","public_metrics":{"retweet_count":0,"reply_count":4,"like_count":5,"quote_count":0},"text":"@DKThomp @ibogost (Though I may be less skeptical of near-term utility. I think NFTs and digital money make a lot of sense as online games and metaverses make digital goods and scarcity in those goods more important. But I think that'll make a lot of money for whoever owns the platforms...)"},{"id":"1463213244001128450","created_at":"2021-11-23T18:29:57.000Z","public_metrics":{"retweet_count":0,"reply_count":1,"like_count":24,"quote_count":0},"text":"@DKThomp @ibogost https://t.co/3aJqkiCSQI"},{"id":"1463212057491247106","created_at":"2021-11-23T18:25:14.000Z","public_metrics":{"retweet_count":0,"reply_count":1,"like_count":4,"quote_count":0},"text":"@DKThomp @ibogost (That said, I wouldn't say I'm highly confident about any of my judgments in this space, and I'm happy to be surprised!)"},{"id":"1463211925488082947","created_at":"2021-11-23T18:24:42.000Z","public_metrics":{"retweet_count":0,"reply_count":3,"like_count":34,"quote_count":1},"text":"@DKThomp @ibogost This was a big part of my podcast with Katie Haun on crypto. I'm pretty sold on the idea that the technologies here are, and will be, important. I'm pretty skeptical they're going to decentralize power or money. I think we're watching the next gen of middlemen companies rise."},{"id":"1463200571129663495","created_at":"2021-11-23T17:39:35.000Z","public_metrics":{"retweet_count":52,"reply_count":172,"like_count":2030,"quote_count":35},"text":"Everyone tells you that you’ll be very tired after having a new baby. What they don’t tell you is your circadian rhythm will be shattered and so it’ll be much, much harder to fall asleep."},{"id":"1463162411154821136","created_at":"2021-11-23T15:07:57.000Z","public_metrics":{"retweet_count":0,"reply_count":0,"like_count":15,"quote_count":0},"text":"@germanrlopez @DLeonhardt @amyfiscus \uD83C\uDF89\uD83C\uDF89\uD83C\uDF89\uD83C\uDF89"},{"id":"1462950215908872192","created_at":"2021-11-23T01:04:46.000Z","public_metrics":{"retweet_count":4,"reply_count":15,"like_count":185,"quote_count":0},"text":"@epopppp I’m an unabashed Pema Chodron reader when things get tough. And sometime I reread Andrew Sean Greer’s “Less,” which has the gentlest, funniest prose of any fiction I’ve read in the last decade."},{"id":"1462817971181522950","created_at":"2021-11-22T16:19:16.000Z","public_metrics":{"retweet_count":16,"reply_count":9,"like_count":132,"quote_count":4},"text":"I'll be joining this glittering lineup of poli-sci nerds, too, and pretty damn excited about it. https://t.co/5d4UymO91U"},{"id":"1461774079682174983","created_at":"2021-11-19T19:11:13.000Z","public_metrics":{"retweet_count":0,"reply_count":0,"like_count":15,"quote_count":0},"text":"@binarybits “The inefficiency is the point” is true for a lot of institutions and practices, and it’s something we’re trained to miss the benefits of…"}],"meta":{"oldest_id":"1461774079682174983","newest_id":"1465359604745785347","result_count":46}}