{"data":[{"id":"1443360951495905281","created_at":"2021-09-29T23:44:01.000Z","public_metrics":{"retweet_count":1,"reply_count":4,"like_count":33,"quote_count":0},"text":"@sarahkliff No. \n\nWhy are you asking me? \n\nI haven't seen it. \n\nI haven't seen any hats anywhere."},{"id":"1443360193077678080","created_at":"2021-09-29T23:41:01.000Z","public_metrics":{"retweet_count":0,"reply_count":1,"like_count":14,"quote_count":0},"text":"@JohnFPfaff @Moderateleft It's just a wild genre."},{"id":"1443359388756951043","created_at":"2021-09-29T23:37:49.000Z","public_metrics":{"retweet_count":10,"reply_count":51,"like_count":848,"quote_count":4},"text":"This is just an account where I tweet about children's books now, sorry."},{"id":"1443359080781778945","created_at":"2021-09-29T23:36:35.000Z","public_metrics":{"retweet_count":3,"reply_count":53,"like_count":451,"quote_count":8},"text":"I have some questions about the lessons these are teaching."},{"id":"1443358995939356673","created_at":"2021-09-29T23:36:15.000Z","public_metrics":{"retweet_count":1,"reply_count":13,"like_count":81,"quote_count":0},"text":"@Moderateleft \"I Want My Hat Back\" and \"This Is Not My Hat.\""},{"id":"1443358598411603971","created_at":"2021-09-29T23:34:40.000Z","public_metrics":{"retweet_count":35,"reply_count":254,"like_count":1256,"quote_count":85},"text":"So there's this beloved series of children's books in which one animal steals a bigger animal's hat and the punishment is that the bigger animal kills and eats the smaller animal, and thereby regains their hat."},{"id":"1443259151413493764","created_at":"2021-09-29T16:59:30.000Z","public_metrics":{"retweet_count":9,"reply_count":1,"like_count":230,"quote_count":1},"text":"Hell yeah, @Voxdotcom! https://t.co/w6SL8hpDUn"},{"id":"1443028196706766849","created_at":"2021-09-29T01:41:46.000Z","public_metrics":{"retweet_count":30,"reply_count":0,"like_count":0,"quote_count":0},"text":"RT @katieraegordon: highly recommend going on a majestic sunset walk among some very old trees and listening to this interview between Ezra…"},{"id":"1442994656485122055","created_at":"2021-09-28T23:28:30.000Z","public_metrics":{"retweet_count":17,"reply_count":0,"like_count":0,"quote_count":0},"text":"RT @PhilEdwardsInc: “People have always feared new forms of communication. Ask Gutenberg.” \n&lt;- lede to my article about Squirlsh, the new c…"},{"id":"1442988005052928001","created_at":"2021-09-28T23:02:04.000Z","public_metrics":{"retweet_count":1,"reply_count":2,"like_count":66,"quote_count":2},"text":"@janecoaston @scottlincicome Turns out marijuana is a gateway drug.\n\nA gateway TO SOCIALISM."},{"id":"1442987747577196544","created_at":"2021-09-28T23:01:03.000Z","public_metrics":{"retweet_count":6,"reply_count":4,"like_count":46,"quote_count":0},"text":"One more, though not a recommendation from Powers. \n\nWe talked about the way media rewires the mind, and whether there was good fiction of it. In response, lots of listeners sent in EM Forester's \"The Machine Stops\" which is, indeed, great. Free pdf here: https://t.co/G1sYiIlCg1"},{"id":"1442986221429420034","created_at":"2021-09-28T22:54:59.000Z","public_metrics":{"retweet_count":1,"reply_count":13,"like_count":91,"quote_count":2},"text":"@janecoaston @scottlincicome Back in DARE class, when they were telling us about how you could never know it was just marijuana you were smoking, I always wondered who exactly was lacing cheap joints with all these much more expensive drugs."},{"id":"1442985816846831619","created_at":"2021-09-28T22:53:22.000Z","public_metrics":{"retweet_count":6,"reply_count":2,"like_count":44,"quote_count":0},"text":"And \"Ever Green,\" by John Reid and @Tom_Lovejoy.\n\n\"A very clear-eyed, practical and persuasive plan for how to save these forests, and maybe the rest of us in the process.\" \n\n(Comes out in March!)"},{"id":"1442985814871269387","created_at":"2021-09-28T22:53:22.000Z","public_metrics":{"retweet_count":11,"reply_count":2,"like_count":29,"quote_count":3},"text":"\"Rooted,\" by @LyandaHaupt. \n\n\"A personal series of short meditations, very intimate. But her lyricism is in the service of the kinds of science and the new sciences of interdependence, biological interdependence, that we’ve been talking about today.\" https://t.co/QXhJHpvbhz"},{"id":"1442985812723785729","created_at":"2021-09-28T22:53:21.000Z","public_metrics":{"retweet_count":3,"reply_count":1,"like_count":28,"quote_count":1},"text":"\"How to be an Animal,\" by Melanie Challenger.\n\n\"A remarkable combination of biology, genetics, zoology, evolutionary psychology and philosophy. And I think it’s one of the better explorations and refutations of human exceptionalism that I’ve read.\" https://t.co/uyXkm6lF38."},{"id":"1442985809993355275","created_at":"2021-09-28T22:53:21.000Z","public_metrics":{"retweet_count":28,"reply_count":15,"like_count":163,"quote_count":6},"text":"Three book recommendations from Richard Powers, author of \"The Overstory\" and \"Bewilderment\".\n\n(Our full conversation is here: https://t.co/3YrDjfi95o)"},{"id":"1442925929118920710","created_at":"2021-09-28T18:55:24.000Z","public_metrics":{"retweet_count":20,"reply_count":0,"like_count":0,"quote_count":0},"text":"RT @nytopinion: The Pulitzer Prize-winning novelist Richard Powers moved from Silicon Valley to the Smoky Mountains. On today’s episode of…"},{"id":"1442907268878503936","created_at":"2021-09-28T17:41:15.000Z","public_metrics":{"retweet_count":315,"reply_count":61,"like_count":2131,"quote_count":29},"text":"I’ll add that this is (another!) problem created by the filibuster: If you didn’t have to jam everything into one giant budget reconciliation bill, you could craft and pass a sequence of bills that each had a singular purpose and defining policy."},{"id":"1442902821385293825","created_at":"2021-09-28T17:23:35.000Z","public_metrics":{"retweet_count":99,"reply_count":59,"like_count":788,"quote_count":27},"text":"The point isn't that the bill costs too much. It's that it never found its headline policy, the part that stands in for the whole. \n\nThere's lots of great stuff in the package. But nothing that has come to define it, to make it so if you're against the bill, you're against *this*"},{"id":"1442902819888001025","created_at":"2021-09-28T17:23:34.000Z","public_metrics":{"retweet_count":68,"reply_count":61,"like_count":638,"quote_count":37},"text":"The wise @d_simas just made a very good point to me over the phone. One problem for the $3.5 trillion reconciliation bill is its, well, the $3.5 trillion reconciliation bill.\n\nThe Rescue Plan was defined by the stimulus checks. This bill is defined by its price tag."},{"id":"1442900817527246849","created_at":"2021-09-28T17:15:37.000Z","public_metrics":{"retweet_count":43,"reply_count":16,"like_count":328,"quote_count":8},"text":"Everything about this conversation with Richard Powers was a joy, but I particularly delighted in his coinage of \"the humbling sciences.\" What a beautiful thinker.  https://t.co/3YrDjfi95o https://t.co/q26VvKUDvi"},{"id":"1442690865390972930","created_at":"2021-09-28T03:21:20.000Z","public_metrics":{"retweet_count":3,"reply_count":5,"like_count":44,"quote_count":0},"text":"https://t.co/G6YmfuqV5F"},{"id":"1442690187373342721","created_at":"2021-09-28T03:18:39.000Z","public_metrics":{"retweet_count":15,"reply_count":8,"like_count":133,"quote_count":1},"text":"There's a lot of useful work economists have done, and are doing, on climate change. \n\nBut as @ryanavent writes, these papers making a GDP estimate for 100 years from now, while admitting they're ignoring tons of relevant effects, are not in that category. https://t.co/Q8fK1wDyo9"},{"id":"1442589369961902088","created_at":"2021-09-27T20:38:02.000Z","public_metrics":{"retweet_count":1,"reply_count":5,"like_count":80,"quote_count":0},"text":"@kwcollins I'd like to know this too. I also think people underestimate the possibility of Overton collapse: You add the extreme option, and that makes the entire thing easier to kill. Too many of these (implicit) models assume a successful outcome."},{"id":"1442589114922979333","created_at":"2021-09-27T20:37:01.000Z","public_metrics":{"retweet_count":1,"reply_count":1,"like_count":149,"quote_count":0},"text":"@jdcmedlock Clearly someone has not compared the fonts and margins."},{"id":"1441464995502379012","created_at":"2021-09-24T18:10:10.000Z","public_metrics":{"retweet_count":0,"reply_count":4,"like_count":12,"quote_count":0},"text":"@RyanDEnos @SeanTrende Did a stump write this? \uD83D\uDE09"},{"id":"1441422835532980231","created_at":"2021-09-24T15:22:38.000Z","public_metrics":{"retweet_count":0,"reply_count":1,"like_count":38,"quote_count":0},"text":"@jonathanchait Honestly this is a billion-dollar idea Jon."},{"id":"1441413347254018057","created_at":"2021-09-24T14:44:56.000Z","public_metrics":{"retweet_count":56,"reply_count":126,"like_count":3499,"quote_count":8},"text":"That book is such a trap. You end it nearly in tears, contemplating how you, too, will be left to die alone someday. \n\nYour son happily looks up: \"Truck book now!?\""},{"id":"1441413346129944577","created_at":"2021-09-24T14:44:56.000Z","public_metrics":{"retweet_count":30,"reply_count":76,"like_count":2231,"quote_count":9},"text":"I'd misremembered how sad the end is. I'd retconned it so the boy came back and sat quietly on the stump in an act of companionship. \n\nI hadn't remembered it was just one final act of giving, with nary a \"thank you.\" \n\nThe boy in that book is the worst."},{"id":"1441413344980652035","created_at":"2021-09-24T14:44:56.000Z","public_metrics":{"retweet_count":154,"reply_count":405,"like_count":9134,"quote_count":78},"text":"My son made me read him \"The Giving Tree\" this morning.\n\nRough way to start the day."},{"id":"1441412146579992576","created_at":"2021-09-24T14:40:10.000Z","public_metrics":{"retweet_count":23,"reply_count":0,"like_count":0,"quote_count":0},"text":"RT @adam_tooze: So pleased that @StephanieKelton engaged  https://t.co/F29Tpbk2u1\n\nwith this great conversation with @ezraklein\nhttps://t.c…"},{"id":"1441245468470571016","created_at":"2021-09-24T03:37:51.000Z","public_metrics":{"retweet_count":179,"reply_count":90,"like_count":2262,"quote_count":38},"text":"There's lots of meat that I think it's going to be hard for ay alternative protein to replace, but there's no reason for any actual chickens to be involved in the making of chicken nuggets. https://t.co/6mSGN6bV40"},{"id":"1440815642878218246","created_at":"2021-09-22T23:09:52.000Z","public_metrics":{"retweet_count":22,"reply_count":19,"like_count":209,"quote_count":1},"text":"https://t.co/b10caW9Cdy https://t.co/3htjVKql9s"},{"id":"1440815265143353349","created_at":"2021-09-22T23:08:22.000Z","public_metrics":{"retweet_count":25,"reply_count":11,"like_count":145,"quote_count":2},"text":"\uD83E\uDDF5 https://t.co/LcoSfUS6bI"},{"id":"1440798923266789379","created_at":"2021-09-22T22:03:26.000Z","public_metrics":{"retweet_count":7,"reply_count":8,"like_count":73,"quote_count":3},"text":"https://t.co/92UX1lj728 https://t.co/5oL3plqXM6"},{"id":"1440798293026426884","created_at":"2021-09-22T22:00:56.000Z","public_metrics":{"retweet_count":90,"reply_count":33,"like_count":300,"quote_count":23},"text":"“The challenge is there is no water.\"\n\nKind of a worrying thing to hear the director of California's Department of Water Resources say. https://t.co/LgV3ygL8jA"},{"id":"1440797721548312578","created_at":"2021-09-22T21:58:40.000Z","public_metrics":{"retweet_count":14,"reply_count":6,"like_count":79,"quote_count":0},"text":"Chaser: https://t.co/Y59mXu5N1C"},{"id":"1440797513863208962","created_at":"2021-09-22T21:57:50.000Z","public_metrics":{"retweet_count":56,"reply_count":6,"like_count":179,"quote_count":5},"text":"\"The world is poised to have 12 billion or so shots — enough to vaccinate more than 70 percent of its population — by the end of this year. But if current trends persist, very few of those shots will reach the poorest countries with the greatest need.\" https://t.co/d2xKOqPwcx"},{"id":"1440449819118489604","created_at":"2021-09-21T22:56:13.000Z","public_metrics":{"retweet_count":15,"reply_count":1,"like_count":88,"quote_count":0},"text":"Watch this! https://t.co/LuawPPkCuk"},{"id":"1440449754421288961","created_at":"2021-09-21T22:55:58.000Z","public_metrics":{"retweet_count":1,"reply_count":3,"like_count":54,"quote_count":0},"text":"@EmilyStewartM That's absurd. This needs a Twitter thread, or at least a Substack."},{"id":"1440362506510168077","created_at":"2021-09-21T17:09:16.000Z","public_metrics":{"retweet_count":56,"reply_count":8,"like_count":317,"quote_count":4},"text":"This is correct. https://t.co/JHWiJ5gJZd"},{"id":"1440361214446501890","created_at":"2021-09-21T17:04:08.000Z","public_metrics":{"retweet_count":110,"reply_count":26,"like_count":646,"quote_count":13},"text":"There is this conceit in our food conversation that meat from animals is \"natural,\" while cultivated meats, or plant-based alternatives, are unnatural. \n\nBut there's nothing natural about most of the meat sold in stores. We've turned these chickens into technologies."},{"id":"1440361212986810373","created_at":"2021-09-21T17:04:08.000Z","public_metrics":{"retweet_count":35,"reply_count":4,"like_count":206,"quote_count":1},"text":"The illness is driven by the extreme conditions of factory farming, which turbocharges the raising process to a matter of weeks...With the chickens unable to bear the weight of their own bodies, the disease causes the birds to replace some of their muscle tissue with fat.\""},{"id":"1440361211342692354","created_at":"2021-09-21T17:04:08.000Z","public_metrics":{"retweet_count":130,"reply_count":30,"like_count":362,"quote_count":21},"text":"\"Ten years ago, the poultry muscle disease known as white striping was almost nonexistent. Now, the fat-boosting ailment shows up in 99% of U.S. store-brand chickens, according to a Humane League study.\" https://t.co/r8cqL6z7Zp"},{"id":"1440358784916877329","created_at":"2021-09-21T16:54:29.000Z","public_metrics":{"retweet_count":58,"reply_count":20,"like_count":356,"quote_count":16},"text":"If you want to change the world and are deciding what to focus on, \"think about all the social issues and problems that most motivate your friends — and then pick something different.\" https://t.co/mbvtHe9QMJ"},{"id":"1440356476476743680","created_at":"2021-09-21T16:45:19.000Z","public_metrics":{"retweet_count":16,"reply_count":3,"like_count":140,"quote_count":3},"text":".@martinwolf_ is very good at writing ledes. https://t.co/gg4rkFGaLu https://t.co/uKWKktsB7n"},{"id":"1440347833878548490","created_at":"2021-09-21T16:10:58.000Z","public_metrics":{"retweet_count":36,"reply_count":18,"like_count":275,"quote_count":3},"text":"Well. This book seems relevant to our current debates. https://t.co/deavTWedTV https://t.co/elpds7Bow4"},{"id":"1440342567065821190","created_at":"2021-09-21T15:50:02.000Z","public_metrics":{"retweet_count":35,"reply_count":0,"like_count":0,"quote_count":0},"text":"RT @jonfavs: NEW SERIES! \n\nFor 544 days, @jrezaian was held hostage in Iran’s notorious Evin prison. #544Days is the story of what it took…"},{"id":"1440342290053033991","created_at":"2021-09-21T15:48:56.000Z","public_metrics":{"retweet_count":12,"reply_count":0,"like_count":0,"quote_count":0},"text":"RT @dylanmatt: Guiding the world's youth with my good takes\n\nhttps://t.co/8jIvUQin9N"},{"id":"1440089131724410886","created_at":"2021-09-20T23:02:59.000Z","public_metrics":{"retweet_count":4,"reply_count":6,"like_count":71,"quote_count":0},"text":"@RossWeiner2 He tried to try. But he didn't get to the point of trying this weird congressional maneuver."},{"id":"1440088691947438081","created_at":"2021-09-20T23:01:14.000Z","public_metrics":{"retweet_count":0,"reply_count":0,"like_count":6,"quote_count":0},"text":"@dziblatt You would say that."},{"id":"1440088602310897665","created_at":"2021-09-20T23:00:53.000Z","public_metrics":{"retweet_count":1245,"reply_count":147,"like_count":4818,"quote_count":81},"text":"One thing I would like the political system to learn from Trump, and all of history, is that political catastrophe often comes wrapped in farcical packages.\n\nThe ridiculousness is a feature, not a bug. It keeps people from taking the threat seriously till too late."},{"id":"1440088104065372173","created_at":"2021-09-20T22:58:54.000Z","public_metrics":{"retweet_count":758,"reply_count":90,"like_count":2912,"quote_count":47},"text":"There's a lot of laughing about how implausible this is but coups are ultimately about power. You need something to say, and then you need the power to enforce that reality. \n\nThis was just the \"something to say.\" If Trump had the power to enforce it, he would've tried it. https://t.co/B21GWqAOFk"},{"id":"1440068367637889033","created_at":"2021-09-20T21:40:28.000Z","public_metrics":{"retweet_count":759,"reply_count":0,"like_count":0,"quote_count":0},"text":"RT @Drug_Researcher: It’s official. I just receive a U01 grant from NIDA to study #psilocybin for tobacco addiction. To my knowledge it's t…"},{"id":"1440025319096737796","created_at":"2021-09-20T18:49:25.000Z","public_metrics":{"retweet_count":63,"reply_count":22,"like_count":378,"quote_count":19},"text":"“Supply” is a dull word within which lurks thrilling possibilities.\n\nSupply-side progressivism shouldn’t just fix the problems of the present; it should hasten the advances of the future. https://t.co/ezrg4hNu4A"},{"id":"1439784863716941825","created_at":"2021-09-20T02:53:56.000Z","public_metrics":{"retweet_count":345,"reply_count":98,"like_count":2404,"quote_count":38},"text":"I’ve never thought the term “moderate” makes much sense. Status Quoist would be closer to the truth. The Senate right now is a very radical, dangerous experiment, and those who refuse to change course would never have designed it this way from scratch."},{"id":"1439780791504965635","created_at":"2021-09-20T02:37:45.000Z","public_metrics":{"retweet_count":628,"reply_count":53,"like_count":3307,"quote_count":47},"text":"There is nothing moderate, sensible, or traditionalist about this Senate. No one ever intended for it to work this way. https://t.co/SN8RC2lZvn"},{"id":"1439778664225206273","created_at":"2021-09-20T02:29:18.000Z","public_metrics":{"retweet_count":6621,"reply_count":530,"like_count":32510,"quote_count":319},"text":"This is just my occasional reminder that you can eliminate the filibuster with 51 votes. The parliamentarian is not the obstacle. The obstacle is Senate Democrats who support the filibuster."},{"id":"1439678143325900801","created_at":"2021-09-19T19:49:51.000Z","public_metrics":{"retweet_count":0,"reply_count":0,"like_count":2,"quote_count":0},"text":"@Mottel Open to anything!"},{"id":"1439657978139856896","created_at":"2021-09-19T18:29:44.000Z","public_metrics":{"retweet_count":41,"reply_count":10,"like_count":199,"quote_count":2},"text":"Important \uD83E\uDDF5  from one of Biden’s top econ advisors about how they’re thinking about a progressive, supply-side agenda https://t.co/75GccoYWMt"},{"id":"1439653676344221696","created_at":"2021-09-19T18:12:38.000Z","public_metrics":{"retweet_count":4,"reply_count":24,"like_count":61,"quote_count":1},"text":"I've been thinking and reading a lot about the religious and cultural role of the Sabbath recently. Abraham Joshua Hechel's \"The Sabbath\" is classic, and I've gotten a lot from Judith Shulevitz's \"The Sabbath World.\" \n\nIf you have other recommendations, I'd love to hear them."},{"id":"1439652980198809600","created_at":"2021-09-19T18:09:52.000Z","public_metrics":{"retweet_count":9,"reply_count":5,"like_count":88,"quote_count":0},"text":"Posts like this are why @LMSacasas's \"The Convivial Society\" is one of the newsletters I most look forward to getting. https://t.co/us4M906HfN https://t.co/FQGvNUyvfe"},{"id":"1439643397090779139","created_at":"2021-09-19T17:31:47.000Z","public_metrics":{"retweet_count":49,"reply_count":0,"like_count":0,"quote_count":0},"text":"RT @AaronBastani: \"Bastani’s vision is bracing because it insists that those of us who believe in a radically fairer, gentler, more sustain…"},{"id":"1439641314958606340","created_at":"2021-09-19T17:23:31.000Z","public_metrics":{"retweet_count":0,"reply_count":1,"like_count":1,"quote_count":0},"text":"@dariustahir I didn't get into this in the piece, but I think a lot of it this comes from losing some faith in markets and being willing to contemplate things like industrial policy again."},{"id":"1439641161056940033","created_at":"2021-09-19T17:22:54.000Z","public_metrics":{"retweet_count":0,"reply_count":1,"like_count":1,"quote_count":0},"text":"@dariustahir Oh, there's no doubt that demand-side policies change the supply-side. But that's the distinction I'm making in this piece: Democrats are beginning to focus directly on the supply-side in a different way than they have in the recent past."},{"id":"1439639370466615302","created_at":"2021-09-19T17:15:47.000Z","public_metrics":{"retweet_count":37,"reply_count":0,"like_count":0,"quote_count":0},"text":"RT @KBAndersen: This conversation between @ezraklein and economist @adam_tooze is as good—smart, lucid, accessible, illuminating, thought-p…"},{"id":"1439629195345215494","created_at":"2021-09-19T16:35:21.000Z","public_metrics":{"retweet_count":0,"reply_count":0,"like_count":0,"quote_count":0},"text":"@dariustahir But it's certainly true that there's nothing new about progressive policies that focus on the supply-side. I'd say New Deal progressivism, and certainly past war economies run by Democrats, were very supply-side oriented!"},{"id":"1439628784945090571","created_at":"2021-09-19T16:33:43.000Z","public_metrics":{"retweet_count":0,"reply_count":2,"like_count":0,"quote_count":0},"text":"@dariustahir So I thought a bit about this, as you might imagine. My two views here are that most of the bend-the-curve ideas were largely demand-side policies, like pay-for-value. And second, as rhetorically important as they were, they weren't what the bill mainly did."},{"id":"1439628016091496450","created_at":"2021-09-19T16:30:40.000Z","public_metrics":{"retweet_count":0,"reply_count":1,"like_count":40,"quote_count":0},"text":"@AlecStapp Publish your Warp-Speed-For-Everything paper!"},{"id":"1439621507995496453","created_at":"2021-09-19T16:04:49.000Z","public_metrics":{"retweet_count":122,"reply_count":29,"like_count":705,"quote_count":47},"text":"Why we need supply-side progressivism: https://t.co/ezrg4hNu4A"},{"id":"1439419411765420034","created_at":"2021-09-19T02:41:45.000Z","public_metrics":{"retweet_count":0,"reply_count":0,"like_count":10,"quote_count":0},"text":"@rafaelyglesias @mattyglesias @sarahkliff That episode really had everything."},{"id":"1439021183203090434","created_at":"2021-09-18T00:19:20.000Z","public_metrics":{"retweet_count":211,"reply_count":115,"like_count":2667,"quote_count":34},"text":"I'm not going to pretend to have strong views on this submarine issue but if Trump had gotten France to recall their ambassador because he'd gotten Australia to buy our awesome nuclear submarines it would've been the center of his reelection campaign."},{"id":"1439020100586143746","created_at":"2021-09-18T00:15:02.000Z","public_metrics":{"retweet_count":9,"reply_count":0,"like_count":0,"quote_count":0},"text":"RT @JimPethokoukis: From my Substack: \"A big win in California for housing reform -- and economic opportunity\" https://t.co/Ze7voeW1M0 http…"},{"id":"1439019806523465732","created_at":"2021-09-18T00:13:52.000Z","public_metrics":{"retweet_count":4,"reply_count":13,"like_count":232,"quote_count":2},"text":"I wouldn't overread this. These are models designed to mimic humans, which are different than models designed to find true answers to questions. But it's still funny/sad."},{"id":"1439019805147688964","created_at":"2021-09-18T00:13:51.000Z","public_metrics":{"retweet_count":89,"reply_count":15,"like_count":492,"quote_count":7},"text":"This is darkly funny. Larger AI models offered more wrong answers because they'd learned more from humans, and so they'd learned more popular conspiracies and lies. https://t.co/80oBWE693M"},{"id":"1439013678431432704","created_at":"2021-09-17T23:49:31.000Z","public_metrics":{"retweet_count":16,"reply_count":7,"like_count":90,"quote_count":7},"text":"\"Part of the stress caused by discovering that, really, budgetary arithmetic is just budgetary arithmetic, is that without it, we face the really harsh political questions of, could we agree to do this?\" https://t.co/y1fdFhS83N"},{"id":"1438949964508385286","created_at":"2021-09-17T19:36:20.000Z","public_metrics":{"retweet_count":10,"reply_count":5,"like_count":33,"quote_count":1},"text":"\"The rush to oversee stablecoins — and the industry’s lobbying push to either avoid regulation or get on its profitable side — might be the most important conversation in Washington financial circles this year.\" https://t.co/aq156XlBkk"},{"id":"1438947010892079114","created_at":"2021-09-17T19:24:36.000Z","public_metrics":{"retweet_count":83,"reply_count":0,"like_count":0,"quote_count":0},"text":"RT @zachdcarter: The worst possible failure of economic policy: taking children away from parents for being too poor, instead of addressing…"},{"id":"1438944185281748995","created_at":"2021-09-17T19:13:22.000Z","public_metrics":{"retweet_count":99,"reply_count":13,"like_count":808,"quote_count":2},"text":"Just impossible to see why our decades-long presence in Afghanistan didn't lead to more popular support. https://t.co/8fY4jKcICo"},{"id":"1438943943165579264","created_at":"2021-09-17T19:12:24.000Z","public_metrics":{"retweet_count":2,"reply_count":1,"like_count":77,"quote_count":1},"text":"@janecoaston @mattyglesias In a way it's a relative of the culture war theory. It's really hard to compromise in a competition for societal status, which is a lot of what \"the culture war\" is. Democrats are more focused on economic policies, and that offers a lot more room for positive-sum compromise."},{"id":"1438943605566017536","created_at":"2021-09-17T19:11:04.000Z","public_metrics":{"retweet_count":1,"reply_count":1,"like_count":68,"quote_count":0},"text":"@janecoaston @mattyglesias I think it's simpler than that: The things you'd do to win are really just too unpalatable to the GOP base, which is a lot more homogenous than the Democrats' base."},{"id":"1438942941150527492","created_at":"2021-09-17T19:08:26.000Z","public_metrics":{"retweet_count":44,"reply_count":0,"like_count":0,"quote_count":0},"text":"RT @KelseyTuoc: The case against ivermectin isn't that it's horse goo. The case against ivermectin is that we really don't have reason to t…"},{"id":"1438940076134653952","created_at":"2021-09-17T18:57:03.000Z","public_metrics":{"retweet_count":35,"reply_count":25,"like_count":469,"quote_count":2},"text":"A party that mistrusts polls, the entire mainstream media, and all negative election results is not going to be a party that's good at learning from loss."},{"id":"1438940074767306753","created_at":"2021-09-17T18:57:02.000Z","public_metrics":{"retweet_count":33,"reply_count":5,"like_count":309,"quote_count":2},"text":"Trump's legacy is particularly poisonous here. He's made it that much easier for Republicans who lose to promote conspiracies about how the election was stolen from them, rather than how they screwed it up. \n\nElder went right to that playbook. https://t.co/nGJwT02Nzn"},{"id":"1438940073362264067","created_at":"2021-09-17T18:57:02.000Z","public_metrics":{"retweet_count":15,"reply_count":2,"like_count":237,"quote_count":0},"text":"A party that routinely can't do this, for whatever reason, is going to lose a lot of close elections it would otherwise win. And Republicans have gotten bad at it, both nationally and in key states."},{"id":"1438940071743291392","created_at":"2021-09-17T18:57:01.000Z","public_metrics":{"retweet_count":14,"reply_count":5,"like_count":263,"quote_count":3},"text":"I'm not saying Republicans were ever likely to win the recall. But when they had the chance to beat Davis, they united behind the moderate Schwarzenegger, and they won. \n\nIn 2020, Democrats did something similar with Biden, and won."},{"id":"1438940070241701890","created_at":"2021-09-17T18:57:01.000Z","public_metrics":{"retweet_count":25,"reply_count":1,"like_count":304,"quote_count":1},"text":"The weird geographic skew of the electoral college and the Senate are keeping Republicans in the game nationally, but this is a pretty broad dynamic, and a bad one for them. They really aren't able to talk their base into making strategic choices."},{"id":"1438940068639428611","created_at":"2021-09-17T18:57:01.000Z","public_metrics":{"retweet_count":12,"reply_count":5,"like_count":261,"quote_count":1},"text":"He wasn’t endorsed by the CA GOP. He didn't have institutional backing. \n\nHe had name recognition, and his Trumpy approach reflected what the CA Republican base wanted. \n\nAnd that terrified the rest of California, and led to a complete collapse in recall support."},{"id":"1438940067133673474","created_at":"2021-09-17T18:57:00.000Z","public_metrics":{"retweet_count":13,"reply_count":4,"like_count":255,"quote_count":0},"text":"One problem with the way narrativize elections is we focus on the flowers, not the soil. That is to say: We look at candidates as independent of the voters that choose them. But they’re not. \n\nAnd Elder really, really wasn’t."},{"id":"1438940065611223047","created_at":"2021-09-17T18:57:00.000Z","public_metrics":{"retweet_count":145,"reply_count":60,"like_count":1220,"quote_count":21},"text":"A consistent dynamic right now is Democrats lose elections and obsess about why they lost, and how they could change, and Republicans lose elections and...don't.\n\nBut the California recall should really be a moment of reflection for them."},{"id":"1438932376252338178","created_at":"2021-09-17T18:26:27.000Z","public_metrics":{"retweet_count":342,"reply_count":36,"like_count":1710,"quote_count":41},"text":"Preach, @mattyglesias: https://t.co/b5m3TdRsU1 https://t.co/eMPITNjF9D"},{"id":"1438931759874199552","created_at":"2021-09-17T18:24:00.000Z","public_metrics":{"retweet_count":0,"reply_count":2,"like_count":9,"quote_count":0},"text":"@adam_tooze I'll take that as a compliment ;)"},{"id":"1438931614986170368","created_at":"2021-09-17T18:23:25.000Z","public_metrics":{"retweet_count":0,"reply_count":2,"like_count":66,"quote_count":0},"text":"@JerusalemDemsas @germanrlopez @dylanmatt Who was the best original Weeds host and why was it Sarah?"},{"id":"1438922775037579268","created_at":"2021-09-17T17:48:18.000Z","public_metrics":{"retweet_count":31,"reply_count":12,"like_count":211,"quote_count":8},"text":"\"There was an aphorism in the movement: 'Bad roads make good communes.'\"\n\nKind of love that. https://t.co/UDMz2J61tY"},{"id":"1438916670274215942","created_at":"2021-09-17T17:24:02.000Z","public_metrics":{"retweet_count":52,"reply_count":0,"like_count":0,"quote_count":0},"text":"RT @vermontgmg: One of the major failings of the post-9/11 era was beginning to view immigration only through a security lens. CBP tried to…"},{"id":"1438892471287644161","created_at":"2021-09-17T15:47:53.000Z","public_metrics":{"retweet_count":27,"reply_count":8,"like_count":167,"quote_count":16},"text":"Just a revelatory podcast with the brilliant @adam_tooze. https://t.co/y1fdFhS83N"},{"id":"1438888768245690376","created_at":"2021-09-17T15:33:10.000Z","public_metrics":{"retweet_count":1,"reply_count":0,"like_count":11,"quote_count":0},"text":"@grantmgordon @apsrjournal @TamarMitts @DevorahManekin Jesus that’s depressing."},{"id":"1438888707948384257","created_at":"2021-09-17T15:32:55.000Z","public_metrics":{"retweet_count":17,"reply_count":4,"like_count":99,"quote_count":1},"text":"“We show that, cross-nationally, the effect of nonviolence on outcomes is significantly moderated by ethnicity, with nonviolence increasing success only for dominant groups.”"},{"id":"1438888706656534538","created_at":"2021-09-17T15:32:55.000Z","public_metrics":{"retweet_count":50,"reply_count":2,"like_count":155,"quote_count":0},"text":"“Beause of prevalent negative stereotypes associating minority ethnic groups with violence, such groups are perceived as more violent even when resisting nonviolently, increasing support for their repression and ultimately hampering campaign success.” https://t.co/gR5HJ3pxfn"},{"id":"1438879500092129286","created_at":"2021-09-17T14:56:20.000Z","public_metrics":{"retweet_count":64,"reply_count":0,"like_count":0,"quote_count":0},"text":"RT @hanlonbt: Elated that @GavinNewsom signed SB 9, SB 10, SB 8, and AB 1174!\n\nThank you to @toniatkins, @Scott_Wiener, @NancySkinnerCA, @A…"}],"meta":{"oldest_id":"1438879500092129286","newest_id":"1443360951495905281","result_count":100,"next_token":"7140dibdnow9c7btw3z21lcvzsu6wv719t9hfzeqqevcm"}}