{"data":[{"public_metrics":{"retweet_count":14,"reply_count":0,"like_count":0,"quote_count":0},"created_at":"2021-10-14T19:13:19.000Z","text":"RT @jdickerson: There’s a lot to highlight in this piece by @ezraklein https://t.co/ZXofyeybW4 https://t.co/kAv6dC5gKM","id":"1448728642486358038"},{"public_metrics":{"retweet_count":1,"reply_count":2,"like_count":19,"quote_count":0},"created_at":"2021-10-14T18:54:20.000Z","text":"@jdickerson @MattGlassman312 This is unironically the content I crave","id":"1448723864993746976"},{"public_metrics":{"retweet_count":112,"reply_count":0,"like_count":0,"quote_count":0},"created_at":"2021-10-13T21:25:59.000Z","text":"RT @SeanMcElwee: As Twitter debates popularism, centrist Democrats seek to slash the most popular parts of the Build Back Better Agenda, an…","id":"1448399644464017408"},{"public_metrics":{"retweet_count":6958,"reply_count":0,"like_count":0,"quote_count":0},"created_at":"2021-10-13T20:58:00.000Z","text":"RT @ThamKhaiMeng: This is every single New York Times front page since 1852. Observe the explosion of pictures in news\nhttps://t.co/u2GThQk…","id":"1448392600952528896"},{"public_metrics":{"retweet_count":75,"reply_count":32,"like_count":514,"quote_count":5},"created_at":"2021-10-13T20:51:14.000Z","text":"This is true. The level of consensus Democrats are exhibiting right now is, by any historical measure, wildly impressive. But with only 50 seats in the Senate, it's not enough. https://t.co/rspR4HIwl5","id":"1448390895825424384"},{"public_metrics":{"retweet_count":0,"reply_count":1,"like_count":10,"quote_count":0},"created_at":"2021-10-13T16:25:22.000Z","text":"@LaurelSnyder @hankgreen Wait, I also loved that line. I want in on this crew.","id":"1448323992142573568"},{"public_metrics":{"retweet_count":49,"reply_count":0,"like_count":0,"quote_count":0},"created_at":"2021-10-12T20:53:15.000Z","text":"RT @jasonfurman: Measured productivity growth up a lot in the US in the wake of COVID, is flat or down in other major advanced economies.…","id":"1448029018255548416"},{"public_metrics":{"retweet_count":19,"reply_count":8,"like_count":117,"quote_count":9},"created_at":"2021-10-12T20:39:50.000Z","text":"Damn this is good.\n\nIf you're not subscribed to @adam_tooze's newsletter, you're missing out. https://t.co/vC4YC2Gtem","id":"1448025640586788867"},{"public_metrics":{"retweet_count":7,"reply_count":7,"like_count":326,"quote_count":3},"created_at":"2021-10-12T20:25:33.000Z","text":"@patrickc @DKThomp Someone should write an essay on how the term \"fun fact\" is now used exclusively to denote non-fun facts.","id":"1448022044784816128"},{"public_metrics":{"retweet_count":709,"reply_count":0,"like_count":0,"quote_count":0},"created_at":"2021-10-12T20:24:56.000Z","text":"RT @patrickc: Fun fact: the US decided to build \"the world's first full-scale atomic electric power plant devoted exclusively to peacetime…","id":"1448021892216934400"},{"public_metrics":{"retweet_count":121,"reply_count":0,"like_count":0,"quote_count":0},"created_at":"2021-10-12T19:58:16.000Z","text":"RT @awprokop: Democratic candidate's percentage of the two-party presidential vote:\n\n2008: 53.7%\n2012: 52.0%\n2016: 51.1%\n2020: 52.2%\n\nRemar…","id":"1448015178444918789"},{"public_metrics":{"retweet_count":19,"reply_count":11,"like_count":189,"quote_count":1},"created_at":"2021-10-12T18:33:29.000Z","text":"Agenda control is central. You need to choose, in a campaign or a leg fight, what your controversial policy will be, and which kinds of unpopular debates you’re willing to risk to keep the broader debate on more popular terrain.","id":"1447993842091786241"},{"public_metrics":{"retweet_count":20,"reply_count":10,"like_count":177,"quote_count":2},"created_at":"2021-10-12T18:33:28.000Z","text":"The reconciliation bill has suffered for not having a flagship, viral policy like that. \n\nInstead the point of disagreement is the $3.5 trillion price tag, which is just terrible ground for Democrats to be fighting on.","id":"1447993840959254530"},{"public_metrics":{"retweet_count":5,"reply_count":1,"like_count":55,"quote_count":1},"created_at":"2021-10-12T18:33:28.000Z","text":"And this isn’t just about elections. You see it in legislative fights too. \n\nThe stimulus checks defined the fight over the American Rescue Plan in part because they were controversial. They even had Democratic critics, like Larry Summers, which kept them in the news.","id":"1447993839835250690"},{"public_metrics":{"retweet_count":8,"reply_count":5,"like_count":60,"quote_count":1},"created_at":"2021-10-12T18:33:28.000Z","text":"Viralists see that as a strategy Dems need to try and repeat. It's definitely right that negative partisanship unleash huge energy in modern politics. We just saw its power in the CA recall.\n\nBut can Dems do it in the midterm, without Trump on the ballot? I'm skeptical. https://t.co/P5KDg9PgBA","id":"1447993838182690816"},{"public_metrics":{"retweet_count":4,"reply_count":1,"like_count":80,"quote_count":0},"created_at":"2021-10-12T18:33:27.000Z","text":"I don’t think Democrats have thought about this question that clearly for the past few years because Trump himself was the controversial subject that drove their mobilization and dominated the issue agenda.","id":"1447993835045339138"},{"public_metrics":{"retweet_count":18,"reply_count":3,"like_count":132,"quote_count":2},"created_at":"2021-10-12T18:33:27.000Z","text":"Which is to say: One version of popularism holds that the important thing in politics is deciding which popular things you say. \n\nI think a more compelling version asks which unpopular/controversial things you say in order to define the debate and control the controversy.","id":"1447993833896099847"},{"public_metrics":{"retweet_count":9,"reply_count":3,"like_count":91,"quote_count":0},"created_at":"2021-10-12T18:33:26.000Z","text":"This is also relevant to Trump: He said lots of very unpopular things on immigration, but the benefit of that, to him, is it kept the media focused on immigration, which was a better cut for him than economics.","id":"1447993832675549189"},{"public_metrics":{"retweet_count":6,"reply_count":2,"like_count":85,"quote_count":0},"created_at":"2021-10-12T18:33:26.000Z","text":"If Sanders had created a narrowly popularist Medicare plan — like, say, the Buttigieg plan — it wouldn't have given him the agenda control it did.\n\n(Whether that would've been better or worse for him is an open question.)","id":"1447993831580856323"},{"public_metrics":{"retweet_count":5,"reply_count":1,"like_count":65,"quote_count":0},"created_at":"2021-10-12T18:33:26.000Z","text":"Think back to the Medicare for All plan that dominated virtually every Democratic primary debate: \n\nThe way it did that was by having unpopular provisions — abolishing private insurance, raising broad-based taxes — that kept it a focal point of controversy.","id":"1447993830335156225"},{"public_metrics":{"retweet_count":9,"reply_count":3,"like_count":85,"quote_count":0},"created_at":"2021-10-12T18:33:25.000Z","text":"This is a point @DavidShor makes, too. It’s behind his consistent admiration for Bernie Sanders. \n\nSanders adopts all kinds of unpopular policy ideas and labels, but it’s in service of keeping controversy focused on his broad issues of strength. https://t.co/7kovCEDnRj","id":"1447993828930035715"},{"public_metrics":{"retweet_count":6,"reply_count":2,"like_count":72,"quote_count":0},"created_at":"2021-10-12T18:33:25.000Z","text":"I’m skeptical that polling is that useful a guide to issue popularity, particularly on new issues. \n\nI think it’s more reliable as a guide to which party is favored on broad issue areas, like health care or immigration.","id":"1447993827801792519"},{"public_metrics":{"retweet_count":9,"reply_count":4,"like_count":85,"quote_count":0},"created_at":"2021-10-12T18:33:25.000Z","text":"The media is attracted to controversy. Controversy requires large or powerful groups to be both opposed ands interested. \n\nMost of the time, that requires some degree of unpopularity in your ideas.","id":"1447993826602225664"},{"public_metrics":{"retweet_count":40,"reply_count":10,"like_count":312,"quote_count":16},"created_at":"2021-10-12T18:33:25.000Z","text":"Okay, time for some thoughts on \"unpopularism,\" which is the closest I have to a synthesis in this conversation.\n\nIn short, the missing piece of popularism is what I’d call agenda control. Agenda control requires controversy. You can’t achieve it if you’re afraid to offend.","id":"1447993825301983236"},{"public_metrics":{"retweet_count":7174,"reply_count":0,"like_count":0,"quote_count":0},"created_at":"2021-10-12T18:15:33.000Z","text":"RT @AdamSerwer: Here is my response to Alito, who demands to be seen as apolitical while acting politically, who demands civil discourse wh…","id":"1447989332879417344"},{"public_metrics":{"retweet_count":18,"reply_count":0,"like_count":0,"quote_count":0},"created_at":"2021-10-12T18:12:29.000Z","text":"RT @Nick_Offerman: Thank you @ezraklein for a most rewarding chin-wag. Books, trees, dirt…let’s do this. \uD83C\uDF33\n\n⁦@nytimes⁩ \n⁦@nytopinion⁩  http…","id":"1447988558355075072"},{"public_metrics":{"retweet_count":11,"reply_count":3,"like_count":174,"quote_count":0},"created_at":"2021-10-12T17:54:08.000Z","text":"So @Nick_Offerman is a delight to talk to. And I'm pretty envious of his friend group. https://t.co/OTgzfX3CPv","id":"1447983939780415492"},{"public_metrics":{"retweet_count":9,"reply_count":5,"like_count":81,"quote_count":3},"created_at":"2021-10-12T16:30:40.000Z","text":"Thip Khao! \uD83D\uDC4F\uD83D\uDC4F\uD83D\uDC4F\uD83D\uDC4F\n\nhttps://t.co/SfpWFikbhx","id":"1447962936958349320"},{"public_metrics":{"retweet_count":411,"reply_count":0,"like_count":0,"quote_count":0},"created_at":"2021-10-12T16:26:00.000Z","text":"RT @danpfeiffer: The raging debate over Popularism ignores the fact that people aren't hearing what Dems are saying. The bigger problem is…","id":"1447961761223643142"},{"public_metrics":{"retweet_count":27,"reply_count":0,"like_count":0,"quote_count":0},"created_at":"2021-10-12T16:25:20.000Z","text":"RT @brianbeutler: Obama did better with Voters Who Matter, because he did better with basically all kinds of voters, because he was a very…","id":"1447961593199816707"},{"public_metrics":{"retweet_count":7,"reply_count":0,"like_count":0,"quote_count":0},"created_at":"2021-10-12T16:05:36.000Z","text":"RT @drtimlomas: Love the latest @ezraklein podcast - a beautiful conversation with the great @Nick_Offerman. Includes so much wisdom and in…","id":"1447956627353587716"},{"public_metrics":{"retweet_count":32,"reply_count":10,"like_count":308,"quote_count":7},"created_at":"2021-10-12T15:39:51.000Z","text":"@jonfavs I've said this before, but I think the right correctly understood that Obama was doing something very dangerous for them: Constructing a patriotic story/identity in which the Real Americans are the ones who recognize and work to overcome our flaws.","id":"1447950146822574080"},{"public_metrics":{"retweet_count":0,"reply_count":0,"like_count":1,"quote_count":0},"created_at":"2021-10-12T15:19:41.000Z","text":"@stevenbjohnson No, I get it. I'd be more interested to talk to @stewartbrand than to talk to me too!","id":"1447945070779375616"},{"public_metrics":{"retweet_count":7,"reply_count":8,"like_count":120,"quote_count":0},"created_at":"2021-10-12T15:18:32.000Z","text":"Eh, this thread is long enough. I’ll do Unpopularism later!","id":"1447944784396500995"},{"public_metrics":{"retweet_count":22,"reply_count":10,"like_count":252,"quote_count":2},"created_at":"2021-10-12T15:18:32.000Z","text":"At any rate: \n\nA candidate who mirrors Obama’s message discipline but doesn’t push the ideological and historic boundaries Obama pushed at that time, and who didn't have the ineffable thing Obama had that excited so many people, would not perform like Obama did.","id":"1447944782349680641"},{"public_metrics":{"retweet_count":90,"reply_count":28,"like_count":710,"quote_count":35},"created_at":"2021-10-12T15:18:31.000Z","text":"I'd add that I think the truly underplayed part of Obama’s politics is his level of rhetorical patriotism, and his genius at wrapping his candidacy in a highly pro-American story. \n\nI think that, more than moderation, is what liberals and leftists underestimate in his success.","id":"1447944781066227714"},{"public_metrics":{"retweet_count":19,"reply_count":1,"like_count":178,"quote_count":2},"created_at":"2021-10-12T15:18:31.000Z","text":"Obama's caution was a corrective to the sides of his candidacy that brought liberals out in droves. You have to see Obama as a whole, not as just one of his strategic choices.","id":"1447944779770187776"},{"public_metrics":{"retweet_count":17,"reply_count":1,"like_count":124,"quote_count":0},"created_at":"2021-10-12T15:18:31.000Z","text":"Obama’s message discipline is important to understanding him, and I've emphasized it myself, including in our interview earlier this year. \n\nBut that's taking Obama in the context of this moment, more than in the context of his own. https://t.co/B774nP51ho","id":"1447944778541199362"},{"public_metrics":{"retweet_count":16,"reply_count":3,"like_count":148,"quote_count":3},"created_at":"2021-10-12T15:18:30.000Z","text":"Obama was a break with that thinking, and he was understood as such. \n\nFor all the discipline, even in 2012, 51 percent of voters thought Obama was more liberal than they were, while only 39 percent thought Romney more conservative than they were. https://t.co/9wVwHFPhAN","id":"1447944776880328712"},{"public_metrics":{"retweet_count":20,"reply_count":2,"like_count":145,"quote_count":0},"created_at":"2021-10-12T15:18:29.000Z","text":"It's easy to forget now but the context for Obama was Kerry’s loss. \n\nThere was endless debate about how Democrats could win back “the Heartland,” how they’d lost touch with real America. \n\nThis was the era of fetishizing Brian Schweitzer and his bolo tie. https://t.co/BO3TXCjJMB","id":"1447944772706979842"},{"public_metrics":{"retweet_count":25,"reply_count":8,"like_count":255,"quote_count":13},"created_at":"2021-10-12T15:18:29.000Z","text":"First, on Obama: \n\nThe popularist effort to remind people that Obama exerted message discipline in 08 and 12 risks underselling the obvious: \n\nObama was (and is!) Black, liberal, cosmopolitan and in 08, the anti-war candidate. He was a mobilizer first and foremost.","id":"1447944771389902851"},{"public_metrics":{"retweet_count":40,"reply_count":9,"like_count":218,"quote_count":11},"created_at":"2021-10-12T15:18:29.000Z","text":"Ross’s column today on @DavidShor and the Democrats’ woes is a good opportunity to talk through two parts of this debate that have been gnawing at me. \n\nOne is on Obama. The other is on what might be called Unpopularism. https://t.co/VsmqAKZtlM","id":"1447944769825488909"},{"public_metrics":{"retweet_count":2,"reply_count":0,"like_count":0,"quote_count":0},"created_at":"2021-10-12T15:03:50.000Z","text":"RT @stevenbjohnson: One perk of being a paid subscriber to my new newsletter, Adjacent Possible, is getting access to a series of email-bas…","id":"1447941083527360520"},{"public_metrics":{"retweet_count":0,"reply_count":1,"like_count":2,"quote_count":0},"created_at":"2021-10-12T15:03:05.000Z","text":"@stevenbjohnson Brutal burn.","id":"1447940894586462224"},{"public_metrics":{"retweet_count":0,"reply_count":0,"like_count":8,"quote_count":0},"created_at":"2021-10-12T03:27:14.000Z","text":"@jasoncrawford So you're saying I shouldn't invite you on the show as an expert on book learnin' due to this thread?","id":"1447765780246851588"},{"public_metrics":{"retweet_count":0,"reply_count":0,"like_count":39,"quote_count":0},"created_at":"2021-10-12T02:57:22.000Z","text":"@davidshor @Noahpinion @Nate_Cohn Sometimes a popular policy is just one that nobody's had any real reason to attack yet...","id":"1447758262447665155"},{"public_metrics":{"retweet_count":0,"reply_count":3,"like_count":29,"quote_count":0},"created_at":"2021-10-12T02:56:10.000Z","text":"@davidshor @Noahpinion @Nate_Cohn Right, that's what I'm saying...","id":"1447757962366185472"},{"public_metrics":{"retweet_count":38,"reply_count":14,"like_count":657,"quote_count":1},"created_at":"2021-10-12T02:53:42.000Z","text":"PREACH. https://t.co/FIeUHOaP9C","id":"1447757339709169670"},{"public_metrics":{"retweet_count":3,"reply_count":4,"like_count":98,"quote_count":0},"created_at":"2021-10-12T02:53:12.000Z","text":"@Noahpinion @davidshor @Nate_Cohn This is repeatedly the story of ambitious healthcare policies, at least prior to passage and implementation. Popular-looking ideas become a lot more polarized and unpopular when the political eye of Sauron turns to them.","id":"1447757212395311109"},{"public_metrics":{"retweet_count":41,"reply_count":7,"like_count":262,"quote_count":11},"created_at":"2021-10-12T01:34:50.000Z","text":"\"Each expression of curiosity is an invitation to connect. When we see curiosity in another, we recognize in them a place for ourselves.\"\n\nI loved this essay. https://t.co/UHzYtu2X9x","id":"1447737492132663299"},{"public_metrics":{"retweet_count":5,"reply_count":0,"like_count":0,"quote_count":0},"created_at":"2021-10-11T19:57:34.000Z","text":"RT @kwcollins: I have more complicated thoughts than \"pro\" or \"con\" on popularism -- I think it some things right, like the need to do poll…","id":"1447652615295098882"},{"public_metrics":{"retweet_count":1,"reply_count":3,"like_count":52,"quote_count":0},"created_at":"2021-10-11T16:25:23.000Z","text":"@dylanmatt They can delete our tags but they can never delete our spirits","id":"1447599217816469511"},{"public_metrics":{"retweet_count":0,"reply_count":1,"like_count":1,"quote_count":0},"created_at":"2021-10-11T01:01:46.000Z","text":"@jon_m_rob @davidshor @Mike_AFL @Nate_Cohn Didn't you read Identity Crisis? It already happened!","id":"1447366782176530432"},{"public_metrics":{"retweet_count":28,"reply_count":12,"like_count":336,"quote_count":1},"created_at":"2021-10-11T00:43:32.000Z","text":"But I do think it'd be better if people evaluated politics from the perspective of likely outcomes for governance than likely outcomes for power. \n\nWhy We're Polarized is all about how divided government now leads to weak and unstable governance.","id":"1447362195860250629"},{"public_metrics":{"retweet_count":17,"reply_count":4,"like_count":258,"quote_count":0},"created_at":"2021-10-11T00:43:32.000Z","text":"The alarm I raise in the piece is that if you care about the governance outcomes I do, the Democrats' Senate outlook is *very* worrying. \n\nThat's different than a party being doomed, and people with different governance views will see this one differently!","id":"1447362194757210112"},{"public_metrics":{"retweet_count":18,"reply_count":5,"like_count":221,"quote_count":1},"created_at":"2021-10-11T00:43:32.000Z","text":"But you don't even need to get to the really big legislative priorities for it to be a problem. \n\nCan you effectively staff the government and replace court vacancies amidst extended, divided government? \n\nProbably not. https://t.co/YSVa8DthYc","id":"1447362193264037888"},{"public_metrics":{"retweet_count":146,"reply_count":34,"like_count":1459,"quote_count":7},"created_at":"2021-10-11T00:43:31.000Z","text":"So my basic response to this is I think extended periods of divided government are much worse now than they were in past eras.\n\nIf you care about, say, climate action, 10 years of divided government is a disaster. https://t.co/3vJsOy3mGQ","id":"1447362191489843203"},{"public_metrics":{"retweet_count":0,"reply_count":3,"like_count":68,"quote_count":1},"created_at":"2021-10-11T00:22:42.000Z","text":"@BrendanNyhan [Whispers] This piece was to translate a debate out of the bird site, where it's had poorly, to places where it can maybe be had better!\n\n(But I've actually learned an unusual amount from the bird site debate over the past 48 hours. It's been pretty good, imo.)","id":"1447356950870593536"},{"public_metrics":{"retweet_count":0,"reply_count":7,"like_count":25,"quote_count":2},"created_at":"2021-10-11T00:20:37.000Z","text":"@davidshor @Mike_AFL @jon_m_rob @Nate_Cohn Two thoughts.\n\nThe 2012 report may well have been right. I think that candidate might have won the popular vote. (I believe in The Trump tax, and always will \uD83D\uDE09)\n\nIf R's would both moderate on *both* economics and immigration, Dems would be in a lot of trouble.","id":"1447356429011079171"},{"public_metrics":{"retweet_count":12,"reply_count":0,"like_count":0,"quote_count":0},"created_at":"2021-10-10T20:15:27.000Z","text":"RT @MattGrossmann: @ezraklein &amp; it’s part of a long-term process, where the right intentionally &amp; the left somewhat unintentionally undermi…","id":"1447294727821221891"},{"public_metrics":{"retweet_count":13,"reply_count":6,"like_count":156,"quote_count":0},"created_at":"2021-10-10T19:28:04.000Z","text":"Everyone should read \"Stealth Democracy,\" which is all about this dynamic. Looks like you can get a pdf here: https://t.co/8shDYyZRvn","id":"1447282803737980932"},{"public_metrics":{"retweet_count":120,"reply_count":33,"like_count":679,"quote_count":17},"created_at":"2021-10-10T19:28:03.000Z","text":"\"So one half the media is saying 'Dems are broken.' The other half is saying 'Washington is broken.'\"\n\nThere's a lot of truth to this. And I think people underestimate how bad \"Washington is broken\" is for the party that wants to govern. https://t.co/nAevjwbB66","id":"1447282802299322371"},{"public_metrics":{"retweet_count":18,"reply_count":17,"like_count":104,"quote_count":4},"created_at":"2021-10-10T15:47:08.000Z","text":"If this thread is confusing, here's the new piece I'm talking about! https://t.co/IEpo3PnnlY","id":"1447227204690067462"},{"public_metrics":{"retweet_count":53,"reply_count":34,"like_count":422,"quote_count":21},"created_at":"2021-10-10T15:47:08.000Z","text":"A very direct thing Democrats could do is to get rid of the filibuster, pass some version of the electoral reform legislation, and offer statehood to DC and Puerto Rico. \n\nBut to do that, they need to win more seats with candidates who believe in doing all that!","id":"1447227203511480320"},{"public_metrics":{"retweet_count":23,"reply_count":9,"like_count":168,"quote_count":1},"created_at":"2021-10-10T15:47:07.000Z","text":"But two points of realism:\n\n1. 50 Dems, given Manchin and Sinema, were not enough to pass many of the policies I'd prefer. That's why winning more seats matters.\n\n2. The policy feedback loop is weaker than I'd like to admit. Child Tax Credit didn't drive Biden's numbers up.","id":"1447227202181873667"},{"public_metrics":{"retweet_count":3,"reply_count":2,"like_count":83,"quote_count":0},"created_at":"2021-10-10T15:47:07.000Z","text":"This was my first feature at the Times. In some ways, the Shor piece reflects an admission that Democrats aren't going to pull this strategy off. https://t.co/H7nnSykgwM","id":"1447227201028431883"},{"public_metrics":{"retweet_count":61,"reply_count":16,"like_count":489,"quote_count":5},"created_at":"2021-10-10T15:47:07.000Z","text":"I largely agree with this.\n\nThe debate over how Dems can win more seats through messaging — whether popularism or viralism or something else — reflect them proving unable to deploy my preferred strategy: Winning more seats through governing. https://t.co/Z3Jor80Lxn","id":"1447227199203930115"},{"public_metrics":{"retweet_count":0,"reply_count":0,"like_count":3,"quote_count":1},"created_at":"2021-10-10T15:20:36.000Z","text":"@dhopkins1776 On a basic level, I see the piece as making the case to Democrats that their Senate future is grim, and whatever strategy they choose, they need to choose *some* strategy to respond. \n\n(Narrator: They probably won't.)","id":"1447220528389836801"},{"public_metrics":{"retweet_count":5,"reply_count":8,"like_count":34,"quote_count":0},"created_at":"2021-10-10T15:09:46.000Z","text":"Good \uD83E\uDDF5 https://t.co/AYDu179sxR","id":"1447217802717241346"},{"public_metrics":{"retweet_count":0,"reply_count":1,"like_count":2,"quote_count":0},"created_at":"2021-10-10T15:08:34.000Z","text":"@dhopkins1776 I like this thread, but two things on this:\n\n1. Was working on this for awhile! Timing had a lot of factors.\n\n2. This piece is connected to this leg cycle. The difficulty Dems are having underscores their need for a strategy that gets them above 50 in the Senate.","id":"1447217500836356101"},{"public_metrics":{"retweet_count":0,"reply_count":2,"like_count":80,"quote_count":0},"created_at":"2021-10-10T15:05:22.000Z","text":"@jonfavs @danpfeiffer @TVietor08 @jack @davidshor Imagine how much better/emptier Twitter would be if we always did this","id":"1447216694439538692"},{"public_metrics":{"retweet_count":8,"reply_count":7,"like_count":104,"quote_count":0},"created_at":"2021-10-08T19:48:11.000Z","text":"But separate from all that, the DLC understood itself as an ideological organization with a theory of economic growth and dynamism, and it wanted to win a policy agenda, not just maximize Democratic electoral outcomes. Popularism, as I read it, is more agenda agnostic.","id":"1446563090347167746"},{"public_metrics":{"retweet_count":10,"reply_count":3,"like_count":83,"quote_count":1},"created_at":"2021-10-08T19:48:10.000Z","text":"This is where it probably matters whether you're interested in driving up ticket-splitting or total Democratic vote share. \n\nIf you buy into it, popularism is a strategy for the latter, not really the former.","id":"1446563089051127808"},{"public_metrics":{"retweet_count":30,"reply_count":4,"like_count":185,"quote_count":3},"created_at":"2021-10-08T19:48:10.000Z","text":"One way of reading that is it picks up something Shor misses: \n\nThe media is interested in conflict, and so to separate from the party and get a reputation as a \"moderate,\" you have to cause high-profile conflict with progressives.","id":"1446563088048689153"},{"public_metrics":{"retweet_count":32,"reply_count":2,"like_count":236,"quote_count":1},"created_at":"2021-10-08T19:48:10.000Z","text":"The DLC version of moderation, or the Manchin/Sinema version, is about creating a vibe of independence by siding with corporate or status quo interests against progressives. \n\nThey'll deploy that strategy against *highly* popular initiatives.","id":"1446563087054635016"},{"public_metrics":{"retweet_count":14,"reply_count":5,"like_count":137,"quote_count":1},"created_at":"2021-10-08T19:48:10.000Z","text":"I speak to this very quickly in the piece, but I think it's an important distinction: https://t.co/NgAzc6L2fl","id":"1446563085666295811"},{"public_metrics":{"retweet_count":27,"reply_count":13,"like_count":241,"quote_count":9},"created_at":"2021-10-08T19:48:09.000Z","text":"Shor should speak for himself here, but I started thinking this was true and ended thinking that the difference is that the DLC/Third Way version of moderation had strong ideological commitments popularism doesn't share. https://t.co/ytK3yoevsf","id":"1446563081866203137"},{"public_metrics":{"retweet_count":1,"reply_count":1,"like_count":33,"quote_count":0},"created_at":"2021-10-08T19:38:51.000Z","text":"@yayitsrob @davidshor My next 5,000+ word David Shor piece will be exclusively about this, with comments from all living co-founders of https://t.co/FNiSIHlAQT.","id":"1446560741125865472"},{"public_metrics":{"retweet_count":1,"reply_count":1,"like_count":21,"quote_count":1},"created_at":"2021-10-08T19:15:22.000Z","text":"@gelliottmorris @BenjySarlin @databyler @davidshor Also, the point of this kind of model is to force a confrontation with a likely future, *and thereby inspire people to change it.* It's a mechanism for forcing people to reckon with trends they may otherwise ignore. \n\nIf the model serves its purpose, it won't come true.","id":"1446554834371375105"},{"public_metrics":{"retweet_count":77,"reply_count":0,"like_count":0,"quote_count":0},"created_at":"2021-10-08T18:34:01.000Z","text":"RT @DKThomp: The Everything Shortage sucks. But maybe the fact that it sucks to run out of everything all at once should inspire us to purs…","id":"1446544426319241221"},{"public_metrics":{"retweet_count":0,"reply_count":1,"like_count":3,"quote_count":0},"created_at":"2021-10-08T18:09:53.000Z","text":"@JoePostingg @dceiver @BenjySarlin @AdamSerwer I will die on this counterfactual hill, but I think if they had gotten it done, we would've seen that taking health insurance away from people is very bad electoral politics, in addition to immoral. McCain saved them politically from an even worse 2018 wipeout.","id":"1446538353428492290"},{"public_metrics":{"retweet_count":7,"reply_count":9,"like_count":56,"quote_count":6},"created_at":"2021-10-08T18:00:55.000Z","text":"In non-David Shor news, I talked to Maggie Nelson about her new book on freedom, its anxieties, and its limits. https://t.co/uMGFk9w6CC","id":"1446536096297353216"},{"public_metrics":{"retweet_count":42,"reply_count":0,"like_count":0,"quote_count":0},"created_at":"2021-10-08T17:45:46.000Z","text":"RT @owasow: “To see how bad map is for Democrats, think of 2018 when anti-Trump fury drove record turnout and handed House to Pelosi. Senat…","id":"1446532283490443264"},{"public_metrics":{"retweet_count":3,"reply_count":3,"like_count":34,"quote_count":0},"created_at":"2021-10-08T17:36:48.000Z","text":"@BenjySarlin @dceiver @AdamSerwer Strongly agree with this. I think the better read of Republicans is that they are pretty aware of the parts of their agenda that are toxically unpopular, and they hide from or lie about them. Their rhetoric on taxes shows this very clearly.","id":"1446530029421166596"},{"public_metrics":{"retweet_count":1,"reply_count":2,"like_count":32,"quote_count":0},"created_at":"2021-10-08T17:28:23.000Z","text":"@AdamSerwer @BenjySarlin The Dr. Seuss moment was really telling here. That got way more rightwing energy than the ARP, which I suspect was good for Biden, and probably not what Republicans wanted, either. No one truly has control over the Discourse in a cable/social media age.","id":"1446527907656962049"},{"public_metrics":{"retweet_count":1,"reply_count":2,"like_count":28,"quote_count":1},"created_at":"2021-10-08T17:27:13.000Z","text":"@AdamSerwer @BenjySarlin I think this is also the dark side of \"viralism\": There's just more energy in culture war. So the good side of that is it gives you running room on economic policy. The bad side is it means focusing on econ policy gives you less Discourse control.","id":"1446527617394364416"},{"public_metrics":{"retweet_count":4,"reply_count":5,"like_count":64,"quote_count":1},"created_at":"2021-10-08T17:12:56.000Z","text":"@AdamSerwer @davidshor There's a pretty profound critique of the media and its priorities lurking in all of this, I'll note.","id":"1446524020904525826"},{"public_metrics":{"retweet_count":23,"reply_count":0,"like_count":0,"quote_count":0},"created_at":"2021-10-08T17:10:54.000Z","text":"RT @ezraklein: @AdamSerwer I couldn't use this quote from @davidshor, but I thought it was interesting, true, and in tension with popularis…","id":"1446523507966287874"},{"public_metrics":{"retweet_count":10,"reply_count":3,"like_count":60,"quote_count":4},"created_at":"2021-10-08T17:10:07.000Z","text":"@AdamSerwer @davidshor You can't dominate the agenda without picking controversial fights, and that means accepting unpopular elements inside your agenda. A milquetoast popularist won't have any agenda control.","id":"1446523312851484672"},{"public_metrics":{"retweet_count":2,"reply_count":3,"like_count":56,"quote_count":0},"created_at":"2021-10-08T17:07:15.000Z","text":"@AdamSerwer @davidshor It really worked to get Sanders coverage! That Medicare plan dominated almost every primary debate. But it's a strategy that's quite different than popularism, which as I understand it, would lead you to something like the Buttigieg plan.","id":"1446522591301099524"},{"public_metrics":{"retweet_count":2,"reply_count":2,"like_count":51,"quote_count":1},"created_at":"2021-10-08T17:06:02.000Z","text":"@AdamSerwer @davidshor Sanders often got coverage by adopting unpopular labels or stances with highly unpopular parts. Socialism is one, but another was a Medicare plan that abolished private insurance and raised broad-based taxes.","id":"1446522284450082816"},{"public_metrics":{"retweet_count":23,"reply_count":8,"like_count":163,"quote_count":7},"created_at":"2021-10-08T17:05:12.000Z","text":"@AdamSerwer I couldn't use this quote from @davidshor, but I thought it was interesting, true, and in tension with popularism: https://t.co/V0ih2TpRA2","id":"1446522074554507270"},{"public_metrics":{"retweet_count":4,"reply_count":1,"like_count":77,"quote_count":1},"created_at":"2021-10-08T17:04:43.000Z","text":"@AdamSerwer But to get at something I had to cut from the piece, I think there's a tension between popularism and getting media attention, and I think Shor kind of knows it.","id":"1446521952865177600"},{"public_metrics":{"retweet_count":13,"reply_count":17,"like_count":195,"quote_count":2},"created_at":"2021-10-08T17:02:45.000Z","text":"@AdamSerwer I agree, though I think I do spend time on that idea in the piece. https://t.co/ASkbDDfD9M","id":"1446521458327375872"},{"public_metrics":{"retweet_count":43,"reply_count":0,"like_count":0,"quote_count":0},"created_at":"2021-10-08T16:39:40.000Z","text":"RT @jasoncrawford: “If total factor productivity had continued to grow at its 1957 to 1973 rate then we today would be living in the world…","id":"1446515651590311942"},{"public_metrics":{"retweet_count":0,"reply_count":1,"like_count":4,"quote_count":0},"created_at":"2021-10-08T16:17:44.000Z","text":"@DouthatNYT Though I'm still not sure it's a trade I'd take.","id":"1446510129113808897"},{"public_metrics":{"retweet_count":0,"reply_count":2,"like_count":2,"quote_count":0},"created_at":"2021-10-08T16:17:02.000Z","text":"@DouthatNYT I mean, yes!","id":"1446509955142459395"},{"public_metrics":{"retweet_count":26,"reply_count":0,"like_count":0,"quote_count":0},"created_at":"2021-10-08T16:14:37.000Z","text":"RT @JerusalemDemsas: Just starting to read this now but anything by @ConorDougherty is self-recommending. https://t.co/T76BHzJtKZ","id":"1446509345013784577"},{"public_metrics":{"retweet_count":6,"reply_count":0,"like_count":0,"quote_count":0},"created_at":"2021-10-08T16:10:49.000Z","text":"RT @rp_griffin: Just one small note in this entire discussion:\n\n2020 might be a spectacularly bad year from which to draw conclusions about…","id":"1446508389840801792"},{"public_metrics":{"retweet_count":4,"reply_count":5,"like_count":48,"quote_count":1},"created_at":"2021-10-08T15:42:40.000Z","text":"The case for educational polarization https://t.co/CfnRYEqQ4o","id":"1446501306667917313"}],"meta":{"oldest_id":"1446501306667917313","newest_id":"1448728642486358038","result_count":100,"next_token":"7140dibdnow9c7btw3z2gmogy8q3p956euaidhkv8ayib"}}