{"data":[{"id":"1443358201202814977","text":"My Build Back Better Agenda and the Bipartisan Infrastructure Deal are overwhelmingly supported by the American people. We are working to get this done. https://t.co/p5lcLcTHgV","created_at":"2021-09-29T23:33:06.000Z","public_metrics":{"retweet_count":3678,"reply_count":5987,"like_count":22010,"quote_count":616}},{"id":"1443299126125420550","text":"It’s time we build an economy where everyone has a fair shot to get ahead — not just those at the top. With my Build Back Better Agenda, we’re going to level the playing field and lower costs on everything from health care to housing.","created_at":"2021-09-29T19:38:21.000Z","public_metrics":{"retweet_count":4556,"reply_count":4770,"like_count":30588,"quote_count":509}},{"id":"1442949613971935233","text":"This National Hispanic Heritage Month, we have a lot to celebrate. We recognize that Hispanic culture is American culture. But, we also have a lot to do. And I’m proud to be a partner in the important work ahead. https://t.co/9b4MsnlHMg","created_at":"2021-09-28T20:29:31.000Z","public_metrics":{"retweet_count":1389,"reply_count":2179,"like_count":8088,"quote_count":152}},{"id":"1442901419040800771","text":"The American people sent a clear message at the polls last November. We need to meet this moment and deliver.\n \nWe need to pass the Bipartisan Infrastructure Deal and my Build Back Better Agenda.","created_at":"2021-09-28T17:18:00.000Z","public_metrics":{"retweet_count":3761,"reply_count":4253,"like_count":22140,"quote_count":403}},{"id":"1442892212598046722","text":"RT @CDCgov: CDC recommends that certain populations receive a booster shot of Pfizer-BioNTech’s #COVID19 Vaccine at least 6 months after co…","created_at":"2021-09-28T16:41:25.000Z","public_metrics":{"retweet_count":1114,"reply_count":0,"like_count":0,"quote_count":0}},{"id":"1442892200312905742","text":"It was an honor to host the first-ever in-person Quad Leaders’ Summit. We’re committed to our partnership and to an Indo-Pacific region that is free, open, inclusive, and resilient. https://t.co/W2HL58Jc0j","created_at":"2021-09-28T16:41:22.000Z","public_metrics":{"retweet_count":4076,"reply_count":1106,"like_count":21233,"quote_count":249}},{"id":"1442878979917156354","text":"Get vaccinated.\n\nIt can save your life.\n\nIt can save the lives of those around you. https://t.co/STZDwniBD5","created_at":"2021-09-28T15:48:50.000Z","public_metrics":{"retweet_count":2312,"reply_count":3288,"like_count":15071,"quote_count":284}},{"id":"1442839893860888580","text":"From health care to child care, my Build Back Better Agenda will lower everyday costs for middle class Americans. https://t.co/eqzWKmw1wy","created_at":"2021-09-28T13:13:32.000Z","public_metrics":{"retweet_count":1271,"reply_count":1357,"like_count":6184,"quote_count":119}},{"id":"1442629979511169031","text":"The COVID-19 booster shots will provide even more protection from COVID-19 for those who are at greater risk. That’s why today, I got my booster — and encourage everyone who’s eligible to do so as well. https://t.co/XO4l3XxgLG","created_at":"2021-09-27T23:19:24.000Z","public_metrics":{"retweet_count":2670,"reply_count":2524,"like_count":23964,"quote_count":308}},{"id":"1442610517017653252","text":"Poll after poll makes it clear: The majority of Americans overwhelmingly support my Build Back Better Agenda.\n \nLet’s get it done and deliver for the American people. https://t.co/uptz12TQmP","created_at":"2021-09-27T22:02:04.000Z","public_metrics":{"retweet_count":2778,"reply_count":2970,"like_count":13028,"quote_count":337}},{"id":"1442595718762536964","text":"Getting your COVID-19 vaccine is easy, accessible, and free.\n \nText your zip code to 438829 or visit https://t.co/4MYpWqXVVo to find a vaccination location near you.\n \nWe can do this. Get vaccinated.","created_at":"2021-09-27T21:03:16.000Z","public_metrics":{"retweet_count":1014,"reply_count":985,"like_count":4627,"quote_count":73}},{"id":"1442573157362290689","text":"We can’t just build back to the way things were before the pandemic — we need to build back better.\n \nIt’s what the American people elected us to do. And it’s why we need to pass the Bipartisan Infrastructure Deal and my Build Back Better Agenda.","created_at":"2021-09-27T19:33:37.000Z","public_metrics":{"retweet_count":2949,"reply_count":2609,"like_count":18277,"quote_count":267}},{"id":"1442561593364017154","text":"The idea that 50 major corporations — making a total of $40 billion — pay nothing in taxes is just plain wrong. https://t.co/EZG6kjOmN9","created_at":"2021-09-27T18:47:40.000Z","public_metrics":{"retweet_count":2462,"reply_count":1841,"like_count":11401,"quote_count":243}},{"id":"1442545888631693315","text":"If you got the Pfizer vaccine in January, February, or March — and you are over 65, have a medical condition, or work in a frontline job — you can go get your booster. \n \nThey will be available in 80,000 locations, including at over 40,000 pharmacies nationwide.","created_at":"2021-09-27T17:45:15.000Z","public_metrics":{"retweet_count":5729,"reply_count":2512,"like_count":32854,"quote_count":441}},{"id":"1442536204302307334","text":"Tune in as I deliver remarks and receive my COVID-19 booster shot.  https://t.co/GurbbWdrvF","created_at":"2021-09-27T17:06:46.000Z","public_metrics":{"retweet_count":992,"reply_count":1237,"like_count":6171,"quote_count":99}},{"id":"1442495571986583558","text":"I’ll be getting my COVID-19 booster shot — and I encourage everyone who’s eligible to get theirs as well. https://t.co/l6Gmo0G8OO","created_at":"2021-09-27T14:25:19.000Z","public_metrics":{"retweet_count":2484,"reply_count":3077,"like_count":17311,"quote_count":414}},{"id":"1442475915322314753","text":"Hardworking Americans shouldn’t be paying more in taxes than giant corporations. It needs to end.","created_at":"2021-09-27T13:07:12.000Z","public_metrics":{"retweet_count":3423,"reply_count":2526,"like_count":23248,"quote_count":385}},{"id":"1442284014363189248","text":"I give you my word as a Biden: If you make under $400,000 a year, I’ll never raise your taxes one cent.\n \nBut, I’m going to make those at the top start to pay their share in taxes.\n \nIt’s only fair.","created_at":"2021-09-27T00:24:40.000Z","public_metrics":{"retweet_count":7021,"reply_count":14836,"like_count":59474,"quote_count":2694}},{"id":"1442255128271097860","text":"The families of our fallen men and women in uniform understand the true and painful price of freedom — coping with loss and unspeakable grief. Today, on Gold Star Mother’s and Family’s Day, we recognize their enduring pain and honor their resilience.","created_at":"2021-09-26T22:29:53.000Z","public_metrics":{"retweet_count":3432,"reply_count":2220,"like_count":22047,"quote_count":178}},{"id":"1442203586709106689","text":"We’re building an economy where everyone has a fair shot to get ahead — not just those at the top. https://t.co/BtRVKN6kOT","created_at":"2021-09-26T19:05:04.000Z","public_metrics":{"retweet_count":1957,"reply_count":1895,"like_count":13402,"quote_count":163}},{"id":"1442158271763083271","text":"We’re going to pass a historic middle class tax cut — and we’ll do it by making those at the top pay their fair share.\n \nI know the crowd on Park Ave might not like it, but it’s time we give people in towns like Scranton — the folks I grew up with — a break for a change.","created_at":"2021-09-26T16:05:00.000Z","public_metrics":{"retweet_count":6251,"reply_count":3633,"like_count":42446,"quote_count":487}},{"id":"1442134932399083529","text":"When I think of climate change — I think jobs. These union workers are leading on the technologies that will help us lead the world and tackle the climate crisis head-on. https://t.co/3tSWnnz4yD","created_at":"2021-09-26T14:32:16.000Z","public_metrics":{"retweet_count":1976,"reply_count":2162,"like_count":12086,"quote_count":260}},{"id":"1441924106765602819","text":"My Build Back Better Agenda costs zero dollars. \n \nInstead of wasting money on tax breaks, loopholes, and tax evasion for big corporations and the wealthy, we can make a once-in-a-generation investment in working America.\n \nAnd it adds zero dollars to the national debt.","created_at":"2021-09-26T00:34:31.000Z","public_metrics":{"retweet_count":7386,"reply_count":13600,"like_count":39777,"quote_count":2879}},{"id":"1441826083742040065","text":"As we continue our economic recovery, we have a fundamental question to answer:\n \nAre we going to continue with an economy where the rich just get richer? Or are we finally going to give working families — the folks that built this country — a leg up?\n \nI know my answer.","created_at":"2021-09-25T18:05:00.000Z","public_metrics":{"retweet_count":4566,"reply_count":4329,"like_count":25784,"quote_count":433}},{"id":"1441776273102082056","text":"We can’t just build back to the way things were before the pandemic. We have to build back better.\n \nWe’re building an economy where everyone has a fair shot — not just those at the top.","created_at":"2021-09-25T14:47:05.000Z","public_metrics":{"retweet_count":4668,"reply_count":5291,"like_count":34915,"quote_count":638}},{"id":"1441568171106971648","text":"If you got the Pfizer vaccine in January, February, or March — and you are over 65, have a medical condition, or work in a frontline job — you can go get your booster.\n \nThey will be available in 80,000 locations, including at over 40,000 pharmacies nationwide. https://t.co/XT5oiTCedV","created_at":"2021-09-25T01:00:09.000Z","public_metrics":{"retweet_count":3122,"reply_count":3293,"like_count":15001,"quote_count":321}},{"id":"1441543929455853568","text":"It was an honor to host the Prime Ministers of Australia, India, and Japan this afternoon for the first-ever in-person Quad Leaders Summit. We share a common vision for the future, and we’re coming together to meet the key challenges of the 21st century. https://t.co/OQYRvzkqeQ","created_at":"2021-09-24T23:23:50.000Z","public_metrics":{"retweet_count":4411,"reply_count":2215,"like_count":30604,"quote_count":461}},{"id":"1441516898672209926","text":"This morning, I hosted Prime Minister Modi at the White House as we launch a new chapter in the history of U.S.-India ties. Our two nations are the largest democracies in the world, and we’re committed to taking on the toughest challenges we face — together. https://t.co/uO97X1upFn","created_at":"2021-09-24T21:36:25.000Z","public_metrics":{"retweet_count":5181,"reply_count":2110,"like_count":34439,"quote_count":372}},{"id":"1441508761630228485","text":"Last night, the White House was lit up gold for National Childhood Cancer Awareness Month. The fight against cancer is personal for my family — like it is for millions of others. As president, I’ll continue to invest in critical research and care to end cancer as we know it. https://t.co/k4W4U50RS2","created_at":"2021-09-24T21:04:05.000Z","public_metrics":{"retweet_count":1397,"reply_count":847,"like_count":9036,"quote_count":110}},{"id":"1441488215899197440","text":"I'm heartbroken by the treatment of Haitian migrants at our border — and I acknowledge it is only the latest of many historic indignities that Haitians have faced. We will continue to offer assistance and investigate wrongdoing. I remain committed, as ever, to Haiti's future. https://t.co/Cu1TlqF4EA","created_at":"2021-09-24T19:42:26.000Z","public_metrics":{"retweet_count":2263,"reply_count":4551,"like_count":12715,"quote_count":578}},{"id":"1441418775174258689","text":"This morning I’m hosting Indian Prime Minister Narendra Modi at the White House for a bilateral meeting. I look forward to strengthening the deep ties between our two nations, working to uphold a free and open Indo-Pacific, and tackling everything from COVID-19 to climate change.","created_at":"2021-09-24T15:06:30.000Z","public_metrics":{"retweet_count":7802,"reply_count":3554,"like_count":52273,"quote_count":658}},{"id":"1441409994365095949","text":"The majority of Americans who were fully vaccinated with Pfizer can receive a booster shot at least 6 months after their second shot. This includes people over 65, those with underlying medical conditions, and those in frontline jobs.","created_at":"2021-09-24T14:31:37.000Z","public_metrics":{"retweet_count":4288,"reply_count":2942,"like_count":30066,"quote_count":392}},{"id":"1441401732458819584","text":"Tune in as I deliver remarks on our COVID-19 response and vaccination program. https://t.co/P8ydsaKBFV","created_at":"2021-09-24T13:58:47.000Z","public_metrics":{"retweet_count":817,"reply_count":1398,"like_count":4559,"quote_count":92}},{"id":"1441184106549690369","text":"My Build Back Better Agenda will restore some semblance of fairness to our tax system. Because no teacher or firefighter should be paying more in taxes than an entire oil company.\n \nIt’s got to change.","created_at":"2021-09-23T23:34:01.000Z","public_metrics":{"retweet_count":4240,"reply_count":3844,"like_count":25720,"quote_count":342}},{"id":"1441154416476921858","text":"It’s time we give the middle class a tax break for a change. The hardworking Americans who get up every single day and make this country run.\n \nThat’s what my Build Back Better Agenda is all about.","created_at":"2021-09-23T21:36:02.000Z","public_metrics":{"retweet_count":4246,"reply_count":3600,"like_count":30145,"quote_count":453}},{"id":"1441131759567982601","text":"Folks, I don’t want to punish anyone’s success. But those at the top have been getting a free ride for far too long.\n\nWe’re going to change that.","created_at":"2021-09-23T20:06:01.000Z","public_metrics":{"retweet_count":11895,"reply_count":16549,"like_count":105528,"quote_count":3308}},{"id":"1441113039219036166","text":"You pay your share in taxes. It’s long past time the super-wealthy pay theirs as well. https://t.co/8vXxRxvhfE","created_at":"2021-09-23T18:51:37.000Z","public_metrics":{"retweet_count":2159,"reply_count":1749,"like_count":11994,"quote_count":221}},{"id":"1441087802569936899","text":"My Build Back Better Agenda means: \n \n- A historic middle class tax break\n- Lower health care and child care costs\n- Free community college\n- Universal preschool\n \nAnd we’ll pay for it by ensuring those at the top pay their fair share in taxes.","created_at":"2021-09-23T17:11:20.000Z","public_metrics":{"retweet_count":3981,"reply_count":3168,"like_count":21607,"quote_count":459}},{"id":"1441047200625090573","text":"It’s simple: The wealthy don’t need another tax break, the middle class does.\n \nThat’s why we’re going to ensure the wealthy and large corporations pay their fair share and then use that money to give one of the largest middle class tax breaks in history.","created_at":"2021-09-23T14:30:00.000Z","public_metrics":{"retweet_count":6058,"reply_count":3175,"like_count":38316,"quote_count":513}},{"id":"1440858017122197504","text":"Today I had three productive meetings with congressional Democrats to hear their perspectives and make progress in passing the Build Back Better Act and Bipartisan Infrastructure Deal. There’s more work to be done, but I’m committed to delivering for the middle class.","created_at":"2021-09-23T01:58:15.000Z","public_metrics":{"retweet_count":3909,"reply_count":3615,"like_count":27382,"quote_count":331}},{"id":"1440837982160769024","text":"Instead of continuing to fight the wars of the past, we are focusing on the challenges that hold the keys to our future. https://t.co/Pdh9v5yqMD","created_at":"2021-09-23T00:38:39.000Z","public_metrics":{"retweet_count":1375,"reply_count":1898,"like_count":8658,"quote_count":172}},{"id":"1440794506652110848","text":"I’m sick and tired of the super-wealthy and giant corporations not paying their fair share in taxes.\n \nIt’s time for it to change.","created_at":"2021-09-22T21:45:53.000Z","public_metrics":{"retweet_count":13110,"reply_count":10524,"like_count":93591,"quote_count":2958}},{"id":"1440772872448798723","text":"Let’s put this pandemic behind us. Get vaccinated.","created_at":"2021-09-22T20:19:55.000Z","public_metrics":{"retweet_count":12309,"reply_count":6120,"like_count":101508,"quote_count":993}},{"id":"1440756785057468419","text":"Today I spoke with President Emmanuel Macron of France, and reaffirmed the importance of French and European engagement in the Indo-Pacific region. I look forward to a process of in-depth consultations and to meeting with him in October. https://t.co/MouVMCBgDR","created_at":"2021-09-22T19:16:00.000Z","public_metrics":{"retweet_count":1566,"reply_count":1605,"like_count":11435,"quote_count":240}},{"id":"1440728112170340360","text":"As we fight COVID-19 here at home, we need to continue our efforts overseas. That’s why today, I announced we’re increasing our total vaccine donation to over 1.1 billion doses — more than every other country combined.\n \nThat’s American leadership on the global stage.","created_at":"2021-09-22T17:22:04.000Z","public_metrics":{"retweet_count":3698,"reply_count":3624,"like_count":26868,"quote_count":349}},{"id":"1440718421390282753","text":"We are committed to working with our partners and allies to build a more prosperous future for all people. https://t.co/o50rOqEHXc","created_at":"2021-09-22T16:43:33.000Z","public_metrics":{"retweet_count":1079,"reply_count":1521,"like_count":6287,"quote_count":151}},{"id":"1440666857724252160","text":"Instead of continuing to fight the wars of the past, we are fixing our eyes on — and devoting our resources to — the challenges that hold the keys to our future: ending the pandemic, the climate crisis, emerging technology, and the threat of terrorism as it stands today.","created_at":"2021-09-22T13:18:39.000Z","public_metrics":{"retweet_count":3184,"reply_count":2854,"like_count":20701,"quote_count":243}},{"id":"1440487517149532164","text":"It was an honor to welcome United Kingdom Prime Minister Boris Johnson to the White House this afternoon. The bond between our two nations is ironclad and we’re committed to working together on everything from climate change to COVID-19 in the years ahead. https://t.co/ldr0NzzWYN","created_at":"2021-09-22T01:26:01.000Z","public_metrics":{"retweet_count":2106,"reply_count":2665,"like_count":20837,"quote_count":291}},{"id":"1440408769456791552","text":"It was great to meet with Australian Prime Minister Scott Morrison today in New York. Our nations have stood together for over 70 years — and we’re committed to working together to secure a free and open Indo-Pacific region and tackle the shared challenges we face. https://t.co/SNGCQSy3H9","created_at":"2021-09-21T20:13:06.000Z","public_metrics":{"retweet_count":1496,"reply_count":1722,"like_count":10881,"quote_count":216}},{"id":"1440394460710391814","text":"From extreme storms to relentless wildfires, we’re witnessing the devastating impact of climate change every day.\n\nWe need to act. We need to pass my Build Back Better Agenda. https://t.co/Ooms6iHAPs","created_at":"2021-09-21T19:16:15.000Z","public_metrics":{"retweet_count":1609,"reply_count":1599,"like_count":6942,"quote_count":154}},{"id":"1440379663411343364","text":"It was an honor to address the UN General Assembly this morning. We stand at an inflection point in history, and the United States is committed to working with our allies and partners to tackle the greatest challenges of our time.\n\nWe will build a better future — together. https://t.co/M7xAx72PqE","created_at":"2021-09-21T18:17:27.000Z","public_metrics":{"retweet_count":3047,"reply_count":3276,"like_count":21576,"quote_count":368}},{"id":"1440340140187009031","text":"Here at the dawning of what must be a decisive decade for our world, our global community is challenged by urgent and looming crises. But in those crises lie enormous opportunities, if we can summon the will and resolve to seize them.\n \nWe stand at an inflection point in history.","created_at":"2021-09-21T15:40:24.000Z","public_metrics":{"retweet_count":1940,"reply_count":2031,"like_count":11563,"quote_count":213}},{"id":"1440315218005880843","text":"Tune in as I deliver remarks before the 76th Session of the United Nations General Assembly. https://t.co/3i8ONT13G7","created_at":"2021-09-21T14:01:22.000Z","public_metrics":{"retweet_count":1309,"reply_count":1328,"like_count":6305,"quote_count":154}},{"id":"1440310494871515143","text":"In New York for the UN General Assembly. Let’s get to work. https://t.co/LeszRZGmuN","created_at":"2021-09-21T13:42:36.000Z","public_metrics":{"retweet_count":2138,"reply_count":1424,"like_count":24108,"quote_count":278}},{"id":"1440295929983078402","text":"It’s not enough just to build back to the way things were before the pandemic – it’s time to build back better. https://t.co/gT6WiV1Eaj","created_at":"2021-09-21T12:44:43.000Z","public_metrics":{"retweet_count":1755,"reply_count":1488,"like_count":9946,"quote_count":218}},{"id":"1440135291843534848","text":"As I said during tonight’s meeting with UN Secretary General António Guterres: global challenges require global solutions. We believe in the United Nations and its value. And at this moment, our bond — based on common values and principles — is more important than ever. https://t.co/H7G1GAXopQ","created_at":"2021-09-21T02:06:24.000Z","public_metrics":{"retweet_count":1747,"reply_count":1815,"like_count":10137,"quote_count":160}},{"id":"1440089176230088712","text":"It’s time we reward work in this country — not just wealth.","created_at":"2021-09-20T23:03:09.000Z","public_metrics":{"retweet_count":8289,"reply_count":6677,"like_count":72531,"quote_count":1140}},{"id":"1440068616511123457","text":"I’m not looking to punish anyone, I just think it’s only fair that the wealthiest Americans pay their fair share once again. Then, we’ll use that money to invest in the middle class. https://t.co/xZYMMUo5yi","created_at":"2021-09-20T21:41:28.000Z","public_metrics":{"retweet_count":3518,"reply_count":3575,"like_count":18451,"quote_count":449}},{"id":"1440053936551981063","text":"I applaud this plan from @SpeakerPelosi and @SenSchumer to keep the government open, provide disaster relief, and avoid catastrophic default.\n \nThis is a bipartisan responsibility, just as it was under my predecessor. Blocking it would be inexcusable. https://t.co/qDBwMs6DBx","created_at":"2021-09-20T20:43:08.000Z","public_metrics":{"retweet_count":2227,"reply_count":1220,"like_count":10042,"quote_count":108}},{"id":"1440022155295592452","text":"This afternoon, I’m heading to New York for the 76th session of the United Nations General Assembly. I look forward to strengthening our global partnerships, working with our allies to tackle our shared challenges, and making clear that America is back.","created_at":"2021-09-20T18:36:50.000Z","public_metrics":{"retweet_count":2274,"reply_count":2765,"like_count":17970,"quote_count":324}},{"id":"1439991267727925251","text":"Ten years ago today, the repeal of Don’t Ask, Don’t Tell helped move our nation closer to its foundational promise of equality, dignity, and opportunity for all. I am thankful for all of the LGBTQ+ service members and veterans who strengthen our military and our nation.","created_at":"2021-09-20T16:34:06.000Z","public_metrics":{"retweet_count":4775,"reply_count":1834,"like_count":35548,"quote_count":258}},{"id":"1439949022266015749","text":"We have the tools to put this pandemic behind us, but we all have to do our part. If you haven’t yet, please get vaccinated. And if you’ve gotten vaccinated, reach out to family and friends who haven’t. \n\nLet’s finish this once and for all.","created_at":"2021-09-20T13:46:14.000Z","public_metrics":{"retweet_count":8180,"reply_count":5469,"like_count":52864,"quote_count":569}},{"id":"1439650502757736448","text":"We need to build an economy that gives working people a fair shot. We need to restore fairness to our tax code. We need to make long overdue investments in our infrastructure. We need to pass the Bipartisan Infrastructure Deal and my Build Back Better Agenda. https://t.co/WLhNfLDfMi","created_at":"2021-09-19T18:00:01.000Z","public_metrics":{"retweet_count":3840,"reply_count":4400,"like_count":24449,"quote_count":403}},{"id":"1439601674142760960","text":"For me it’s pretty simple: It’s about time working people got the tax breaks in this country.\n \nThat’s the Build Back Better Agenda.","created_at":"2021-09-19T14:46:00.000Z","public_metrics":{"retweet_count":8186,"reply_count":4852,"like_count":63480,"quote_count":605}},{"id":"1439289427432509440","text":"My plan is very clear: we will not raise taxes on anyone making under $400,000 a year.\n \nIt’s only corporations and people making over $400,000 a year who will see their taxes go up.","created_at":"2021-09-18T18:05:14.000Z","public_metrics":{"retweet_count":10928,"reply_count":7196,"like_count":78881,"quote_count":1208}},{"id":"1439258143897313281","text":"Big corporations and the super wealthy have to start paying their fair share.\n \nIt is long overdue.","created_at":"2021-09-18T16:00:56.000Z","public_metrics":{"retweet_count":11013,"reply_count":6538,"like_count":81790,"quote_count":1234}},{"id":"1439011240941084672","text":"RT @WhiteHouse: Press Sec. Jen Psaki sat down to answer your questions about the President’s Build Back Better Agenda. \n\nHere’s the topline…","created_at":"2021-09-17T23:39:50.000Z","public_metrics":{"retweet_count":1487,"reply_count":0,"like_count":0,"quote_count":0}},{"id":"1438982278730948614","text":"My Build Back Better Agenda benefits ordinary, hardworking Americans — not those at the top.\n \nIt’s a historic middle class tax cut — cutting taxes for over 50 million families.","created_at":"2021-09-17T21:44:44.000Z","public_metrics":{"retweet_count":5186,"reply_count":5884,"like_count":34410,"quote_count":621}},{"id":"1438966795705233413","text":"We’re facing an inflection point with the climate crisis — and the time to act is now. This morning, I reconvened the Major Economies Forum on Energy and Climate to discuss our progress here at home and how we can rally the world to tackle this crisis with the urgency it demands. https://t.co/jQjUKweBL8","created_at":"2021-09-17T20:43:13.000Z","public_metrics":{"retweet_count":1665,"reply_count":2303,"like_count":9758,"quote_count":188}},{"id":"1438902321916809220","text":"It’s time that working people in this country got the tax breaks for a change. https://t.co/9Govq8RYiJ","created_at":"2021-09-17T16:27:01.000Z","public_metrics":{"retweet_count":2071,"reply_count":2675,"like_count":12086,"quote_count":226}},{"id":"1438880204408172547","text":"Today in this country, the top 1% evade an estimated $160 billion in taxes each year.\n \n55 of the most profitable corporations in America pay zero dollars in federal income taxes on $40 billion in profit.\n \nIt just isn’t right — and my economic plan will change it.","created_at":"2021-09-17T14:59:08.000Z","public_metrics":{"retweet_count":7741,"reply_count":4314,"like_count":46858,"quote_count":736}},{"id":"1438858304046907395","text":"Immigrants come to America from different circumstances, but every generation has made us stronger. This Citizenship Day serves as a reminder that it’s up to us to ensure we remain a country worthy of the dreams and aspirations of immigrants from around the world. https://t.co/1jBBqLBUop","created_at":"2021-09-17T13:32:07.000Z","public_metrics":{"retweet_count":3610,"reply_count":4461,"like_count":19288,"quote_count":570}},{"id":"1438661703013707776","text":"This is our moment to prove to the American people that their government works for them – and not just big corporations and those at the top. https://t.co/PSkuZHJ58n","created_at":"2021-09-17T00:30:53.000Z","public_metrics":{"retweet_count":1995,"reply_count":2836,"like_count":10450,"quote_count":241}},{"id":"1438642278776586245","text":"This is our opportunity to be the nation we know we can and should be. \n\nA nation where all of us — not just those at the top — get to share in the benefits of a growing economy in the years ahead. \n \nLet’s not squander this moment. Let’s look forward — and build back better. https://t.co/3qaqx0a63r","created_at":"2021-09-16T23:13:42.000Z","public_metrics":{"retweet_count":1762,"reply_count":2131,"like_count":9558,"quote_count":167}},{"id":"1438607159722397698","text":"I believe we’re at an inflection point.\n \nAre we going to continue with an economy where the overwhelming share of the benefits go to the top?\n \nOr will we choose a new path? One that invests in this nation and creates growth that benefits everyone.","created_at":"2021-09-16T20:54:09.000Z","public_metrics":{"retweet_count":5175,"reply_count":3227,"like_count":34182,"quote_count":504}},{"id":"1438586013866156044","text":"I can’t believe this has to be said, but a teacher shouldn’t pay a higher tax rate than a hedge fund manager.","created_at":"2021-09-16T19:30:07.000Z","public_metrics":{"retweet_count":30273,"reply_count":12244,"like_count":237712,"quote_count":4456}},{"id":"1438567008786952198","text":"My Republican friends are attacking my plan — saying it’s “big spending.”\n\nI have to laugh when I hear that one.\n\nThese are the same folks who passed the Trump tax cuts, almost $2 trillion, a giant giveaway to corporations and the top 1% — and almost none of it was paid for.","created_at":"2021-09-16T18:14:36.000Z","public_metrics":{"retweet_count":10889,"reply_count":3684,"like_count":51123,"quote_count":754}},{"id":"1438564277586210820","text":"For a long time, this economy has worked great for those at the top. While ordinary, hardworking Americans — the people who built this country — have been cut out of the deal.\n\nThis is our moment to change that. This is our moment to deal working people back in.","created_at":"2021-09-16T18:03:45.000Z","public_metrics":{"retweet_count":3245,"reply_count":1988,"like_count":19019,"quote_count":292}},{"id":"1438563274539376640","text":"Tune in as I deliver remarks on how we can level the playing field in our economy. https://t.co/NwL3xMrhdZ","created_at":"2021-09-16T17:59:46.000Z","public_metrics":{"retweet_count":719,"reply_count":840,"like_count":3965,"quote_count":72}},{"id":"1438549870885937156","text":"Yes, we face a crisis with climate change. But we also face an unprecedented opportunity.\n\nTo create the good-paying, union jobs of the future. To create the industries of the future. To win the future. And to save the planet.\n\nWe can do this.","created_at":"2021-09-16T17:06:30.000Z","public_metrics":{"retweet_count":2725,"reply_count":2088,"like_count":17332,"quote_count":279}},{"id":"1438528857133436935","text":"We have the tools to defeat COVID-19, but we just have to finish the job. With truth, with science, and with confidence. \n\nTogether — as one nation.","created_at":"2021-09-16T15:43:00.000Z","public_metrics":{"retweet_count":5729,"reply_count":3805,"like_count":45927,"quote_count":518}},{"id":"1438515222390603787","text":"15 Nobel Prize-winning economists agree that my economic plan will grow our economy.\n\nBut it’s about more than that — it’s about deciding that we want an economy that deals the middle class in. An economy where the wealthiest don’t get to write the rules. https://t.co/Vd5HrKnzBM","created_at":"2021-09-16T14:48:49.000Z","public_metrics":{"retweet_count":1492,"reply_count":1309,"like_count":8281,"quote_count":177}},{"id":"1438300851144122370","text":"The vaccine requirements under my COVID plan will cover one hundred million workers. Today, I met with businesses that are leading the way. Because vaccine requirements keep businesses open and workers safe. https://t.co/zx1J2oOOPx","created_at":"2021-09-16T00:36:59.000Z","public_metrics":{"retweet_count":2863,"reply_count":2946,"like_count":21072,"quote_count":282}}],"meta":{"oldest_id":"1438300851144122370","newest_id":"1443358201202814977","result_count":83}}