{"data":[{"created_at":"2021-10-14T23:00:42.000Z","public_metrics":{"retweet_count":1147,"reply_count":1267,"like_count":7243,"quote_count":120},"id":"1448785865371697155","text":"It was an honor to welcome President Kenyatta to the White House this afternoon. The U.S.-Kenya strategic partnership is essential to addressing key regional and global challenges — and I'm committed to further elevating our ties with Kenya and nations across Africa as a whole. https://t.co/3Fn9po4yY8"},{"created_at":"2021-10-14T21:47:29.000Z","public_metrics":{"retweet_count":4250,"reply_count":10109,"like_count":26228,"quote_count":1374},"id":"1448767442487029760","text":"The Labor Department will soon be issuing its emergency rule for companies with 100 or more employees to implement vaccination requirements.\n \nEvery day we see more businesses implementing vaccination requirements — and mounting data that shows they work."},{"created_at":"2021-10-14T20:38:41.000Z","public_metrics":{"retweet_count":1589,"reply_count":1642,"like_count":10217,"quote_count":121},"id":"1448750126835568642","text":"We’re making progress in the fight against COVID-19.\n \nDaily cases are down 47% and hospitalizations are down 38%, case rates are declining in 39 states, and we’re down to 66 million unvaccinated people.\n \nWe’re in a critical period as we work to turn a corner on COVID-19."},{"created_at":"2021-10-14T18:06:58.000Z","public_metrics":{"retweet_count":2752,"reply_count":3222,"like_count":16439,"quote_count":591},"id":"1448711946656751626","text":"This afternoon, I’ll be hosting Kenyan President Uhuru Kenyatta for a bilateral meeting. I look forward to strengthening the relationship between our nations and ushering a new era of U.S. cooperation with the African continent based on principles of mutual respect and equality."},{"created_at":"2021-10-14T17:13:10.000Z","public_metrics":{"retweet_count":11194,"reply_count":6756,"like_count":90048,"quote_count":1047},"id":"1448698405899968514","text":"Please, get vaccinated.\n \nThat’s how we’ll put this pandemic behind us."},{"created_at":"2021-10-14T16:52:45.000Z","public_metrics":{"retweet_count":556,"reply_count":956,"like_count":3184,"quote_count":61},"id":"1448693268351434755","text":"Tune in as I provide an update on the COVID-19 response and the vaccination program. https://t.co/RbcWbelqMU"},{"created_at":"2021-10-14T15:40:41.000Z","public_metrics":{"retweet_count":2148,"reply_count":2325,"like_count":12735,"quote_count":228},"id":"1448675134546616323","text":"With my Build Back Better Agenda and Bipartisan Infrastructure Deal, an economy that delivers for the middle class — not just the wealthy — is in reach.\n \nLet’s get this across the finish line."},{"created_at":"2021-10-14T14:19:29.000Z","public_metrics":{"retweet_count":5637,"reply_count":5453,"like_count":37616,"quote_count":828},"id":"1448654697171066881","text":"We’ve created nearly five million jobs since I took office in January.\n \nThat’s ten times the average monthly rate I inherited from my predecessor."},{"created_at":"2021-10-14T02:07:03.000Z","public_metrics":{"retweet_count":1443,"reply_count":2933,"like_count":8735,"quote_count":298},"id":"1448470374706991107","text":"My Administration will do what is needed to ensure supply chains are working for the American people. https://t.co/nd3cu3a0J7"},{"created_at":"2021-10-14T01:06:01.000Z","public_metrics":{"retweet_count":1519,"reply_count":2397,"like_count":8376,"quote_count":288},"id":"1448455014062727169","text":"The actions I’m taking on supply chains are aimed at making sure you have what you need – whether that’s presents that arrive on time or a kitchen appliance. We’re working around the clock to speed things up.pres https://t.co/DRIcLOQqYp"},{"created_at":"2021-10-13T23:23:04.000Z","public_metrics":{"retweet_count":1685,"reply_count":1629,"like_count":11193,"quote_count":123},"id":"1448429106513813504","text":"This morning, I signed into law a bill designating the September 11th National Memorial Trail Route. We must never forget the 2,977 innocent lives we lost that day, or the incredible bravery of those who rushed into the face of danger to save lives. https://t.co/d7v9jKFETq"},{"created_at":"2021-10-13T22:05:52.000Z","public_metrics":{"retweet_count":1666,"reply_count":1846,"like_count":8924,"quote_count":156},"id":"1448409678329913345","text":"The Bipartisan Infrastructure Deal and my Build Back Better Agenda will transform our ports, highways, and rail systems that sorely need upgrading.\n\nThat would bring products faster and more efficiently from the factory to the store to your house."},{"created_at":"2021-10-13T21:08:30.000Z","public_metrics":{"retweet_count":4021,"reply_count":3255,"like_count":23983,"quote_count":407},"id":"1448395241770397696","text":"We need to invest in making more of our products right here in the United States.\n\nNever again should our country — and our economy — be unable to make critical products we need because they don’t have access to the materials to make the products."},{"created_at":"2021-10-13T20:18:42.000Z","public_metrics":{"retweet_count":866,"reply_count":672,"like_count":6807,"quote_count":45},"id":"1448382710045626372","text":"By increasing the number of late-night hours of operation — and opening up for less-crowded hours when goods can move faster — today’s announcement has the potential to be a game changer."},{"created_at":"2021-10-13T20:18:41.000Z","public_metrics":{"retweet_count":917,"reply_count":517,"like_count":6744,"quote_count":63},"id":"1448382708397269003","text":"Here’s why it matters: By staying open 24/7, the Port of Los Angeles will be open over 60 extra hours a week. \n\nThat means an increase in the hours for workers to be moving cargo off ships and onto trucks and railcars to get to their destinations."},{"created_at":"2021-10-13T20:18:41.000Z","public_metrics":{"retweet_count":4188,"reply_count":3439,"like_count":26132,"quote_count":556},"id":"1448382707084451849","text":"After working closely with my team, the Port of Los Angeles is announcing today that it will begin operating 24 hours 7 days a week — which follows the Port of Long Beach’s commitment.\n\nA 24/7 system is what most of the leading countries operate on. Except us. Until now."},{"created_at":"2021-10-13T18:57:41.000Z","public_metrics":{"retweet_count":751,"reply_count":1390,"like_count":3915,"quote_count":117},"id":"1448362321022263296","text":"Tune in as I deliver remarks on efforts to address global transportation supply chain bottlenecks.  https://t.co/Uabftrq0V7"},{"created_at":"2021-10-13T16:32:51.000Z","public_metrics":{"retweet_count":1189,"reply_count":747,"like_count":7830,"quote_count":74},"id":"1448325871866204169","text":"Happy 246th birthday, @USNavy! https://t.co/SUQ84otkpl"},{"created_at":"2021-10-13T15:18:28.000Z","public_metrics":{"retweet_count":2157,"reply_count":2490,"like_count":13539,"quote_count":211},"id":"1448307154734264321","text":"When we invest in our people and give working families a better shot — America has a better shot.\n \nThat’s what my Build Back Better Agenda is all about."},{"created_at":"2021-10-13T14:02:53.000Z","public_metrics":{"retweet_count":6110,"reply_count":7429,"like_count":39822,"quote_count":1519},"id":"1448288133439803395","text":"Today I’m announcing that the Port of LA will begin operating around the clock 24/7 to make sure Americans can get the goods they need.\n \nMy Administration is working around the clock to move more goods faster and strengthen the resiliency of our supply chains."},{"created_at":"2021-10-13T13:01:07.000Z","public_metrics":{"retweet_count":8086,"reply_count":7979,"like_count":50148,"quote_count":1113},"id":"1448272590729056272","text":"It’s simple: If you’re a factory worker or a teacher or a firefighter, there’s absolutely no reason why you should be paying a higher tax rate than millionaires and billionaires.\n \nWe’ve got to change that — and my Build Back Better Agenda will get it done."},{"created_at":"2021-10-12T21:41:06.000Z","public_metrics":{"retweet_count":4734,"reply_count":6919,"like_count":29507,"quote_count":754},"id":"1448041060572094464","text":"The world is watching, but as I’ve said before: It’s never been a good idea to bet against the American people. We’ve got to pass my Build Back Better Agenda, meet this moment in history, and show the world that American democracy works.\n \nWe can do this."},{"created_at":"2021-10-12T19:35:16.000Z","public_metrics":{"retweet_count":1508,"reply_count":2396,"like_count":7950,"quote_count":183},"id":"1448009392323022851","text":"With my Build Back Better Agenda and Bipartisan Infrastructure Deal, we’re going to ensure America is competitive in the fast-changing 21st century global economy. https://t.co/Z2eE0a01dv"},{"created_at":"2021-10-12T17:59:20.000Z","public_metrics":{"retweet_count":1209,"reply_count":1918,"like_count":7511,"quote_count":183},"id":"1447985248869011460","text":"This morning, I met virtually with G20 leaders on Afghanistan. We’re committed to working closely with the international community and using diplomatic, humanitarian, and economic means to address the situation in Afghanistan and support the Afghan people. https://t.co/eQeCLEb0cb"},{"created_at":"2021-10-12T17:24:53.000Z","public_metrics":{"retweet_count":3840,"reply_count":3590,"like_count":21832,"quote_count":456},"id":"1447976581339697154","text":"We need to build an economy around the middle class — an economy that gives folks a fighting chance to get ahead, and gives our country a fighting chance to compete with the rest of the world.\n \nWe can’t get there thinking small. We have to think big."},{"created_at":"2021-10-12T15:01:33.000Z","public_metrics":{"retweet_count":10078,"reply_count":7498,"like_count":85699,"quote_count":1503},"id":"1447940507901038602","text":"Folks, it’s time those at the top pay their fair share."},{"created_at":"2021-10-11T18:12:29.000Z","public_metrics":{"retweet_count":5063,"reply_count":8043,"like_count":35967,"quote_count":899},"id":"1447626172435677186","text":"I’ve never been more optimistic about this country than I am right now.\n \nWe are going to pass both the Bipartisan Infrastructure Deal and the Build Back Better Agenda – and start building this economy to beat the competition and deliver for working families."},{"created_at":"2021-10-11T16:26:22.000Z","public_metrics":{"retweet_count":6159,"reply_count":5619,"like_count":35239,"quote_count":579},"id":"1447599468040310789","text":"Despite the attacks and misinformation, my plans still have the overwhelming support of the American people.\n \nThey understand what’s at stake here. \n\nThey understand that when workers and families have a better shot – America has a better shot."},{"created_at":"2021-10-11T14:27:13.000Z","public_metrics":{"retweet_count":2836,"reply_count":3575,"like_count":16550,"quote_count":379},"id":"1447569483225251846","text":"If you haven’t yet — please, get vaccinated. https://t.co/hbOn95wUgZ"},{"created_at":"2021-10-10T22:04:00.000Z","public_metrics":{"retweet_count":2622,"reply_count":1527,"like_count":23846,"quote_count":117},"id":"1447322048326291462","text":"We are devastated by the death of General Raymond Odierno, US Army, retired. He made our entire nation better, stronger, and more secure. We are keeping his beloved wife Linda, their children Tony, Mike, and Katie, and their grandchildren in our prayers."},{"created_at":"2021-10-10T17:33:19.000Z","public_metrics":{"retweet_count":2523,"reply_count":3251,"like_count":12538,"quote_count":285},"id":"1447253928077320196","text":"It’s long past time we build a tax system that works for the middle class – not just those at the top.\n \nMy Build Back Better Agenda will get it done. https://t.co/QsBWzz3dD0"},{"created_at":"2021-10-10T15:32:00.000Z","public_metrics":{"retweet_count":5453,"reply_count":4957,"like_count":34521,"quote_count":558},"id":"1447223396908077061","text":"It isn’t enough just to invest in our physical infrastructure.\n\nIf we’re going to lead the world, we also have to invest in our people.\n\nThat’s what my Build Back Better Agenda does."},{"created_at":"2021-10-09T22:07:16.000Z","public_metrics":{"retweet_count":1718,"reply_count":2263,"like_count":8882,"quote_count":142},"id":"1446960479147077634","text":"While countries around the world invest in the care economy, the United States is standing still.\n \nMy Build Back Better Agenda will change that. https://t.co/WlSGJZUB0o"},{"created_at":"2021-10-09T18:07:09.000Z","public_metrics":{"retweet_count":1634,"reply_count":3222,"like_count":10408,"quote_count":278},"id":"1446900053063389191","text":"Folks, vaccination requirements work. https://t.co/XuBsOQxGaN"},{"created_at":"2021-10-09T16:33:00.000Z","public_metrics":{"retweet_count":8339,"reply_count":14441,"like_count":97042,"quote_count":2474},"id":"1446876360052551683","text":"Jobs up, wages up, unemployment down. \n\nThat’s progress."},{"created_at":"2021-10-09T15:32:11.000Z","public_metrics":{"retweet_count":1085,"reply_count":1540,"like_count":7721,"quote_count":120},"id":"1446861053074329602","text":"Met another Joey this week, and as I told him: We’re going to get this pandemic under control – together. https://t.co/7PHD023TE1"},{"created_at":"2021-10-09T14:12:00.000Z","public_metrics":{"retweet_count":4464,"reply_count":3326,"like_count":24109,"quote_count":381},"id":"1446840878035869701","text":"Thirty years ago, the US ranked 6th among advanced economies in the share of women working. Today we rank 23rd.\n \nMillions of parents are feeling the squeeze – earning a paycheck while taking care of their children or aging parents.\n \nMy Build Back Better Agenda will change that."},{"created_at":"2021-10-08T22:12:29.000Z","public_metrics":{"retweet_count":2561,"reply_count":3941,"like_count":15702,"quote_count":426},"id":"1446599404153081860","text":"Today we learned that in my eight months in office, the economy has created nearly 5 million jobs — and unemployment is now the lowest it's been since March 2020.\n\nBut, we have more work to do — and I’m going to keep working every day to build back better for the American people. https://t.co/8zOK6sCcBP"},{"created_at":"2021-10-08T21:39:27.000Z","public_metrics":{"retweet_count":771,"reply_count":885,"like_count":4676,"quote_count":52},"id":"1446591092628066310","text":"Thanks for the hard hat and vest, Clayco. And thanks for all that you and companies across America are doing to help us beat this pandemic. https://t.co/zkIWUJ0bZD"},{"created_at":"2021-10-08T21:30:22.000Z","public_metrics":{"retweet_count":2754,"reply_count":0,"like_count":0,"quote_count":0},"id":"1446588808783441928","text":"RT @FLOTUS: You have so many things to take care of, and between work and family, a day that never ends... \n\nThis #BreastCancerAwarenessMon…"},{"created_at":"2021-10-08T20:36:44.000Z","public_metrics":{"retweet_count":6732,"reply_count":8198,"like_count":46230,"quote_count":1117},"id":"1446575309843804165","text":"I’m keeping my campaign commitment.\n\nWe’re not going to raise taxes one penny on anyone making under $400,000 per year.\n\nWhat we are going to do is have the wealthiest Americans and the biggest corporations finally pay their fair share."},{"created_at":"2021-10-08T19:19:01.000Z","public_metrics":{"retweet_count":3025,"reply_count":1475,"like_count":21069,"quote_count":159},"id":"1446555752433389584","text":"The protection of our public lands must not become a pendulum that swings back and forth depending on who is in office.\n \nThis is not a partisan issue."},{"created_at":"2021-10-08T18:30:14.000Z","public_metrics":{"retweet_count":3139,"reply_count":1833,"like_count":20152,"quote_count":344},"id":"1446543475441340424","text":"After the last administration chipped away their protections, today I’m proud to announce the protection and expansion of three of our most treasured national monuments:\n \n- Bears Ears \n- Grand Staircase-Escalante\n- Northeast Canyons and Seamounts"},{"created_at":"2021-10-08T17:55:20.000Z","public_metrics":{"retweet_count":611,"reply_count":715,"like_count":3372,"quote_count":69},"id":"1446534693625675777","text":"Tune in as I deliver remarks on restoring protections for national monuments. https://t.co/e6N2JyljWP"},{"created_at":"2021-10-08T17:40:44.000Z","public_metrics":{"retweet_count":3611,"reply_count":7633,"like_count":27228,"quote_count":1002},"id":"1446531018262028351","text":"In total, the job creation in the first eight months of my administration is nearly 5 million jobs."},{"created_at":"2021-10-08T17:15:19.000Z","public_metrics":{"retweet_count":5987,"reply_count":6221,"like_count":40853,"quote_count":1032},"id":"1446524622988615708","text":"Today, for the first time since March of 2020, America’s unemployment rate is below 5%. \n\nIn just eight months since I became President — in the midst of a grave public health and economic crisis — the unemployment rate is now down to 4.8%."},{"created_at":"2021-10-08T16:52:05.000Z","public_metrics":{"retweet_count":622,"reply_count":1968,"like_count":3130,"quote_count":141},"id":"1446518774035881996","text":"Tune in as I deliver remarks on the September jobs report. https://t.co/7VV1sstPeV"},{"created_at":"2021-10-08T00:21:06.000Z","public_metrics":{"retweet_count":1202,"reply_count":2085,"like_count":8366,"quote_count":112},"id":"1446269386520735748","text":"This afternoon, I toured a Clayco construction site in Illinois. The company is doing something more than constructing buildings, they’re helping us beat COVID-19. I hope more companies will follow their lead and implement vaccination requirements. https://t.co/ji7H2nfTNe"},{"created_at":"2021-10-07T22:30:01.000Z","public_metrics":{"retweet_count":6889,"reply_count":5857,"like_count":51758,"quote_count":652},"id":"1446241428410150914","text":"A strong majority of Americans support vaccination requirements.\n \nThey know this isn’t about politics. It’s about life and death. It’s about looking out for one another."},{"created_at":"2021-10-07T21:45:00.000Z","public_metrics":{"retweet_count":2077,"reply_count":3545,"like_count":11655,"quote_count":285},"id":"1446230100970725385","text":"We’ve made real progress across the board since I laid out my plan to accelerate the path out of the pandemic:\n \n- More than 185 Million Americans are fully vaccinated\n- More than 75% of eligible Americans have gotten at least one shot\n- And we’re making great progress on equity"},{"created_at":"2021-10-07T21:17:58.000Z","public_metrics":{"retweet_count":2559,"reply_count":0,"like_count":0,"quote_count":0},"id":"1446223298182922242","text":"RT @WhiteHouse: Vaccination requirements work. They drive up vaccination rates, which makes our communities and schools safer, along with s…"},{"created_at":"2021-10-07T20:39:47.000Z","public_metrics":{"retweet_count":2516,"reply_count":3045,"like_count":13901,"quote_count":386},"id":"1446213688134877191","text":"Vaccination requirements have already helped cut the rate of unvaccinated Americans by one-third. Let’s keep this progress going and finally put this pandemic behind us. We can do this. https://t.co/2ggbwfgOio"},{"created_at":"2021-10-07T19:44:37.000Z","public_metrics":{"retweet_count":759,"reply_count":1434,"like_count":3866,"quote_count":92},"id":"1446199805651341312","text":"Tune in as I deliver remarks on the importance of COVID-19 vaccination requirements. https://t.co/EwVX7hfjgP"},{"created_at":"2021-10-07T16:57:28.000Z","public_metrics":{"retweet_count":1920,"reply_count":2276,"like_count":16197,"quote_count":179},"id":"1446157743031824385","text":"I’m heading to Elk Grove Village today to visit a Clayco construction site and talk about the importance of COVID-19 vaccine requirements. See you soon, Illinois!"},{"created_at":"2021-10-07T15:01:55.000Z","public_metrics":{"retweet_count":909,"reply_count":481,"like_count":4484,"quote_count":109},"id":"1446128660314931206","text":"Jamie Dimon, the CEO of JPMorgan Chase: https://t.co/rdRhz2cBcH"},{"created_at":"2021-10-07T15:01:07.000Z","public_metrics":{"retweet_count":861,"reply_count":322,"like_count":4329,"quote_count":46},"id":"1446128462339534860","text":"Adena Friedman, President and CEO of Nasdaq: https://t.co/Kp8GZDrvuD"},{"created_at":"2021-10-07T15:00:13.000Z","public_metrics":{"retweet_count":699,"reply_count":234,"like_count":3427,"quote_count":58},"id":"1446128235180277791","text":"Citi CEO Jane Fraser: https://t.co/Xgz7k0oBWn"},{"created_at":"2021-10-07T14:59:00.000Z","public_metrics":{"retweet_count":4016,"reply_count":3758,"like_count":25294,"quote_count":703},"id":"1446127930275352586","text":"The United States pays its bills. It’s who we are. Yesterday, I spoke with business leaders about why we need to raise the debt ceiling. Here’s what a few of them had to say:"},{"created_at":"2021-10-07T14:30:45.000Z","public_metrics":{"retweet_count":1757,"reply_count":2455,"like_count":12116,"quote_count":312},"id":"1446120819776655365","text":"I’m already setting the course for America to reach net-zero emissions by 2050.\n \nMy Build Back Better Agenda will help us get there in a way that creates union jobs and makes us global leaders of clean energy industries — like electric vehicles and solar and wind power."},{"created_at":"2021-10-06T23:17:19.000Z","public_metrics":{"retweet_count":1744,"reply_count":2889,"like_count":8177,"quote_count":200},"id":"1445890943824060421","text":"When we give working families a break, we’re not just raising their quality of life or putting parents in a position to earn a paycheck. We’re also positioning our country to compete.\n\nThat’s what the Bipartisan Infrastructure Deal and my Build Back Better Agenda are all about. https://t.co/pQf6GwJUsF"},{"created_at":"2021-10-06T22:17:11.000Z","public_metrics":{"retweet_count":2555,"reply_count":3939,"like_count":15732,"quote_count":506},"id":"1445875812817784832","text":"This afternoon, I held a meeting with business leaders on the need to raise the debt ceiling. We discussed the urgency of this moment and the devastating impact it could have on Americans’ pocketbooks. https://t.co/IT6YlFDNro"},{"created_at":"2021-10-06T20:49:29.000Z","public_metrics":{"retweet_count":1721,"reply_count":1839,"like_count":8768,"quote_count":151},"id":"1445853742046269443","text":"With my Build Back Better Agenda and the Bipartisan Infrastructure Deal, we’re going to create millions of good-paying, union jobs and ensure folks are treated with the dignity they deserve. https://t.co/KVNxEvk6pq"},{"created_at":"2021-10-06T17:58:28.000Z","public_metrics":{"retweet_count":1080,"reply_count":1652,"like_count":4589,"quote_count":135},"id":"1445810706255863808","text":"Republicans are playing Russian roulette with the U.S. economy for their political gain. This stunt could be catastrophic for the pocketbooks of American families. https://t.co/rV08fa4IX4"},{"created_at":"2021-10-06T17:24:38.000Z","public_metrics":{"retweet_count":1292,"reply_count":1439,"like_count":5164,"quote_count":149},"id":"1445802189281169412","text":"Republican obstruction on the debt limit is putting the savings and pocketbooks of Americans on the line. Senate Republicans need to get out of the way.\n \nRead more from my advisors: https://t.co/1b1A398wxJ"},{"created_at":"2021-10-06T12:31:36.000Z","public_metrics":{"retweet_count":1764,"reply_count":2205,"like_count":8877,"quote_count":172},"id":"1445728444382257159","text":"The 21st century economy is changing incredibly quickly. We need the Bipartisan Infrastructure Deal and my Build Back Better Agenda to compete and to win. https://t.co/RgtBZY5bO7"},{"created_at":"2021-10-05T23:37:04.000Z","public_metrics":{"retweet_count":2260,"reply_count":2532,"like_count":12695,"quote_count":247},"id":"1445533529983504388","text":"My Build Back Better Agenda and the Bipartisan Infrastructure Deal — together — are going to create more than 4 million new jobs a year. Good-paying, union jobs like the ones that the folks here at the union training facility in Howell, Michigan are preparing for. https://t.co/7qJqtIjc0j"},{"created_at":"2021-10-05T22:07:28.000Z","public_metrics":{"retweet_count":8323,"reply_count":3967,"like_count":44319,"quote_count":423},"id":"1445510979530330128","text":"We’re facing a relentless attack on the sacred right to vote across the country — and we need to act. I am glad to see the John Lewis Voting Rights Advancement Act introduced in the Senate to ensure every American can make their voice heard at the ballot box. I urge its passage."},{"created_at":"2021-10-05T21:05:47.000Z","public_metrics":{"retweet_count":5696,"reply_count":4774,"like_count":33297,"quote_count":437},"id":"1445495455400427532","text":"I ran on my Build Back Better Agenda. I said it was time to build an economy that looks out from Scranton — instead of looking down from Wall Street.\n\nIt’s what 81 million Americans — the most votes in history — were supporting when they supported me.\n\nNow it’s time to deliver."},{"created_at":"2021-10-05T20:13:28.000Z","public_metrics":{"retweet_count":3125,"reply_count":1513,"like_count":15612,"quote_count":178},"id":"1445482292227371010","text":"The Bipartisan Infrastructure Deal and my Build Back Better Agenda are not about moderate versus progressive.\n\nThese bills are about competitiveness versus complacency. Opportunity versus decay.\n\nThey’re about leading the world — or continuing to let the world pass us by."},{"created_at":"2021-10-05T19:45:32.000Z","public_metrics":{"retweet_count":2098,"reply_count":1550,"like_count":11601,"quote_count":133},"id":"1445475258903904269","text":"The work of our time is to prepare ourselves to be competitive — and to win — in the fast-changing 21st century global economy.\n\nThat’s why we need the Bipartisan Infrastructure Deal and my Build Back Better Agenda."},{"created_at":"2021-10-05T19:24:32.000Z","public_metrics":{"retweet_count":907,"reply_count":1053,"like_count":4498,"quote_count":68},"id":"1445469977813811206","text":"Tune in as I deliver remarks on the need for the Bipartisan Infrastructure Deal and my Build Back Better Agenda. https://t.co/QlBDZpKePL"},{"created_at":"2021-10-05T15:19:17.000Z","public_metrics":{"retweet_count":4070,"reply_count":3485,"like_count":27788,"quote_count":376},"id":"1445408254947991559","text":"I’m heading to Michigan today to visit a union training facility and discuss the need for the Bipartisan Infrastructure Deal and my Build Back Better Agenda. This is our moment to grow our economy and make our country more competitive by investing in working families."},{"created_at":"2021-10-05T00:30:14.000Z","public_metrics":{"retweet_count":3241,"reply_count":4284,"like_count":12825,"quote_count":510},"id":"1445184518609154049","text":"Not only are Republicans refusing to do their job. They are threatening to use their power to prevent us from doing our job. https://t.co/j4H0Uwkh1F"},{"created_at":"2021-10-04T23:38:50.000Z","public_metrics":{"retweet_count":3811,"reply_count":2260,"like_count":13952,"quote_count":359},"id":"1445171582993944579","text":"Republicans in Congress raised the debt limit three times when Donald Trump was President — each time with Democratic support.\n\nBut now they won’t raise it, even though they are responsible for it. https://t.co/oEi2Bvklvb"},{"created_at":"2021-10-04T20:44:54.000Z","public_metrics":{"retweet_count":4555,"reply_count":5514,"like_count":22272,"quote_count":681},"id":"1445127814559240205","text":"To the American people, I say this: As soon as this week, your savings and your pocketbook could be directly impacted by this Republican stunt to block us from raising the debt limit.\n \nIt’s flat-out dangerous. They need to stop playing Russian roulette with the U.S. economy."},{"created_at":"2021-10-04T18:59:50.000Z","public_metrics":{"retweet_count":6086,"reply_count":2913,"like_count":20159,"quote_count":568},"id":"1445101373809365006","text":"The reason we have to raise the debt limit is—in part—because of the reckless tax and spend policies of the last Administration. They incurred nearly $8 trillion in bills that we have to pay off.\n\nNow, Republicans won’t vote to raise the debt limit to cover their own spending. https://t.co/9Yf5EcWqm5"},{"created_at":"2021-10-04T17:16:52.000Z","public_metrics":{"retweet_count":6360,"reply_count":4252,"like_count":29529,"quote_count":554},"id":"1445075460572987393","text":"Not only are Republicans refusing to do their job to raise the debt ceiling.\n \nThey are threatening to use their power to prevent us from doing our job — saving the economy from a catastrophic event.\n \nIt’s hypocritical, dangerous, and disgraceful."},{"created_at":"2021-10-04T15:45:07.000Z","public_metrics":{"retweet_count":1281,"reply_count":1785,"like_count":6691,"quote_count":150},"id":"1445052371781001220","text":"Tune in as I deliver remarks on the need to raise the debt ceiling, after Republicans voted last week to default. https://t.co/dCKfZVyZVI"},{"created_at":"2021-10-04T13:38:15.000Z","public_metrics":{"retweet_count":11272,"reply_count":9196,"like_count":64460,"quote_count":1847},"id":"1445020443744870401","text":"The fact of the matter is my Build Back Better Agenda costs $0 — and it won’t raise taxes on anyone making under $400,000 a year. We’re going to pay for it by ensuring those at the top and big corporations pay their fair share."},{"created_at":"2021-10-03T19:00:00.000Z","public_metrics":{"retweet_count":5733,"reply_count":5285,"like_count":34559,"quote_count":610},"id":"1444739025923936269","text":"A historic tax cut for the middle class. \nLower everyday costs for hardworking Americans.\nAn economy that gives everyone a fair shot to get ahead – not just the wealthy.\n \nThat’s my Build Back Better Agenda."},{"created_at":"2021-10-03T16:47:10.000Z","public_metrics":{"retweet_count":8515,"reply_count":7500,"like_count":58336,"quote_count":1154},"id":"1444705597241368578","text":"Those at the top have been getting a free ride at the expense of the middle class for far too long. With my Build Back Better Agenda, we’re going to change that."},{"created_at":"2021-10-03T14:34:31.000Z","public_metrics":{"retweet_count":2569,"reply_count":3951,"like_count":23920,"quote_count":538},"id":"1444672217263099914","text":"I stopped by the congressional baseball game this week to see some friends. They don’t let former Senators play – but I think I still have a few home runs in me. https://t.co/onQdCV2Bqq"},{"created_at":"2021-10-03T00:50:03.000Z","public_metrics":{"retweet_count":7343,"reply_count":4778,"like_count":49206,"quote_count":624},"id":"1444464730572263426","text":"Today, we mark another grim and heartbreaking milestone in this pandemic: over 700,000 Americans lost. As we acknowledge the tragic scale of this death toll, we must remember each person and the life they lived."},{"created_at":"2021-10-02T22:10:25.000Z","public_metrics":{"retweet_count":4013,"reply_count":7155,"like_count":23516,"quote_count":857},"id":"1444424556706471948","text":"I’ve been working around the clock to pass my Build Back Better Agenda and the Bipartisan Infrastructure Deal. It’s the platform I was elected on – and I intend to deliver it for the American people. https://t.co/oTbQfaEzCY"},{"created_at":"2021-10-02T17:47:29.000Z","public_metrics":{"retweet_count":3662,"reply_count":3056,"like_count":20782,"quote_count":279},"id":"1444358388981411848","text":"During National Domestic Violence Awareness and Prevention Month, we come together to reaffirm our commitment to ending domestic violence and supporting survivors. We must work to strengthen VAWA and create a society where all people can thrive without fear of violence or abuse."},{"created_at":"2021-10-02T14:34:30.000Z","public_metrics":{"retweet_count":4108,"reply_count":3958,"like_count":25871,"quote_count":404},"id":"1444309822137151488","text":"My Build Back Better Agenda and the Bipartisan Infrastructure Deal will spur economic growth – creating and supporting 4 million jobs a year.\n \nAs we continue our economic recovery, we can’t afford not to seize this opportunity."},{"created_at":"2021-10-02T01:45:05.000Z","public_metrics":{"retweet_count":2442,"reply_count":2529,"like_count":14974,"quote_count":227},"id":"1444116192709447680","text":"My Build Back Better Agenda and Bipartisan Infrastructure Deal are going to make a huge difference for the American people. Together, we’re going to get this done. https://t.co/wZJ1oBj28S"},{"created_at":"2021-10-01T23:40:49.000Z","public_metrics":{"retweet_count":4310,"reply_count":4745,"like_count":32823,"quote_count":562},"id":"1444084921497231360","text":"This week, I’ve been working closely with leaders in Congress to pass my Build Back Better Agenda and Bipartisan Infrastructure Deal. This is what we were elected to do and we will get it done. https://t.co/weOTcyW6M6"},{"created_at":"2021-10-01T22:32:39.000Z","public_metrics":{"retweet_count":2551,"reply_count":3160,"like_count":16820,"quote_count":334},"id":"1444067763929112578","text":"We are going to deliver for the American people. https://t.co/w5lBtYCUoq"},{"created_at":"2021-10-01T19:24:24.000Z","public_metrics":{"retweet_count":5454,"reply_count":2678,"like_count":38831,"quote_count":347},"id":"1444020390204948486","text":"Four years ago today, 60 lives were cut short — and countless more were forever changed — in a mass shooting in Las Vegas. Today we remember those lost and reaffirm our commitment to reducing gun violence across the country."},{"created_at":"2021-10-01T15:05:02.000Z","public_metrics":{"retweet_count":7635,"reply_count":2255,"like_count":66727,"quote_count":533},"id":"1443955117271695396","text":"Happy 97th Birthday to my dear friend, President Jimmy Carter. A humble servant of God. A beacon of light and moral clarity. A leader of extraordinary character, honor, and integrity. @FLOTUS and I send our love to you and Rosalynn on this special day. https://t.co/LB0gSvHSNC"},{"created_at":"2021-10-01T14:23:27.000Z","public_metrics":{"retweet_count":4960,"reply_count":3906,"like_count":31228,"quote_count":470},"id":"1443944653661818881","text":"Let me be clear: No hardworking American should be paying more in taxes than entire tech or oil companies. It’s long past time corporations pay their fair share."}],"meta":{"oldest_id":"1443944653661818881","newest_id":"1448785865371697155","result_count":92}}