{"data":[{"id":"1465467682678087682","text":"In the event — hopefully unlikely — that updated vaccinations or boosters are needed to respond to Omicron, we will accelerate their development and deployment with every available tool.\n\nI am sparing no effort and removing all roadblocks to keep the American people safe.","created_at":"2021-11-29T23:48:17.000Z","public_metrics":{"retweet_count":3923,"reply_count":3362,"like_count":28856,"quote_count":407}},{"id":"1465440241507090433","text":"Today, I convened a group of CEOs from some of the largest retailers and grocery stores — as well as companies that work with small businesses. They reported that their inventories are up, shelves are well-stocked, and they are ready to meet consumer demand this holiday season. https://t.co/X4XfYIcsre","created_at":"2021-11-29T21:59:14.000Z","public_metrics":{"retweet_count":3023,"reply_count":1538,"like_count":14821,"quote_count":319}},{"id":"1465423033817092113","text":"The Omicron variant is a cause for concern — but not panic.\n \nWe will fight this variant with science and speed — not chaos and confusion.","created_at":"2021-11-29T20:50:52.000Z","public_metrics":{"retweet_count":6931,"reply_count":3201,"like_count":55140,"quote_count":575}},{"id":"1465402759436455947","text":"To beat this pandemic, we have to vaccinate the world—and America is leading that effort.\n\nWe have shipped—for free—more vaccines to other countries than all other countries combined. Over 275 million vaccines to 110 countries.\n\nNow, we need the rest of the world to step up.","created_at":"2021-11-29T19:30:18.000Z","public_metrics":{"retweet_count":2664,"reply_count":2047,"like_count":16524,"quote_count":358}},{"id":"1465383572563537920","text":"It will be a few weeks before we know everything we need to know about how strongly the existing vaccines protect against the new variant. But Dr. Fauci and our medical team believe that our vaccines will continue to provide a degree of protection against severe disease.","created_at":"2021-11-29T18:14:03.000Z","public_metrics":{"retweet_count":2554,"reply_count":1972,"like_count":17975,"quote_count":231}},{"id":"1465367679439720457","text":"The best protection against Omicron is getting fully vaccinated — and getting a booster shot.","created_at":"2021-11-29T17:10:54.000Z","public_metrics":{"retweet_count":7209,"reply_count":4741,"like_count":54009,"quote_count":1114}},{"id":"1465365847917088771","text":"The day the World Health Organization identified the Omicron variant, I took immediate steps to restrict travel from the countries in Southern Africa.\n\nBut while we know that travel restrictions can slow the spread — they cannot prevent it.\n\nWe will have to face this new threat.","created_at":"2021-11-29T17:03:37.000Z","public_metrics":{"retweet_count":1625,"reply_count":2188,"like_count":10322,"quote_count":341}},{"id":"1465365316167421954","text":"Tune in as I provide an update on the Omicron variant. https://t.co/6hbzINU14w","created_at":"2021-11-29T17:01:31.000Z","public_metrics":{"retweet_count":671,"reply_count":618,"like_count":3215,"quote_count":60}},{"id":"1465323723779682315","text":"My Build Back Better Act will cut the cost of prescription drugs, health care, child care, and housing for tens of millions of middle class families and seniors — while extending critical middle class tax relief that is helping families make ends meet.\n\nLet’s get this passed.","created_at":"2021-11-29T14:16:14.000Z","public_metrics":{"retweet_count":4657,"reply_count":2561,"like_count":27205,"quote_count":345}},{"id":"1465090446259109903","text":"RT @WhiteHouse: Following up on the regular briefings he had on COVID while traveling, the President met in person today with his Chief Med…","created_at":"2021-11-28T22:49:17.000Z","public_metrics":{"retweet_count":1476,"reply_count":0,"like_count":0,"quote_count":0}},{"id":"1465042133577093125","text":"Access to quality, affordable health care should be a right in America — not a privilege.\n\nMy Build Back Better Act will help fulfill that promise by extending tax credits to lower premiums for folks on the Affordable Care Act and lowering prescription drug costs.","created_at":"2021-11-28T19:37:18.000Z","public_metrics":{"retweet_count":3308,"reply_count":2485,"like_count":20889,"quote_count":304}},{"id":"1464998628167233541","text":"At its core, Hanukkah recounts a story at the heart of the human spirit — one that is inherently Jewish and undeniably American. From my family to yours, we wish you and your loved ones a Chanukah Sameach, a Happy Hanukkah!","created_at":"2021-11-28T16:44:25.000Z","public_metrics":{"retweet_count":4411,"reply_count":1525,"like_count":35522,"quote_count":407}},{"id":"1464714825301385217","text":"Because of the actions we’ve taken, in the past three weeks, the number of containers sitting on docks is down 33% — and shipping prices are down 25%. Goods are moving quicker out of our ports and onto doorsteps and store shelves.","created_at":"2021-11-27T21:56:42.000Z","public_metrics":{"retweet_count":12482,"reply_count":5438,"like_count":82206,"quote_count":913}},{"id":"1464641420707385346","text":"This week, we launched a major effort to moderate the price of oil — an effort that will span the globe in its reach and ultimately reach your corner gas station.\n\nIt will take time, but before long you should see the price of gas drop where you fill up your tank.","created_at":"2021-11-27T17:05:01.000Z","public_metrics":{"retweet_count":3797,"reply_count":3707,"like_count":25065,"quote_count":522}},{"id":"1464612047153414151","text":"Small businesses are the backbone of communities across the country — and it’s crucial we support them during the holiday season and all year round. Shop small. https://t.co/QCq1Yvwl1K","created_at":"2021-11-27T15:08:17.000Z","public_metrics":{"retweet_count":3790,"reply_count":2429,"like_count":26063,"quote_count":328}},{"id":"1464317627254419463","text":"For the world community: this news is a reminder that this pandemic will not end until we have global vaccinations. The U.S. has already donated more vaccines to other countries than every other country combined. It is time for other countries to match our speed and generosity.","created_at":"2021-11-26T19:38:22.000Z","public_metrics":{"retweet_count":2711,"reply_count":1719,"like_count":18061,"quote_count":302}},{"id":"1464317624976818185","text":"As we move forward, we will continue to be guided by what the science and my medical team advises. For now the best way to strengthen your protection if you’re already vaccinated is to get a booster shot, immediately. For those not yet fully vaccinated: get vaccinated today.","created_at":"2021-11-26T19:38:22.000Z","public_metrics":{"retweet_count":2142,"reply_count":1460,"like_count":15725,"quote_count":150}},{"id":"1464317623156580352","text":"The @WHO has identified a new COVID variant which is spreading through Southern Africa. As a precautionary measure until we have more information, I am ordering air travel restrictions from South Africa and seven other countries.","created_at":"2021-11-26T19:38:21.000Z","public_metrics":{"retweet_count":8487,"reply_count":11061,"like_count":48209,"quote_count":2181}},{"id":"1464281857370071041","text":"We also passed the Bipartisan Infrastructure Law, which is going to make it easier for businesses to move goods and reach more customers than ever before.\n\nMy Build Back Better Act will go even further.\n\nI’m looking forward to shopping small tomorrow, and I hope you are too.","created_at":"2021-11-26T17:16:14.000Z","public_metrics":{"retweet_count":725,"reply_count":510,"like_count":4230,"quote_count":38}},{"id":"1464281854685679627","text":"And through SBA’s core lending programs, $44.8 billion in funding was delivered to small businesses through more than 61,000 loans.","created_at":"2021-11-26T17:16:13.000Z","public_metrics":{"retweet_count":626,"reply_count":281,"like_count":3794,"quote_count":23}},{"id":"1464281852110413830","text":"Our Restaurant Revitalization Fund has supported more than 100,000 restaurants and other food and beverage businesses.\n \nThe Shuttered Venue Operators Grant has awarded grants to nearly 13,000 live venues, theaters, and other entertainment and cultural hubs.","created_at":"2021-11-26T17:16:13.000Z","public_metrics":{"retweet_count":375,"reply_count":83,"like_count":1858,"quote_count":20}},{"id":"1464281849497329673","text":"Thanks to my American Rescue Plan, the SBA delivered a record number of its traditional loans to our nation’s small businesses. This year, SBA has overseen the distribution of nearly $416.3 billion in emergency relief aid to more than 6 million impacted small businesses.","created_at":"2021-11-26T17:16:12.000Z","public_metrics":{"retweet_count":385,"reply_count":103,"like_count":1843,"quote_count":18}},{"id":"1464281842924851230","text":".@FLOTUS and I know how big an impact shopping small can have. Small businesses are not only the engines of our economic progress — they are the heart and soul of our communities.\n \nMy Administration has been hard at work for small businesses since day one. https://t.co/XM4DHsGAGR","created_at":"2021-11-26T17:16:11.000Z","public_metrics":{"retweet_count":2394,"reply_count":1834,"like_count":16764,"quote_count":274}},{"id":"1464248227444703250","text":"On Native American Heritage Day and every day, we honor the strong and enduring cultures and contributions of all Native Americans. We recommit ourselves to strengthening Tribal sovereignty, self determination, and upholding our Tribal trust and treaty responsibilities. https://t.co/2cy1vpatON","created_at":"2021-11-26T15:02:36.000Z","public_metrics":{"retweet_count":5139,"reply_count":1859,"like_count":29608,"quote_count":321}},{"id":"1463954847351422976","text":"Service members and their families sacrifice so much to protect our freedoms and the freedom of others around the globe. While we can never fully repay the debt we owe these heroes, @FLOTUS and I called today to say how thankful we are for all they do. https://t.co/iPO5BXHBBy","created_at":"2021-11-25T19:36:49.000Z","public_metrics":{"retweet_count":2549,"reply_count":1877,"like_count":17560,"quote_count":158}},{"id":"1463870328313155588","text":"From the Biden family to yours – Happy Thanksgiving. https://t.co/r0mhQtQS69","created_at":"2021-11-25T14:00:58.000Z","public_metrics":{"retweet_count":10703,"reply_count":6397,"like_count":92612,"quote_count":974}},{"id":"1463647399616909317","text":"We have a lot to be thankful for this holiday season. And I couldn’t be more grateful to serve as your president. https://t.co/ejJqdFWDjV","created_at":"2021-11-24T23:15:07.000Z","public_metrics":{"retweet_count":2496,"reply_count":2773,"like_count":15407,"quote_count":304}},{"id":"1463630022070132741","text":"We have made historic progress in the ten months I’ve been in office.\n \nUnemployment is down to 4.6 percent – two years faster than experts predicted.\n \nWages are rising. Disposable income is up. More people are starting small businesses than ever before.","created_at":"2021-11-24T22:06:04.000Z","public_metrics":{"retweet_count":5210,"reply_count":3510,"like_count":31403,"quote_count":504}},{"id":"1463622033502347268","text":"Gas companies are pocketing savings instead of passing them on to consumers. That’s unacceptable. https://t.co/kQFOpEuxYi","created_at":"2021-11-24T21:34:20.000Z","public_metrics":{"retweet_count":2179,"reply_count":1813,"like_count":9614,"quote_count":343}},{"id":"1463608913769734157","text":"Nothing can bring Mr. Arbery back to his family and to his community, but the verdict ensures that those who committed this horrible crime will be punished. https://t.co/WK7vNZlZfj","created_at":"2021-11-24T20:42:12.000Z","public_metrics":{"retweet_count":2818,"reply_count":1567,"like_count":19137,"quote_count":193}},{"id":"1463574467637092352","text":"The holiday season often brings out the best in Americans — communities coming together to help out those in need. @FLOTUS, @VP, @SecondGentleman, and I stopped by DC Central Kitchen yesterday to thank volunteers and help them assemble Thanksgiving meals for the community. https://t.co/yTB6ORc8G5","created_at":"2021-11-24T18:25:19.000Z","public_metrics":{"retweet_count":1549,"reply_count":850,"like_count":9799,"quote_count":139}},{"id":"1463568779288449029","text":"For all those concerns a few weeks ago that there would not be ample food available for Thanksgiving, families can rest easy today.\n \nGrocery stores are well-stocked with turkey and everything else you need.","created_at":"2021-11-24T18:02:43.000Z","public_metrics":{"retweet_count":4488,"reply_count":3359,"like_count":31679,"quote_count":776}},{"id":"1463559438632169474","text":"This is a historic jobs recovery: 5.6 million jobs created since I took office and an unemployment rate of 4.6% two full years earlier than experts predicted was possible. https://t.co/s6O2qPMMHJ","created_at":"2021-11-24T17:25:36.000Z","public_metrics":{"retweet_count":2499,"reply_count":1424,"like_count":10989,"quote_count":274}},{"id":"1463528391370498052","text":"Last year, there were 21 million unemployment insurance claims before the Thanksgiving holiday. Today, there were 2.4 million.\n \nIt’s historic progress. Let’s keep it going with my Build Back Better Act.","created_at":"2021-11-24T15:22:14.000Z","public_metrics":{"retweet_count":9772,"reply_count":4871,"like_count":59327,"quote_count":1095}},{"id":"1463515355419193355","text":"Today, it is my honor to nominate two extraordinary, history-making women to lead the Office of Management and Budget — Shalanda Young as Director and Nani Coloretti as Deputy Director. https://t.co/xgOryCWoCS","created_at":"2021-11-24T14:30:26.000Z","public_metrics":{"retweet_count":1453,"reply_count":809,"like_count":8344,"quote_count":140}},{"id":"1463310417942429697","text":"The United States is experiencing the strongest economic recovery in the world. Even accounting for inflation, Americans have more money in their pockets than before the pandemic. https://t.co/2uDixcNSWR","created_at":"2021-11-24T00:56:05.000Z","public_metrics":{"retweet_count":1801,"reply_count":2707,"like_count":8990,"quote_count":352}},{"id":"1463296104422940672","text":"Jill and I know firsthand what it means to be a military family, and we’re so grateful for everything they do. It was an honor to celebrate an early Thanksgiving with them last night at Fort Bragg. https://t.co/XQMejI6Rbu","created_at":"2021-11-23T23:59:12.000Z","public_metrics":{"retweet_count":2436,"reply_count":1852,"like_count":16165,"quote_count":217}},{"id":"1463267617637117967","text":"We are experiencing the strongest economic recovery in the world.\n\nEven after accounting for inflation, our economy is bigger and families have more money in their pockets than they did before the pandemic.\n\nAmerica is the only major economy in the world that can say that.","created_at":"2021-11-23T22:06:00.000Z","public_metrics":{"retweet_count":3738,"reply_count":3528,"like_count":19951,"quote_count":519}},{"id":"1463252832832872455","text":"I will not stand by while oil companies engage in profiteering at the expense of American families.\n\nThat’s why I’ve asked the FTC to consider whether potentially illegal and anti-competitive behavior in the oil and gas industry is causing higher prices for consumers.","created_at":"2021-11-23T21:07:15.000Z","public_metrics":{"retweet_count":7065,"reply_count":4559,"like_count":40859,"quote_count":1050}},{"id":"1463240595267371027","text":"Lower prescription drug costs\nUniversal preschool\nAffordable child care\nLower health care costs\nHistoric investments on climate\n \nThey’re all within our reach with the Build Back Better Act. Let’s get it done.","created_at":"2021-11-23T20:18:38.000Z","public_metrics":{"retweet_count":2440,"reply_count":1526,"like_count":14159,"quote_count":181}},{"id":"1463226288563539969","text":"Tune in as I deliver remarks on the economy and lowering prices for the American people. https://t.co/81OP9ZUk6Y","created_at":"2021-11-23T19:21:47.000Z","public_metrics":{"retweet_count":910,"reply_count":1238,"like_count":4568,"quote_count":96}},{"id":"1463196939382575118","text":"Folks, the rule of thumb on boosters is simple: if you’re over 18 and got vaccinated more than six months ago, go get boosted. It makes a big difference in your immunity, and will provide you critical protection going into the holidays. Go to https://t.co/4MYpWqXVVo.","created_at":"2021-11-23T17:25:09.000Z","public_metrics":{"retweet_count":1383,"reply_count":1374,"like_count":6892,"quote_count":151}},{"id":"1463182349206802447","text":"Every child in this country deserves equal access to high-quality preschool.\n \nMy Build Back Better Act will make that a reality.","created_at":"2021-11-23T16:27:11.000Z","public_metrics":{"retweet_count":3492,"reply_count":1951,"like_count":26345,"quote_count":248}},{"id":"1463156367938707465","text":"Had a great day yesterday at Fort Bragg. @FLOTUS’s Joining Forces initiative to support military families couldn’t be more personal or important to us — and we were proud to spend our Friendsgiving with service members and the families of the deployed. https://t.co/xoiMMRFefF","created_at":"2021-11-23T14:43:56.000Z","public_metrics":{"retweet_count":1894,"reply_count":958,"like_count":12793,"quote_count":129}},{"id":"1463130222958682117","text":"I have been working with countries across the world to address the lack of supply. As a result of our diplomatic efforts, this step will be taken in parallel with other major energy consuming nations including China, India, Japan, Republic of Korea and the United Kingdom.","created_at":"2021-11-23T13:00:03.000Z","public_metrics":{"retweet_count":1572,"reply_count":1101,"like_count":11634,"quote_count":163}},{"id":"1463130215295684612","text":"Today I'm announcing action to lower the cost of gas and oil for American families. \n\nThe Department of Energy will make available releases of 50 million barrels of oil from the Strategic Petroleum Reserve to lower gas and oil prices for Americans.","created_at":"2021-11-23T13:00:01.000Z","public_metrics":{"retweet_count":6962,"reply_count":5771,"like_count":41807,"quote_count":2050}},{"id":"1462872587835428877","text":"The Bipartisan Infrastructure Law is a historic investment in our nation’s infrastructure and the Build Back Better Act is a historic investment in our people. We need both as we continue to build back better.","created_at":"2021-11-22T19:56:18.000Z","public_metrics":{"retweet_count":2010,"reply_count":1809,"like_count":12079,"quote_count":113}},{"id":"1462860090453725190","text":"If you look at my presidency so far, it’s a jobs presidency and it’s a small business presidency.","created_at":"2021-11-22T19:06:38.000Z","public_metrics":{"retweet_count":7868,"reply_count":17844,"like_count":68802,"quote_count":3307}},{"id":"1462847330164563970","text":"Tune in as I announce my nominees for Chair and Vice Chair of the Board of Governors of the Federal Reserve System.  https://t.co/Wm7M70aJYs","created_at":"2021-11-22T18:15:56.000Z","public_metrics":{"retweet_count":664,"reply_count":724,"like_count":3757,"quote_count":51}},{"id":"1462837313336086528","text":"This afternoon, the First Lady and I are heading to Fort Bragg for a Friendsgiving dinner. Our troops and their families give so much to this country — and we’re thankful for their service each and every day.","created_at":"2021-11-22T17:36:08.000Z","public_metrics":{"retweet_count":4063,"reply_count":2316,"like_count":35143,"quote_count":310}},{"id":"1462786747390218243","text":"America needs steady, independent, and effective leadership at the Federal Reserve. That’s why I will nominate Jerome Powell for a second term as Chair of the Board of Governors of the Federal Reserve System and Dr. Lael Brainard to serve as Vice Chair of the Board of Governors.","created_at":"2021-11-22T14:15:12.000Z","public_metrics":{"retweet_count":2331,"reply_count":1945,"like_count":17287,"quote_count":437}},{"id":"1462557732553302020","text":"Millions of folks across the country have diabetes, sometimes paying around $1,000 a month for insulin. It’s outrageous.\n\nWith my Build Back Better Act, we’re going to ensure no one will pay more than $35 a month for their insulin.","created_at":"2021-11-21T23:05:11.000Z","public_metrics":{"retweet_count":11122,"reply_count":4939,"like_count":72924,"quote_count":1183}},{"id":"1462540476389765125","text":"The Bipartisan Infrastructure Law I signed last week is a blue-collar blueprint to rebuild America. It’s going to create millions of good-paying, union jobs and help rebuild the backbone of this country – the middle class. https://t.co/A1afeHkW5h","created_at":"2021-11-21T21:56:36.000Z","public_metrics":{"retweet_count":1641,"reply_count":1210,"like_count":9725,"quote_count":115}},{"id":"1462516111992360966","text":"Two of the leading rating agencies on Wall Street have confirmed: The Bipartisan Infrastructure Law – along with my Build Back Better Act – will not add to inflationary pressures.\n\nAs 17 Nobel Prize winning economists have declared: My plans will ease inflationary pressures.","created_at":"2021-11-21T20:19:47.000Z","public_metrics":{"retweet_count":5840,"reply_count":3838,"like_count":26853,"quote_count":643}},{"id":"1462450807916355584","text":"To Lawrence – and every veteran out there – thank you for selfless service and sacrifice for our nation. We owe you a debt we can never fully repay. https://t.co/nUNR9Br2UX","created_at":"2021-11-21T16:00:18.000Z","public_metrics":{"retweet_count":2306,"reply_count":1117,"like_count":13633,"quote_count":178}},{"id":"1462438527577346050","text":"With the Bipartisan Infrastructure Law, we will once again have the best roads, bridges, ports, and airports.\n\nWe will lead the world into the 21st century with modern cars and trucks and transit systems.\n\nWe will be building and moving again.","created_at":"2021-11-21T15:11:30.000Z","public_metrics":{"retweet_count":2815,"reply_count":2024,"like_count":18992,"quote_count":224}},{"id":"1462190419907952656","text":"Congratulations to the Washington Spirit on winning your first-ever NWSL championship. Despite a year with no shortage of challenges, you’ve made the District and your country very proud.","created_at":"2021-11-20T22:45:36.000Z","public_metrics":{"retweet_count":2755,"reply_count":1490,"like_count":28342,"quote_count":202}},{"id":"1462168788716171269","text":"Unions built the middle class in this country – and we couldn’t have gotten this infrastructure law done without them. https://t.co/5MjEZpNXM0","created_at":"2021-11-20T21:19:39.000Z","public_metrics":{"retweet_count":3101,"reply_count":1882,"like_count":19987,"quote_count":246}},{"id":"1462139642187239428","text":"Last year alone in the United States, extreme weather events caused $99 billion in damage.\n \nThe Bipartisan Infrastructure Law builds back our bridges, water systems, power lines, and levees better and stronger.","created_at":"2021-11-20T19:23:50.000Z","public_metrics":{"retweet_count":2473,"reply_count":1523,"like_count":15740,"quote_count":167}},{"id":"1462116151618646016","text":"When I took office, I got right to work getting shots in arms and checks in pockets.\n\nNow, we’re seeing the results every day.\n \nUnemployment claims have fallen nearly 70%, we’ve created 5.6 million jobs, and we’re recovering faster than every other advanced economy in the world.","created_at":"2021-11-20T17:50:30.000Z","public_metrics":{"retweet_count":6081,"reply_count":4747,"like_count":38183,"quote_count":533}},{"id":"1461848323518877696","text":"Today, the FDA and CDC concluded that all adults in America are now eligible for a COVID-19 booster shot. It’s a major step forward to accelerate our path out of the pandemic. You can get your booster and enjoy the holiday season knowing you have the highest level of protection. https://t.co/oQOfPVTBqf","created_at":"2021-11-20T00:06:14.000Z","public_metrics":{"retweet_count":2965,"reply_count":2235,"like_count":17403,"quote_count":248}},{"id":"1461796805411287041","text":"While the verdict in Kenosha will leave many Americans feeling angry and concerned, myself included, we must acknowledge that the jury has spoken. My full statement: https://t.co/mx51kR6ZUh","created_at":"2021-11-19T20:41:31.000Z","public_metrics":{"retweet_count":3092,"reply_count":18025,"like_count":16158,"quote_count":3670}},{"id":"1461794222038663168","text":"Tune in as I pardon the National Thanksgiving Turkey. https://t.co/5u1Akj8fXm","created_at":"2021-11-19T20:31:16.000Z","public_metrics":{"retweet_count":1122,"reply_count":1889,"like_count":7493,"quote_count":1260}},{"id":"1461752042159054850","text":"Today, the House passed my Build Back Better Act. I thank Speaker Pelosi, House leadership, and members who worked so hard and voted to pass this bill.\n \nNow, it goes to the United States Senate, where I look forward to it passing as soon as possible so I can sign it into law.","created_at":"2021-11-19T17:43:39.000Z","public_metrics":{"retweet_count":5964,"reply_count":2840,"like_count":44301,"quote_count":367}},{"id":"1461503277112119304","text":"Today, I hosted Canadian Prime Minister Justin Trudeau and Mexican President Andrés Manuel López Obrador for a North American Leaders’ Summit. We’re committed to providing a better future for our people and creating the conditions for prosperity, sustainability, and security. https://t.co/JsfUkvMVVJ","created_at":"2021-11-19T01:15:09.000Z","public_metrics":{"retweet_count":3034,"reply_count":1871,"like_count":19037,"quote_count":274}},{"id":"1461485530328272910","text":"My Build Back Better Act is going to reduce the deficit by more than $100 billion over ten years. \n \nIt’s going to lower costs, create jobs, and rebuild our economy. Let’s get this done. https://t.co/VBQJhtBIGL","created_at":"2021-11-19T00:04:38.000Z","public_metrics":{"retweet_count":2686,"reply_count":2605,"like_count":13155,"quote_count":344}},{"id":"1461450507349000194","text":"America is on the move again.","created_at":"2021-11-18T21:45:28.000Z","public_metrics":{"retweet_count":5363,"reply_count":5408,"like_count":51975,"quote_count":1092}},{"id":"1461417416639102978","text":"Unemployment claims are down nearly 70% since I took office. Retail sales are up. I’ve signed a historic infrastructure law and we have the Build Back Better Act on its way. \n \nThings are looking up.","created_at":"2021-11-18T19:33:58.000Z","public_metrics":{"retweet_count":7051,"reply_count":3673,"like_count":42629,"quote_count":627}},{"id":"1461386935130370056","text":"This afternoon, I’m hosting Canadian Prime Minister Justin Trudeau and Mexican President Andrés Manuel López Obrador at the White House for the first North American Leaders’ Summit since 2016. I look forward to strengthening our ties and charting a new path for our collaboration.","created_at":"2021-11-18T17:32:51.000Z","public_metrics":{"retweet_count":2113,"reply_count":1034,"like_count":14256,"quote_count":147}},{"id":"1461375723864829960","text":"New unemployment claims are down seven weeks in a row – and unemployment claims are the lowest since the pandemic began.\n \nThat’s progress. https://t.co/avxD0t2krz","created_at":"2021-11-18T16:48:18.000Z","public_metrics":{"retweet_count":2666,"reply_count":1523,"like_count":12636,"quote_count":304}},{"id":"1461364139389976589","text":"Today, I’m announcing we have purchased 10 million treatment courses of Pfizer’s antiviral COVID-19 pill. Vaccination is still our most important tool – but this new pill may dramatically reduce hospitalizations and deaths and help accelerate our path out of this pandemic.","created_at":"2021-11-18T16:02:16.000Z","public_metrics":{"retweet_count":3944,"reply_count":2628,"like_count":27326,"quote_count":471}},{"id":"1461354330158612492","text":"More good news: Top economists say my infrastructure law and Build Back Better Act will not add to inflation — and will improve our economy. https://t.co/OxNYiRST7X","created_at":"2021-11-18T15:23:17.000Z","public_metrics":{"retweet_count":2122,"reply_count":1453,"like_count":10820,"quote_count":175}},{"id":"1461348727562522626","text":"Tune in as I deliver remarks and sign several bills into law. https://t.co/vVFQBNLh7v","created_at":"2021-11-18T15:01:01.000Z","public_metrics":{"retweet_count":757,"reply_count":553,"like_count":4224,"quote_count":70}},{"id":"1461143933065568259","text":"Yesterday, I traveled to New Hampshire to visit a bridge that will be transformed by the Bipartisan Infrastructure Law. We’re going to rebuild our crumbling infrastructure across the country and change people’s lives for the better. https://t.co/Khk3IBmR94","created_at":"2021-11-18T01:27:15.000Z","public_metrics":{"retweet_count":1650,"reply_count":1585,"like_count":9824,"quote_count":120}},{"id":"1461123117603041283","text":"As a lot of folks know, I’m a car guy. I’ve gotten a chance to drive some pretty incredible vehicles over the years, but I never could have imagined ones like the electric vehicle I took for a spin today.\n \nThe future is electric – and it will be made right here in America. https://t.co/foX0ydM6mo","created_at":"2021-11-18T00:04:32.000Z","public_metrics":{"retweet_count":6789,"reply_count":6669,"like_count":61183,"quote_count":2001}},{"id":"1461104477134594052","text":"The future of the auto industry is electric. With the infrastructure law and my Build Back Better Act, we are going to kickstart new battery and parts production, boost manufacturing of clean vehicles, and create new purchase incentives for clean vehicles made in America.","created_at":"2021-11-17T22:50:28.000Z","public_metrics":{"retweet_count":3986,"reply_count":3022,"like_count":24705,"quote_count":440}},{"id":"1461094816968810504","text":"Tune in as I deliver remarks on how the Bipartisan Infrastructure Law will create a future made in America and build electric vehicle charging stations across the country. https://t.co/NqmKt8GYa0","created_at":"2021-11-17T22:12:04.000Z","public_metrics":{"retweet_count":934,"reply_count":567,"like_count":4475,"quote_count":79}},{"id":"1461083458810388481","text":"Like I said, I’m a car guy. https://t.co/zc5qkQB7bi","created_at":"2021-11-17T21:26:56.000Z","public_metrics":{"retweet_count":3694,"reply_count":3166,"like_count":41433,"quote_count":768}},{"id":"1461054851723505671","text":"I ran for president believing it was time to rebuild the backbone of this nation — working people and the middle class.\n\nTo rebuild the economy from the bottom up and middle out.\n\nThe infrastructure law delivers on that promise — and creates better jobs for millions of Americans.","created_at":"2021-11-17T19:33:16.000Z","public_metrics":{"retweet_count":1874,"reply_count":1543,"like_count":11753,"quote_count":153}},{"id":"1461051060848631813","text":"RT @WhiteHouse: Members of Congress share just some of the wins in the Bipartisan Infrastructure Law President Biden signed this week. http…","created_at":"2021-11-17T19:18:12.000Z","public_metrics":{"retweet_count":1269,"reply_count":0,"like_count":0,"quote_count":0}},{"id":"1461041380273311746","text":"I’m on my way to visit a General Motors factory to discuss how the Bipartisan Infrastructure Law will make historic investments in electric vehicles and ensure the future is made in America. See you soon, Detroit!","created_at":"2021-11-17T18:39:44.000Z","public_metrics":{"retweet_count":3159,"reply_count":1871,"like_count":23739,"quote_count":245}},{"id":"1461017779172253701","text":"This Bipartisan Infrastructure Law will for the first time ever create a true national network of charging stations for electric vehicles. That means you can charge up and drive across the country — and it’ll create thousands of jobs for electrical workers.","created_at":"2021-11-17T17:05:57.000Z","public_metrics":{"retweet_count":2683,"reply_count":1424,"like_count":15763,"quote_count":192}},{"id":"1461007184540708867","text":"RT @WhiteHouse: President Biden has asked the FTC to examine why prices at the pump aren’t going down, despite declining oil and gas prices…","created_at":"2021-11-17T16:23:51.000Z","public_metrics":{"retweet_count":3696,"reply_count":0,"like_count":0,"quote_count":0}},{"id":"1460987569970479104","text":"Despite what the cynics say, Democrats and Republicans can come together to get big things done.\n\nThe Bipartisan Infrastructure Law is proof of that — and it’s going to change American’s lives for the better. https://t.co/6dlFRadAyR","created_at":"2021-11-17T15:05:55.000Z","public_metrics":{"retweet_count":1489,"reply_count":1231,"like_count":8496,"quote_count":157}},{"id":"1460776257642278913","text":"This is the NH 175 bridge. It opened back in 1939 and has been structurally deficient for years. The Bipartisan Infrastructure Law I signed yesterday will help transform the bridge and countless others across the country. https://t.co/ZqeiMEEbrB","created_at":"2021-11-17T01:06:14.000Z","public_metrics":{"retweet_count":3908,"reply_count":2243,"like_count":29023,"quote_count":307}},{"id":"1460738232329646081","text":"America is moving again. https://t.co/OSOTnd12nI","created_at":"2021-11-16T22:35:08.000Z","public_metrics":{"retweet_count":2022,"reply_count":1949,"like_count":11657,"quote_count":221}},{"id":"1460718967685791757","text":"I promised to make sure that goods moved faster, so that you get what you need. By working with the ports, industry, and labor, my Administration has helped speed things up in a matter of weeks. https://t.co/J87LRf80Lg","created_at":"2021-11-16T21:18:35.000Z","public_metrics":{"retweet_count":3214,"reply_count":1673,"like_count":14860,"quote_count":235}},{"id":"1460696402342957057","text":"Tune in as I deliver remarks on how the Bipartisan Infrastructure Law will repair and rebuild our nation’s roads and bridges. https://t.co/xqrxeNX79N","created_at":"2021-11-16T19:48:55.000Z","public_metrics":{"retweet_count":989,"reply_count":955,"like_count":5198,"quote_count":78}},{"id":"1460674020718878720","text":"The Bipartisan Infrastructure Law makes the most significant investment in our roads and bridges in the past 70 years.\n\nIt makes the most significant investment in passenger rail in the past 50 years and in public transit — ever.\n\nThat means you’ll be safer and get places faster.","created_at":"2021-11-16T18:19:59.000Z","public_metrics":{"retweet_count":1902,"reply_count":1175,"like_count":11484,"quote_count":116}},{"id":"1460643890726322190","text":"The Bipartisan Infrastructure Law is proof that we can come together and deliver results. https://t.co/Stb1UjnRy4","created_at":"2021-11-16T16:20:15.000Z","public_metrics":{"retweet_count":1078,"reply_count":940,"like_count":6458,"quote_count":122}},{"id":"1460631993260154885","text":"Yesterday, I signed the Bipartisan Infrastructure Deal into law. Today, I’m heading to New Hampshire to visit an 82-year-old bridge that the law will help rebuild. We’re getting right to work transforming our nation’s infrastructure.","created_at":"2021-11-16T15:32:59.000Z","public_metrics":{"retweet_count":4558,"reply_count":1899,"like_count":36238,"quote_count":283}},{"id":"1460617109319335939","text":"If you live in one of the 10 million homes that have lead pipes — you face a clear danger to your child’s health and to your health.\n\nMy Bipartisan Infrastructure Law will start to replace 100% of our lead pipes and service lines.","created_at":"2021-11-16T14:33:50.000Z","public_metrics":{"retweet_count":3165,"reply_count":1339,"like_count":20351,"quote_count":235}},{"id":"1460431523107295250","text":"I’m meeting with President Xi of the People’s Republic of China to responsibly manage the competition between our countries. It’s about speaking candidly and directly with him and ensuring the competition does not veer into conflict.","created_at":"2021-11-16T02:16:23.000Z","public_metrics":{"retweet_count":3323,"reply_count":3568,"like_count":27588,"quote_count":469}},{"id":"1460398486197780483","text":"Access to high-speed internet is as essential as access to water or electricity.\n\nThe Bipartisan Infrastructure Law will make high speed internet affordable and available everywhere in America — urban, suburban, and rural — and create jobs laying down the broadband lines.","created_at":"2021-11-16T00:05:06.000Z","public_metrics":{"retweet_count":2284,"reply_count":1875,"like_count":14100,"quote_count":337}}],"meta":{"oldest_id":"1460398486197780483","newest_id":"1465467682678087682","result_count":94}}