{"data":[{"text":"During the World Wars, Native American code talkers used their language to develop an unbreakable code that helped carry the United States and our allies to victory. On this Navajo Code Talkers Day, we honor their ingenuity and selfless sacrifice in service of our nation.","created_at":"2021-08-14T23:38:05.000Z","id":"1426689616598511626","public_metrics":{"retweet_count":10271,"reply_count":6328,"like_count":77779,"quote_count":697}},{"text":"My full statement: https://t.co/xmbL8Yl4SH","created_at":"2021-08-14T22:15:00.000Z","id":"1426668708219564036","public_metrics":{"retweet_count":922,"reply_count":820,"like_count":5336,"quote_count":69}},{"text":"In what is already a challenging time for the people of Haiti, I am saddened by the devastating earthquake that occurred in Saint-Louis du Sud, Haiti this morning. Through USAID, we are supporting efforts to assess the damage and assist efforts to recover and rebuild.","created_at":"2021-08-14T22:15:00.000Z","id":"1426668707019956229","public_metrics":{"retweet_count":3760,"reply_count":2713,"like_count":29538,"quote_count":321}},{"text":"Over the past several days I have been in close contact with my national security team to give them direction on how to protect our interests and values as we end our military mission in Afghanistan. \n\nRead my full statement: https://t.co/C1f68bQaUQ","created_at":"2021-08-14T21:04:46.000Z","id":"1426651033170817028","public_metrics":{"retweet_count":2322,"reply_count":6620,"like_count":11784,"quote_count":1048}},{"text":"America is on the move again. https://t.co/gw4NoQs6kZ","created_at":"2021-08-13T23:40:42.000Z","id":"1426327886185865220","public_metrics":{"retweet_count":2095,"reply_count":4133,"like_count":13809,"quote_count":425}},{"text":"More good-paying jobs. Tax cuts for working families. Lower everyday costs.\n \nThat’s what my Build Back Better Agenda means for you.","created_at":"2021-08-13T21:07:10.000Z","id":"1426289247338782721","public_metrics":{"retweet_count":4739,"reply_count":4515,"like_count":40309,"quote_count":520}},{"text":"I am committed to making sure that our historic economic recovery reaches everyone, and eases the burden on working families for years to come. Here are a few ways we’re lowering costs for your family: https://t.co/rqcFscBMeP","created_at":"2021-08-13T19:27:07.000Z","id":"1426264070261510144","public_metrics":{"retweet_count":1512,"reply_count":1906,"like_count":8377,"quote_count":185}},{"text":"I’ve long said health care should be a right and not a privilege in this country.\n\nWith my Build Back Better Agenda, we have an opportunity to come together and get us even closer to that reality.","created_at":"2021-08-13T17:46:59.000Z","id":"1426238868962123777","public_metrics":{"retweet_count":3563,"reply_count":2959,"like_count":28663,"quote_count":331}},{"text":"There are just a few days left until the special enrollment period for health insurance comes to a close. Don’t wait until the last minute — head to https://t.co/gRX1fGFEzj to get covered today. https://t.co/8cYUA3XlLl","created_at":"2021-08-13T15:49:59.000Z","id":"1426209425828761600","public_metrics":{"retweet_count":1663,"reply_count":953,"like_count":6457,"quote_count":86}},{"text":"Child care is personal to me — that’s why I’ve put it front and center in my Build Back Better Agenda. I’m committed to investing in American families with the expanded Child Tax Credit, universal preschool, and affordable, high-quality child care for all. https://t.co/4KALqDz8Yo","created_at":"2021-08-13T13:02:15.000Z","id":"1426167214311448578","public_metrics":{"retweet_count":3846,"reply_count":2444,"like_count":24059,"quote_count":352}},{"text":"There aren’t a whole lot of things that just about every person in America can agree on.\n\nBut I think it’s safe to say that all of us — whatever our background — can all agree that prescription drugs are outrageously expensive in this country.\n\nI’ve got a plan to change that. https://t.co/eDVTcVAFpX","created_at":"2021-08-12T22:09:39.000Z","id":"1425942584942342146","public_metrics":{"retweet_count":1844,"reply_count":2285,"like_count":13103,"quote_count":180}},{"text":"For every other type of health care service, we allow Medicare to use its leverage to negotiate lower prices for seniors. But for prescription drugs, Medicare is prohibited by law from doing so.\n\nIt’s time we change that with my Build Back Better Agenda.","created_at":"2021-08-12T20:08:48.000Z","id":"1425912170974523397","public_metrics":{"retweet_count":3219,"reply_count":1502,"like_count":20764,"quote_count":194}},{"text":"Today, one in four Americans who take prescription drugs struggle to afford them. Nearly 30% have skipped doses — or cut pills in half — because they can’t afford the cost.\n\nWe have to change that. And we can.","created_at":"2021-08-12T19:09:49.000Z","id":"1425897328716787715","public_metrics":{"retweet_count":5810,"reply_count":3803,"like_count":46066,"quote_count":640}},{"text":"Four years ago in Charlottesville, the battle for the soul of America was laid bare. Neo-Nazis, Klansmen, and white supremacists emerged from the shadows, but Americans of all different backgrounds stood their ground.\n \nWe must continue to stand up to hate and bigotry — together.","created_at":"2021-08-12T17:57:31.000Z","id":"1425879132093751309","public_metrics":{"retweet_count":6894,"reply_count":2405,"like_count":40412,"quote_count":474}},{"text":"Tune in as I deliver remarks on how my Build Back Better Agenda will lower prescription drug prices. https://t.co/tPZiX6Uojp","created_at":"2021-08-12T17:27:40.000Z","id":"1425871619583627271","public_metrics":{"retweet_count":974,"reply_count":1017,"like_count":5352,"quote_count":107}},{"text":"For Gail — and countless others across the country — the cost of insulin is outrageous. I sat down to talk with her about how my Build Back Better Agenda will lower prescription costs and ensure every American has access to the lifesaving drugs they need. https://t.co/zFVSaGZohM","created_at":"2021-08-12T12:57:47.000Z","id":"1425803700916867073","public_metrics":{"retweet_count":3099,"reply_count":2011,"like_count":16186,"quote_count":391}},{"text":"More jobs. Tax cuts. Lower costs.\n\nThat’s my Build Back Better Agenda. https://t.co/fYp0GwKF1U","created_at":"2021-08-12T00:02:27.000Z","id":"1425608582951755777","public_metrics":{"retweet_count":1699,"reply_count":2995,"like_count":10985,"quote_count":298}},{"text":"As we recover from this crisis, now is the moment to put in place a long-term plan to build America back better.\n\nA plan that will increase opportunity with better jobs with higher wages.\n\nA plan that will lower everyday costs — today, and long into the future.","created_at":"2021-08-11T21:46:49.000Z","id":"1425574451853369353","public_metrics":{"retweet_count":2473,"reply_count":2773,"like_count":19353,"quote_count":252}},{"text":"It grows the economy. https://t.co/lIvaee0Bih","created_at":"2021-08-11T21:03:08.000Z","id":"1425563455256420355","public_metrics":{"retweet_count":1270,"reply_count":1426,"like_count":8187,"quote_count":171}},{"text":"Every American deserves access to safe, affordable housing. My Build Back Better Agenda takes historic steps to make that a reality. https://t.co/uKXO5y4JAw","created_at":"2021-08-11T20:00:02.000Z","id":"1425547575478870016","public_metrics":{"retweet_count":1288,"reply_count":1257,"like_count":7735,"quote_count":133}},{"text":"For millions, help is on the way right now, thanks to the American Rescue Plan.\n\nOn Friday, about 40 million families will receive their second monthly payment as part of our tax cut for families with children.\n\nThat money is a game-changer. For some, it’s a life-saver.","created_at":"2021-08-11T18:30:01.000Z","id":"1425524921992630284","public_metrics":{"retweet_count":2485,"reply_count":2223,"like_count":16809,"quote_count":189}},{"text":"Here’s where we stand: \n\n- Jobs are up and monthly price increases are coming down\n- Economic growth is up – to the fastest in 40 years\n- Unemployment is coming down\n\nThe Biden economic plan is working. And historic investments are on the way.","created_at":"2021-08-11T17:46:44.000Z","id":"1425514030769348616","public_metrics":{"retweet_count":2229,"reply_count":2450,"like_count":14259,"quote_count":250}},{"text":"Tune in as I deliver remarks on my Build Back Better Agenda that will lower costs for working families, generate economic growth, and create jobs. https://t.co/3wGGxb5hXS","created_at":"2021-08-11T17:42:17.000Z","id":"1425512909480894468","public_metrics":{"retweet_count":688,"reply_count":855,"like_count":4052,"quote_count":84}},{"text":"This morning, I hosted a virtual meeting with business, university, and health care leaders on COVID-19. We discussed strategies on how we can get more people vaccinated and end this pandemic once and for all. https://t.co/MNtNklLAvI","created_at":"2021-08-11T16:51:51.000Z","id":"1425500219488276496","public_metrics":{"retweet_count":1535,"reply_count":1911,"like_count":11413,"quote_count":233}},{"text":"One year ago today, I made one of the most important decisions I’ve ever made: selecting my vice president. I couldn’t have asked for a better partner and friend on this journey. Thanks @VP for all you do. https://t.co/Daxy2jj1eM","created_at":"2021-08-11T15:37:36.000Z","id":"1425481531913613312","public_metrics":{"retweet_count":10327,"reply_count":5794,"like_count":122971,"quote_count":1276}},{"text":"Last night, the Senate took an important step toward passing my Build Back Better Agenda — my plan to create jobs, cut taxes, and lower costs for working families, all paid for by making sure the wealthiest pay their fair share.\n \nGovernment is once again working for the people.","created_at":"2021-08-11T14:16:25.000Z","id":"1425461102306004997","public_metrics":{"retweet_count":3350,"reply_count":2135,"like_count":27489,"quote_count":241}},{"text":"America is on the move again. https://t.co/eodVGs42QM","created_at":"2021-08-10T22:36:33.000Z","id":"1425224577752440832","public_metrics":{"retweet_count":3739,"reply_count":3643,"like_count":28115,"quote_count":444}},{"text":"Today, with the bipartisan Infrastructure Investment and Jobs Act, we proved our democracy can still work. We’re going to create millions of good-paying jobs, grow the economy, and transform our nation’s infrastructure. https://t.co/SmEP98FXxy","created_at":"2021-08-10T20:55:42.000Z","id":"1425199199952515076","public_metrics":{"retweet_count":3847,"reply_count":2235,"like_count":31788,"quote_count":388}},{"text":"After years and years and years of “Infrastructure week” – we’re on the cusp of an infrastructure decade that will transform America.","created_at":"2021-08-10T19:11:19.000Z","id":"1425172930535870472","public_metrics":{"retweet_count":5614,"reply_count":2830,"like_count":48053,"quote_count":547}},{"text":"Tune in as the Vice President and I deliver remarks on the Senate’s passage of the bipartisan Infrastructure Investment and Jobs Act. https://t.co/kJfTTKGUiE","created_at":"2021-08-10T19:05:09.000Z","id":"1425171375757660165","public_metrics":{"retweet_count":871,"reply_count":793,"like_count":5100,"quote_count":78}},{"text":"The Bipartisan Infrastructure Deal will grow the economy, create good-paying jobs, and set America on a path to win the future. https://t.co/VfIFY5SjTb","created_at":"2021-08-10T17:03:15.000Z","id":"1425140699838693383","public_metrics":{"retweet_count":1238,"reply_count":1100,"like_count":8130,"quote_count":101}},{"text":"Big news, folks: The Bipartisan Infrastructure Deal has officially passed the Senate. I hope Congress will send it to my desk as soon as possible so we can continue our work of building back better.","created_at":"2021-08-10T16:02:07.000Z","id":"1425125314150141966","public_metrics":{"retweet_count":11383,"reply_count":5850,"like_count":106865,"quote_count":1102}},{"text":"The United States ranks 13th in the world when it comes to infrastructure — and we risk falling even further behind if we don’t act.\n\nWe need to invest in the future of America again. We need the Bipartisan Infrastructure Deal.","created_at":"2021-08-10T14:50:59.000Z","id":"1425107413238263820","public_metrics":{"retweet_count":2059,"reply_count":1786,"like_count":16646,"quote_count":171}},{"text":"Our nation’s public transit systems are inadequate — and it’s got to change. The Bipartisan Infrastructure Deal will make a historic investment in public transit to modernize and expand public transit in communities across the country.","created_at":"2021-08-10T12:56:10.000Z","id":"1425078521030918167","public_metrics":{"retweet_count":2562,"reply_count":1955,"like_count":21637,"quote_count":220}},{"text":"This isn’t about politics. This is about life and death.\n\nGet vaccinated: https://t.co/4MYpWqXVVo https://t.co/qYMZma0JgE","created_at":"2021-08-09T23:36:41.000Z","id":"1424877322751168516","public_metrics":{"retweet_count":3966,"reply_count":3204,"like_count":20010,"quote_count":316}},{"text":"We created more than 4 million jobs in six months.\n \nEconomic growth is the fastest in 40 years.\n \nJobs are up. Unemployment is down.\n \nThe Biden plan is working — and we're just getting started.","created_at":"2021-08-09T21:45:00.000Z","id":"1424849218808782850","public_metrics":{"retweet_count":3981,"reply_count":3635,"like_count":29081,"quote_count":478}},{"text":"With the Bipartisan Infrastructure Deal, we’re going to create good-paying, union jobs — the kind of jobs that provide a middle class life with a little breathing room. https://t.co/3v34NCffTQ","created_at":"2021-08-09T20:30:09.000Z","id":"1424830378712440845","public_metrics":{"retweet_count":1249,"reply_count":1464,"like_count":8310,"quote_count":130}},{"text":"I strongly support @SecDef and @DeptofDefense's plan to add the COVID-19 vaccine to the list of required vaccinations for service members. We are still on a wartime footing against this virus, and every eligible American should get vaccinated.  https://t.co/q0MJYFJJgH","created_at":"2021-08-09T19:35:07.000Z","id":"1424816531293315073","public_metrics":{"retweet_count":1549,"reply_count":1383,"like_count":10863,"quote_count":138}},{"text":"One in five miles of our roads and major highways — and 45,000 bridges — are in poor condition. It’s not just unacceptable — it’s flat-out dangerous.\n \nThe Bipartisan Infrastructure Deal will change that.","created_at":"2021-08-09T17:23:01.000Z","id":"1424783287369805824","public_metrics":{"retweet_count":2790,"reply_count":2156,"like_count":19401,"quote_count":191}},{"text":"It’s long past time we ensure every American has access to clean drinking water. With the Bipartisan Infrastructure Deal, we’re going to put pipefitters to work across the country replacing all of our lead pipes.","created_at":"2021-08-09T16:32:35.000Z","id":"1424770595053572097","public_metrics":{"retweet_count":3314,"reply_count":2049,"like_count":25882,"quote_count":214}},{"text":"We can’t wait to tackle the climate crisis.\n\nThe signs are unmistakable. The science is undeniable. And the cost of inaction keeps mounting.","created_at":"2021-08-09T15:48:55.000Z","id":"1424759606845313028","public_metrics":{"retweet_count":13652,"reply_count":12474,"like_count":104151,"quote_count":6376}},{"text":"Jill and I extend our warm wishes to all those observing the Islamic New Year and remembering the historical sacrifices during the holy month of Muharram. We join you in honoring the universal values of justice, equality, and compassion.","created_at":"2021-08-09T14:55:39.000Z","id":"1424746199031193604","public_metrics":{"retweet_count":4299,"reply_count":3224,"like_count":35344,"quote_count":1347}},{"text":"In our first 200 days, we brought the economy roaring back, vaccinated 165 million Americans, put checks in the pockets of millions of people, and so much more. We’re building back better every day – and just getting started. https://t.co/tuX1GwIzKt","created_at":"2021-08-08T16:16:31.000Z","id":"1424404165267181571","public_metrics":{"retweet_count":6096,"reply_count":5987,"like_count":51388,"quote_count":758}},{"text":"200 days down – and America is moving forward once again.","created_at":"2021-08-08T14:03:27.000Z","id":"1424370675880431617","public_metrics":{"retweet_count":6065,"reply_count":5208,"like_count":71754,"quote_count":1086}},{"text":"This Purple Heart Day, we remember and honor the sacrifice, valor, and grace of all those who were wounded or paid the ultimate sacrifice on the battlefield.","created_at":"2021-08-07T17:02:00.000Z","id":"1424053221757177860","public_metrics":{"retweet_count":4119,"reply_count":1977,"like_count":31325,"quote_count":256}},{"text":"We can’t just build back to the way things were before COVID-19, we have to build back better. The Bipartisan Infrastructure Deal and my Build Back Better plan will grow our economy, and create an average of 2 million good-paying jobs every year over the next decade.","created_at":"2021-08-07T15:47:00.000Z","id":"1424034349243117570","public_metrics":{"retweet_count":2707,"reply_count":2256,"like_count":19849,"quote_count":194}},{"text":"The Bipartisan Infrastructure Deal is a historic, once-in-a-generation investment in our nation’s infrastructure. It will create good-paying, union jobs repairing our roads and bridges, replacing lead pipes, and building energy transmission lines.  \n\nWe can’t afford not to do it.","created_at":"2021-08-07T15:10:00.000Z","id":"1424025037829464068","public_metrics":{"retweet_count":2072,"reply_count":1355,"like_count":13566,"quote_count":139}},{"text":"The Delta variant is surging, but we have the power to stop it.\n\nGet vaccinated.","created_at":"2021-08-07T14:36:00.000Z","id":"1424016481046700039","public_metrics":{"retweet_count":15764,"reply_count":8682,"like_count":119902,"quote_count":1316}},{"text":"I’m so proud of you, @TeamUSA. Thank you for showing what we can do together as one America and as one team. https://t.co/9Qc7kCavCk","created_at":"2021-08-07T13:04:09.000Z","id":"1423993366975496197","public_metrics":{"retweet_count":4169,"reply_count":1511,"like_count":33067,"quote_count":369}},{"text":"Economic growth is the fastest in 40 years.\n\nThe Biden plan is working.","created_at":"2021-08-06T23:54:04.000Z","id":"1423794533335248896","public_metrics":{"retweet_count":5231,"reply_count":3549,"like_count":46074,"quote_count":527}},{"text":"On my first day in office, I directed the Department of Education to pause federal student loan repayments for millions of Americans until September. The pause has been a critical lifeline — that’s why today, my administration is extending the pause until January 31, 2022.","created_at":"2021-08-06T22:26:22.000Z","id":"1423772464086126593","public_metrics":{"retweet_count":5943,"reply_count":3603,"like_count":48793,"quote_count":1648}},{"text":"We’re now the first administration in history to add jobs every month of our first six months in office.","created_at":"2021-08-06T20:17:36.000Z","id":"1423740060013318149","public_metrics":{"retweet_count":7938,"reply_count":3903,"like_count":74705,"quote_count":676}},{"text":"Yesterday the Senate took additional steps toward passing the Bipartisan Infrastructure Deal.\n\nIt’s a bill that will help end years of gridlock in Washington, create jobs, and put America on a new path to win in the 21st Century global economy.\n\nLet's get it done.","created_at":"2021-08-06T17:48:45.000Z","id":"1423702598826270721","public_metrics":{"retweet_count":1686,"reply_count":1508,"like_count":11734,"quote_count":114}},{"text":"More jobs created than any other president’s first six months in history.\n\nAmerica is on the move again. https://t.co/FUDQPsnjpO","created_at":"2021-08-06T17:00:27.000Z","id":"1423690442902843395","public_metrics":{"retweet_count":3843,"reply_count":2820,"like_count":23899,"quote_count":749}},{"text":"Tune in as I deliver remarks on the July jobs report.  https://t.co/NF399UDLE1","created_at":"2021-08-06T15:22:30.000Z","id":"1423665794051985408","public_metrics":{"retweet_count":1262,"reply_count":1897,"like_count":8397,"quote_count":224}},{"text":"More than 4 million jobs created since we took office.\n\nIt’s historic — and proof our economic plan is working.","created_at":"2021-08-06T13:31:05.000Z","id":"1423637755310088200","public_metrics":{"retweet_count":5610,"reply_count":5398,"like_count":44312,"quote_count":878}},{"text":"Fifty-six years ago today, our nation passed the Voting Rights Act and took a big step forward in our pursuit of a more perfect union. But half a century later, voting rights are under attack. We’ve got to pass federal legislation to protect the sacred right to vote.","created_at":"2021-08-06T12:48:48.000Z","id":"1423627114281058311","public_metrics":{"retweet_count":7777,"reply_count":3130,"like_count":45932,"quote_count":527}},{"text":"Not a bad day on the job. https://t.co/G2KGcPEbAi","created_at":"2021-08-06T02:12:30.000Z","id":"1423466983891345408","public_metrics":{"retweet_count":3870,"reply_count":3399,"like_count":50521,"quote_count":1530}},{"text":"Rich Trumka was a dear friend, a great American, and a good man. I will miss him as will the countless workers whose lives he made better and the labor movement he led with daring vision. As I told his family after we heard the news, Jill and I send our love — today and always.","created_at":"2021-08-06T01:22:27.000Z","id":"1423454387347890186","public_metrics":{"retweet_count":1718,"reply_count":684,"like_count":15218,"quote_count":53}},{"text":"Today, I signed a bill to award the Congressional Gold Medal to law enforcement officials who defended our democracy on January 6th. To all of them: Thank you for protecting the Capitol, our Constitution, and for saving the lives of public servants. https://t.co/qUE68x3Sxd","created_at":"2021-08-05T23:27:40.000Z","id":"1423425502241509384","public_metrics":{"retweet_count":4561,"reply_count":2041,"like_count":36816,"quote_count":359}},{"text":"Tune in as I sign H.R. 3325 – an Act to award four congressional gold medals to the United States Capitol Police and those who protected the U.S. Capitol on January 6, 2021. https://t.co/RAw0NRREog","created_at":"2021-08-05T21:08:42.000Z","id":"1423390532064194561","public_metrics":{"retweet_count":1202,"reply_count":1096,"like_count":7333,"quote_count":133}},{"text":"We have to leverage a whole-of-government effort to lift up workers and strengthen American leadership in the clean cars of the future.\n\nTo set that all-out effort into motion, I’m signing an executive order with a target of electrifying 50% of all vehicles sold by 2030.","created_at":"2021-08-05T19:45:06.000Z","id":"1423369493263306756","public_metrics":{"retweet_count":1262,"reply_count":1272,"like_count":9118,"quote_count":205}},{"text":"Today, I am following through with a campaign commitment to reverse the previous administration’s short-sighted rollback of vehicle emissions and efficiency standards.","created_at":"2021-08-05T19:36:05.000Z","id":"1423367221175361539","public_metrics":{"retweet_count":4184,"reply_count":1659,"like_count":37536,"quote_count":244}},{"text":"The future of the auto industry is electric. There’s no turning back.","created_at":"2021-08-05T19:33:08.000Z","id":"1423366481753133063","public_metrics":{"retweet_count":9807,"reply_count":4715,"like_count":94980,"quote_count":1730}},{"text":"Tune in as I deliver remarks on the steps we’re taking to strengthen American leadership on clean cars and trucks and create good paying, union jobs. https://t.co/6UOyzItVJm","created_at":"2021-08-05T19:24:33.000Z","id":"1423364322244407297","public_metrics":{"retweet_count":754,"reply_count":572,"like_count":4294,"quote_count":103}},{"text":"Today, the Vice President and I met with Asian American, Native Hawaiian, and Pacific Islander civil rights leaders at the White House. From building a fair economy to combating hate crimes — we had a packed agenda, and we’re committed to working together to get it done. https://t.co/wSufN96jXj","created_at":"2021-08-05T18:18:49.000Z","id":"1423347777074081794","public_metrics":{"retweet_count":1126,"reply_count":722,"like_count":8620,"quote_count":110}},{"text":"Every single American deserves clean drinking water, but that’s not the reality for millions of people around the country.\n \nThe Bipartisan Infrastructure Deal will fix that. https://t.co/yllJS7Ch3D","created_at":"2021-08-05T17:30:01.000Z","id":"1423335497158516737","public_metrics":{"retweet_count":1425,"reply_count":754,"like_count":9071,"quote_count":94}},{"text":"The infrastructure deal makes the largest federal investment in public transit ever. The largest federal investment in passenger rail since the creation of Amtrak. The single largest dedicated bridge investment since the Interstate Highway System was built.\n\nIt’s historic.","created_at":"2021-08-05T14:27:31.000Z","id":"1423289569596739586","public_metrics":{"retweet_count":1769,"reply_count":1259,"like_count":12589,"quote_count":158}},{"text":"Nine years ago today, we witnessed an act of unspeakable hate as a white supremacist shot ten people at a Sikh Temple. As we remember those we lost in Oak Creek, we must continue to stand up to hate and bigotry and ensure that all are able to practice their faith without fear.","created_at":"2021-08-05T13:30:00.000Z","id":"1423275095661887489","public_metrics":{"retweet_count":3328,"reply_count":1018,"like_count":27437,"quote_count":183}},{"text":"The future of the auto industry is electric — and made in America.\n\nToday I'm signing an executive order with a goal to make 50% of new vehicles sold by 2030 zero-emission — and unveiling steps to reverse the previous administration’s short-sighted rollback of vehicle standards.","created_at":"2021-08-05T12:15:25.000Z","id":"1423256327481090048","public_metrics":{"retweet_count":7424,"reply_count":4584,"like_count":57639,"quote_count":1479}},{"text":"When I say electric vehicles are the future, I’m not joking. Tune in for big news tomorrow. https://t.co/riIClqPYnw","created_at":"2021-08-05T00:07:18.000Z","id":"1423073087009050627","public_metrics":{"retweet_count":3833,"reply_count":3159,"like_count":25411,"quote_count":1199}},{"text":"I stopped by the Plumbers &amp; Gasfitters Local 5 Training Facility this afternoon to see their programs firsthand and discuss my Build Back Better Agenda. We’re going to invest in America’s workers and create good-paying, high-skill, union jobs across the country. https://t.co/7DgngAJuRu","created_at":"2021-08-04T22:37:49.000Z","id":"1423050570433241089","public_metrics":{"retweet_count":1757,"reply_count":1153,"like_count":13420,"quote_count":138}},{"text":"There’s a lot of misinformation out there, so let me state the facts: If you’re vaccinated, you’re unlikely to get COVID-19.\n\nAnd if you’re vaccinated and still get COVID-19 — it’ll most likely be a mild case.\n\nVaccinated people almost never are hospitalized with COVID-19.","created_at":"2021-08-04T19:30:00.000Z","id":"1423003303437377536","public_metrics":{"retweet_count":14897,"reply_count":4634,"like_count":88310,"quote_count":1009}},{"text":"When I think of climate change, I think about jobs.\n\nWith the Bipartisan Infrastructure Deal, we’re going to create good-paying, union jobs and tackle the climate crisis at the same time.","created_at":"2021-08-04T18:31:13.000Z","id":"1422988510529732608","public_metrics":{"retweet_count":2436,"reply_count":1981,"like_count":19267,"quote_count":311}},{"text":"The largest federal investment in public transit. Ever. That's the Bipartisan Infrastructure Deal. https://t.co/YuAx5ufeRV","created_at":"2021-08-04T17:45:02.000Z","id":"1422976888134414338","public_metrics":{"retweet_count":1959,"reply_count":1008,"like_count":16316,"quote_count":251}},{"text":"Happy birthday, @BarackObama. I’m proud to call you a brother and a friend — and I’m grateful for your selfless service to this nation. https://t.co/jZ9XnX2Dxt","created_at":"2021-08-04T15:55:58.000Z","id":"1422949440701308928","public_metrics":{"retweet_count":17434,"reply_count":5266,"like_count":219564,"quote_count":1105}},{"text":"Happy 231st birthday, @USCG! https://t.co/WwFWRs392F","created_at":"2021-08-04T15:17:04.000Z","id":"1422939649417359364","public_metrics":{"retweet_count":867,"reply_count":384,"like_count":6978,"quote_count":42}},{"text":"Folks, this Bipartisan Infrastructure Deal is going to make a gigantic difference for people. \n\nIt’s going to eliminate all lead pipes in America, so people have clean drinking water.\n\nIt's going to bring high-speed internet to every home.","created_at":"2021-08-04T12:29:47.000Z","id":"1422897554438729733","public_metrics":{"retweet_count":4381,"reply_count":2424,"like_count":35645,"quote_count":428}},{"text":"Better roads and a faster, smoother, safer commute — the Bipartisan Infrastructure Deal gets it done. https://t.co/dGavpTGVex","created_at":"2021-08-03T23:57:49.000Z","id":"1422708314991910912","public_metrics":{"retweet_count":1322,"reply_count":1072,"like_count":8562,"quote_count":146}},{"text":"This afternoon, the Vice President and I met with Latino community leaders at the White House. We discussed our economic agenda, commitment to immigration reform, and the need to protect the right to vote. https://t.co/04WM0vyPrt","created_at":"2021-08-03T23:32:59.000Z","id":"1422702063025336321","public_metrics":{"retweet_count":1406,"reply_count":1211,"like_count":10143,"quote_count":151}},{"text":"We’re doing everything we can to get more people vaccinated.  \n\nIn the past two weeks, we have seen a 55% increase in the average number of new people getting vaccinated every day. \n\nIn the last 7 days alone, nearly 3 million Americans have gotten their first shot.","created_at":"2021-08-03T23:01:56.000Z","id":"1422694251247374343","public_metrics":{"retweet_count":3295,"reply_count":1780,"like_count":27522,"quote_count":211}},{"text":"Right now, too many people are dying — or watching a loved one dying — and saying “if I just got vaccinated.”\n\nIt’s heartbreaking, but it’s preventable.\n\nThis is about life and death — and the vaccine will save your life.","created_at":"2021-08-03T20:48:52.000Z","id":"1422660761797763073","public_metrics":{"retweet_count":9690,"reply_count":3369,"like_count":60930,"quote_count":480}},{"text":"Tune in as I give an update on our progress toward fighting the COVID-19 pandemic by increasing vaccinations at home and around the world. https://t.co/kW0K1QuYdZ","created_at":"2021-08-03T20:30:00.000Z","id":"1422656015514939404","public_metrics":{"retweet_count":743,"reply_count":740,"like_count":3881,"quote_count":66}},{"text":"It’s no secret that I love Amtrak. It’s one of the reasons I’m excited about the Bipartisan Infrastructure Deal, which includes the largest investment in passenger rail since Amtrak’s founding. We’re going to modernize our rail systems and expand services across the country. https://t.co/whL2z21O7a","created_at":"2021-08-03T18:54:29.000Z","id":"1422631978554245124","public_metrics":{"retweet_count":2968,"reply_count":1463,"like_count":21489,"quote_count":426}},{"text":"This Black Women’s Equal Pay Day, we must recognize a hard truth: it takes a Black woman nearly 20 months to earn what a white man makes in one year for the same exact work. It’s unconscionable.\n \nMy Administration is committed to closing the gender pay gap once and for all. https://t.co/3ijFd5KYIH","created_at":"2021-08-03T17:39:11.000Z","id":"1422613028676177927","public_metrics":{"retweet_count":2121,"reply_count":1456,"like_count":10332,"quote_count":226}},{"text":"Americans shouldn’t be losing hours of their lives stuck in traffic because the streets are crumbling — or waiting for slow, spotty internet to connect them to the world.\n \nWe can do better. We’ve got to pass the Bipartisan Infrastructure Deal.","created_at":"2021-08-03T15:59:00.000Z","id":"1422587817453133824","public_metrics":{"retweet_count":4521,"reply_count":2395,"like_count":50214,"quote_count":341}},{"text":"To the families of the 23 souls lost two years ago today in El Paso, Jill and I send you our love. Today is a somber reminder of the unfinished work to heal the soul of this nation — we must join together and stand united against hate and violence. https://t.co/Fo0VupM2Y5","created_at":"2021-08-03T15:02:57.000Z","id":"1422573712033910786","public_metrics":{"retweet_count":1530,"reply_count":598,"like_count":8948,"quote_count":91}},{"text":"When the United States Capitol and our very democracy were under attack on January 6th, Officers Hashida and DeFreytag courageously risked their lives to defend them. They were American heroes. Jill and I are keeping their loved ones in our prayers during this difficult time.","created_at":"2021-08-03T13:29:27.000Z","id":"1422550181166387201","public_metrics":{"retweet_count":5473,"reply_count":1883,"like_count":42800,"quote_count":238}},{"text":"The Bipartisan Infrastructure Deal will give working people a fighting chance again.\n\nWe can’t afford not to do it.","created_at":"2021-08-03T12:36:32.000Z","id":"1422536863819120644","public_metrics":{"retweet_count":2704,"reply_count":1625,"like_count":21134,"quote_count":176}},{"text":"Folks, we’ve officially reached our goal of 70% of adults receiving at least one dose of the vaccine. It’s incredible progress, but we still have further to go. If you haven’t already, get vaccinated. Let’s defeat this virus once and for all.","created_at":"2021-08-02T20:09:25.000Z","id":"1422288446987591688","public_metrics":{"retweet_count":12543,"reply_count":4573,"like_count":105370,"quote_count":902}},{"text":"This morning I met with members of my COVID-19 response team as we continue to fight the Delta variant surging across the country. We know the best way to fight the Delta variant is to get vaccinated. Find a vaccine near you at https://t.co/4MYpWqXVVo. https://t.co/nkBwq9PwUp","created_at":"2021-08-02T19:44:01.000Z","id":"1422282055715594245","public_metrics":{"retweet_count":2303,"reply_count":1636,"like_count":13893,"quote_count":198}},{"text":"The bottom line is this: The Bipartisan Infrastructure Deal is a blue-collar blueprint to rebuild America that will help make our historic economic recovery a historic long-term boom.","created_at":"2021-08-02T17:30:01.000Z","id":"1422248333964423173","public_metrics":{"retweet_count":3092,"reply_count":1868,"like_count":22655,"quote_count":169}},{"text":"We can beat this virus, we just all have to do our part.\n\nGet vaccinated. https://t.co/ArNqsHsJm7","created_at":"2021-08-02T15:16:57.000Z","id":"1422214845861072899","public_metrics":{"retweet_count":2662,"reply_count":2064,"like_count":14843,"quote_count":610}},{"text":"We are prepared to deal with the surge in COVID-19 cases like never before.  \n \nUnlike a year ago, we have the ability to save lives and keep our economy growing. We know we can dramatically lower the cases in the country.\n \nWe can do this. Get vaccinated.","created_at":"2021-08-02T13:35:28.000Z","id":"1422189305200533508","public_metrics":{"retweet_count":6763,"reply_count":4533,"like_count":45945,"quote_count":581}},{"text":"When I arrived in office, it had been a long time since the federal government had worked hard for working people.\n\nWe’re changing that every day. https://t.co/83CYqyiktW","created_at":"2021-08-01T23:16:22.000Z","id":"1421973108270014467","public_metrics":{"retweet_count":1752,"reply_count":2283,"like_count":11600,"quote_count":209}},{"text":"What is happening in America right now is a pandemic of the unvaccinated. People are dying — and will die — who don’t have to die.\n\nIt’s an American tragedy. https://t.co/NZUQQjCGpj","created_at":"2021-08-01T20:30:16.000Z","id":"1421931307341332480","public_metrics":{"retweet_count":5694,"reply_count":3916,"like_count":29841,"quote_count":690}},{"text":"The Bipartisan Infrastructure Deal is the most important investment in public transit in American history and the most important investment in rail since the creation of Amtrak 50 years ago.","created_at":"2021-08-01T17:37:33.000Z","id":"1421887843266351106","public_metrics":{"retweet_count":2689,"reply_count":1669,"like_count":20466,"quote_count":161}}],"meta":{"oldest_id":"1421887843266351106","newest_id":"1426689616598511626","result_count":97}}